timestamp_ms,bid0_price,bid0_size,bid0_orders,bid1_price,bid1_size,bid1_orders,bid2_price,bid2_size,bid2_orders,bid3_price,bid3_size,bid3_orders,bid4_price,bid4_size,bid4_orders,bid5_price,bid5_size,bid5_orders,bid6_price,bid6_size,bid6_orders,bid7_price,bid7_size,bid7_orders,bid8_price,bid8_size,bid8_orders,bid9_price,bid9_size,bid9_orders,bid10_price,bid10_size,bid10_orders,bid11_price,bid11_size,bid11_orders,bid12_price,bid12_size,bid12_orders,bid13_price,bid13_size,bid13_orders,bid14_price,bid14_size,bid14_orders,bid15_price,bid15_size,bid15_orders,bid16_price,bid16_size,bid16_orders,bid17_price,bid17_size,bid17_orders,bid18_price,bid18_size,bid18_orders,bid19_price,bid19_size,bid19_orders,bid20_price,bid20_size,bid20_orders,bid21_price,bid21_size,bid21_orders,bid22_price,bid22_size,bid22_orders,bid23_price,bid23_size,bid23_orders,bid24_price,bid24_size,bid24_orders,ask0_price,ask0_size,ask0_orders,ask1_price,ask1_size,ask1_orders,ask2_price,ask2_size,ask2_orders,ask3_price,ask3_size,ask3_orders,ask4_price,ask4_size,ask4_orders,ask5_price,ask5_size,ask5_orders,ask6_price,ask6_size,ask6_orders,ask7_price,ask7_size,ask7_orders,ask8_price,ask8_size,ask8_orders,ask9_price,ask9_size,ask9_orders,ask10_price,ask10_size,ask10_orders,ask11_price,ask11_size,ask11_orders,ask12_price,ask12_size,ask12_orders,ask13_price,ask13_size,ask13_orders,ask14_price,ask14_size,ask14_orders,ask15_price,ask15_size,ask15_orders,ask16_price,ask16_size,ask16_orders,ask17_price,ask17_size,ask17_orders,ask18_price,ask18_size,ask18_orders,ask19_price,ask19_size,ask19_orders,ask20_price,ask20_size,ask20_orders,ask21_price,ask21_size,ask21_orders,ask22_price,ask22_size,ask22_orders,ask23_price,ask23_size,ask23_orders,ask24_price,ask24_size,ask24_orders,bid_vol_total,ask_vol_total,imbalance,spread,mid_price
1786406508001,63906.7,1450.61,50,63906.5,0.01,1,63905.9,0.03,1,63905.8,0.01,1,63905.7,0.07,3,63905.6,33.36,4,63905.5,207.57,1,63905.4,0.04,4,63905.3,15.06,3,63905.2,21.57,6,63905.1,1.21,2,63905,15,1,63904.8,0.06,2,63904.7,488.95,6,63904.6,0.01,1,63904.5,15,1,63904.2,231.15,6,63904,179.35,3,63903.5,118.05,3,63903.4,0.01,1,63903.2,34.09,5,63903.1,0.43,1,63902.8,0.45,3,63902.7,0.44,2,63902.6,0.43,1,63906.8,609.39,22,63907,0.01,1,63907.2,0.02,2,63907.7,0.05,2,63907.8,14.4,1,63908.3,0.12,5,63908.4,105.52,4,63908.5,155.67,3,63908.6,0.01,1,63908.7,0.01,1,63908.8,34,1,63908.9,0.01,1,63909.5,0.01,1,63909.6,0.01,1,63909.9,10.18,1,63910,11.95,1,63910.1,0.02,2,63910.4,0.02,2,63910.5,55.5,1,63910.7,2.25,1,63910.9,0.01,1,63911.3,2.24,1,63911.4,0.01,1,63911.6,0.01,1,63911.7,0.01,1,2812.96,1001.43,0.4749,0.1,63906.8
1786406538201,63900,76.91,32,63899.8,0.37,5,63899.7,10.58,5,63899.6,0.32,2,63899.5,0.32,1,63899.4,0.17,2,63899.3,0.02,2,63899.2,1.46,4,63899.1,1.1,3,63899,7.65,1,63898.9,0.01,1,63898.8,23.13,1,63898.7,0.01,1,63898.1,0.01,1,63897.9,0.01,1,63897.7,0.01,1,63897.6,0.02,2,63897.5,0.02,1,63897.4,0.15,2,63897.3,0.01,1,63897.2,168.86,3,63897.1,153.13,1,63897,3.1,5,63896.8,0.95,3,63896.7,0.91,4,63900.1,972.59,70,63900.2,12.4,9,63900.3,2.03,3,63900.4,219.49,4,63900.5,2,1,63900.6,15,1,63900.8,0.01,1,63900.9,0.02,2,63901,45.69,1,63901.2,0.01,1,63901.4,0.01,1,63901.5,7.53,2,63901.6,0.01,1,63901.7,0.03,1,63901.8,5.85,5,63901.9,0.1,4,63902,215,2,63902.1,1.57,2,63902.3,5.75,3,63902.8,0.01,1,63903.2,6.28,3,63903.3,3.11,8,63903.4,33.79,5,63903.5,120.5,3,63903.6,167.13,3,449.23,1835.91,-0.6068,0.1,63900.1
1786406568401,63890.4,593.48,26,63890.3,0.53,3,63890.2,0.38,4,63890.1,55.86,3,63890,106.52,21,63889.7,0.06,2,63889.6,0.01,1,63889.5,0.11,3,63889.4,1.26,5,63889.3,0.05,1,63889.2,0.06,1,63889.1,0.01,1,63889,23.1,3,63888.9,0.1,3,63888.8,0.01,1,63888.7,0.01,1,63888.6,0.02,2,63888.5,1.42,3,63888.4,0.01,1,63888.3,0.02,1,63888.2,0.17,3,63888.1,0.13,3,63888,51.69,8,63887.9,0.02,2,63887.8,106.45,3,63890.5,584.04,70,63890.6,1.19,1,63890.9,0.02,1,63891,2,1,63891.2,0.03,2,63891.3,3.56,2,63891.5,0.01,1,63891.6,0.03,1,63891.7,0.12,5,63891.8,28.38,2,63892,0.02,2,63892.1,0.01,1,63892.2,25.4,1,63892.3,0.01,1,63892.4,15.01,2,63892.5,15.02,3,63892.8,0.01,1,63893.2,0.01,1,63893.6,0.02,2,63893.7,20.12,5,63893.8,0.02,2,63893.9,0.04,2,63894,6.32,2,63894.1,0.05,3,63894.4,0.02,2,941.48,701.46,0.1461,0.1,63890.4
1786406598601,63906.6,860,54,63906.5,0.45,4,63906.4,0.42,5,63906.3,8.62,4,63906.2,0.38,1,63906,0.01,1,63905.8,0.02,2,63905.7,18.39,1,63905.6,1.26,4,63905.5,69.15,2,63905.1,0.17,2,63905,7.54,3,63904.9,0.05,3,63904.8,0.06,2,63904.7,0.06,2,63904.6,0.02,2,63904.5,7.51,2,63904.4,15.92,4,63904.3,31.33,2,63904.2,156.32,1,63904.1,0.02,2,63904,12.97,5,63903.9,189.59,2,63903.8,114.4,1,63903.6,0.02,2,63906.7,263.47,59,63906.8,0.3,1,63907.2,0.01,1,63907.8,0.01,1,63908.2,0.01,1,63908.6,0.03,2,63908.7,2,1,63908.8,0.42,2,63909.1,0.01,1,63909.3,0.04,3,63909.4,2.04,4,63909.5,2.41,2,63909.6,0.02,2,63909.7,2,1,63909.8,0.02,2,63909.9,6.92,7,63910,0.11,4,63910.1,6.36,5,63910.2,50.98,7,63910.3,151.72,2,63910.4,99.45,3,63910.6,0.02,2,63910.7,1.64,2,63910.8,2.29,1,63911,0.03,3,1494.68,592.31,0.4324,0.1,63906.6
1786406628801,63921,40.55,17,63920.9,0.56,3,63920.8,0.35,2,63920.6,0.35,2,63920.5,5.34,2,63920,0.01,1,63919.7,0.65,5,63919.6,15.7,6,63919.5,0.02,2,63919.4,12.29,5,63919.3,0.16,1,63919.2,0.12,4,63919.1,91.3,5,63919,134.49,1,63918.8,0.01,1,63918.4,1.85,2,63918.3,0.01,1,63918.1,0.01,1,63918,0.01,1,63917.9,0.01,1,63917.8,0.02,2,63917.7,2.82,1,63917.6,0.01,1,63917.5,0.01,1,63917.2,0.01,1,63921.1,903.89,53,63921.2,0.01,1,63921.3,2.1,3,63921.4,2.01,2,63921.5,2,1,63921.6,0.34,5,63921.7,32.57,4,63921.8,100,1,63921.9,0.09,1,63922,0.02,2,63922.4,0.01,1,63922.5,0.01,1,63922.8,0.02,2,63922.9,0.98,2,63923,7.51,7,63923.1,0.14,2,63923.2,0.01,1,63923.4,0.03,3,63923.5,12.01,3,63923.6,0.07,3,63923.7,0.01,1,63923.8,6.35,4,63923.9,150.71,5,63924,151.84,6,63924.1,203.91,1,306.66,1576.64,-0.6743,0.1,63921.1
1786406659001,63918.9,1019.11,59,63918.7,0.56,3,63918.6,7.2,5,63918,0.5,2,63917.9,0.5,2,63917.8,60.57,3,63917.6,0.01,1,63917.5,7,2,63917.4,0.33,2,63917.3,0.01,1,63917.2,0.06,2,63917.1,0.11,5,63917,43.87,3,63916.9,150.73,3,63916.8,0.06,4,63916.7,109.05,1,63916.6,0.01,1,63916.5,228.98,1,63916.4,15.01,2,63916.3,164.19,4,63916.2,158.33,3,63915.8,118.57,4,63915.7,21.94,2,63915.6,0.02,2,63915.5,0.01,1,63919,90.05,22,63919.2,0.01,1,63920,0.01,1,63920.1,0.01,1,63920.3,0.01,1,63920.4,0.09,3,63920.6,0.02,2,63920.7,3.13,1,63920.8,0.02,2,63920.9,94.95,1,63921.3,0.01,1,63921.6,0.31,4,63921.7,6.32,5,63921.8,100.01,2,63922,0.03,3,63922.1,12.01,3,63922.2,15.36,5,63922.4,0.02,2,63922.5,0.01,1,63922.8,0.01,1,63923.1,0.14,2,63923.2,0.02,2,63923.3,6,2,63923.4,134.34,3,63923.5,0.01,1,2106.73,462.9,0.6397,0.1,63918.9
1786406689201,63913.8,575.71,28,63913.7,0.45,2,63913.6,0.59,6,63913.5,151.04,3,63913.3,0.45,2,63913.2,0.02,2,63913.1,0.02,2,63913,5.89,2,63912.9,1.18,2,63912.7,0.02,2,63912.6,0.52,2,63912.5,1,2,63912.4,0.01,1,63912.3,1.17,1,63912.2,0.02,2,63912,0.04,4,63911.9,1.27,1,63911.8,0.01,1,63911.2,0.01,1,63911,0.35,3,63910.9,45.25,3,63910.8,156.34,3,63910.7,0.01,1,63910.6,13.2,5,63910.5,169.82,2,63913.9,954.45,51,63914.5,0.01,1,63914.8,0.03,1,63915,0.02,1,63915.1,5.04,1,63915.3,0.03,2,63915.4,2.01,2,63915.6,0.03,2,63915.7,2.17,2,63915.8,2.03,4,63915.9,4.07,2,63916,0.01,1,63916.4,0.03,1,63916.5,0.03,1,63916.6,0.01,1,63916.7,6.48,9,63916.8,201.96,3,63917,0.01,1,63917.1,1.89,3,63917.2,0.01,1,63917.3,0.01,1,63917.5,0.01,1,63917.8,0.01,1,63918,0.02,2,63918.4,0.01,1,1124.39,1180.38,-0.0243,0.1,63913.9
1786406719401,63920.7,1211.47,43,63920.6,2.17,4,63920.5,5.27,5,63920.4,560.16,8,63920.3,193.05,5,63920.2,18.01,3,63920.1,5,1,63920,0.01,1,63919.9,0.03,1,63919.8,0.03,1,63919.7,0.07,3,63919.6,156.32,1,63919.3,0.13,5,63919.2,234.36,7,63919.1,99.04,2,63918.9,0.02,2,63918.8,0.01,1,63918.7,15.01,2,63918.6,42.02,5,63918.4,0.47,1,63918.2,0.03,1,63918,0.02,2,63917.8,31.33,2,63917.7,98.15,1,63917.6,1.17,2,63920.8,143.71,16,63920.9,0.04,2,63921,116.41,1,63921.6,0.03,3,63921.9,0.01,1,63922.1,0.01,1,63922.2,0.03,1,63922.5,0.18,8,63922.6,2.15,6,63922.7,0.09,3,63923.1,0.03,3,63923.2,80.11,3,63923.6,0.01,1,63923.7,0.01,1,63924,0.03,3,63924.1,94.07,2,63924.5,0.02,2,63924.6,0.01,1,63924.7,6.31,1,63924.8,150.85,2,63924.9,0.01,1,63925,3.95,9,63925.1,0.03,2,63925.2,0.01,1,63925.4,0.01,1,2673.35,598.12,0.6343,0.1,63920.8
1786406749601,63912.1,980.52,66,63912,0.39,2,63911.9,0.38,1,63911.8,0.01,1,63911.7,5.01,2,63911.6,54.95,2,63911.4,0.34,3,63911.3,27.49,1,63911.2,0.03,1,63911.1,0.03,1,63911,3.17,3,63910.9,156.33,2,63910.8,0.01,1,63910.6,0.04,2,63910.5,0.04,2,63910.4,0.04,2,63910.3,0.06,2,63910.2,0.04,2,63910.1,37.59,3,63910,219.08,2,63909.9,0.01,1,63909.8,211.96,4,63909.7,0.02,2,63909.6,100.45,2,63909.4,0.01,1,63912.2,374.73,23,63913,0.01,1,63913.1,0.01,1,63913.3,0.67,1,63913.4,0.01,1,63913.6,0.01,1,63913.9,0.19,2,63914,0.02,2,63914.2,0.01,1,63914.3,0.01,1,63914.4,0.01,1,63914.5,0.07,3,63914.6,4.41,4,63914.7,0.09,3,63914.8,0.01,1,63914.9,144.51,4,63915,132.56,3,63915.2,0.01,1,63915.3,27.9,2,63915.4,1.51,6,63915.5,0.03,3,63915.7,0.01,1,63915.8,0.02,2,63916.2,0.01,1,63916.3,8.02,5,1798.0,694.84,0.4425,0.1,63912.1
1786415010752,64036.4,463.31,28,64036.3,3.97,6,64036.2,272.58,2,64036.1,0.94,2,64035.2,0.01,1,64035,0.02,1,64034.9,0.02,2,64034.7,0.01,1,64034.6,1.47,4,64034.4,0.01,1,64033.7,0.01,1,64033.6,0.03,3,64033.5,9.38,3,64033.4,129.91,2,64033.3,235.08,3,64033.2,196.73,4,64033.1,11.47,1,64033,0.01,1,64032.9,0.01,1,64032.5,0.02,2,64032.3,31.27,2,64032.2,156.35,4,64032.1,97.75,2,64032,482.88,7,64031.9,0.19,2,64036.5,803.63,88,64036.6,0.01,1,64036.7,0.02,2,64036.8,0.26,2,64037,0.03,3,64037.1,2.28,1,64037.5,0.01,1,64037.9,0.02,2,64038,2.06,5,64038.3,0.02,2,64038.4,122.7,3,64038.5,55.01,2,64038.6,0.01,1,64038.7,0.16,1,64038.8,0.01,1,64039.1,0.01,1,64039.2,61.14,3,64039.4,0.01,1,64039.5,0.02,2,64039.7,0.05,2,64039.8,11.67,3,64039.9,129.91,2,64040,108.67,5,64040.1,24,2,64040.2,0.01,1,2093.43,1321.72,0.226,0.1,64036.4
1786415041002,64038.4,2939.7,72,64038.3,0.27,2,64038,0.01,1,64037.9,210.15,5,64037.8,137.77,3,64037.4,0.02,2,64037.3,5,1,64037,15,1,64036.9,301.11,8,64036.7,310.5,3,64036.5,64.39,2,64036.4,101.19,13,64036.3,1.08,2,64036.2,0.02,2,64036.1,1.21,1,64036,0.01,1,64035.6,0.01,1,64035.4,0.01,1,64035.2,0.02,2,64034.9,0.02,2,64034.8,0.01,1,64034.7,0.01,1,64034.6,158.91,4,64034.4,0.02,2,64034.3,0.01,1,64038.5,97.74,15,64039.2,0.02,2,64039.4,0.01,1,64039.5,0.01,1,64039.8,0.01,1,64039.9,0.02,2,64040,107.44,2,64040.3,0.01,1,64040.4,0.01,1,64040.5,0.02,2,64040.6,12,2,64040.8,0.02,2,64041,0.2,2,64041.4,0.03,3,64041.5,1.98,2,64041.6,12.53,4,64041.7,108.12,3,64041.8,0.01,1,64041.9,1.76,3,64042.2,0.01,1,64042.4,0.08,4,64042.5,6,2,64042.8,0.03,3,64042.9,0.01,1,64043,0.22,1,4246.45,348.29,0.8484,0.1,64038.4
1786415071252,64038.4,790.81,30,64038.3,0.18,2,64038.2,0.01,1,64038.1,29.55,2,64038,48.57,3,64037.8,0.01,1,64037.4,0.01,1,64037.3,1.56,1,64037,0.01,1,64036.9,0.05,3,64036.6,0.02,2,64036.5,8.85,2,64036.4,5.87,3,64036.3,1.08,2,64036.2,0.02,2,64036.1,1.21,1,64035.6,0.01,1,64035.4,6.26,2,64035.2,34.55,5,64035.1,359.72,2,64035,206.32,5,64034.9,154.19,3,64034.8,0.03,2,64034.7,264.66,1,64034.5,3.12,1,64038.5,754.3,41,64038.6,0.01,1,64038.7,1.12,2,64038.9,0.01,1,64039,4.95,1,64039.2,0.01,1,64039.4,0.01,1,64039.5,0.01,1,64039.7,0.02,2,64039.8,12.54,5,64039.9,129.91,4,64040,135.45,6,64040.3,0.01,1,64040.4,0.01,1,64040.5,0.01,1,64040.8,0.02,2,64041,0.01,1,64041.4,0.01,1,64041.5,0.01,1,64041.6,0.02,2,64041.7,0.05,2,64041.8,11.8,2,64041.9,1.76,3,64042,0.01,1,64042.1,0.45,2,1916.67,1052.51,0.291,0.1,64038.4
1786415101652,64038.4,889.7,27,64038.3,0.13,1,64038.2,0.01,1,64038.1,23.57,2,64038,15.78,3,64037.8,0.01,1,64037.6,0.01,1,64037.2,0.01,1,64037,1.11,3,64036.9,0.02,2,64036.7,0.01,1,64036.6,0.02,2,64036.5,8.86,3,64036.4,5.88,4,64036.3,1.08,2,64036.2,0.02,2,64036.1,1.21,1,64036,0.01,1,64035.9,0.02,1,64035.8,0.01,1,64035.7,5.01,2,64035.6,6.26,2,64035.4,0.01,1,64035.2,34.72,7,64035.1,359.72,2,64038.5,765.59,49,64038.6,0.01,1,64038.7,1.12,1,64038.9,0.01,1,64039,54.95,2,64039.2,0.01,1,64039.4,0.01,1,64039.5,0.01,1,64039.6,0.02,2,64039.7,1.68,1,64039.8,0.04,4,64039.9,13.08,3,64040,107.44,2,64040.3,0.01,1,64040.4,0.01,1,64040.8,0.02,2,64041,0.01,1,64041.2,0.01,1,64041.4,0.01,1,64041.5,0.01,1,64041.6,1.84,3,64041.7,0.06,3,64041.8,30.5,5,64041.9,1.76,3,64042,0.02,2,1353.19,978.23,0.1608,0.1,64038.4
1786415131902,64036.5,250.28,13,64036.4,7.05,5,64036.2,0.01,1,64035.8,0.01,1,64035.7,0.03,1,64035.5,0.02,2,64035.4,120.71,2,64035.3,0.02,2,64035.2,16.32,2,64035.1,0.06,4,64035,17.49,2,64034.9,0.02,2,64034.5,0.03,1,64034.4,0.03,3,64034.3,0.01,1,64034.1,0.01,1,64033.7,0.01,1,64033.6,0.01,1,64033.2,0.01,1,64033,0.01,1,64032.9,3.15,3,64032.8,56.26,6,64032.7,129.35,2,64032.6,0.01,1,64032.5,0.01,1,64036.6,2089.84,106,64036.7,0.02,2,64036.8,0.01,1,64036.9,100,1,64037.1,0.01,1,64037.2,2,1,64038,0.01,1,64038.1,1.47,4,64038.4,0.01,1,64038.5,0.02,2,64038.6,99.88,1,64038.7,0.01,1,64038.8,0.01,1,64038.9,217.08,4,64039,29.05,4,64039.2,0.01,1,64039.4,0.01,1,64039.5,7.52,3,64039.6,0.01,1,64039.8,0.03,3,64039.9,12.52,3,64040,107.45,3,64040.3,3.88,2,64040.4,0.01,1,64040.5,0.01,1,600.92,2670.87,-0.6327,0.1,64036.6
1786415162152,64036.5,152.51,21,64036.4,7.08,6,64036.2,0.01,1,64035.8,0.01,1,64035.7,0.03,1,64035.5,0.02,2,64035.4,168.33,3,64035.2,0.01,1,64035.1,0.05,3,64035,17.49,2,64034.9,0.02,2,64034.7,0.01,1,64034.6,118.42,2,64034.5,0.02,1,64034.4,0.02,2,64034.1,0.01,1,64033.7,0.02,2,64033.6,6.26,2,64033.3,50.02,5,64033.2,0.04,3,64033.1,0.02,1,64033,0.01,1,64032.9,0.03,2,64032.8,3.13,2,64032.7,128.71,1,64036.6,1988.14,114,64036.7,0.19,4,64036.8,0.02,2,64036.9,100,1,64037,0.01,1,64037.1,0.02,2,64037.2,2.01,2,64037.5,0.01,1,64038,0.02,2,64038.1,1.23,3,64038.4,0.02,2,64038.5,0.76,3,64038.6,99.88,1,64038.7,0.01,1,64038.8,0.01,1,64038.9,217.08,4,64039,29.05,4,64039.2,0.02,2,64039.4,6.01,3,64039.5,7.52,3,64039.6,0.01,1,64039.8,0.03,3,64039.9,12.52,3,64040,107.45,3,64040.1,3,1,652.28,2575.02,-0.5958,0.1,64036.6
1786415192402,64036.5,229.42,18,64036.4,7.09,6,64036.2,0.01,1,64035.8,0.01,1,64035.4,0.01,1,64035.2,0.01,1,64035.1,0.02,2,64035,17.49,2,64034.9,0.04,4,64034.8,6.27,3,64034.7,140.79,2,64034.6,129.34,1,64034.4,0.01,1,64034.1,0.03,2,64033.7,0.02,2,64033.6,0.03,2,64033.5,0.02,1,64033.2,50.01,5,64032.9,0.01,1,64032.8,3.12,1,64032.7,129.34,1,64032.6,0.01,1,64032.5,0.01,1,64032.3,0.01,1,64032.2,156.35,4,64036.6,1845.14,117,64036.7,0.19,4,64036.8,0.02,2,64036.9,100.26,3,64037,9.26,2,64037.1,0.02,2,64037.2,2.01,2,64037.5,0.01,1,64038,0.02,2,64038.1,1.23,3,64038.4,0.02,2,64038.5,0.75,2,64038.6,99.88,1,64038.7,0.01,1,64038.8,0.01,1,64038.9,217.08,4,64039,22.15,3,64039.2,3.02,3,64039.3,3,1,64039.4,0.01,1,64039.5,7.52,3,64039.6,0.01,1,64039.8,0.03,3,64039.9,15.52,4,64040,107.45,3,869.47,2434.62,-0.4737,0.1,64036.6
1786415222652,64048.8,1560.13,31,64048.7,156.36,3,64048.6,484.65,5,64048.5,122.28,3,64048.4,0.39,1,64048.1,0.01,1,64048,0.01,1,64047.8,0.04,2,64047.7,104.06,3,64047.6,183.8,5,64047.3,0.01,1,64046.7,400.12,8,64046.6,0.01,1,64046.3,0.07,1,64046.1,0.01,1,64046,0.01,1,64045.5,0.01,1,64045.3,0.01,1,64045.1,3.12,1,64045,266.47,11,64044.8,0.02,2,64044.5,336.44,1,64044.4,271.05,7,64044.3,105.96,5,64044,0.04,4,64048.9,879.36,42,64049,0.29,1,64049.5,0.01,1,64049.6,2.33,1,64049.7,0.1,2,64049.9,0.02,2,64050,121.91,12,64050.1,0.01,1,64050.2,0.01,1,64050.4,0.06,2,64050.5,0.04,3,64050.6,6,2,64050.7,0.01,1,64050.9,0.01,1,64051.2,0.02,2,64051.3,3.01,2,64051.4,0.06,2,64051.5,0.02,2,64051.6,0.22,1,64051.7,4.69,6,64051.9,1,1,64052,3.01,2,64052.1,3.64,2,64052.2,0.08,3,64052.3,3,1,3995.08,1028.91,0.5904,0.1,64048.9
1786415252902,64035,290.47,17,64034.9,0.01,1,64034.8,0.01,1,64034.5,0.02,1,64034.4,0.02,2,64034.3,0.01,1,64034.1,0.01,1,64034,0.01,1,64033.9,1.09,1,64033.7,0.01,1,64033.6,0.03,1,64033.4,0.02,2,64033.3,3.14,3,64033.2,41.15,4,64033.1,127.07,1,64032.9,0.01,1,64032.6,0.01,1,64032.5,0.01,1,64032.3,7.5,1,64032.2,0.02,2,64032.1,31.26,1,64032,153.8,5,64031.8,1,1,64031.7,0.01,1,64031.6,0.01,1,64035.1,1029.64,59,64035.2,0.05,4,64035.3,5.81,3,64035.4,117.04,3,64035.5,1.21,1,64035.8,0.03,2,64035.9,2.38,1,64036,0.01,1,64036.5,0.01,1,64036.6,2.3,2,64036.7,0.01,1,64036.8,0.01,1,64037.2,0.01,1,64037.3,0.01,1,64037.4,20.01,3,64037.6,0.01,1,64037.7,0.1,2,64038.1,0.01,1,64038.2,10.95,5,64038.3,0.04,1,64038.4,0.02,2,64038.5,0.31,1,64038.8,125.71,3,64038.9,127.74,5,64039,32.8,1,656.7,1476.22,-0.3842,0.1,64035.1
1786420879804,64123.5,3283.22,99,64123.4,0.03,2,64123.3,0.01,1,64123.2,0.64,2,64123.1,19.29,3,64123,2,1,64122.9,0.02,1,64122.8,2.77,2,64122.7,139.45,4,64122.6,391.38,2,64122,0.33,2,64121.8,0.02,2,64121.7,9.36,2,64121.6,326.62,4,64121.5,270.78,10,64121.1,8.46,1,64120.9,0.01,1,64120.8,15.01,2,64120.7,24.03,4,64120.6,156.32,1,64120.5,0.01,1,64120.4,0.03,3,64120.3,0.01,1,64120.2,143.7,5,64120.1,15.04,3,64123.6,26.29,20,64123.8,0.9,1,64124.1,0.01,1,64124.6,0.01,1,64124.7,0.03,1,64124.8,0.16,2,64124.9,0.01,1,64125,6.51,9,64125.1,4.74,3,64125.4,0.01,1,64125.6,0.01,1,64126.1,0.02,2,64126.3,0.21,2,64126.5,0.01,1,64126.7,0.01,1,64126.8,0.01,1,64127,0.01,1,64127.1,0.03,3,64127.2,3,1,64127.3,3.03,3,64127.6,12.48,1,64127.7,1.45,2,64127.9,3,1,64128,0.22,6,64128.1,1.42,2,4808.54,63.58,0.9739,0.1,64123.6
1786420910054,64132,2386.32,100,64131.9,257.32,4,64131.8,389.04,1,64131.7,1.55,1,64131.6,0.65,3,64131.5,50.87,4,64131.4,1.27,1,64131.2,0.16,2,64131.1,0.01,1,64131,0.78,2,64130.5,0.01,1,64130.4,0.01,1,64130.1,0.03,2,64130,28.28,2,64129.9,88.26,9,64129.8,37.71,2,64129.7,154.18,2,64129.6,0.01,1,64129.5,0.01,1,64129.3,48.84,2,64129.2,0.01,1,64129.1,0.01,1,64129,1.55,1,64128.7,0.01,1,64128.6,23.62,3,64132.1,453.71,32,64132.2,1.96,2,64132.3,5,1,64132.7,0.54,5,64132.8,0.02,2,64132.9,0.01,1,64133,40,1,64133.3,0.17,3,64133.7,0.01,1,64134,0.1,5,64134.1,15.42,3,64134.2,3,1,64134.3,3.01,2,64134.4,0.16,2,64134.5,0.01,1,64134.7,0.38,2,64134.8,0.01,1,64134.9,3.03,3,64135.1,0.01,1,64135.2,0.03,3,64135.4,1.03,1,64135.5,0.01,1,64135.6,3,1,64135.7,3.05,2,64135.8,0.01,1,3470.51,533.68,0.7334,0.1,64132.1
1786420940304,64132,1277.35,79,64131.9,252.22,7,64131.8,389.06,2,64131.7,17.46,3,64131.6,1.26,3,64131.5,50.88,5,64131.4,1.27,1,64131.2,0.16,2,64131.1,0.01,1,64131,0.78,2,64130.5,0.01,1,64130.4,0.01,1,64130.1,0.01,1,64130,2.6,1,64129.9,0.12,3,64129.8,0.01,1,64129.7,0.01,1,64129.6,0.01,1,64129.5,0.01,1,64129.3,0.01,1,64129.2,0.01,1,64129.1,0.01,1,64129,1.55,1,64128.7,0.01,1,64128.6,0.02,2,64132.1,373.9,46,64132.2,3.9,3,64132.3,5,1,64132.7,0.54,5,64132.8,0.01,1,64132.9,0.02,2,64133,40,1,64133.3,0.17,3,64133.7,0.01,1,64134,0.1,5,64134.1,15.42,3,64134.3,0.01,1,64134.4,0.16,2,64134.5,0.01,1,64134.6,1.38,1,64134.7,0.38,2,64134.8,0.01,1,64134.9,0.04,3,64135,51.34,2,64135.1,0.01,1,64135.2,0.02,2,64135.5,3.01,2,64135.6,3,1,64135.7,1.23,2,64135.9,0.02,2,1994.85,499.69,0.5994,0.1,64132.1
1786420970654,64134,265.52,39,64133.9,2.84,5,64133.6,0.62,1,64133.5,0.33,2,64133.2,0.02,1,64133.1,107.23,6,64133,2.93,4,64132.9,9.45,7,64132.7,0.01,1,64132.6,15.39,1,64132.5,0.01,1,64132.4,0.01,1,64132.3,3.13,2,64132.2,156.33,2,64132.1,156.49,5,64132,46.58,10,64131.7,0.01,1,64131.6,0.63,2,64131.5,0.02,2,64131.4,0.01,1,64131.2,0.16,2,64131,0.01,1,64130.7,0.01,1,64130.5,3.12,2,64130.4,31.22,2,64134.1,1249.33,58,64134.2,1.94,1,64134.3,0.01,1,64134.4,0.16,2,64134.5,0.01,1,64134.7,0.37,1,64134.8,0.02,2,64134.9,81.49,5,64135,0.01,1,64135.1,0.01,1,64135.2,0.01,1,64135.5,0.01,1,64135.6,0.01,1,64135.7,0.05,1,64135.9,0.01,1,64136,0.02,2,64136.3,0.24,3,64136.4,0.02,2,64136.5,0.32,2,64136.6,0.01,1,64136.7,0.02,2,64136.8,50,1,64136.9,0.07,2,64137,0.03,3,64137.2,0.03,3,802.08,1384.2,-0.2663,0.1,64134.1
1786421000904,64134,893.12,47,64133.9,4.1,5,64133.7,0.25,1,64133.6,0.62,1,64133.5,1,3,64133.3,0.18,2,64133.2,3.15,3,64133.1,129.17,6,64133,2.89,1,64132.9,9.24,5,64132.8,0.02,2,64132.7,0.01,1,64132.6,15.39,1,64132.5,0.01,1,64132.4,167.02,3,64132.3,235.07,2,64132.2,156.33,2,64132.1,4.91,7,64132,3.56,6,64131.7,0.01,1,64131.6,0.64,3,64131.5,0.01,1,64131.4,0.01,1,64131.2,0.17,3,64131,19.54,2,64134.1,415.27,46,64134.2,3.88,2,64134.3,0.01,1,64134.4,0.16,2,64134.7,0.37,1,64134.9,0.05,4,64135,9.52,1,64135.1,0.01,1,64135.2,0.03,3,64135.3,1.87,1,64135.6,0.01,1,64135.7,0.05,1,64135.9,0.01,1,64136,0.02,2,64136.1,0.02,2,64136.2,156.22,1,64136.3,0.02,2,64136.4,0.02,2,64136.5,0.32,2,64136.6,0.01,1,64136.7,0.01,1,64136.8,50,1,64136.9,0.07,2,64137,0.03,3,64137.2,0.03,3,1646.42,638.01,0.4414,0.1,64134.1
1786421031154,64121.1,946.98,32,64121,0.62,4,64120.8,0.01,1,64120.6,0.01,1,64120.5,0.01,1,64120.4,0.04,4,64120.3,276.59,3,64120.1,0.02,2,64120,49.38,3,64119.6,0.09,1,64119.5,0.01,1,64119.3,0.09,1,64119.2,0.04,4,64119.1,12.86,2,64119,169.63,1,64118.8,389.11,2,64118.7,16.07,3,64118.6,157.32,2,64118.5,0.01,1,64118.4,289.11,8,64118.3,8.1,1,64118,0.01,1,64117.9,37.87,1,64117.8,26.87,4,64117.6,17.6,2,64121.2,1502.34,87,64121.3,5.84,2,64121.4,47.63,3,64121.5,5,1,64121.6,0.16,2,64121.8,0.8,1,64121.9,0.03,3,64122,5.11,3,64122.6,0.01,1,64122.7,0.01,1,64122.8,0.01,1,64122.9,1.18,1,64123.2,0.01,1,64123.3,0.01,1,64123.5,0.03,3,64123.8,0.01,1,64123.9,0.01,1,64124.2,0.01,1,64124.3,28,3,64124.4,0.02,2,64124.5,0.01,1,64124.6,0.01,1,64124.7,115.89,6,64124.8,2.44,3,64124.9,0.01,1,2398.45,1714.58,0.1663,0.1,64121.1
1786421061404,64115,266.24,14,64114.9,0.1,3,64114.8,0.01,1,64114.7,100,1,64114.6,0.01,1,64114.3,0.1,3,64114.2,0.01,1,64113.9,0.01,1,64113.7,0.01,1,64113.6,0.03,3,64113.5,121.13,3,64113.4,14.68,2,64113.3,390.85,3,64112.7,0.01,1,64112.4,0.86,2,64112.3,0.85,1,64112.2,0.02,2,64112,0.16,2,64111.9,0.01,1,64111.8,0.04,2,64111.6,0.15,1,64111.4,0.01,1,64111.3,212.62,1,64111.2,0.02,2,64111.1,0.01,1,64115.1,1121.93,70,64115.2,1.07,3,64116,0.34,2,64116.4,0.02,1,64116.5,83.62,3,64116.6,169.65,1,64116.7,0.05,4,64116.8,28,3,64117,0.02,2,64117.2,0.01,1,64117.3,0.58,2,64117.4,0.01,1,64117.5,0.01,1,64117.8,0.01,1,64117.9,8.01,2,64118,56.03,4,64118.2,3.01,2,64118.3,3.01,2,64118.4,11.66,5,64118.5,172.6,2,64118.6,0.01,1,64118.7,0.01,1,64118.8,2.73,2,64118.9,3.02,3,64119,0.02,2,1107.94,1665.43,-0.201,0.1,64115.1
1786421091654,64106,500.04,22,64105.9,0.01,1,64105.8,3.14,3,64105.7,241.16,3,64105.6,0.01,1,64105.1,0.01,1,64105,1,1,64104.9,0.03,3,64104.8,15.51,1,64104.6,1.21,2,64104.5,0.04,3,64104.4,31.24,2,64104.3,154.47,3,64104,0.04,4,64103.8,45.85,1,64103.6,0.22,1,64103.4,0.02,2,64103.3,438.03,2,64103.2,156.32,1,64103.1,0.33,2,64102.8,0.02,2,64102.5,0.01,1,64102.4,0.17,3,64102.3,32.84,3,64102.1,0.02,2,64106.1,1634,90,64106.2,3.33,3,64106.3,50.07,2,64107,0.01,1,64107.4,0.03,2,64107.5,32.56,1,64107.6,0.06,5,64107.7,109,1,64108,0.01,1,64108.2,0.02,2,64108.8,0.04,4,64109.2,1.55,1,64109.3,0.01,1,64109.4,0.02,2,64109.5,1.19,2,64109.9,0.01,1,64110,1.57,3,64110.1,7.85,2,64110.2,0.01,1,64110.3,0.43,2,64110.6,0.01,1,64110.7,0.01,1,64111,0.42,1,64111.1,0.01,1,64111.2,0.01,1,1621.74,1842.23,-0.0637,0.1,64106.1
1786421121904,64106,829.93,47,64105.9,21.76,3,64105.8,159.46,4,64105.7,284.63,3,64105.6,0.02,2,64105.5,4.56,1,64105.1,0.01,1,64105,0.01,1,64104.9,0.02,2,64104.6,0.01,1,64104.5,0.04,3,64104.4,235.07,2,64104.3,154.48,3,64104,31.28,6,64103.9,389.19,1,64103.8,51.74,2,64103.6,0.22,1,64103.4,0.02,2,64103.3,48.84,1,64103.2,156.33,2,64103.1,3.43,2,64103,0.05,1,64102.8,0.02,2,64102.5,0.01,1,64102.4,0.17,3,64106.1,697.06,63,64106.2,11.65,1,64106.3,1.27,1,64106.7,1.55,1,64107.1,0.02,1,64107.2,3.24,1,64107.3,0.01,1,64107.4,0.77,1,64107.6,0.05,4,64107.7,109.82,2,64107.9,0.03,2,64108,10,1,64108.1,0.33,1,64108.2,169.56,4,64108.3,3.31,2,64108.4,0.82,1,64108.5,0.01,1,64108.7,0.01,1,64108.8,3.01,5,64109.3,0.01,1,64109.4,0.01,1,64109.5,0.01,1,64109.7,0.01,1,64109.8,108.89,2,64110,0.02,2,2371.3,1121.47,0.3578,0.1,64106.1
1786425566605,63988.1,947.21,33,63988,8.91,4,63987.7,0.65,3,63987.6,32.81,1,63987.5,0.1,1,63987.2,0.03,3,63987.1,0.01,1,63987,0.02,2,63986.9,0.02,2,63986.8,196.04,2,63986.7,153.85,2,63986.6,241.32,3,63986.5,0.04,2,63986.4,0.03,3,63986.3,2.34,1,63986,0.02,1,63985.8,157.54,4,63985.7,0.2,2,63985.5,0.07,3,63985.3,1.22,1,63985.2,0.01,1,63985.1,0.01,1,63985,0.02,1,63984.9,11.44,1,63984.8,0.01,1,63988.2,611.8,42,63988.4,0.02,1,63988.5,5.52,1,63989,0.29,4,63989.1,13.57,2,63989.2,18.03,2,63989.3,114.33,2,63989.7,0.01,1,63989.8,102.28,2,63990.2,0.01,1,63990.3,0.01,1,63990.4,0.02,2,63990.5,4.5,1,63990.6,0.02,2,63990.9,0.01,1,63991.2,0.02,2,63991.3,0.01,1,63991.8,0.02,2,63992.1,0.01,1,63992.2,0.02,2,63992.4,0.01,1,63992.5,0.01,1,63992.6,0.01,1,63992.7,151.6,3,63993,272.82,6,1753.92,1294.95,0.1505,0.1,63988.1
1786425596805,63989.7,1586.89,74,63989.6,89.88,3,63989.5,3.15,1,63989.4,0.64,2,63989.2,0.01,1,63989.1,103.51,1,63989,0.01,1,63988.9,144.07,2,63988.8,1.1,2,63988.6,23.59,3,63988.5,0.01,1,63988.2,15.01,2,63988.1,0.01,1,63988,0.92,2,63987.7,0.01,1,63987.6,32.83,3,63987.5,0.1,1,63987.2,0.03,3,63987.1,0.01,1,63987,3.9,4,63986.9,0.01,1,63986.8,3.14,3,63986.7,138.48,3,63986.6,6.35,3,63986.5,0.03,1,63989.8,467.9,33,63989.9,0.02,1,63990,4.62,2,63990.3,0.01,1,63990.4,0.01,1,63990.7,0.03,2,63990.8,2.69,3,63990.9,2.87,1,63991.2,0.01,1,63991.3,0.01,1,63991.6,0.01,1,63991.7,3.53,1,63991.9,0.01,1,63992.1,0.01,1,63992.2,3.54,2,63992.5,0.01,1,63992.6,12.52,2,63993,151.61,4,63993.1,76.19,3,63993.2,0.01,1,63993.3,0.01,1,63993.4,25.01,5,63993.5,96.68,1,63993.6,0.02,2,63993.7,0.01,1,2153.69,847.34,0.4353,0.1,63989.8
1786425627005,63980.4,393.97,21,63980.2,0.01,1,63980.1,1.64,3,63980,25.02,15,63979.9,2.1,2,63979.8,188.15,2,63979.7,35,2,63979.5,0.01,1,63979.4,15.62,1,63979.3,14.64,2,63979.2,0.01,1,63978.9,0.01,1,63978.8,9.26,3,63978.7,0.01,1,63978.6,159.27,3,63978.5,168.67,2,63978.3,0.01,1,63978.2,19.58,2,63978,0.03,3,63977.9,235.06,1,63977.8,35.56,3,63977.6,0.05,3,63977.5,0.02,1,63977.2,11.66,1,63977.1,2.86,2,63980.5,1208.62,55,63980.6,0.03,2,63980.8,0.02,2,63981,0.01,1,63981.5,0.01,1,63982,0.02,2,63982.4,0.02,1,63982.5,5.63,2,63982.6,0.01,1,63982.7,0.01,1,63982.9,0.03,2,63983,7.63,3,63983.2,0.01,1,63983.5,0.01,1,63983.6,0.02,1,63983.7,2.01,2,63983.8,33.3,4,63983.9,122.34,4,63984,297.9,6,63984.1,204.06,4,63984.2,154.8,4,63984.3,0.01,1,63984.5,0.01,1,63984.9,1,1,63985,0.02,2,1318.22,2037.53,-0.2144,0.1,63980.4
1786425657305,63945.6,795.85,22,63945.5,17.26,1,63945.4,1.44,2,63944.5,0.01,1,63944.4,181,2,63944.3,110.63,2,63944.2,156.32,1,63944.1,6.27,2,63943.6,154.17,1,63943.5,6.48,4,63943.3,1.51,3,63943.2,1.21,3,63942.9,0.11,7,63942.8,0.19,4,63942.7,0.01,1,63942.6,0.08,1,63942.5,2.35,2,63942.4,11.75,2,63942.3,31.4,5,63942.2,156.36,4,63942.1,240.77,3,63942,159.69,14,63941.9,0.01,1,63941.8,0.03,3,63941.7,0.5,4,63945.7,658.14,39,63945.8,0.06,2,63945.9,0.02,1,63946,5.02,2,63946.1,100.02,2,63946.2,3.12,1,63946.3,0.01,1,63946.4,0.02,2,63946.5,5,1,63946.6,0.01,1,63946.7,0.01,1,63946.8,4.69,3,63946.9,0.01,1,63947.5,0.01,1,63947.7,0.01,1,63948,0.04,2,63948.1,0.01,1,63948.2,0.02,2,63948.3,1.56,1,63948.4,1.07,2,63948.5,17.03,3,63948.8,69.86,3,63948.9,20.56,5,63949,4.51,2,63949.1,0.01,1,2035.4,890.82,0.3911,0.1,63945.6
1786425687505,63940.4,1223.87,41,63940.3,188.28,5,63940.2,0.09,2,63940.1,431.28,6,63940,135.43,44,63939.8,0.61,3,63939.7,0.04,3,63939.6,6.26,1,63939.5,0.02,2,63939.4,1.95,7,63939.3,0.01,1,63939.2,1.1,4,63939.1,0.06,2,63939,1.33,3,63938.9,1.84,6,63938.8,0.03,1,63938.7,0.02,2,63938.6,1.55,3,63938.5,0.39,3,63938.4,45.91,7,63938.3,1.71,3,63938.2,157.62,4,63938.1,32.98,4,63938,111.57,12,63937.9,0.01,1,63940.5,67.04,21,63940.6,0.07,1,63942,0.02,1,63942.1,2.63,3,63942.2,0.02,1,63942.3,2.65,1,63942.4,0.04,3,63942.5,50,1,63942.6,0.02,2,63942.7,0.27,1,63942.9,0.01,1,63943,2.56,2,63943.2,0.01,1,63943.6,0.03,3,63943.7,7.66,2,63944.1,0.01,1,63944.2,0.02,2,63944.3,12.52,1,63944.5,0.01,1,63944.6,3.15,3,63944.7,160.32,2,63944.8,37.31,2,63945,0.49,4,63945.1,4.14,1,63945.2,0.01,1,2343.96,351.01,0.7395,0.1,63940.4
1786425717705,63943.9,2533.88,84,63943.8,0.09,2,63943.7,0.05,2,63943.5,0.01,1,63943.4,15.01,2,63943.3,810.79,5,63942.6,0.02,2,63942.5,39,2,63942.4,49.05,4,63942.3,121.56,2,63942.1,15,1,63942,259.12,3,63941.9,267.77,2,63941.8,0.02,2,63941.5,0.01,1,63940.9,44.15,2,63940.8,0.01,1,63940.7,11.68,1,63940.6,235.07,2,63940.5,290.38,4,63940.4,100.15,6,63940.3,0.68,5,63940.1,1.12,4,63940,105.17,43,63939.9,0.01,1,63944,309.87,19,63944.2,1.56,1,63945,0.47,2,63945.2,0.02,1,63945.3,4.19,2,63945.5,0.01,1,63945.6,0.05,4,63945.7,54.43,6,63945.8,0.01,1,63945.9,0.03,2,63946,6,2,63946.2,0.01,1,63946.3,100.01,2,63946.4,0.01,1,63946.6,0.02,2,63946.7,6.01,3,63946.8,1.17,2,63946.9,0.03,3,63947.1,0.01,1,63947.2,34.65,2,63947.3,3,1,63947.5,0.01,1,63947.6,0.01,1,63947.7,12.53,2,63947.8,0.01,1,4899.8,534.12,0.8034,0.1,63943.9
1786425747955,63943.5,586.45,12,63943.4,0.05,2,63943.2,0.01,1,63943.1,0.02,2,63942.4,0.01,1,63942.3,0.01,1,63942.2,12.96,2,63942,0.01,1,63941.8,1.17,4,63941.7,51.93,1,63941.4,0.01,1,63941.2,0.07,3,63941.1,2.74,1,63940.9,0.02,2,63940.8,2.83,2,63940.7,0.01,1,63940.6,0.01,1,63940.5,75.54,4,63940.4,12.03,4,63940.3,0.65,3,63940.2,0.01,1,63940.1,1.13,5,63940,63.3,41,63939.9,0.02,2,63939.8,0.61,3,63943.6,1492.58,70,63943.7,0.02,1,63943.8,1.28,2,63943.9,0.04,2,63944,1.92,4,63944.1,62.27,8,63944.2,0.02,1,63944.3,0.02,2,63944.4,112.85,4,63944.7,0.01,1,63944.8,1.17,2,63945.1,1.78,2,63945.2,0.01,1,63945.5,0.01,1,63945.6,0.02,2,63945.9,169.03,2,63946.2,0.01,1,63946.4,100.01,2,63946.5,0.02,2,63946.7,0.01,1,63946.8,28.02,5,63947,15.65,2,63947.1,15.01,2,63947.2,112.5,3,63947.3,20.05,5,811.6,2134.31,-0.449,0.1,63943.6
1786425778205,63935.4,796.33,26,63935.3,1.5,2,63935.2,0.03,3,63935.1,0.04,4,63935,0.37,8,63934.9,1.67,2,63934.8,0.11,2,63934.6,0.02,2,63934.5,0.17,2,63934.4,0.04,4,63934.3,80.24,2,63934.2,0.1,3,63934.1,0.35,3,63934,0.21,3,63933.9,30.74,3,63933.8,0.01,1,63933.7,0.01,1,63933.6,1.23,3,63933.5,32.88,3,63933.4,1.56,1,63933.3,53.79,25,63933.2,1.43,3,63933.1,0.03,3,63933,18.97,4,63932.9,31.32,2,63935.5,1481.75,53,63935.6,100.02,2,63935.7,66.97,16,63935.9,0.02,1,63936,34.22,3,63936.1,0.01,1,63936.4,0.03,2,63936.5,4.5,1,63936.7,0.01,1,63936.9,0.01,1,63937,39.42,4,63937.1,33.51,2,63937.2,0.01,1,63937.4,0.01,1,63937.5,4.51,2,63937.7,0.01,1,63937.8,165.32,3,63937.9,2.65,1,63938.1,105.57,1,63938.2,28.01,4,63938.4,0.01,1,63938.6,0.01,1,63938.7,2.3,1,63938.9,125.2,4,63939,4.53,4,1053.15,2198.61,-0.3523,0.1,63935.4
1786425808405,63943.8,914.29,38,63943.7,0.01,1,63943.6,8.9,5,63943.5,40.59,4,63943.4,0.06,1,63943.3,0.01,1,63943.2,156.33,2,63943.1,259.25,2,63943,115.33,2,63942.9,0.01,1,63942.8,0.01,1,63942.7,15,1,63942.6,0.01,1,63942.5,0.01,1,63942.4,15.97,3,63942.3,13.04,1,63942.2,0.02,2,63942.1,148.68,4,63942,0.01,1,63941.7,0.01,1,63941.3,0.01,1,63941.2,0.01,1,63941.1,49.86,3,63941,0.01,1,63940.9,31.31,1,63943.9,503.73,44,63944,0.58,1,63944.4,0.01,1,63944.9,0.02,1,63945,33.91,1,63945.2,0.01,1,63945.4,0.01,1,63945.5,0.02,1,63945.6,2.07,3,63945.7,0.03,2,63945.8,2.29,1,63945.9,12.53,2,63946,190.48,3,63946.1,0.01,1,63946.2,28.01,4,63946.3,0.01,1,63946.4,2.37,1,63946.5,0.01,1,63946.8,0.03,3,63947,0.01,1,63947.1,2.08,3,63947.2,0.03,3,63947.3,100,1,63947.5,0.01,1,63947.8,0.01,1,1768.74,878.27,0.3364,0.1,63943.9
1786428739158,64021.9,938.13,38,64021.8,0.01,1,64021.7,0.01,1,64021.6,0.02,1,64021.5,48.42,3,64021.4,0.03,2,64021.3,73.58,1,64021.2,0.01,1,64021,0.01,1,64020.8,0.03,2,64020.7,15.98,1,64020.5,0.01,1,64020.2,0.02,2,64020.1,1.26,2,64020,1.51,2,64019.9,0.03,3,64019.8,0.01,1,64019.7,16.12,2,64019.6,37.53,3,64019.5,156.33,2,64019.3,6.32,3,64019.2,333.19,4,64019.1,0.01,1,64019,0.01,1,64018.9,8.72,3,64022,1168.72,48,64022.1,0.18,2,64022.3,0.25,1,64022.4,0.01,1,64022.7,0.01,1,64023,0.01,1,64023.1,2.53,3,64023.2,238.31,35,64023.3,0.01,1,64023.4,28,3,64023.5,0.02,2,64024,0.01,1,64024.1,0.01,1,64024.3,0.01,1,64024.5,2.51,2,64024.6,0.01,1,64024.7,0.01,1,64025,0.01,1,64025.3,0.01,1,64025.5,0.01,1,64025.6,0.01,1,64025.9,0.01,1,64026,14.44,4,64026.2,0.06,1,64026.5,0.02,2,1637.3,1455.18,0.0589,0.1,64021.9
1786428769358,64021.9,512.88,35,64021.8,0.02,2,64021.7,0.01,1,64021.6,0.02,1,64021.5,15.62,2,64021,0.01,1,64020.8,0.03,2,64020.7,24.69,4,64020.5,1.01,2,64020.4,0.03,2,64020.3,98.98,1,64020.2,173.42,2,64020.1,0.01,1,64020,1.51,2,64019.9,0.03,3,64019.6,0.01,1,64019.5,156.32,1,64019.3,0.02,2,64019.2,323.63,3,64018.9,0.03,3,64018.8,1.02,2,64018.7,31.32,3,64018.6,21.01,5,64018.5,155.8,4,64018.4,104.71,2,64022,853.35,56,64022.1,0.5,2,64022.4,0.02,2,64022.7,0.01,1,64022.8,0.01,1,64023.1,0.02,2,64023.2,134.71,9,64023.3,0.02,2,64023.4,13.56,3,64023.5,0.02,2,64023.8,0.01,1,64023.9,173.41,1,64024,0.01,1,64024.1,12.28,2,64024.3,0.01,1,64024.4,0.01,1,64024.5,5.16,3,64024.6,0.17,2,64024.7,0.01,1,64025,0.01,1,64025.2,0.01,1,64025.3,0.01,1,64025.5,173.42,2,64025.6,0.01,1,64025.9,0.01,1,1622.14,1366.76,0.0854,0.1,64021.9
1786428799608,64021.9,940.18,53,64021.8,0.03,3,64021.7,0.01,1,64021.5,0.01,1,64021.2,0.02,2,64021.1,0.01,1,64021,0.02,2,64020.9,0.03,2,64020.8,2.04,4,64020.7,2.03,3,64020.6,3.12,1,64020.5,0.01,1,64020.4,0.01,1,64020.3,8.96,1,64020.2,0.01,1,64020.1,28.41,2,64020,1.52,3,64019.9,0.03,3,64019.6,0.01,1,64019.3,0.01,1,64019.2,0.02,2,64018.9,31.3,4,64018.8,180.68,4,64018.7,466.19,3,64018.6,322.47,6,64022,887.94,48,64022.1,0.48,4,64022.2,0.01,1,64022.3,3.13,3,64022.4,0.02,2,64022.5,5,1,64022.7,0.01,1,64023.1,0.02,2,64023.2,127.76,6,64023.3,0.01,1,64023.4,1.56,1,64023.5,0.01,1,64023.9,173.41,1,64024,0.01,1,64024.1,7.03,2,64024.3,0.02,2,64024.4,0.01,1,64024.5,3.75,3,64024.6,0.02,2,64024.7,3.01,3,64025,0.01,1,64025.2,0.01,1,64025.3,0.01,1,64025.5,0.01,1,64025.6,43.75,6,1987.13,1257.0,0.2251,0.1,64021.9
1786428829958,64011.2,1275.97,47,64011.1,0.01,1,64011,0.02,1,64010.9,205.67,6,64010.8,295.87,3,64010.7,237.07,3,64010.6,0.01,1,64010.5,11.29,2,64010.4,1.03,2,64010.2,0.01,1,64010.1,154.19,3,64010,59.26,2,64009.9,0.02,2,64009.7,0.04,3,64009.6,0.01,1,64009.5,0.01,1,64009.4,0.01,1,64009.2,0.01,1,64009.1,0.01,1,64008.9,0.49,2,64008.8,0.03,3,64008.7,12.01,3,64008.5,0.01,1,64008.4,0.01,1,64008.3,0.01,1,64011.3,706.14,43,64011.4,3.23,4,64011.5,5,1,64011.9,0.02,2,64012,5,1,64012.1,0.02,2,64012.2,5.6,2,64012.7,0.01,1,64012.8,0.9,3,64012.9,0.01,1,64013.1,0.02,2,64013.2,0.94,1,64013.4,0.02,2,64013.5,2.25,2,64014,0.03,3,64014.1,2.18,1,64014.3,1.88,1,64014.4,0.02,2,64014.6,0.01,1,64014.7,0.16,1,64014.8,0.01,1,64014.9,0.01,1,64015,29.82,5,64015.1,174.39,1,64015.2,0.02,2,2253.07,937.69,0.4122,0.1,64011.2
1786428860208,64005.4,116.76,10,64004.4,0.01,1,64004.2,0.67,3,64003.7,0.01,1,64003.6,52.16,3,64003.5,174.57,1,64003.4,0.01,1,64003.3,0.02,1,64003.2,0.08,5,64003.1,171.5,3,64002.7,0.01,1,64002.6,1.19,2,64002.5,0.04,1,64002.2,0.01,1,64002,0.02,2,64001.8,0.04,4,64001.7,0.01,1,64001.6,174.57,1,64001.5,0.01,1,64001.4,0.01,1,64001.3,37.25,1,64001.2,0.01,1,64000.8,0.01,1,64000.7,0.01,1,64000.4,31.29,2,64005.5,1258.36,58,64005.7,0.02,2,64005.8,1.6,3,64005.9,0.01,1,64006,5.01,2,64006.4,0.02,2,64006.5,0.02,2,64006.6,1.56,1,64006.7,0.01,1,64007,0.02,2,64007.3,0.01,1,64007.4,1.56,1,64007.5,0.01,1,64007.6,0.01,1,64008,0.02,2,64008.1,0.01,1,64008.2,2.37,2,64008.5,0.01,1,64008.7,2.35,1,64008.8,12.52,3,64009.2,53.92,1,64009.3,180.57,3,64009.4,0.01,1,64009.5,156.1,2,64009.6,140.16,5,760.27,1816.26,-0.4098,0.1,64005.4
1786428890408,64005.4,678.01,22,64005.3,0.01,1,64004.5,0.01,1,64004.4,42.01,2,64004.3,0.01,1,64004.2,112.23,6,64004.1,156.32,1,64003.9,0.01,1,64003.8,0.04,2,64003.7,154.17,1,64003.6,0.01,1,64003.4,0.04,2,64003.3,0.02,1,64003.2,0.02,2,64003.1,0.02,2,64003,158,2,64002.6,0.02,2,64002.4,0.01,1,64002.2,0.02,2,64002.1,167.82,2,64002,0.03,3,64001.8,0.04,4,64001.6,0.01,1,64001.5,0.01,1,64001.4,0.01,1,64005.5,872.59,72,64005.6,1.59,2,64005.9,0.01,1,64006,5.01,2,64006.1,0.16,1,64006.4,0.03,3,64006.5,0.02,2,64006.6,1.56,1,64006.7,0.03,3,64006.8,2.3,1,64007,0.02,2,64007.2,0.01,1,64007.5,0.01,1,64007.6,0.01,1,64008,0.02,2,64008.1,0.02,2,64008.2,8.32,4,64008.5,0.01,1,64008.6,0.01,1,64008.7,2.36,2,64008.8,0.03,3,64009,0.01,1,64009.1,3.01,2,64009.2,46.9,4,64009.3,183.83,1,1468.9,1127.87,0.1313,0.1,64005.4
1786428920658,64003.4,741.19,24,64003.3,0.02,1,64003.2,0.02,2,64003.1,0.01,1,64002.6,0.01,1,64002.5,0.01,1,64002.4,17.97,1,64002.3,0.01,1,64002.2,1.08,4,64002.1,115.2,2,64002,0.01,1,64001.9,0.01,1,64001.8,0.03,3,64001.7,0.03,3,64001.6,153.42,1,64001.5,0.01,1,64001.4,0.01,1,64001.3,37.25,1,64001.2,0.02,2,64001.1,0.85,1,64000.8,0.01,1,64000.7,0.01,1,64000.4,161.05,2,64000.3,156.33,2,64000.1,11.6,3,64003.5,1354.37,79,64003.6,5.5,3,64003.8,1.12,1,64003.9,0.01,1,64004,5.79,4,64004.1,0.16,1,64004.3,0.02,2,64004.4,126.05,7,64004.5,0.03,3,64004.6,114.87,3,64004.7,0.02,1,64004.8,0.01,1,64004.9,0.01,1,64005,380.43,5,64005.1,15,1,64005.2,0.02,2,64005.4,0.01,1,64005.5,74.75,26,64005.7,0.01,1,64006,0.04,3,64006.4,0.01,1,64006.5,0.01,1,64006.6,0.01,1,64006.7,0.01,1,64007,0.02,2,1396.16,2078.28,-0.1963,0.1,64003.4
1786428950908,64000,475.55,32,63999.9,15.64,3,63999.7,0.01,1,63999.5,0.02,2,63999.4,0.02,1,63999.3,0.07,2,63999.1,0.02,2,63999,2.33,2,63998.9,0.98,2,63998.8,9.54,3,63998.7,0.01,1,63998.6,13.49,2,63998.5,87.45,3,63998.4,0.02,2,63998.2,147.63,1,63998.1,0.01,1,63998,0.01,1,63997.9,1.03,2,63997.7,0.01,1,63997.4,0.01,1,63997.2,0.01,1,63996.9,165.49,3,63996.8,210.22,2,63996.7,11.59,1,63996.6,0.01,1,64000.1,1945.48,77,64000.2,379.67,2,64000.4,0.03,2,64000.5,5,1,64000.6,1.56,1,64000.8,0.01,1,64000.9,0.03,2,64001,5.74,2,64001.1,0.03,2,64001.2,200.27,4,64001.3,0.01,1,64001.4,175.17,8,64001.5,1.18,1,64001.6,0.01,1,64002,0.03,3,64002.1,2.35,1,64002.2,0.3,2,64002.3,0.02,2,64002.4,0.01,1,64002.6,0.01,1,64002.8,0.01,1,64002.9,0.01,1,64003.1,0.01,1,64003.2,18.43,5,64003.3,18.84,3,1141.17,2754.21,-0.4141,0.1,64000.1
1786428981158,63987.4,1192.23,42,63987.3,0.01,1,63987.2,19.48,6,63987.1,3.02,4,63987,6.69,3,63986.8,0.16,1,63986.7,0.01,1,63986.6,154.17,1,63986.5,47.32,4,63986.4,247.17,4,63986.3,2.35,2,63986.2,156.32,1,63985.8,0.01,1,63985.6,0.01,1,63985.5,0.06,2,63985.2,0.01,1,63985.1,0.02,2,63985,100,1,63984.8,0.02,2,63984.6,0.01,1,63984.5,32.83,2,63984.4,0.01,1,63984.2,403.67,4,63984.1,0.04,2,63984,196.01,8,63987.5,532.16,57,63987.7,0.02,1,63987.8,3.88,3,63988.2,1.56,1,63988.3,0.01,1,63988.5,0.04,3,63988.6,3.88,1,63989,0.01,1,63989.6,0.01,1,63989.8,0.01,1,63989.9,0.03,2,63990,3.88,1,63990.2,0.01,1,63990.4,0.01,1,63990.9,0.02,2,63991.1,174.82,1,63991.2,0.01,1,63991.6,0.02,2,63992,0.01,1,63992.4,0.01,1,63992.5,12.51,1,63992.6,0.02,2,63992.8,0.01,1,63992.9,165.76,2,63993,0.01,1,2561.63,898.71,0.4806,0.1,63987.4
1786433997550,64057.9,637.13,23,64057.8,1.56,1,64057.6,0.01,1,64057.5,0.01,1,64057.1,0.78,1,64056.8,1.45,4,64056.7,220.09,3,64056.6,200.06,5,64056.5,12.66,3,64056.4,24.51,3,64056.2,0.01,1,64055.8,0.01,1,64055.7,0.01,1,64055.3,0.02,2,64055,3.75,1,64054.9,0.01,1,64054.8,0.02,2,64054.7,5.13,4,64054.6,34.38,3,64054.5,156.32,1,64054.4,235.08,3,64054.3,215.23,2,64054.2,47.32,2,64054.1,0.01,1,64054,0.02,2,64058,819.34,33,64058.1,5.58,7,64058.3,0.01,1,64058.4,5.01,2,64058.7,0.11,1,64059.1,0.04,4,64059.2,118.91,2,64059.3,0.11,3,64059.4,6.25,2,64059.5,41.75,2,64059.6,386.12,4,64059.9,0.11,3,64060,77.04,5,64060.5,0.01,1,64060.8,0.06,6,64060.9,0.01,1,64061.3,0.01,1,64061.5,0.01,1,64061.6,0.01,1,64061.7,0.01,1,64062,0.1,3,64062.2,0.01,1,64062.4,0.01,1,64062.5,0.02,1,64062.8,116.95,3,1795.58,1577.59,0.0646,0.1,64057.9
1786434027700,64056.5,716.68,24,64056.4,19.08,3,64056.2,0.01,1,64055.5,0.02,1,64055.4,10.61,1,64055.3,0.01,1,64055.1,0.03,2,64055,1.95,1,64054.9,0.01,1,64054.8,0.04,3,64054.7,32,1,64054.6,0.01,1,64054.4,0.02,2,64054.3,15.61,2,64054.2,107.82,2,64054.1,284.73,2,64054,0.02,2,64053.9,235.07,2,64053.8,156.32,1,64053.7,0.02,1,64053.6,0.02,2,64053.5,0.01,1,64053.3,3.18,3,64053.2,11.6,1,64053.1,1.56,1,64056.6,1138.37,63,64056.7,15.44,5,64056.8,0.02,2,64056.9,6.36,5,64057.1,1.02,1,64057.4,0.02,2,64057.5,15.02,3,64057.6,27.04,7,64057.7,0.32,2,64057.9,6.35,2,64058,6.17,2,64058.1,2.23,4,64058.3,0.01,1,64058.4,5.02,3,64058.5,0.16,1,64058.7,0.12,2,64059.1,0.03,3,64059.2,0.01,1,64059.4,0.01,1,64059.5,41.75,2,64059.6,386.12,4,64059.7,0.01,1,64059.9,16.02,3,64060,77.05,6,64060.5,0.01,1,1596.43,1744.68,-0.0444,0.1,64056.6
1786434057900,64043.2,381.16,25,64043.1,24.38,2,64042.9,0.01,1,64042.3,0.02,1,64042.2,7.87,3,64042.1,117.97,3,64042,176.47,1,64041.7,0.01,1,64041.6,0.01,1,64041.5,0.01,1,64041.4,0.01,1,64041.3,156.32,1,64041.2,0.01,1,64041.1,5.15,5,64041,0.18,1,64040.7,0.01,1,64040.6,0.02,2,64040.5,30.77,2,64040.4,0.02,2,64040.1,0.01,1,64040,16.25,2,64039.8,0.01,1,64039.6,43.39,3,64039.3,0.01,1,64039.2,0.01,1,64043.3,1294.38,59,64043.4,0.05,1,64044,0.01,1,64044.2,0.01,1,64044.3,15.15,3,64044.4,33.43,7,64044.5,0.02,1,64044.8,0.03,3,64045,0.01,1,64045.2,3.16,4,64045.3,2.63,2,64045.4,0.01,1,64045.9,0.01,1,64046,0.03,3,64046.2,0.01,1,64046.3,23.39,1,64046.4,0.01,1,64046.5,0.02,2,64046.6,0.02,2,64046.7,6.25,1,64046.9,4.08,1,64047,0.01,1,64047.3,0.01,1,64047.7,0.01,1,64047.9,16.86,1,960.08,1399.6,-0.1863,0.1,64043.2
1786434088100,64043.2,1885.83,72,64043.1,362.56,5,64043,0.01,1,64042.9,0.03,2,64042.8,2,1,64042.4,0.04,3,64042.3,138.6,4,64042,0.03,2,64041.9,15.28,2,64041.8,3.13,2,64041.7,31.27,2,64041.6,32.86,5,64041.5,174.96,5,64041.4,328.11,5,64041.3,24.03,1,64041.1,32.8,2,64041,10,1,64040.8,0.01,1,64040.5,6.9,4,64040.4,0.02,2,64040.1,0.01,1,64040,3.01,4,64039.9,0.01,1,64039.8,0.01,1,64039.7,58.7,2,64043.3,239.71,43,64043.4,0.3,3,64044,0.01,1,64044.1,0.01,1,64044.2,3.15,3,64044.3,32.52,4,64044.4,32.9,1,64044.7,0.01,1,64044.8,5.71,6,64044.9,0.01,1,64045,79.55,2,64045.3,0.01,1,64045.4,0.01,1,64045.7,0.01,1,64045.8,24,2,64045.9,0.01,1,64046,0.02,2,64046.4,0.01,1,64046.5,0.02,2,64046.6,0.01,1,64046.8,0.01,1,64047,0.01,1,64047.1,23.39,1,64047.2,0.01,1,64047.3,0.01,1,3110.21,441.41,0.7514,0.1,64043.2
1786434118250,64039,1046.2,27,64038.9,3.23,4,64038.7,0.02,1,64038.6,3.14,2,64038.5,31.28,2,64038.4,117.66,2,64038.3,176.62,2,64037.6,0.02,2,64037.5,34.15,2,64037.4,0.01,1,64037.3,0.01,1,64037,117.65,1,64036.9,0.02,2,64036.8,17.66,6,64036.7,156.34,3,64036.6,0.03,2,64036.3,235.07,2,64036.2,0.03,3,64036.1,186.96,2,64036,0.07,2,64035.9,0.01,1,64035.8,2.08,3,64035.7,0.02,2,64035.4,0.01,1,64035.3,0.01,1,64039.1,233.94,41,64039.2,0.22,2,64039.5,0.01,1,64039.6,10.78,4,64039.9,0.02,2,64040,30.11,2,64040.2,0.01,1,64040.6,0.01,1,64040.8,0.05,2,64041.1,0.19,2,64041.3,0.02,2,64041.4,5.51,2,64041.5,36,1,64041.6,0.03,3,64041.7,0.01,1,64041.8,0.83,1,64042,0.31,4,64042.2,0.02,2,64042.3,2.57,1,64042.4,3.44,4,64042.6,0.01,1,64043,0.01,1,64043.1,2,1,64043.2,6.39,5,64043.3,37.38,2,2128.3,369.87,0.7039,0.1,64039.1
1786434148400,64043.2,1962.01,36,64043.1,426.24,5,64043,186.06,7,64042.9,0.01,1,64042.5,1.18,1,64042.4,0.01,1,64042.1,0.01,1,64041.9,0.32,1,64041.8,0.02,1,64041.7,3.16,4,64041.6,235.08,3,64041.5,156.33,2,64041.4,56.24,3,64041.3,186.99,5,64041.2,51.81,2,64041.1,43.66,2,64041,41.31,3,64040.8,0.02,2,64040.6,0.01,1,64040.5,63.75,5,64040.4,0.01,1,64040.3,0.01,1,64040.1,0.01,1,64040,4.76,3,64039.9,0.01,1,64043.3,269.09,40,64043.4,3.13,1,64043.5,0.01,1,64044,0.01,1,64044.2,0.02,2,64044.3,2.52,3,64044.4,4.06,2,64044.7,0.02,2,64044.8,5.03,4,64044.9,0.01,1,64045,79.33,1,64045.3,0.01,1,64045.4,0.01,1,64045.8,0.01,1,64045.9,1.67,2,64046,0.02,2,64046.4,0.02,2,64046.5,1.72,3,64046.6,0.01,1,64046.7,6.26,2,64046.8,108.36,2,64047.3,0.01,1,64047.4,0.01,1,64047.5,23.39,1,64047.7,0.01,1,3419.02,504.74,0.7427,0.1,64043.2
1786434178550,64044.1,727.99,23,64044,154.18,2,64043.7,0.01,1,64043.6,0.01,1,64043.3,0.04,3,64043.2,28.03,5,64043.1,79.93,3,64043,158.82,1,64042.9,0.01,1,64042.7,0.01,1,64042.5,0.01,1,64042.3,12.51,2,64042.2,45.86,2,64042.1,0.02,2,64042,0.02,2,64041.9,42.01,2,64041.8,6.81,1,64041.7,0.01,1,64041.6,0.02,2,64041.5,0.01,1,64041.4,11.46,3,64041.3,0.01,1,64041.1,0.01,1,64041,34.44,1,64040.9,34.01,4,64044.2,994.25,52,64044.4,0.01,1,64044.5,4.68,1,64044.8,0.01,1,64045,0.16,1,64045.3,0.2,2,64045.4,3.34,7,64045.6,0.01,1,64045.7,0.01,1,64046,0.01,1,64046.1,0.01,1,64046.3,0.01,1,64046.4,0.01,1,64046.7,0.02,2,64046.8,15,1,64046.9,0.02,2,64047.2,0.01,1,64047.4,0.01,1,64047.5,0.01,1,64047.7,0.01,1,64047.8,15,1,64047.9,0.07,2,64048,0.02,2,64048.4,0.02,2,64048.5,6.26,2,1336.24,1039.16,0.1251,0.1,64044.1
1786434208700,64039.8,42.11,9,64039.6,0.01,1,64039.2,0.01,1,64038.9,0.01,1,64038.8,0.02,1,64038.7,106.9,1,64038.6,0.01,1,64038.4,0.01,1,64038.3,0.03,2,64038.2,224.04,7,64038.1,154.17,1,64038,0.01,1,64037.7,0.01,1,64037.6,0.01,1,64037.5,0.01,1,64037.3,0.01,1,64036.9,0.02,2,64036.8,20.32,3,64036.7,0.01,1,64036.6,0.02,2,64036.3,0.09,3,64036.2,4.02,3,64036,0.07,2,64035.9,8.01,2,64035.8,15.97,1,64039.9,1616.43,75,64040,0.01,1,64040.1,0.01,1,64040.2,4.2,4,64040.4,0.01,1,64040.5,95.68,4,64040.6,50.28,10,64040.9,0.01,1,64041.3,0.01,1,64041.4,15.01,2,64041.5,3.36,7,64041.6,0.02,2,64041.7,0.01,1,64041.8,18.47,3,64041.9,0.2,3,64042.1,0.01,1,64042.4,0.01,1,64042.6,0.01,1,64042.9,0.02,2,64043,0.02,2,64043.1,0.01,1,64043.2,82.82,5,64043.3,0.01,1,64043.4,1.55,1,64043.8,0.01,1,575.9,1888.18,-0.5326,0.1,64039.9
1786434238850,64036.8,1217.13,41,64036.7,0.03,3,64036.6,5.14,4,64036.5,33.27,3,64036.4,395.54,2,64036.3,156.35,3,64036.2,7.14,4,64036.1,51.7,1,64036,0.08,3,64035.9,8,1,64035.7,0.01,1,64035.4,0.01,1,64035.3,0.12,4,64035.2,12.52,3,64035.1,45.85,1,64035,3.87,1,64034.9,0.02,2,64034.8,1.19,2,64034.7,2.29,1,64034.6,0.02,2,64034.5,2.89,5,64034.4,4.01,2,64034.3,0.01,1,64034.2,0.02,2,64034.1,29.72,4,64036.9,76.74,43,64037,2.09,1,64037.1,0.02,1,64037.2,1.7,1,64038,0.02,1,64038.1,4.57,3,64038.4,0.01,1,64038.9,0.09,1,64039,0.03,2,64039.1,46.46,2,64039.5,0.01,1,64039.6,2.73,3,64039.8,0.02,2,64039.9,15.89,1,64040,0.16,1,64040.1,0.01,1,64040.2,1.56,2,64040.3,0.01,1,64040.4,0.01,1,64040.5,15,1,64040.6,0.01,1,64040.8,0.01,1,64040.9,2.61,2,64041,0.01,1,64041.1,6.25,1,1976.93,176.02,0.8365,0.1,64036.9
1786437571155,64049.9,1309.38,60,64049.8,1.56,1,64049.7,0.31,1,64049.6,22.51,6,64049.5,31.22,1,64049.4,0.07,1,64049.3,0.32,2,64049.2,2.4,3,64049.1,0.79,2,64049,0.01,1,64048.8,0.01,1,64048.7,31.31,3,64048.4,0.33,2,64048.3,0.01,1,64048.2,0.42,3,64048.1,11.12,3,64048,0.02,2,64047.9,159.44,2,64047.8,145.55,1,64047.7,0.01,1,64047.6,0.01,1,64047.5,159.1,3,64047.4,0.01,1,64047.2,0.02,2,64047,0.02,2,64050,847.13,36,64050.1,0.05,4,64050.2,0.01,1,64051.1,0.01,1,64051.2,0.03,3,64051.5,0.02,2,64051.6,2.16,2,64051.7,2.15,1,64051.8,0.01,1,64052.1,0.01,1,64052.2,0.01,1,64052.3,0.01,1,64052.4,0.16,1,64052.6,0.01,1,64052.7,0.01,1,64052.8,0.01,1,64053,6.26,2,64053.1,25.01,5,64053.2,145.62,5,64053.4,0.03,3,64053.5,24.1,1,64053.6,0.02,2,64053.8,0.01,1,64053.9,3,1,64054,0.01,1,1875.95,1055.85,0.2797,0.1,64049.9
1786437601405,64053.4,627.45,35,64053.3,0.09,1,64053.2,0.04,1,64053.1,67.56,3,64052.9,1.56,1,64052.5,33.19,4,64052.3,0.01,1,64052.2,32.12,5,64052,0.16,1,64051.9,0.02,2,64051.8,0.5,3,64051.7,0.01,1,64051.5,10.75,2,64051.4,101.37,1,64051.2,0.01,1,64051.1,0.02,2,64051,0.93,1,64050.7,0.01,1,64050.5,0.49,3,64050.4,0.08,2,64050.3,0.01,1,64050.2,129.27,2,64050.1,156.33,2,64050,363.05,5,64049.9,931.51,31,64053.5,877.72,33,64053.6,0.03,3,64053.9,0.02,1,64054,0.01,1,64054.2,5.58,5,64054.3,3.19,2,64054.4,0.02,2,64054.7,0.01,1,64054.8,5.79,4,64054.9,0.01,1,64055,4.3,3,64055.1,123.02,1,64055.2,0.02,2,64055.3,0.01,1,64055.4,6,2,64055.6,0.01,1,64055.8,0.01,1,64056,3.02,3,64056.1,6.26,2,64056.4,1.47,4,64056.5,0.22,1,64056.7,142.72,3,64056.8,0.93,1,64056.9,1.01,2,64057,3.01,2,2456.54,1184.39,0.3494,0.1,64053.4
1786437631655,64062.7,1299.07,42,64062.6,48.96,1,64062.5,50.7,4,64062.4,52.64,5,64062.2,0.09,1,64062.1,56.71,2,64062,0.36,2,64061.9,0.01,1,64061.8,0.01,1,64061.7,15.63,1,64061.4,0.01,1,64061.3,2.33,1,64061.2,0.02,2,64060.8,0.01,1,64060.7,0.01,1,64060.6,2.33,3,64060.5,0.01,1,64060.2,0.01,1,64060.1,81.64,3,64060,110.73,3,64059.9,40.14,7,64059.8,0.01,1,64059.7,0.01,1,64059.6,15.01,2,64059.5,2.33,3,64062.8,780.69,30,64063,0.01,1,64063.1,0.02,1,64063.2,0.01,1,64063.5,0.01,1,64064,0.08,3,64064.3,0.01,1,64064.4,128.24,3,64064.6,0.01,1,64064.8,3.72,3,64064.9,0.01,1,64065,14.92,3,64065.3,1.19,1,64065.6,0.02,2,64065.7,6.02,4,64065.8,0.82,2,64065.9,6.24,1,64066,120.47,3,64066.1,0.01,1,64066.2,0.01,1,64066.3,3,1,64066.4,1.03,3,64066.6,32.93,3,64066.7,0.08,2,64066.9,4.59,3,1778.78,1104.14,0.234,0.1,64062.8
1786437662006,64069.9,1733.59,74,64069.8,12,2,64069.7,13.96,3,64069.6,109.6,3,64069.5,156.33,2,64069.4,0.04,1,64069.2,0.79,2,64068.8,0.01,1,64068.5,0.48,4,64068.4,0.01,1,64068.2,0.02,2,64068.1,95.46,2,64068,15.33,3,64067.9,34.98,6,64067.7,3.68,2,64067.5,0.05,1,64067.4,0.49,4,64067.2,0.03,3,64067.1,0.01,1,64067,232.73,1,64066.9,158.48,2,64066.8,0.01,1,64066.7,0.01,1,64066.6,26.55,3,64066.5,161.86,12,64070,519.47,22,64070.1,0.02,2,64070.3,0.01,1,64070.4,0.02,2,64070.7,0.03,2,64070.8,0.02,2,64070.9,0.01,1,64071.1,0.01,1,64071.2,0.01,1,64071.4,0.01,1,64071.5,9,5,64071.6,141.47,3,64071.8,3.51,2,64071.9,4.35,4,64072,0.03,2,64072.2,0.01,1,64072.3,1.59,1,64072.4,0.01,1,64072.7,0.1,1,64072.8,141.54,6,64072.9,98.98,2,64073,0.01,1,64073.1,0.01,1,64073.2,0.04,1,64073.3,0.92,2,2756.5,921.18,0.499,0.1,64069.9
1786437692256,64071.4,805.63,21,64071.3,3.84,2,64071.2,12.52,3,64071.1,1.56,3,64070.9,122.11,1,64070.8,140.2,3,64070.7,2.34,3,64070.6,33.56,2,64070.4,0.01,1,64070.3,2.35,3,64070.2,0.13,2,64070.1,11.25,4,64070,201.01,3,64069.9,1.07,6,64069.8,14.61,3,64069.5,0.01,1,64069.3,0.01,1,64069.2,0.05,2,64068.9,3.13,2,64068.8,2.62,2,64068.6,0.09,1,64068.5,4.75,1,64068.4,0.01,1,64068.2,0.78,3,64068.1,0.33,2,64071.5,841.84,41,64071.6,0.03,3,64071.9,3.01,3,64072,0.02,1,64072.2,0.01,1,64072.3,3.64,2,64072.5,0.01,1,64072.7,0.11,2,64072.8,4.08,6,64072.9,98.98,2,64073,0.01,1,64073.2,1.47,2,64073.3,0.92,2,64073.4,0.02,2,64073.5,0.03,3,64073.6,0.01,1,64073.9,0.02,2,64074,3.02,3,64074.1,1.2,2,64074.4,6.25,2,64074.5,0.01,1,64074.7,0.6,1,64074.8,0.01,1,64074.9,0.74,1,64075,3.93,10,1363.97,969.97,0.1688,0.1,64071.4
1786437722606,64091.6,1629,60,64091.5,6.56,2,64091,5.03,2,64090.9,82.56,1,64090.8,96.98,3,64090.7,8.01,2,64090.6,0.01,1,64090.5,0.03,1,64090.4,0.01,1,64090.3,108.59,1,64090.1,0.13,2,64090,0.01,1,64089.9,38.47,4,64089.7,0.36,1,64089.6,0.01,1,64089.5,0.01,1,64089.4,0.02,2,64089.3,221.8,2,64089.2,0.01,1,64089.1,0.01,1,64089,15.01,2,64088.9,310.87,13,64088.8,1.56,1,64088.5,0.62,1,64088.4,42.82,7,64091.7,392.23,19,64091.8,13.08,4,64091.9,0.02,1,64092,0.19,4,64092.1,0.08,4,64092.2,0.3,1,64092.3,30.05,2,64092.4,0.03,1,64092.5,0.03,2,64092.6,0.05,3,64092.8,0.05,2,64092.9,0.02,2,64093,68.27,5,64093.1,0.06,2,64093.3,0.01,1,64093.5,0.17,4,64093.6,0.09,2,64093.7,4.28,2,64093.8,6.65,3,64093.9,0.13,2,64094,0.34,4,64094.1,0.03,1,64094.2,0.01,1,64094.3,1.34,6,64094.4,1.26,4,2568.49,518.77,0.6639,0.1,64091.6
1786437752856,64091.6,1249.42,47,64091.5,152.38,6,64091.4,0.01,1,64091.3,2.59,5,64091.2,0.35,1,64091.1,45.85,1,64091,78.08,2,64090.9,0.01,1,64090.8,0.8,3,64090.7,0.1,3,64090.6,1.02,4,64090.5,130.13,3,64090.4,13.87,3,64090.3,108.59,1,64090.2,0.01,1,64090.1,0.01,1,64090,4.87,2,64089.9,0.82,5,64089.8,0.35,1,64089.7,129.81,3,64089.6,62.53,4,64089.5,194.88,3,64089.4,156.34,3,64089.2,0.01,1,64089,0.01,1,64091.7,94.34,10,64091.8,13.1,6,64091.9,0.02,1,64092,0.19,4,64092.1,0.08,4,64092.2,0.3,1,64092.3,30.05,2,64092.4,0.03,1,64092.5,0.02,1,64092.6,0.05,3,64092.8,0.05,2,64092.9,0.02,2,64093,98.27,6,64093.1,0.05,1,64093.2,0.01,1,64093.3,0.01,1,64093.5,0.17,4,64093.6,0.09,2,64093.7,4.28,2,64093.8,6.65,3,64093.9,0.13,2,64094,0.34,4,64094.1,0.03,1,64094.2,0.01,1,64094.3,1.07,5,2332.84,249.36,0.8069,0.1,64091.6
1786437783106,64092.9,214.59,19,64092.8,0.4,2,64092.6,18.83,2,64092.3,59.74,2,64092.2,0.03,3,64091.8,31.2,2,64091.7,12.28,3,64091.6,163.01,4,64091.5,1.58,1,64091.4,0.01,1,64091.3,0.38,3,64090.8,0.02,2,64090.7,0.92,2,64090.6,0.06,3,64090.5,0.71,2,64090.4,0.56,5,64090.3,109.43,2,64090.1,0.01,1,64090,1,1,64089.9,0.38,2,64089.7,118.14,5,64089.6,60.02,3,64089.5,1.68,2,64089.4,0.02,2,64088.9,0.05,3,64093,1173.19,46,64093.1,0.08,3,64093.2,0.01,1,64093.3,3.2,3,64093.5,7.18,6,64093.6,0.08,1,64093.7,6.27,2,64093.8,8.65,4,64093.9,0.13,2,64094,137.18,6,64094.1,130.29,3,64094.2,0.01,1,64094.3,1.06,4,64094.4,0.08,4,64094.5,154.2,3,64094.6,0.01,1,64094.7,0.03,1,64094.8,0.13,1,64094.9,0.12,6,64095,11.58,7,64095.2,0.18,5,64095.3,0.01,1,64095.4,0.08,2,64095.5,0.25,4,64095.6,0.04,4,795.05,1634.04,-0.3454,0.1,64092.9
1786437813456,64087.9,589.14,32,64087.8,0.18,4,64087.5,0.62,1,64087.4,0.01,1,64087.2,169.71,3,64086.8,31.31,3,64086.7,0.02,2,64086.6,0.01,1,64086.5,33.07,3,64086.4,0.01,1,64086.3,0.02,2,64086.2,1.4,10,64086.1,0.01,1,64086,4.94,3,64085.8,0.01,1,64085.7,0.01,1,64085.6,0.02,2,64085.5,7.65,2,64085.4,0.02,2,64085.3,0.01,1,64085.2,6.25,2,64085.1,2.34,1,64085,0.02,2,64084.8,138.46,3,64084.7,86.34,4,64088,812.62,50,64088.1,0.02,2,64088.6,106.35,2,64089,0.01,1,64089.5,0.04,3,64089.6,138.45,2,64089.9,0.02,2,64090,0.16,1,64090.1,0.01,1,64090.5,0.01,1,64090.6,2.66,2,64091,0.02,2,64091.2,138.44,1,64091.3,0.01,1,64091.4,28.02,5,64091.6,0.02,2,64091.9,0.02,2,64092,10.02,3,64092.2,0.01,1,64092.3,15,1,64092.4,0.18,3,64092.5,0.02,2,64092.6,0.01,1,64092.8,138.46,3,64092.9,198.57,5,1071.58,1589.15,-0.1945,0.1,64087.9
1786441383959,64208.9,846.1,28,64208.6,0.02,1,64208.5,5,1,64208.1,0.02,1,64208,5.02,3,64207.3,0.03,2,64207.2,3.12,2,64207.1,595.59,11,64207,93.4,2,64206.8,0.02,2,64206.7,0.01,1,64206.6,32.72,2,64206.5,0.02,1,64206.2,0.01,1,64206,0.01,1,64205.6,0.01,1,64205.4,0.01,1,64205.3,0.01,1,64205,0.01,1,64204.8,0.04,4,64204.7,13.25,4,64204.6,1.01,2,64204.5,0.01,1,64204.4,45.86,2,64204.2,0.01,1,64209,1011.17,39,64209.6,0.01,1,64209.9,0.01,1,64210,4,1,64210.1,0.04,4,64210.2,3.66,2,64210.3,0.01,1,64210.5,0.01,1,64210.6,0.02,2,64210.7,2.69,2,64211.1,0.01,1,64211.2,190.67,4,64211.3,3.68,3,64211.4,1.61,2,64211.6,1.72,2,64211.7,0.02,2,64211.8,0.14,2,64212,0.02,2,64212.2,1,1,64212.3,3.82,2,64212.4,2.41,2,64212.7,210.99,2,64212.8,99.77,2,64212.9,94.5,1,64213,6.05,4,1641.31,1638.03,0.001,0.1,64208.9
1786441414209,64224.8,1106.9,34,64224,0.01,1,64223.6,0.01,1,64223.3,0.02,2,64223.2,0.02,1,64223.1,3.13,2,64223,54.47,5,64222.9,100,1,64222.7,0.01,1,64222.4,116.79,2,64222.3,156.32,1,64222.1,0.01,1,64222,15.01,2,64221.9,31.38,4,64221.8,443.72,5,64221.7,186.76,4,64221.6,0.3,3,64221.5,11.92,1,64221.2,0.02,2,64221,0.02,2,64220.9,1.25,2,64220.8,0.17,3,64220.7,80.96,2,64220.6,45.86,2,64220.5,3.76,2,64224.9,709.59,28,64225,93.18,13,64225.1,0.04,1,64225.2,1.14,2,64225.3,0.97,1,64225.4,0.01,1,64225.8,0.02,2,64225.9,0.02,2,64226,0.11,2,64226.1,0.07,4,64226.3,0.01,1,64226.4,0.03,3,64226.8,0.07,3,64226.9,0.01,1,64227,0.74,5,64227.1,198.37,8,64227.2,0.23,3,64227.6,0.01,1,64227.7,2.59,5,64227.8,0.01,1,64227.9,0.02,2,64228,5.15,5,64228.1,0.01,1,64228.2,0.02,2,64228.3,0.42,3,2358.82,1012.84,0.3992,0.1,64224.9
1786441444459,64224.8,1104.45,48,64224.1,0.02,1,64224,5.66,4,64223.9,0.08,1,64223.4,90.04,2,64223.3,246.04,6,64223.2,116.8,2,64223.1,0.03,2,64223,210.77,5,64222.9,100,1,64222.8,1.25,2,64222.7,0.01,1,64222.6,0.01,1,64222.5,12.01,3,64222.2,0.01,1,64221.9,0.03,3,64221.8,325.68,3,64221.7,85.43,3,64221.6,1.16,10,64221.5,11.66,1,64221.2,0.03,3,64221.1,32.7,1,64221,0.02,2,64220.9,156.33,2,64220.8,0.02,2,64224.9,477.97,46,64225,93.22,14,64225.1,0.04,1,64225.2,1.14,2,64225.3,0.97,1,64225.4,0.01,1,64225.8,0.02,2,64225.9,0.01,1,64226,0.11,2,64226.1,0.07,4,64226.3,0.01,1,64226.4,0.03,3,64226.7,0.01,1,64226.8,2.07,4,64226.9,0.01,1,64227,0.75,6,64227.1,2.13,6,64227.2,0.23,3,64227.3,0.01,1,64227.4,1.99,1,64227.6,0.01,1,64227.7,3.87,7,64227.8,0.01,1,64227.9,1.99,2,64228,5.15,5,2500.24,591.83,0.6172,0.1,64224.9
1786441474759,64215.3,1748.76,44,64215.2,0.04,2,64215.1,151.09,4,64215,100.06,3,64214.9,29.5,2,64214.7,0.02,2,64214.6,0.01,1,64214.5,41.74,3,64214.4,298.34,6,64214.3,1.24,1,64214.2,0.44,2,64214.1,156.32,1,64213.8,0.01,1,64213.7,0.01,1,64213.6,45.9,1,64213.5,0.02,2,64213.2,0.02,2,64212.9,3.11,1,64212.8,20.18,3,64212.7,0.01,1,64212.6,54.75,3,64212.5,40.7,2,64212.4,0.01,1,64212.2,0.01,1,64212.1,156.69,6,64215.4,102.64,43,64215.5,0.03,2,64215.6,0.01,1,64215.7,2.13,3,64216.9,0.01,1,64217,40,1,64217.6,0.01,1,64217.8,0.01,1,64218,0.01,1,64218.1,1.32,4,64218.2,5.33,3,64218.3,0.01,1,64218.5,0.01,1,64218.6,2.12,2,64218.7,0.02,2,64218.8,2.34,1,64218.9,0.01,1,64219.1,0.01,1,64219.2,0.01,1,64219.3,0.01,1,64219.4,0.22,1,64219.6,3.13,3,64219.7,37.41,3,64219.8,188.34,4,64219.9,0.01,1,2848.98,385.15,0.7618,0.1,64215.4
1786441505009,64216.9,998.85,46,64216.6,0.02,1,64216.5,3.13,2,64216.4,270.29,1,64216.3,0.02,1,64216.2,116.8,2,64216.1,156.32,1,64215.7,0.18,1,64215.4,32.39,2,64215.3,121.14,5,64215,100.22,3,64214.9,29.5,2,64214.8,0.01,1,64214.7,106.69,4,64214.6,0.01,1,64214.5,40.74,2,64214.4,297.33,5,64214.2,0.45,3,64214.1,156.32,1,64213.8,0.01,1,64213.7,0.26,5,64213.6,45.9,1,64213.5,0.03,3,64213.2,0.02,2,64212.8,0.02,2,64217,652.38,43,64217.1,0.02,2,64217.6,0.02,2,64217.8,0.01,1,64218,0.01,1,64218.1,2.02,3,64218.2,3.46,3,64218.3,0.02,2,64218.4,3.29,2,64218.5,3,4,64218.7,2,1,64218.8,13.45,3,64218.9,1.01,2,64219.1,0.01,1,64219.2,1.49,2,64219.3,0.01,1,64219.4,0.01,1,64219.5,1.02,1,64219.6,0.01,1,64219.7,2.32,2,64219.8,0.01,1,64219.9,0.01,1,64220,6.01,2,64220.1,0.38,1,64220.3,0.01,1,2476.65,691.98,0.5632,0.1,64216.9
1786441535259,64224.9,2932.98,71,64224.8,546.19,8,64224.7,223.48,10,64224.6,0.23,3,64224.1,0.03,2,64224,100.03,4,64223.9,0.03,3,64223.8,0.03,2,64223.7,3.11,1,64223.4,0.01,1,64223.2,0.01,1,64223,0.02,2,64222.9,156.33,2,64222.6,0.03,3,64222.5,0.01,1,64222.4,22.47,3,64222.3,154.17,1,64222.2,0.01,1,64222,0.01,1,64221.7,0.05,1,64221.5,0.21,7,64221.4,28.03,4,64221.3,118.81,5,64221.1,0.01,1,64221,31.19,3,64225,137,37,64225.1,0.05,2,64225.2,1.14,2,64225.3,0.98,2,64225.4,3.99,2,64225.5,0.02,2,64225.6,31.6,2,64225.8,0.72,3,64225.9,0.01,1,64226,0.11,2,64226.1,0.07,4,64226.3,0.01,1,64226.4,0.03,3,64226.7,0.01,1,64226.8,0.07,3,64226.9,0.01,1,64227,0.73,4,64227.1,0.15,7,64227.2,1.57,4,64227.7,0.65,4,64227.8,7.92,4,64227.9,0.01,1,64228,5.15,5,64228.1,0.01,1,64228.2,0.01,1,4317.48,192.02,0.9148,0.1,64224.9
1786441565509,64238.1,318.7,25,64237.3,0.01,1,64236.8,0.02,2,64236.6,0.01,1,64236.5,0.01,1,64236.1,203.24,3,64236,0.04,3,64235.9,151.76,2,64235.4,0.02,2,64235.2,0.01,1,64235,0.17,2,64234.9,101.31,4,64234.8,2.04,5,64234.4,0.16,1,64234.2,156.34,3,64234.1,184.95,2,64234,0.01,1,64233.9,3.11,1,64233.8,0.01,1,64233.7,7.85,2,64233.6,12.49,4,64233.5,651.7,1,64233.4,226.55,4,64233.3,194.25,6,64233.2,2,1,64238.2,1054.55,23,64238.3,0.01,1,64238.4,3.83,4,64238.5,2,1,64238.7,0.01,1,64238.8,2,1,64239,0.01,1,64239.2,0.01,1,64239.3,2,1,64239.6,0.01,1,64239.7,0.01,1,64240,0.01,1,64240.2,0.01,1,64240.3,203.21,1,64240.5,30.86,5,64240.6,1.02,3,64240.7,5.24,7,64240.8,0.03,3,64240.9,112.45,2,64241,70.01,2,64241.1,0.05,3,64241.2,1.38,6,64241.3,1.8,5,64241.4,2.67,3,64241.5,29.88,4,2216.76,1523.06,0.1855,0.1,64238.1
1786441595759,64238.1,950.22,42,64238,5,1,64237.8,0.62,1,64237.7,0.02,1,64237.6,12.44,3,64237.5,5,1,64237.3,0.17,2,64237.2,0.02,2,64237.1,1.1,1,64236.9,0.02,1,64236.8,3.14,4,64236.7,376.8,1,64236.6,235.24,4,64236.5,0.04,3,64236.4,32.7,1,64236.3,0.01,1,64236.2,156.33,2,64236.1,77.99,1,64236,0.02,2,64235.4,0.02,2,64235.2,0.02,2,64235,0.01,1,64234.9,1.42,4,64234.8,11.92,5,64234.7,0.01,1,64238.2,676.37,44,64238.3,2.05,5,64238.4,2.01,2,64238.5,2.94,3,64238.7,0.01,1,64238.8,22,2,64239.2,0.01,1,64239.6,1,1,64239.7,0.01,1,64239.8,8.35,1,64239.9,0.04,1,64240,141.47,5,64240.2,0.01,1,64240.5,29.24,4,64240.6,0.02,2,64240.7,5.24,7,64240.8,0.03,3,64240.9,2.23,2,64241,70.83,4,64241.1,0.04,2,64241.2,1.38,6,64241.3,1.8,5,64241.4,0.02,2,64241.5,18.19,3,64241.6,6.04,2,1870.28,991.33,0.3072,0.1,64238.1
1786441626009,64230,1095.33,29,64229.4,0.27,1,64229.1,0.02,1,64229,3.25,1,64228.8,100.32,4,64228.7,34.67,3,64228.5,1.26,3,64228.4,0.01,1,64228.3,0.02,2,64228.2,1.11,2,64228.1,3.53,2,64228,10,1,64227.9,0.01,1,64227.7,0.01,1,64227.6,0.01,1,64227.4,0.01,1,64227.2,31.19,4,64227.1,116.77,1,64227,3.13,3,64226.9,39.47,4,64226.8,91.59,4,64226.7,11.69,4,64226.6,0.01,1,64226.4,0.01,1,64226.2,156.33,2,64230.1,1511.43,79,64230.4,0.03,3,64230.5,6.29,4,64230.6,0.02,2,64230.7,7.56,7,64230.9,0.02,2,64231,5,1,64231.5,102.33,4,64231.6,110.05,3,64232.2,0.01,1,64232.5,0.01,1,64232.6,0.01,1,64232.7,211.06,2,64232.8,0.01,1,64233.1,0.01,1,64233.3,0.01,1,64233.4,17.46,2,64233.5,11.49,1,64233.6,0.03,3,64233.9,0.02,2,64234,8.34,5,64234.4,0.01,1,64234.6,125.7,3,64234.7,8.4,1,64235.2,6.25,3,1700.02,2131.55,-0.1126,0.1,64230.1
1786444686606,64246.9,1032.65,40,64246.8,12,2,64246.6,1,1,64246.4,0.06,2,64246.3,0.01,1,64246,0.03,2,64245.9,2.1,2,64245.8,122.54,3,64245.7,0.01,1,64245.6,1.02,2,64245.5,0.02,2,64245.4,1.24,1,64245.3,0.02,1,64245.2,17.68,1,64245,0.01,1,64244.6,0.01,1,64244.4,0.23,2,64244.1,0.01,1,64244,0.01,1,64243.9,28,3,64243.8,12.47,2,64243.7,3.31,3,64243.6,30.55,3,64243.5,31.17,2,64243.4,154.17,1,64247,1220.44,58,64247.1,115.13,2,64247.4,0.01,1,64247.5,40.31,3,64248.1,0.01,1,64248.2,54.9,3,64248.3,183.81,5,64248.4,0.01,1,64249.1,0.01,1,64249.5,0.01,1,64249.6,0.02,2,64249.7,0.01,1,64249.8,0.02,2,64249.9,31.16,2,64250,256.89,2,64250.1,203.3,2,64250.3,0.01,1,64250.4,0.01,1,64250.8,0.01,1,64250.9,0.01,1,64251,0.01,1,64251.1,4.92,2,64251.5,0.02,2,64251.6,0.02,2,64251.7,393.35,2,1450.32,2504.4,-0.2665,0.1,64246.9
1786444716856,64246.9,1280.89,44,64246.8,12,2,64246.5,0.62,1,64246.4,0.01,1,64245.7,0.01,1,64245.6,1.05,4,64245.5,12.5,4,64245.4,159.55,2,64245.3,156.32,1,64245.2,0.02,1,64245,0.02,2,64244.6,0.01,1,64244.4,0.01,1,64244.1,1.01,2,64244,0.08,3,64243.9,29.12,4,64243.8,0.01,1,64243.7,0.13,3,64243.6,12.09,3,64243.5,4.36,3,64243.4,31.16,1,64243.3,24.92,4,64243.2,156.71,8,64243.1,232.26,1,64243,15.77,2,64247,813.69,26,64247.1,0.02,1,64247.2,0.01,1,64247.3,2.51,3,64247.4,0.01,1,64247.5,40.31,3,64248.1,0.02,2,64248.2,57.41,2,64248.3,186.03,6,64249.1,0.01,1,64249.5,0.01,1,64249.6,6.25,3,64249.7,0.01,1,64249.8,3.11,1,64249.9,31.16,2,64250,260.6,5,64250.1,203.3,2,64250.2,0.01,1,64250.3,7.81,2,64250.4,0.01,1,64250.8,0.01,1,64250.9,0.01,1,64251,0.01,1,64251.1,4.92,2,64251.5,12.48,4,2130.63,1629.72,0.1332,0.1,64246.9
1786444747106,64246.9,951.4,45,64246.5,0.62,1,64246.4,0.01,1,64245.7,0.01,1,64245.6,1.02,2,64245.5,1,2,64245.4,0.07,3,64245.3,102.32,3,64245.2,1.23,1,64244.6,0.02,2,64244.5,1.07,1,64244.3,0.02,1,64244.2,12.49,3,64244.1,4.8,6,64244,1.69,2,64243.9,29.12,4,64243.8,0.02,2,64243.7,0.21,5,64243.6,13.32,3,64243.5,178.96,7,64243.2,156.39,7,64243,0.01,1,64242.9,0.01,1,64242.8,0.01,1,64242.7,0.01,1,64247,1030.94,54,64247.1,0.02,1,64247.4,0.12,3,64247.5,35.31,2,64247.7,1.55,1,64247.8,0.02,2,64247.9,59.56,2,64248,0.01,1,64248.2,0.02,2,64248.3,183.73,4,64248.6,0.01,1,64249.1,0.01,1,64249.2,0.01,1,64249.5,1.25,2,64249.6,79.42,6,64249.7,64.01,2,64249.8,0.01,1,64249.9,0.01,1,64250,288.44,5,64250.1,203.31,3,64250.3,7.81,2,64250.4,0.01,1,64250.8,0.01,1,64250.9,0.01,1,64251,0.01,1,1455.83,1955.61,-0.1465,0.1,64246.9
1786444777406,64245.6,1263.86,34,64245.5,156.33,2,64245.3,0.01,1,64245.2,3.75,2,64244.6,0.01,1,64244.1,0.01,1,64244,0.02,2,64243.9,0.96,1,64243.7,0.27,8,64243.6,2.4,2,64243.5,0.01,1,64243.4,12.48,3,64243.3,156.32,1,64243.2,0.05,5,64243,0.01,1,64242.9,0.01,1,64242.7,0.01,1,64242.6,0.03,3,64242.4,3.11,1,64242.3,212.74,2,64242.2,154.2,3,64242,0.04,2,64241.9,0.03,2,64241.8,0.01,1,64241.6,0.01,1,64245.7,1408.69,68,64245.8,3.55,2,64246.4,0.02,2,64246.5,0.01,1,64246.6,2.02,3,64246.7,2,1,64246.8,0.03,3,64246.9,15.01,2,64247,81.52,25,64247.4,0.11,2,64247.5,34.04,1,64247.8,0.01,1,64248,6.25,3,64248.2,0.01,1,64248.3,183.73,4,64248.4,0.01,1,64248.6,0.01,1,64249.1,0.01,1,64249.2,0.01,1,64249.5,0.01,1,64249.6,0.02,2,64249.7,3.13,3,64249.8,31.16,2,64249.9,38.92,2,64250,293.9,7,1966.68,2104.18,-0.0338,0.1,64245.6
1786444807656,64245.6,807.04,40,64245.5,0.01,1,64244.9,0.01,1,64244.8,53.43,3,64244.7,3.75,2,64244.1,0.97,3,64244,0.02,2,64243.9,172.94,3,64243.7,0.25,6,64243.6,0.01,1,64243.5,0.01,1,64243.2,2.62,5,64243.1,12.48,3,64243,3.12,2,64242.9,379.01,3,64242.8,154.17,1,64242.7,0.03,2,64242.6,0.02,2,64242.4,0.04,1,64242.2,0.01,1,64242,0.03,1,64241.9,0.01,1,64241.8,0.01,1,64241.6,1.28,2,64241.4,0.01,1,64245.7,1451.59,70,64245.8,18.55,3,64246.2,0.01,1,64246.3,0.01,1,64246.4,2.04,5,64246.5,129.53,4,64246.6,8.24,3,64246.7,0.01,1,64246.8,0.01,1,64246.9,15.01,2,64247,77.49,22,64247.1,32.69,1,64247.4,0.11,2,64247.5,34.04,1,64247.7,58,1,64247.8,0.01,1,64248,0.02,2,64248.2,0.01,1,64248.3,183.73,4,64248.6,0.01,1,64249,11.7,1,64249.1,0.01,1,64249.2,2.33,2,64249.5,0.01,1,64249.6,0.02,2,1591.28,2025.18,-0.12,0.1,64245.6
1786444837906,64246.4,1121.73,41,64246.3,0.01,1,64246.2,122.94,4,64246.1,0.01,1,64246,12.37,3,64245.9,4.92,2,64245.7,0.03,3,64245.6,21.68,8,64245.5,13.39,4,64245,0.01,1,64244.8,0.01,1,64244.6,0.01,1,64244.5,7.38,3,64244.4,1.26,1,64244.1,0.02,2,64244,1.26,3,64243.9,1.19,1,64243.7,0.32,1,64243.6,0.02,2,64243.5,15.59,4,64243.4,31.17,2,64243.3,235.07,2,64243.2,313.4,8,64243.1,11.44,2,64243,16.45,2,64246.5,1699.1,60,64246.6,0.02,2,64246.7,2.01,2,64246.8,88.05,4,64246.9,0.01,1,64247,17.01,3,64247.1,128.53,3,64247.4,0.01,1,64247.8,1.23,3,64248,0.01,1,64248.6,0.02,2,64248.7,0.01,1,64249.2,0.01,1,64249.4,0.01,1,64249.5,15.01,2,64249.6,369.83,7,64249.7,0.02,2,64249.8,228.92,4,64249.9,15.01,2,64250,556.77,5,64250.2,0.01,1,64250.3,2.64,1,64250.4,0.01,1,64250.5,0.01,1,64250.8,0.01,1,1931.68,3124.27,-0.2359,0.1,64246.4
1786444868156,64246.4,1649.03,64,64246.3,158.35,4,64246.2,124.95,6,64246.1,153,4,64246,26.57,4,64245.7,0.03,3,64245.6,19.57,5,64245.5,12.39,5,64245.4,2.18,2,64245.1,1.19,2,64245,24.1,2,64244.8,0.01,1,64244.6,0.01,1,64244.5,7.39,4,64244.4,3.78,2,64244.1,0.03,3,64244,0.01,1,64243.9,4.13,2,64243.8,27.37,1,64243.7,0.33,2,64243.6,0.95,3,64243.5,15.59,4,64243.4,31.17,2,64243.3,235.07,2,64243.2,313.38,7,64246.5,119.53,47,64246.6,0.03,1,64246.8,0.54,1,64246.9,0.01,1,64247,86.46,1,64247.8,0.91,1,64248,0.01,1,64248.1,0.01,1,64248.2,160.67,1,64248.6,0.03,3,64248.7,32.7,2,64249.2,0.75,3,64249.3,6.24,2,64249.4,50.75,3,64249.5,159.44,1,64249.6,0.12,3,64249.7,0.02,2,64249.8,19.65,2,64249.9,183.49,2,64250,564.16,9,64250.2,0.01,1,64250.3,2.64,1,64250.4,0.01,1,64250.5,0.01,1,64250.7,0.01,1,2810.58,1388.2,0.3388,0.1,64246.4
1786444898406,64246.4,1814.07,96,64246.3,171.18,6,64246.2,124.94,5,64246.1,0.01,1,64246,14.37,4,64245.9,1.24,1,64245.7,1.21,5,64245.6,18.35,4,64245.5,13.43,6,64245.4,3.77,3,64245.3,101.55,2,64245.1,4.12,3,64245,25.02,3,64244.8,0.01,1,64244.6,1.05,2,64244.5,7.39,4,64244.4,2.42,1,64244.3,0.02,1,64244.2,0.01,1,64244.1,1.41,3,64244,0.95,2,64243.9,2.06,1,64243.7,0.32,1,64243.6,2.77,3,64243.5,12.48,3,64246.5,104.42,18,64246.6,0.05,2,64246.8,1.31,3,64247.8,1.39,4,64248.6,0.01,1,64248.7,0.3,2,64249.1,0.01,1,64249.2,0.76,4,64249.3,6.23,1,64249.6,0.04,4,64249.7,169,4,64249.8,32.69,1,64249.9,0.01,1,64250,558.01,9,64250.2,0.01,1,64250.3,2.65,2,64250.4,6.01,3,64250.7,0.01,1,64250.8,0.01,1,64251.1,0.02,2,64251.2,3,1,64251.5,0.02,2,64251.8,3.02,3,64251.9,3,1,64252.2,0.08,2,2324.15,892.06,0.4453,0.1,64246.4
1786444928656,64249.8,2088.79,39,64249.7,56.18,5,64249.6,0.03,3,64249.5,5,1,64249.2,0.02,2,64249.1,0.02,2,64249,5,1,64248.8,0.01,1,64248.6,156.32,1,64248.4,0.01,1,64248.3,0.01,1,64248.1,260.29,1,64248,0.01,1,64247.7,0.01,1,64247.6,0.01,1,64247.2,0.01,1,64247.1,0.01,1,64246.8,0.02,2,64246.7,1.24,1,64246.6,3.48,2,64246.5,57.88,3,64246.4,824.7,61,64246.3,169.38,4,64246.2,122.94,4,64246.1,1.23,1,64249.9,334.17,19,64250,643,9,64250.2,0.01,1,64250.3,5.65,3,64250.7,0.03,3,64250.8,3.01,2,64250.9,0.01,1,64251,3,1,64251.1,0.01,1,64251.4,0.01,1,64251.5,3.02,3,64251.8,0.02,2,64251.9,0.01,1,64252,3,1,64252.2,0.09,3,64252.3,3.01,2,64252.4,0.01,1,64252.5,3.01,2,64252.7,0.11,3,64252.8,3.04,5,64252.9,47.21,2,64253,0.23,2,64253.1,1.22,1,64253.3,0.01,1,64253.5,16.09,1,3752.6,1068.98,0.5566,0.1,64249.9
1786447793859,64305.4,270.21,14,64305.3,0.01,1,64305.2,3.15,2,64305.1,0.01,1,64305,25.89,3,64304.7,0.01,1,64304.6,256.27,2,64304.5,156.32,1,64304,0.03,3,64303.9,28,3,64303.6,0.01,1,64303.4,0.01,1,64303.3,0.01,1,64303.2,0.02,2,64303.1,0.16,2,64303,1.46,2,64302.8,0.01,1,64302.7,32.66,1,64302.5,3.13,2,64302.4,156.33,2,64302.2,4.31,3,64302.1,11.74,3,64302,99.3,8,64301.9,12,2,64301.8,1.33,4,64305.5,2334.9,64,64305.6,0.03,2,64305.9,0.02,1,64306,5.01,2,64306.3,0.02,2,64306.4,0.04,2,64306.5,0.03,2,64306.6,9.4,6,64306.8,0.01,1,64306.9,0.01,1,64307.1,0.03,1,64307.2,0.03,3,64307.3,0.01,1,64307.5,0.01,1,64307.6,0.01,1,64308,0.01,1,64308.2,0.04,3,64308.3,9.43,1,64308.4,0.04,4,64308.5,17.66,1,64308.6,0.01,1,64308.7,144.11,4,64308.8,146.06,4,64309.2,56.19,2,64309.3,88.61,3,1062.38,2811.72,-0.4515,0.1,64305.4
1786447824109,64309.4,577.95,28,64309.1,0.25,1,64308.4,0.01,1,64308,0.01,1,64307.9,4.41,2,64307.6,0.01,1,64307.5,1.04,3,64307.4,2.57,2,64307.3,0.03,3,64307.2,15.57,4,64307.1,172.49,1,64307,319.99,1,64306.9,2.51,1,64306.7,0.02,2,64306.6,156.48,2,64306.5,154.18,2,64306.3,0.01,1,64306.2,1.37,1,64306.1,0.01,1,64306,0.02,2,64305.9,17.16,2,64305.8,0.01,1,64305.7,33.97,2,64305.6,116.66,2,64305.5,103.03,12,64309.5,775.42,51,64309.6,2.35,2,64309.8,0.03,3,64309.9,4.5,1,64310.1,0.04,3,64310.2,6,2,64310.3,0.01,1,64310.4,0.03,3,64310.5,0.01,1,64310.6,0.01,1,64310.7,0.02,2,64310.8,3.01,2,64311,0.01,1,64311.1,76.64,3,64311.2,4.45,1,64311.3,0.01,1,64311.4,3.01,2,64311.5,0.02,2,64311.6,8.32,5,64311.9,0.01,1,64312,8.67,6,64312.1,3,1,64312.3,0.02,2,64312.4,3.01,2,64312.5,0.01,1,1679.76,898.61,0.303,0.1,64309.4
1786447854359,64309.4,533.54,29,64309.3,64.6,2,64309.2,156.32,1,64309.1,1.03,3,64309,20,1,64308.7,0.01,1,64308.6,4.26,2,64308.5,0.01,1,64308.4,1.02,2,64308.3,0.01,1,64308.2,3.43,3,64308.1,3.85,3,64308,2.43,1,64307.9,0.02,2,64307.8,1.36,1,64307.6,0.01,1,64307.5,4.33,4,64307.4,2.58,3,64307.3,0.01,1,64307.2,12.47,4,64307.1,3.11,1,64307,323.05,5,64306.9,0.01,1,64306.8,2.58,2,64306.7,116.63,2,64309.5,745.2,78,64309.6,0.08,3,64309.8,0.03,3,64309.9,4.52,3,64310,0.01,1,64310.3,0.03,3,64310.4,2.96,5,64310.6,0.01,1,64310.7,0.01,1,64310.8,70.49,5,64310.9,2.75,2,64311.1,0.01,1,64311.2,0.01,1,64311.4,0.01,1,64311.5,0.02,2,64311.6,0.75,3,64311.9,0.01,1,64312,8.68,6,64312.1,0.01,1,64312.2,0.01,1,64312.3,0.01,1,64312.4,0.01,1,64312.5,3,1,64312.7,3.01,2,64312.8,0.02,2,1256.67,841.65,0.1978,0.1,64309.4
1786447884659,64314.9,177.39,29,64314.6,0.25,1,64314.5,1.37,1,64313.9,1.48,2,64313.8,131.42,2,64313.6,0.01,1,64313.4,0.01,1,64313.1,0.07,3,64313,2.51,3,64312.9,0.04,2,64312.8,0.01,1,64312.3,0.03,2,64312.2,12.45,2,64312.1,172.49,2,64312,47.66,2,64311.9,0.07,3,64311.8,0.01,1,64311.7,18.78,2,64311.6,1.59,2,64311.5,0.01,1,64311,0.02,2,64310.9,0.01,1,64310.8,0.01,1,64310.6,24.89,5,64310.5,3.12,2,64315,1374.93,70,64315.1,0.03,1,64315.2,0.03,3,64315.3,7.05,5,64315.4,2.01,2,64315.5,7.02,4,64315.6,2.62,2,64315.8,0.02,1,64315.9,0.01,1,64316.5,0.02,2,64316.7,0.01,1,64316.8,0.02,2,64316.9,0.62,1,64317.2,0.01,1,64317.3,0.02,2,64317.4,70.13,3,64317.6,0.02,2,64317.7,4.34,1,64317.9,0.01,1,64318,6.17,2,64318.2,0.01,1,64318.3,11.85,1,64318.4,0.01,1,64318.5,0.03,3,64318.8,0.01,1,595.7,1487.0,-0.428,0.1,64314.9
1786447914909,64309,64.59,11,64308.7,0.04,2,64308.4,0.01,1,64308.3,0.02,2,64308,0.01,1,64307.8,0.04,1,64307.6,0.02,2,64307.5,58.58,4,64307.4,154.5,2,64307.2,0.02,2,64307.1,0.01,1,64306.7,0.02,2,64306.6,0.02,2,64306.5,140.89,1,64306.3,0.01,1,64306.2,0.01,1,64306.1,0.01,1,64305.8,0.01,1,64305.7,0.01,1,64305.6,153.25,4,64305.5,154.18,2,64305.4,67.89,3,64305.3,0.02,2,64305.2,3.15,2,64305.1,0.01,1,64309.1,3952.1,93,64309.2,437.05,7,64309.3,2.02,2,64309.4,46.34,5,64309.5,9.28,13,64309.7,0.01,1,64309.9,0.01,1,64310,5.01,2,64310.1,0.01,1,64310.2,145.8,3,64310.3,0.13,1,64310.4,0.02,2,64310.5,0.01,1,64310.6,0.01,1,64310.9,1.43,1,64311,0.02,2,64311.5,0.01,1,64311.6,0.01,1,64311.7,15.01,2,64311.8,0.02,2,64311.9,0.01,1,64312,29.27,4,64312.1,53.08,3,64312.2,256.32,5,64312.3,0.01,1,797.32,4952.99,-0.7227,0.1,64309.1
1786447945159,64308,87.55,15,64307.7,1.02,2,64307.6,0.01,1,64307.4,0.01,1,64307.2,0.01,1,64306.8,0.02,2,64306.7,1.71,1,64306.6,0.02,2,64306.5,12.48,4,64306.4,172.75,2,64306.3,2.24,2,64306.2,0.01,1,64306.1,0.01,1,64306,0.01,1,64305.9,2.18,1,64305.8,0.01,1,64305.6,0.02,2,64305.5,3.12,2,64305.4,67.89,3,64305.3,0.02,2,64305.2,157.34,4,64305.1,0.01,1,64305,56.98,6,64304.8,0.04,1,64304.7,0.01,1,64308.1,2524.44,57,64308.2,0.02,1,64308.3,0.03,2,64308.4,6.25,4,64308.5,7.02,3,64308.6,3.45,3,64308.7,0.01,1,64308.8,2,1,64308.9,0.01,1,64309,20.02,4,64309.1,5.16,5,64309.6,102.95,2,64309.7,0.01,1,64309.9,0.01,1,64310,15,1,64310.1,115.12,4,64310.2,119.99,4,64310.4,0.02,2,64310.6,0.01,1,64311.1,0.62,1,64311.4,58.43,2,64311.5,0.02,2,64311.6,0.01,1,64311.7,0.64,3,64311.8,1.21,2,565.47,2982.45,-0.6812,0.1,64308.1
1786447975409,64305.5,655.25,27,64305.4,67.88,2,64305.3,0.02,2,64305.2,3.22,6,64305.1,3.13,3,64305,153.55,6,64304.6,12.47,3,64304.5,305.58,2,64304.4,156.32,1,64304.3,154.17,1,64304,0.04,4,64303.6,0.01,1,64303.5,1.91,1,64303.4,0.01,1,64303.3,0.01,1,64303.2,0.02,2,64303.1,0.16,2,64303,0.04,1,64302.9,19.8,2,64302.8,0.01,1,64302.7,0.04,1,64302.5,246.67,4,64302.4,156.34,3,64302.3,9.9,1,64302.2,18.67,4,64305.6,683.4,46,64305.7,0.06,1,64305.8,0.02,1,64305.9,25.1,3,64306,6.42,1,64306.1,0.02,1,64306.2,5.03,5,64306.5,113.89,2,64306.8,6.23,2,64307.2,0.02,2,64307.3,0.02,2,64307.4,0.01,1,64307.7,0.01,1,64307.9,4.97,3,64308,0.01,1,64308.1,16.19,6,64308.3,0.01,1,64308.6,0.01,1,64308.7,0.54,2,64308.8,172.75,1,64308.9,0.01,1,64309,15.02,3,64309.1,0.02,2,64309.4,0.17,2,64309.5,0.01,1,1965.22,1049.94,0.3036,0.1,64305.6
1786448005659,64305.5,603.97,29,64305.4,71.16,5,64305.3,356.95,4,64305.2,3.22,6,64305.1,2.96,2,64305,154.58,7,64304.6,12.47,3,64304.5,101.08,4,64304.3,154.99,2,64304,0.05,5,64303.9,15.13,1,64303.6,0.01,1,64303.5,2.04,2,64303.4,0.01,1,64303.3,0.01,1,64303.2,0.02,2,64303.1,1.52,3,64303,0.05,2,64302.8,0.01,1,64302.7,1.28,2,64302.6,147.76,2,64302.5,99.02,3,64302.4,156.34,3,64302.2,18.67,4,64302.1,0.06,1,64305.6,736.89,52,64305.7,0.09,2,64305.8,0.02,1,64305.9,3.31,3,64306,16.15,2,64306.1,0.02,1,64306.2,2.97,2,64306.7,3.24,1,64307.2,0.01,1,64307.3,0.02,2,64307.4,0.36,2,64307.7,0.01,1,64307.9,7.41,3,64308,7.2,3,64308.1,6.23,2,64308.2,117.17,2,64308.5,0.01,1,64308.6,172.75,1,64308.7,43.02,5,64308.9,0.01,1,64309,0.01,1,64309.1,0.02,2,64309.2,0.01,1,64309.4,0.01,1,64309.5,0.02,2,1903.36,1116.96,0.2604,0.1,64305.6
1786448035909,64305.5,384.76,27,64305.4,67.89,3,64305.3,252.36,4,64305.2,3.21,5,64305.1,0.02,2,64305,131.95,7,64304.6,0.02,2,64304.5,29.08,6,64304.3,0.82,1,64304,0.03,3,64303.7,8,1,64303.6,0.01,1,64303.5,2.03,1,64303.4,0.01,1,64303.3,0.01,1,64303.2,0.02,2,64303.1,1.52,3,64303,15.6,3,64302.9,100,1,64302.8,0.01,1,64302.7,0.04,1,64302.5,156.35,3,64302.4,13.83,2,64302.2,18.67,4,64302.1,0.06,1,64305.6,1005.24,72,64305.7,0.12,3,64305.9,0.02,1,64306,16.16,3,64306.1,0.02,1,64306.2,2.97,2,64306.5,0.01,1,64306.7,0.3,1,64306.8,0.02,1,64306.9,124.11,2,64307,0.01,1,64307.2,0.03,3,64307.3,0.32,3,64307.5,0.01,1,64307.7,0.01,1,64308,6.85,2,64308.1,0.01,1,64308.5,0.01,1,64308.6,8.52,2,64308.7,0.01,1,64308.8,172.65,2,64308.9,0.01,1,64309,0.01,1,64309.1,0.02,2,64309.2,0.01,1,1186.3,1337.45,-0.0599,0.1,64305.6
1786450514559,64430,526.17,23,64429.7,1.17,1,64429.5,0.26,3,64429.1,0.01,1,64429,19.8,5,64428.9,0.02,2,64428.8,0.01,1,64428.6,191.77,2,64428.5,242.03,3,64428,3.37,4,64427.9,94.99,2,64427.5,0.01,1,64427.4,0.14,3,64427.3,0.01,1,64427.2,0.01,1,64427.1,1.01,2,64426.9,0.01,1,64426.8,0.03,2,64426.5,0.01,1,64426.4,0.01,1,64426.1,5.52,3,64426,44,3,64425.9,12.43,2,64425.6,0.19,5,64425.5,115.75,1,64430.1,3100.86,78,64430.2,0.01,1,64430.5,0.02,1,64430.6,19.05,3,64430.7,45.66,12,64431,0.01,1,64431.6,0.01,1,64431.9,0.01,1,64432,0.02,2,64432.2,0.01,1,64432.4,0.01,1,64432.8,0.05,4,64432.9,24.98,2,64433.4,14.93,2,64433.7,0.01,1,64433.9,5.7,2,64434,11.96,3,64434.4,0.01,1,64434.5,7.82,3,64434.6,26.23,6,64435,0.02,2,64435.1,18,2,64435.2,0.06,6,64435.3,2.64,2,64435.4,17.26,3,1258.73,3295.34,-0.4472,0.1,64430.1
1786450544809,64429.2,851.21,39,64429.1,15.15,1,64428.9,0.01,1,64428.8,112.09,2,64428.6,0.01,1,64428.5,103.95,1,64428.4,0.01,1,64428.3,0.02,2,64428.2,23.28,1,64427.7,0.01,1,64427.6,0.01,1,64427.5,3.08,1,64427.1,0.01,1,64426.6,0.01,1,64426.5,0.01,1,64426.3,0.01,1,64426,0.38,1,64425.9,0.01,1,64425.6,243.72,3,64425.5,188.23,2,64425.3,0.01,1,64425.2,0.01,1,64425.1,0.01,1,64425,156.32,1,64424.9,0.02,1,64429.3,387.86,41,64429.8,0.02,2,64429.9,2.35,2,64430,90.01,3,64430.1,16.08,3,64430.4,0.03,3,64430.5,0.01,1,64430.6,104.29,5,64430.7,0.01,1,64430.9,0.02,2,64431,8.02,4,64431.1,0.02,2,64431.2,0.01,1,64431.3,5.32,2,64431.4,0.01,1,64431.5,45.85,1,64431.6,0.01,1,64431.7,0.01,1,64431.8,3.01,2,64431.9,3.01,2,64432,15.7,4,64432.1,93.88,1,64432.2,3.01,2,64432.4,0.01,1,64432.5,3.01,2,1697.58,781.56,0.3695,0.1,64429.2
1786450575059,64430.2,845.2,64,64430.1,4.62,8,64430,47.33,3,64429.9,2.02,3,64429.7,0.01,1,64429.5,0.01,1,64429.4,108.8,2,64429.3,0.01,1,64429.2,30.83,6,64429.1,1.55,1,64428.8,0.02,2,64428.7,2.59,2,64428.6,0.01,1,64428.5,103.95,1,64428.4,0.01,1,64428.1,0.02,2,64427.7,0.01,1,64427.4,0.01,1,64427.1,0.01,1,64427,0.34,5,64426.9,11.78,2,64426.6,0.01,1,64426.5,0.01,1,64426.3,0.01,1,64426,244.16,3,64430.3,371.89,28,64430.4,0.03,3,64430.5,35.61,3,64430.6,137.42,4,64430.9,0.02,2,64431,5.01,2,64431.1,73.03,4,64431.2,5.33,3,64431.3,2.33,2,64431.4,75.01,2,64431.5,100,1,64431.7,3,1,64431.8,0.01,1,64431.9,0.01,1,64432,48.16,5,64432.1,3,1,64432.2,0.01,1,64432.4,3.01,2,64432.5,0.01,1,64432.8,0.02,2,64432.9,3,1,64433,33.01,3,64433.3,7,2,64433.4,0.01,1,64433.6,18.57,2,1403.32,924.5,0.2057,0.1,64430.2
1786450605359,64437.9,2816.9,77,64437.8,0.02,1,64437.7,0.02,1,64437.6,27.74,4,64437.5,43.44,3,64436.6,0.02,1,64436.5,25,1,64436.4,0.01,1,64436.3,43.07,2,64436.2,3.11,2,64436,345.42,8,64435.9,61.35,13,64435.8,1.55,1,64435.7,0.01,1,64435.6,0.01,1,64435.2,0.03,3,64435.1,0.01,1,64435,0.02,2,64434.9,76.88,1,64434.8,0.01,1,64434.7,73.78,5,64434.6,0.01,1,64434.5,56.48,4,64434.4,371.72,2,64434.3,266.41,5,64438,41.35,8,64438.4,0.01,1,64439.1,0.01,1,64439.4,0.26,2,64439.5,0.01,1,64439.8,0.01,1,64439.9,39.39,3,64440,109.07,5,64440.1,0.49,3,64440.3,0.02,2,64440.4,2.31,3,64440.7,0.01,1,64440.8,0.01,1,64441.1,2.37,1,64441.2,21.01,4,64441.5,157.28,3,64441.6,197.8,5,64441.8,0.16,1,64441.9,0.01,1,64442,0.07,2,64442.2,115.33,3,64442.3,0.01,1,64442.4,0.01,1,64442.5,0.22,1,64442.9,2.64,2,4213.02,689.86,0.7186,0.1,64437.9
1786450635609,64417.6,612.05,21,64417.5,17,1,64417.4,0.01,1,64417.1,0.01,1,64417,2.89,1,64416.6,0.01,1,64416.4,0.02,1,64416.1,0.01,1,64416,0.04,4,64415.5,0.02,2,64415.3,0.01,1,64415.1,0.01,1,64414.9,0.01,1,64414.7,0.01,1,64414.6,0.01,1,64414.5,3.12,3,64414.4,81,2,64414.3,4.01,2,64414.1,0.01,1,64414,0.06,1,64413.9,12.43,2,64413.8,48.6,1,64413.7,0.02,2,64413.6,0.01,1,64413.5,2.36,2,64417.7,1979.82,72,64417.8,0.01,1,64418.3,0.02,1,64418.4,48.97,1,64418.6,0.03,2,64418.7,3.29,1,64418.8,0.03,2,64418.9,32.6,2,64419,170.22,2,64419.1,156.32,1,64419.2,0.02,2,64419.3,0.01,1,64419.7,0.01,1,64419.8,0.01,1,64420.1,0.01,1,64420.2,7.22,2,64420.5,9.53,5,64420.6,0.01,1,64421,0.01,1,64421.1,156.33,2,64421.2,119.42,6,64421.4,7.47,1,64421.5,103.29,2,64421.6,6.59,3,64422,0.04,2,783.73,2801.28,-0.5628,0.1,64417.6
1786450665809,64417.6,1397.06,38,64417.5,0.77,1,64417.4,0.08,4,64417.2,0.63,2,64417.1,0.01,1,64417,2.89,1,64416.6,0.02,2,64416.3,0.02,2,64416.2,92.27,2,64416.1,0.01,1,64416,0.05,5,64415.5,0.02,2,64415.3,0.01,1,64415.1,0.01,1,64415,0.01,1,64414.9,0.01,1,64414.7,0.01,1,64414.5,0.01,1,64414.4,0.17,5,64414.3,23.9,4,64414.2,0.02,1,64414.1,0.01,1,64414,0.06,1,64413.9,0.02,2,64413.8,48.77,3,64417.7,146.77,20,64418.9,0.48,2,64419,2.15,1,64419.2,0.01,1,64419.6,0.02,1,64419.7,5.73,5,64420,0.25,1,64420.3,0.03,2,64420.4,6.22,2,64420.5,234.44,2,64420.6,93.02,2,64420.8,0.01,1,64421,15.04,2,64421.1,0.01,1,64421.2,113.38,4,64421.3,0.25,1,64421.4,0.01,1,64421.5,3.31,3,64421.6,6.6,4,64421.7,73,1,64421.8,2.37,1,64422,0.04,2,64422.3,0.01,1,64422.4,100.18,5,64422.6,0.04,4,1566.84,803.37,0.3221,0.1,64417.6
1786450696009,64387,46.99,8,64386.9,0.01,1,64386.8,18.52,3,64386.7,22.79,1,64386.6,0.28,2,64386.4,0.01,1,64386.3,0.05,2,64386.2,0.06,1,64386.1,0.03,1,64386,0.17,3,64385.9,0.01,1,64385.8,0.05,2,64385.7,1.27,4,64385.6,0.01,1,64385.5,0.02,2,64385.4,0.01,1,64385.3,0.03,3,64385.2,28,3,64385.1,0.02,2,64385,1.07,5,64384.9,0.04,2,64384.8,0.01,1,64384.7,0.46,5,64384.6,0.08,3,64384.4,0.01,1,64387.1,2143.84,62,64387.2,0.05,4,64387.3,98.9,3,64387.5,0.02,1,64387.6,7.5,1,64387.8,0.03,2,64387.9,7.23,2,64388,128.86,5,64388.1,133.14,6,64388.2,140.16,2,64388.6,0.01,1,64389,8.18,8,64389.6,45.23,3,64389.7,0.01,1,64389.8,73.78,1,64389.9,2.88,1,64390,68.66,2,64390.1,13.5,9,64390.3,2.89,2,64390.4,2.9,3,64390.5,0.01,1,64390.6,11.82,1,64390.8,0.01,1,64391,0.02,2,64391.2,201.08,3,120.0,3090.71,-0.9253,0.1,64387.1
1786450726259,64378.5,835.22,36,64378.4,0.05,2,64378.3,0.01,1,64378.2,0.12,1,64378.1,0.06,6,64378,3.41,8,64377.9,12.02,3,64377.8,0.01,1,64377.7,0.04,3,64377.6,0.04,4,64377.5,0.16,1,64377.4,0.01,1,64377.2,0.1,3,64377.1,0.02,1,64377,0.08,6,64376.9,2.02,3,64376.8,5.11,3,64376.7,242.08,2,64376.6,67.46,3,64376.5,0.02,2,64376.2,0.01,1,64376,0.35,5,64375.9,0.02,2,64375.8,0.01,1,64375.7,0.02,2,64378.6,515.35,30,64378.9,0.02,1,64379,10,1,64379.3,0.77,1,64379.8,0.02,1,64379.9,3.8,3,64380,0.25,1,64380.1,0.01,1,64380.3,0.02,1,64380.4,6.56,4,64380.5,4.25,1,64380.6,0.02,2,64380.8,0.01,1,64380.9,0.45,2,64381,329.01,2,64381.3,0.01,1,64381.4,0.01,1,64381.6,0.01,1,64381.7,100.02,3,64381.8,8.95,3,64381.9,0.01,1,64382,0.01,1,64382.7,0.01,1,64383,0.01,1,64383.2,0.01,1,1168.45,979.59,0.0879,0.1,64378.6
1786450756459,64380.9,51.63,12,64380.8,0.01,1,64380.6,0.5,1,64380.5,0.06,2,64380.4,1.57,1,64380.1,0.01,1,64380,2,1,64379.9,0.02,2,64379.8,1.57,1,64379.7,0.01,1,64379.5,0.01,1,64379.3,0.01,1,64379.2,1.58,2,64379,27.43,2,64378.9,228.12,2,64378.8,96.5,1,64378.6,15.08,3,64378.5,97.22,4,64378.4,50.23,4,64378.3,12.01,3,64378.2,0.13,2,64378.1,0.05,5,64378,3.4,7,64377.9,12,2,64377.8,0.01,1,64381,1339.38,43,64381.1,0.01,1,64381.7,0.78,2,64381.8,0.02,2,64381.9,0.01,1,64382,0.02,1,64382.1,13.47,2,64382.6,0.03,2,64382.7,11.63,3,64382.8,0.16,1,64383,0.03,2,64383.1,2,1,64383.2,0.02,2,64383.3,0.01,1,64383.8,0.01,1,64384,0.03,3,64384.2,0.01,1,64384.3,13.75,3,64384.4,2.01,2,64384.5,0.01,1,64384.6,15.68,3,64384.7,0.01,1,64384.8,0.01,1,64384.9,0.02,2,64385,35.57,4,601.16,1434.68,-0.4094,0.1,64380.9
1786456107008,64113.7,562.6,17,64113.6,0.45,4,64113.5,0.02,2,64113.3,0.02,2,64113.2,0.33,2,64112.8,0.03,1,64112.5,0.1,4,64112.4,0.34,3,64112.3,27.84,2,64112.2,93.21,2,64112.1,0.01,1,64112,0.02,2,64111.9,0.45,4,64111.8,0.01,1,64111.7,0.03,2,64111.5,0.56,3,64111.3,0.01,1,64111.2,0.01,1,64111.1,0.53,5,64111,66.28,2,64110.9,103.54,2,64110.8,4.57,5,64110.7,0.02,2,64110.6,0.35,4,64110.5,0.02,1,64113.8,1706.75,53,64113.9,0.02,1,64114.3,0.01,1,64114.5,0.02,1,64114.6,107.48,1,64114.9,0.01,1,64115,0.03,2,64115.1,2.38,1,64115.2,0.02,2,64115.3,0.01,1,64115.6,1.25,2,64115.7,0.02,1,64115.8,2.29,1,64115.9,0.02,2,64116,0.01,1,64116.1,0.01,1,64116.2,2.72,1,64116.5,100.01,2,64117,0.32,1,64117.1,3.88,2,64117.2,19.51,1,64117.4,0.01,1,64117.7,0.02,2,64117.8,156.32,1,64117.9,0.01,1,861.35,2103.13,-0.4189,0.1,64113.8
1786456137258,64117.6,552.26,35,64117.1,0.32,1,64117,0.01,1,64116.9,66.89,2,64116.7,0.33,2,64116.4,0.32,1,64116.3,0.02,2,64116.2,34.33,3,64116.1,0.01,1,64116,0.02,2,64115.9,0.32,1,64115.7,0.32,1,64115.6,0.01,1,64115.5,0.23,2,64115.4,0.02,2,64115.3,154.17,1,64115.2,0.34,3,64115.1,0.01,1,64115,1.87,2,64114.9,0.01,1,64114.7,0.32,1,64114.5,0.15,1,64114.4,0.19,2,64114.3,11.93,2,64114.2,0.01,1,64117.7,471.95,26,64117.8,0.01,1,64118.4,0.93,4,64119,0.01,1,64119.1,2.44,1,64119.3,110.93,1,64119.5,0.01,1,64119.6,1.3,1,64120,0.02,2,64120.1,1.96,3,64120.3,0.02,2,64120.4,0.01,1,64120.7,0.02,2,64120.8,34.18,1,64120.9,110.94,2,64121,0.01,1,64121.3,1.25,2,64121.4,4.14,3,64121.5,2.04,1,64121.6,0.03,3,64122,259.15,5,64122.1,153.51,2,64122.4,0.02,2,64122.5,0.1,1,64122.8,0.01,1,824.41,1154.99,-0.167,0.1,64117.6
1786456167508,64140.8,108.65,14,64140.4,0.01,1,64140.2,0.01,1,64140,0.05,3,64139.1,0.02,2,64138.9,0.01,1,64137.8,0.02,1,64137.7,35.61,4,64137.6,108.73,7,64137.5,0.84,1,64137,0.01,1,64136.8,0.01,1,64136.6,0.04,3,64136.5,73.72,1,64136.4,0.02,2,64136.3,1.72,3,64136,108.92,1,64135.9,0.09,2,64135.8,5.06,3,64135.2,0.03,3,64134.8,0.33,2,64134.6,0.01,1,64134.5,31.21,1,64134.4,108.94,3,64134.3,0.22,1,64140.9,1366.23,46,64141,0.32,1,64141.5,0.33,2,64141.6,37.24,3,64141.7,100,1,64141.8,0.4,4,64141.9,12,2,64142.3,1.24,1,64142.4,0.01,1,64142.6,0.01,1,64142.7,0.01,1,64142.8,8.33,3,64143.1,0.01,1,64143.7,0.01,1,64143.9,2.64,2,64144,0.03,3,64144.1,0.32,1,64144.2,0.01,1,64144.7,124.35,3,64144.8,8.03,3,64145.3,0.32,1,64145.4,0.01,1,64145.5,28,3,64145.6,0.01,1,64146,0.01,1,584.28,1689.87,-0.4862,0.1,64140.9
1786456197808,64171.9,28.78,3,64171.4,0.01,1,64171.2,0.02,2,64170.9,0.01,1,64170.8,0.01,1,64170.6,0.03,2,64170.2,0.45,1,64170,0.01,1,64169.8,0.01,1,64169.7,0.04,3,64169.6,15.33,2,64169.4,0.01,1,64169,0.01,1,64168.9,0.01,1,64168.8,0.01,1,64168.7,0.02,2,64168.5,0.16,2,64168.3,0.03,2,64168.1,0.02,1,64168,7.2,2,64167.7,0.01,1,64167.6,0.01,1,64167.4,104.97,3,64167.2,0.01,1,64167,1.15,2,64172,1582.29,62,64172.1,0.02,1,64172.2,302.57,5,64172.3,432.08,11,64172.4,67.52,4,64172.5,1342.7,4,64172.6,165.85,2,64172.7,68.94,8,64172.8,0.02,2,64173,179.58,1,64173.8,0.01,1,64174.1,0.01,1,64174.4,0.01,1,64174.6,179.58,1,64175,179.58,1,64175.3,242.17,3,64175.5,4.42,1,64175.6,269.49,5,64175.8,0.01,1,64175.9,179.58,1,64176,87.45,10,64176.4,296.43,1,64176.5,117.82,24,64177.1,0.32,1,64177.5,50,1,158.32,5748.45,-0.9464,0.1,64171.9
1786456228058,64151.4,650.96,34,64151.2,0.01,1,64151.1,0.01,1,64151,100.62,2,64150.9,149.09,1,64150.8,0.32,1,64150.6,0.02,2,64150.5,4.42,1,64150.4,0.02,2,64150.2,0.01,1,64150.1,55.17,2,64150,14.1,3,64149.9,0.01,1,64149.6,0.34,3,64149.5,2.38,2,64149.4,0.32,1,64149.3,0.23,2,64149.1,0.36,4,64149,4.69,1,64148.7,0.34,3,64148.4,94.78,2,64148.1,11.83,2,64148,0.33,2,64147.6,2.22,1,64147.5,3.13,2,64151.5,23.78,16,64152.7,0.01,1,64153.6,0.01,1,64154.8,0.02,2,64154.9,0.04,1,64155.1,7.86,2,64155.2,151.25,6,64155.3,32.01,2,64155.4,0.01,1,64155.5,0.01,1,64155.6,0.04,1,64155.7,0.01,1,64155.8,68.46,3,64155.9,6.4,2,64156,100.61,1,64156.1,0.01,1,64156.4,0.01,1,64156.6,9.49,2,64156.8,92.15,5,64156.9,154.17,1,64157,0.01,1,64157.3,0.01,1,64157.4,0.01,1,64157.6,217.11,2,64157.7,100,1,1095.71,963.49,0.0642,0.1,64151.4
1786456258308,64091.7,2.73,10,64091.6,0.01,1,64091.4,0.17,3,64091.3,0.07,4,64091.2,0.04,1,64091,0.07,5,64090.9,20.57,4,64090.7,0.02,2,64090.5,0.01,1,64090.3,0.1,2,64090.2,0.01,1,64090.1,0.08,5,64090,6.88,25,64089.9,0.02,2,64089.7,0.07,1,64089.6,0.07,5,64089.5,0.62,3,64089.4,0.02,2,64089.3,0.02,1,64089.2,0.06,5,64089.1,2.32,4,64089,0.16,2,64088.9,0.13,9,64088.8,0.2,4,64088.7,0.04,3,64091.8,1688.1,51,64091.9,43.54,2,64092.1,0.02,1,64092.2,5.64,2,64092.8,0.03,3,64093.2,0.02,1,64093.3,100.01,2,64093.6,0.01,1,64093.9,0.01,1,64094.3,0.02,1,64094.4,32,1,64094.5,204.74,7,64094.7,188.94,3,64094.8,20.04,4,64094.9,2.49,1,64095,36.35,15,64095.1,6.63,2,64095.6,0.34,3,64096,3.9,4,64096.3,0.32,1,64096.5,0.01,1,64096.6,0.32,1,64096.8,0.33,2,64096.9,0.01,1,64097.1,0.01,1,34.49,2333.83,-0.9709,0.1,64091.8
1786456288558,64057.2,2071.35,45,64057.1,0.01,1,64056.7,0.01,1,64056.6,4.28,2,64056.3,0.01,1,64055.7,0.01,1,64055.5,0.01,1,64055.4,13.21,3,64055.3,17,2,64055.2,289.5,9,64055.1,0.01,1,64054.6,1.56,1,64054.5,2.04,2,64054.4,0.02,2,64054.3,156.32,1,64053.7,103.39,1,64053.6,15,1,64053.5,91.52,12,64053.4,34.31,2,64053.2,0.32,1,64053.1,0.01,1,64052.3,15,1,64052.2,42.02,5,64052.1,0.32,1,64051.8,0.01,1,64057.3,15.87,3,64057.4,0.01,1,64057.5,0.01,1,64057.6,0.01,1,64057.9,0.03,2,64058,20,1,64058.4,0.01,1,64058.6,0.01,1,64059,0.01,1,64059.2,0.02,1,64059.3,18.46,2,64059.4,0.01,1,64059.9,0.04,3,64060,3.68,2,64060.1,0.01,1,64060.2,3.12,2,64060.3,0.02,2,64060.6,0.02,2,64060.8,0.04,4,64061,0.01,1,64061.1,0.02,2,64061.7,0.01,1,64061.8,0.02,1,64062,2.03,2,64062.1,13.03,4,2857.24,76.5,0.9478,0.1,64057.2
1786456318808,64071.3,1900.86,46,64071.2,60.53,5,64071.1,23.29,7,64071,0.01,1,64070.9,0.32,1,64070.7,0.01,1,64070.6,41.03,2,64070.4,0.34,3,64070,0.33,2,64069.9,2,1,64069.7,0.01,1,64069.6,0.01,1,64069.5,2.27,1,64069.2,0.32,1,64069,0.01,1,64068.9,0.32,1,64068.7,0.01,1,64068.4,0.33,2,64068,0.04,2,64067.9,0.01,1,64067.8,66.69,3,64067.5,0.02,2,64067.4,1.88,2,64067.3,0.07,1,64067.2,0.35,4,64071.4,18.7,7,64071.6,0.02,2,64071.9,0.01,1,64072.8,0.02,2,64073.1,0.01,1,64073.6,0.01,1,64074.2,0.02,1,64074.3,13.14,2,64074.4,0.01,1,64074.5,0.96,2,64074.6,0.02,1,64074.9,0.03,2,64075,4.9,8,64075.1,0.01,1,64075.2,0.03,3,64075.4,0.01,1,64075.5,0.16,2,64075.6,2.43,2,64075.8,0.01,1,64076,0.01,1,64076.2,8.01,2,64076.6,0.02,2,64076.8,0.02,2,64077,0.15,1,64077.2,6.27,4,2101.06,54.98,0.949,0.1,64071.4
1786456349058,64059.8,883.54,44,64059.7,0.07,1,64059.6,0.03,3,64059.5,3.15,3,64059.4,31.26,2,64059.3,116.73,1,64059.2,156.32,1,64059,83.14,5,64058.9,0.01,1,64058.6,0.43,3,64058.4,0.33,2,64058.3,0.01,1,64058.2,106.17,2,64058.1,9.91,2,64058,0.32,1,64057.9,0.01,1,64057.6,97.23,3,64057.5,113.27,4,64057.1,0.01,1,64057,0.32,1,64056.9,156.32,1,64056.8,8.39,2,64056.7,154.17,1,64056.6,0.68,5,64056.5,11.75,3,64059.9,33.46,19,64060,0.01,1,64060.3,0.01,1,64060.8,0.01,1,64061.8,0.01,1,64062.9,0.01,1,64063.2,0.03,2,64063.3,16,1,64063.5,0.01,1,64063.8,0.01,1,64063.9,0.01,1,64064,0.01,1,64064.1,0.01,1,64064.4,0.01,1,64064.5,0.02,2,64064.6,0.01,1,64064.8,0.01,1,64064.9,0.01,1,64065.1,0.01,1,64065.6,0.02,2,64065.8,0.03,2,64065.9,9.39,4,64066,125.68,6,64066.1,12,2,64066.2,0.01,1,1933.57,196.79,0.8153,0.1,64059.9
1786459752955,63917.4,794,29,63917.2,0.01,1,63917.1,20.31,3,63916.9,0.03,1,63916.8,0.35,5,63916.7,0.11,4,63916.6,0.01,1,63916.5,0.05,4,63916.4,0.02,2,63916.3,3.14,2,63916.2,104.7,1,63916.1,186.82,2,63916,158.01,5,63915.9,0.56,1,63915.7,0.21,1,63915.6,0.01,1,63915.5,0.01,1,63915.4,0.48,3,63915.3,0.02,2,63915.2,0.03,1,63915,3.2,4,63914.9,0.02,2,63914.8,0.49,1,63914.7,0.13,2,63914.6,0.01,1,63917.5,802.86,28,63917.6,0.03,2,63917.7,2.18,1,63918.3,0.02,1,63918.4,2.18,1,63919,0.04,3,63919.1,2.45,3,63919.3,0.01,1,63919.4,2.31,1,63919.6,0.01,1,63920,0.02,2,63920.1,0.01,1,63920.6,0.02,2,63920.7,0.53,2,63920.9,0.01,1,63921,4.42,1,63921.2,0.01,1,63921.4,0.01,1,63921.5,4.42,1,63921.6,0.03,3,63921.7,0.01,1,63921.8,103.34,1,63922,0.02,2,63922.2,0.01,1,63922.3,6.34,1,1272.73,931.29,0.1549,0.1,63917.4
1786459783205,63920.1,660.51,26,63920,23.23,2,63919.2,0.01,1,63918.8,0.01,1,63918.7,0.03,3,63918.6,76.35,2,63918.5,0.01,1,63918.4,8.88,2,63918.3,1.07,3,63918.2,1,2,63918.1,0.02,2,63918,94.52,3,63917.6,0.01,1,63917.5,0.04,3,63917.4,1.52,4,63917.3,36.07,3,63917.2,2.17,1,63917,3.13,1,63916.9,43.02,3,63916.8,98.12,5,63916.7,0.01,1,63916.6,170.64,1,63916.5,154.33,3,63916.4,5.3,2,63916.2,0.01,1,63920.2,619.05,23,63920.4,0.3,1,63920.7,0.01,1,63921,0.3,1,63921.5,0.02,1,63921.6,1.92,1,63921.7,0.01,1,63922.3,0.01,1,63922.5,0.15,1,63922.7,0.01,1,63922.9,0.01,1,63923.2,0.03,3,63923.3,0.03,2,63923.4,1.63,2,63923.5,0.02,1,63923.6,3.15,3,63923.7,31.31,1,63923.8,104.74,4,63923.9,99.7,1,63924,0.18,2,63924.2,0.02,2,63924.4,0.02,2,63924.5,0.88,1,63924.8,0.01,1,63924.9,331.77,4,1380.01,1195.28,0.0717,0.1,63920.1
1786459813455,63859.5,4.28,9,63856.5,0.02,2,63856.2,0.02,2,63856.1,32,1,63856,0.01,1,63855.8,0.01,1,63855.5,0.02,2,63855.4,6.26,1,63855.3,0.08,2,63855.2,111.35,2,63855.1,23.82,2,63855,0.01,1,63854.8,3.13,1,63854.7,110.29,3,63854.5,156.31,1,63854.4,202.96,4,63853.8,0.01,1,63853.6,0.01,1,63853.3,0.01,1,63853.1,0.22,1,63852.9,0.01,1,63852.8,0.01,1,63852.6,2.39,2,63852.5,6.6,2,63852.4,446.71,2,63859.6,1106.9,46,63859.9,0.02,1,63860,1.67,1,63860.1,0.01,1,63860.4,0.02,1,63860.5,67.41,3,63860.6,101.63,2,63860.7,0.02,2,63860.8,28,3,63861,0.01,1,63861.2,0.01,1,63861.3,1.64,2,63861.6,0.02,2,63861.8,111.22,1,63861.9,0.01,1,63862.4,110.64,5,63862.7,0.01,1,63862.8,88.57,4,63862.9,0.02,1,63863.1,15.67,2,63863.2,1.56,1,63863.6,0.01,1,63863.8,0.01,1,63864,97.08,5,63864.1,18.97,1,1106.54,1751.13,-0.2256,0.1,63859.6
1786459843805,63835.1,2858.75,76,63835,5690.84,8,63834.9,0.28,7,63834.8,0.03,3,63834.7,8.36,4,63834.6,0.68,4,63834.5,2.2,5,63834.3,0.04,4,63834.2,5.35,4,63834.1,139.72,8,63834,363.83,4,63833.9,0.41,2,63833.8,0.01,1,63833.7,0.04,3,63833.6,0.02,2,63833.5,1.02,2,63833.4,0.03,2,63833.3,5.35,46,63833.2,32.85,1,63833.1,0.09,3,63833,0.24,2,63832.9,1.46,2,63832.8,0.24,2,63832.7,3.69,4,63832.6,0.26,4,63835.2,40.13,12,63835.9,0.02,1,63836,74,1,63836.5,0.06,1,63836.8,0.01,1,63837.2,0.02,2,63837.6,0.01,1,63837.8,0.01,1,63838.2,0.04,3,63838.3,3.28,2,63838.5,0.01,1,63838.6,0.03,2,63838.7,2.38,1,63839,0.02,2,63839.1,257.18,5,63839.2,1.17,1,63839.3,0.02,2,63839.4,2.33,1,63839.6,0.02,2,63839.7,24,2,63839.8,0.03,3,63839.9,28.01,2,63840,70.56,13,63840.2,0.1,1,63840.3,0.01,1,9115.79,503.45,0.8953,0.1,63835.1
1786459874055,63824.9,2484.4,60,63824.8,214.74,7,63824.7,2,1,63824.1,0.01,1,63824,158.34,5,63823.9,112.23,2,63823.7,15,1,63823.6,141.98,7,63823.2,0.01,1,63822.7,0.01,1,63822.1,0.01,1,63822,156.31,1,63821.8,154.17,1,63821.5,0.03,3,63821.4,6.49,2,63821.3,1.88,1,63821.1,0.13,3,63820.8,0.03,3,63820.4,11.51,1,63820.3,0.01,1,63820.2,0.01,1,63820.1,0.01,1,63820,9.85,1,63819.9,0.01,1,63819.6,128.72,3,63825,51.59,9,63825.1,0.01,1,63825.5,0.03,2,63825.6,44.02,3,63826.5,0.02,2,63826.8,0.03,2,63826.9,3.31,4,63827,42.79,2,63827.2,0.03,3,63827.3,112,1,63827.5,0.01,1,63827.6,0.53,2,63827.8,0.01,1,63827.9,0.03,1,63828,0.07,4,63828.1,2,1,63828.3,0.01,1,63828.4,112.68,4,63828.5,200,1,63828.6,0.03,1,63829,100.01,2,63829.6,0.03,3,63829.7,1.01,2,63829.8,0.01,1,63829.9,97.23,3,3597.89,767.49,0.6484,0.1,63824.9
1786459904305,63853.9,1281.97,45,63853.8,59.29,3,63853.7,18.8,1,63852.8,0.03,3,63852.4,0.01,1,63852,0.01,1,63851.8,0.01,1,63851.2,0.01,1,63850.7,1.13,2,63850.6,0.01,1,63850.1,0.04,3,63850,24.32,2,63849.9,0.05,4,63849.8,2.9,1,63849.6,0.03,3,63849.5,90.96,4,63849.4,0.01,1,63849.3,0.01,1,63849.2,8.45,1,63848.9,0.06,1,63848.8,0.01,1,63848.7,0.01,1,63848.6,14.59,2,63848.5,31.45,2,63848.4,116.16,3,63854,476.59,21,63854.2,0.01,1,63854.4,0.02,2,63854.8,0.03,1,63855,0.15,2,63855.3,0.03,3,63855.4,4.63,2,63855.8,1.25,1,63855.9,0.02,1,63856,0.02,2,63856.1,0.02,2,63856.2,131.42,3,63856.3,100.01,2,63856.4,2.33,1,63856.5,0.16,2,63856.6,0.01,1,63856.8,2.32,3,63856.9,17.05,1,63857,2.53,2,63857.1,0.33,3,63857.2,1.01,2,63857.4,0.5,2,63857.6,0.01,1,63857.8,12,2,63858,53.17,4,1650.32,805.62,0.3439,0.1,63853.9
1786459934555,63727,418.26,16,63725.5,0.01,1,63724.9,3.17,3,63724.8,241.49,4,63724.7,74.49,3,63724.6,221.27,3,63724.5,49,2,63724.4,48.93,14,63723.9,0.01,1,63723.7,0.01,1,63723,0.01,1,63722.9,2.01,2,63722.7,0.22,1,63722.6,0.01,1,63722.5,0.01,1,63722.4,42.25,2,63722.3,0.01,1,63722.2,250.92,1,63721.8,43.34,5,63721.6,112.8,3,63721.3,0.01,1,63721.2,11.76,2,63721.1,0.01,1,63721,32.89,2,63720.9,119.11,3,63727.1,348.47,10,63727.8,0.01,1,63728,0.01,1,63728.1,0.01,1,63728.3,0.02,2,63728.4,8.02,3,63728.5,12,2,63728.9,3.15,2,63729,128.29,1,63729.1,102.37,1,63729.2,104.19,5,63729.6,0.02,2,63729.7,0.11,1,63729.8,1.04,5,63729.9,0.33,1,63730.1,0.01,1,63730.4,16,1,63730.5,0.01,1,63730.7,30,4,63730.8,0.01,1,63731.1,118.93,2,63731.2,140.05,3,63731.3,31.42,2,63731.5,303.37,1,63731.6,0.01,1,1672.0,1347.85,0.1073,0.1,63727.1
1786459964805,63812.3,48.83,7,63811.8,0.01,1,63811.2,0.02,2,63810.8,0.01,1,63810.5,0.01,1,63810.2,0.01,1,63810,0.06,3,63809.9,10,1,63809.8,0.22,1,63809.4,0.01,1,63809,0.01,1,63808.8,0.01,1,63808.6,0.01,1,63808.4,0.01,1,63808.2,0.03,2,63808.1,10.15,5,63808,52.76,6,63807.6,0.01,1,63807.5,0.01,1,63807.4,3.15,3,63807.3,66.61,4,63807.2,48.1,2,63807,0.01,1,63806.9,42.38,3,63806.8,2,1,63812.4,2036.78,68,63812.5,0.03,2,63812.6,58.39,4,63812.7,33.28,2,63812.8,0.01,1,63812.9,2,1,63813.2,0.01,1,63813.9,0.02,2,63814,14.01,4,63814.1,3.14,2,63814.2,31.37,1,63814.3,117.52,1,63814.4,154.79,4,63814.5,407.98,9,63814.7,95.32,1,63815.1,0.01,1,63815.3,15.01,2,63815.4,115.18,1,63815.5,20.05,2,63815.7,231,8,63816,0.02,2,63816.2,15,1,63816.3,21.25,6,63816.9,0.01,1,63817,0.01,1,284.43,3372.19,-0.8444,0.1,63812.4
1786459995055,63765.9,1599.98,38,63765.8,211.91,2,63765.7,0.01,1,63765.6,0.02,2,63765.5,5,1,63765.3,0.02,2,63765.2,92.89,2,63765.1,154.17,1,63764.5,7.86,1,63764.4,0.01,1,63764,156.94,1,63763.9,7.87,2,63763.8,0.01,1,63763.2,128.09,3,63763.1,108.47,1,63763,15.01,2,63762.9,49.37,7,63762.8,0.01,1,63762.6,0.01,1,63762.5,0.19,1,63762.4,0.01,1,63762,0.03,3,63761.9,0.01,1,63761.8,0.01,1,63761.7,2.01,2,63766,96.65,12,63766.4,0.03,3,63766.8,0.01,1,63766.9,0.01,1,63767.1,0.01,1,63767.5,0.01,1,63767.6,0.01,1,63767.7,0.7,1,63767.8,0.01,1,63768,0.06,3,63768.1,134.67,2,63768.2,152.14,4,63768.3,0.01,1,63768.4,0.01,1,63768.8,0.02,2,63769.2,1,1,63769.4,1.27,2,63769.5,100.01,4,63769.6,0.02,2,63769.9,0.01,1,63770,0.01,1,63770.1,4,1,63770.2,28,3,63770.4,0.06,6,63770.5,15,1,2539.91,533.73,0.6527,0.1,63765.9
1786463229600,63598.8,1408.16,39,63598.6,0.02,1,63598.5,5.33,3,63598.3,0.32,1,63598.1,0.02,1,63598,5,1,63597.9,0.01,1,63597.4,0.03,2,63597.3,2.4,8,63597.2,2.94,1,63596.8,0.02,2,63596.7,4.55,3,63596.6,0.01,1,63596.4,0.33,2,63595.8,0.01,1,63595.4,0.33,2,63595.3,0.01,1,63595.2,156.83,4,63595.1,0.01,1,63594.7,0.01,1,63594.6,0.01,1,63594.4,0.01,1,63594.3,61.33,2,63594.2,14.14,3,63594.1,0.06,1,63598.9,399.58,16,63599,25.91,2,63599.2,0.15,3,63599.3,0.01,1,63599.4,0.29,5,63599.5,77.03,3,63599.6,154.19,3,63599.7,321.52,2,63599.8,0.02,2,63599.9,0.01,1,63600,618.6,285,63600.1,0.65,4,63600.2,74.11,23,63600.4,0.34,4,63600.5,1.73,8,63600.6,0.01,1,63600.8,10.19,2,63601,139.84,6,63601.1,0.02,1,63601.3,0.33,2,63601.5,0.15,1,63601.6,0.01,1,63601.7,5.09,3,63601.9,19.85,3,63602,220.07,3,1661.89,2069.7,-0.1093,0.1,63598.9
1786463259850,63560.1,535.5,19,63560,2.12,17,63559.9,0.02,2,63559.3,0.01,1,63559.2,0.02,2,63559,0.05,1,63558.9,0.08,3,63558.8,11.75,1,63558.6,0.02,2,63558.4,0.02,2,63558.2,0.01,1,63558,0.16,2,63557.7,0.04,2,63557.6,1.83,2,63557.5,308.3,2,63557.4,0.04,2,63557.3,1.38,2,63557.1,0.04,3,63557,0.02,2,63556.8,0.03,3,63556.7,13.47,3,63556.6,0.01,1,63556.5,0.17,3,63556.2,8.01,2,63556,0.01,1,63560.2,2191.04,66,63560.3,0.02,1,63561,0.01,1,63561.1,79.28,2,63561.2,0.01,1,63561.3,15.02,3,63561.4,1.87,7,63561.6,0.02,2,63561.7,0.01,1,63562.3,0.01,1,63562.7,0.01,1,63562.8,0.03,3,63562.9,15.04,5,63563,15.94,3,63563.5,0.01,1,63563.9,0.32,1,63564,0.03,1,63564.1,0.01,1,63564.4,0.01,1,63564.5,0.01,1,63564.6,3.3,4,63564.7,0.02,2,63564.8,100.34,4,63565,0.01,1,63565.1,309.93,3,883.11,2732.3,-0.5115,0.1,63560.1
1786463290100,63552,46.38,11,63551.4,0.02,2,63551.3,7.5,1,63550.7,0.01,1,63550.5,0.17,3,63550.4,0.02,2,63550.3,139.13,1,63550.1,0.03,3,63550,6.95,10,63549.9,0.01,1,63549.7,0.01,1,63549.6,1.02,3,63549.3,3.9,2,63549.2,0.02,1,63549,0.26,4,63548.9,0.01,1,63548.8,0.03,3,63548.7,0.45,1,63548.6,138.83,1,63548.5,0.03,3,63548.2,0.04,1,63548.1,0.05,2,63548,1.01,2,63547.8,0.07,3,63547.6,0.01,1,63552.1,2384.63,52,63552.2,15.62,2,63552.3,0.01,1,63552.4,4.37,3,63552.5,31.5,2,63552.6,284.01,2,63552.7,301.73,7,63553.1,0.01,1,63553.3,0.01,1,63553.4,311.51,2,63553.6,0.01,1,63553.7,0.32,1,63554,0.01,1,63554.2,0.01,1,63554.4,0.01,1,63554.5,292.57,3,63554.6,15,1,63554.7,0.02,2,63554.8,0.32,1,63554.9,0.01,1,63555,24.02,3,63555.1,15.01,2,63555.2,67.61,4,63555.3,11.8,3,63555.4,0.01,1,345.96,3760.13,-0.8315,0.1,63552.1
1786463320450,63547.7,1758.84,50,63547.6,0.04,2,63547.5,18,2,63547,0.02,1,63546.9,153.52,3,63546.7,0.01,1,63546.6,0.32,1,63546.2,0.01,1,63545.6,0.03,3,63545.4,0.03,2,63545.3,3.16,2,63545.2,0.01,1,63545.1,1,1,63545,0.01,1,63544.8,0.01,1,63544.7,3.04,1,63544.4,0.03,3,63544.2,0.01,1,63543.8,0.01,1,63543.5,0.02,2,63543.4,35.52,3,63543.3,79.48,2,63543.2,13.38,4,63543.1,0.33,2,63543,12,2,63547.8,182.94,24,63547.9,0.54,4,63548.4,0.19,1,63548.8,0.01,1,63549.1,0.2,2,63549.2,162.43,4,63549.3,152.92,3,63549.4,0.01,1,63549.5,0.01,1,63549.6,0.01,1,63549.9,0.03,3,63550,64.57,1,63550.4,0.01,1,63550.5,0.02,2,63550.8,0.01,1,63550.9,0.33,2,63551,0.21,2,63551.2,145.63,3,63551.4,0.02,2,63551.6,0.32,1,63551.7,0.01,1,63551.9,0.01,1,63552,32.85,9,63552.1,9.33,6,63552.2,13.9,3,2078.83,766.51,0.4612,0.1,63547.8
1786463350700,63520,631.52,30,63519.9,0.05,1,63519.8,0.01,1,63519.7,0.79,6,63519.5,0.39,3,63519.1,0.02,2,63518.9,0.02,1,63518.8,0.03,3,63518.7,1.23,2,63518.6,0.01,1,63518.5,0.35,4,63518.4,0.03,3,63518.3,0.33,2,63518.2,144.65,2,63518.1,0.05,2,63518,0.07,2,63517.9,0.33,2,63517.7,0.02,2,63517.6,0.03,3,63517.5,0.43,6,63517.4,1.01,3,63517.3,9.43,3,63517.2,30.04,2,63517,1.17,2,63516.9,0.29,1,63520.1,721.15,26,63520.2,0.53,2,63520.3,0.02,1,63520.4,4.31,3,63520.5,0.32,1,63520.8,0.02,1,63520.9,3.17,2,63521,239.93,2,63521.1,0.01,1,63521.2,106.17,1,63521.3,0.32,1,63521.4,0.04,1,63521.5,0.32,1,63521.7,0.02,2,63521.8,105.3,2,63522.1,0.01,1,63522.2,0.32,1,63522.7,0.34,3,63522.8,31.58,4,63522.9,393.35,2,63523,0.01,1,63523.1,0.02,2,63523.2,4.03,4,63523.3,11.67,3,63523.4,0.32,1,822.3,1623.28,-0.3275,0.1,63520.1
1786463380950,63518.6,1304.49,66,63518.5,2.49,3,63518.4,3.39,4,63517,0.01,1,63516.9,0.02,2,63516.8,158.35,4,63516.5,0.01,1,63516.4,0.01,1,63516.3,17.69,3,63516.2,4.55,2,63516.1,0.01,1,63516,12.52,5,63515.9,47.17,4,63515.8,2.01,2,63515.7,2.78,2,63515.5,0.01,1,63515.3,0.01,1,63515.2,3.29,2,63515.1,5.28,3,63515,139.61,2,63514.9,0.02,1,63514.4,0.01,1,63513.9,0.01,1,63513.8,0.01,1,63513.6,0.03,3,63518.7,93.37,17,63518.8,3.43,2,63518.9,0.1,1,63519.6,0.01,1,63519.9,0.03,3,63520,10.66,5,63520.1,8.24,4,63520.2,0.44,3,63520.3,0.02,2,63520.8,0.02,2,63521.2,0.01,1,63521.3,0.01,1,63521.4,0.5,1,63521.7,0.06,2,63521.8,0.01,1,63521.9,0.01,1,63522,0.18,2,63522.1,0.02,2,63522.2,34.66,2,63522.3,158.32,1,63522.5,1,1,63522.7,0.03,3,63522.8,0.01,1,63523.1,6.31,2,63523.2,0.04,4,1703.78,317.49,0.6859,0.1,63518.6
1786463411200,63519.5,1591.8,38,63519.4,0.02,1,63519.1,0.01,1,63518.8,0.01,1,63518.7,3.13,4,63518,0.02,2,63517.8,0.02,2,63517.7,5.01,2,63517.6,3.03,1,63517.4,0.34,3,63516.9,0.01,1,63516.8,13.7,5,63516.7,21.82,3,63516.5,0.01,1,63516.2,0.01,1,63516,0.04,2,63515.9,47.2,2,63515.8,7.1,2,63515.7,0.03,1,63515.5,3.16,2,63515.4,124.04,3,63515.3,381.6,3,63515.2,130.11,1,63515.1,7.1,2,63515,322.78,4,63519.6,47.3,21,63519.7,0.51,3,63519.8,41.37,1,63520,0.43,3,63520.7,0.01,1,63520.8,34.7,6,63520.9,200,1,63521.1,0.01,1,63521.4,0.01,1,63521.6,0.11,1,63521.8,0.01,1,63521.9,0.02,2,63522,0.04,1,63522.1,0.01,1,63522.4,0.01,1,63522.6,6.32,3,63522.7,0.01,1,63522.8,154.18,2,63522.9,0.01,1,63523.1,0.01,1,63523.2,185.59,5,63523.3,0.02,2,63523.4,4.01,2,63523.5,0.15,1,63523.6,0.01,1,2662.1,674.85,0.5955,0.1,63519.6
1786463441500,63526.8,1523.04,87,63526.5,0.01,1,63526.4,193.78,4,63526.3,0.02,1,63526,0.26,1,63525.6,0.03,3,63525.5,15.02,3,63525.4,271.79,30,63525.3,0.01,1,63525.2,0.32,1,63525.1,2.63,2,63525,12,2,63524.9,0.32,1,63524.7,0.33,2,63524.2,2.52,2,63524.1,5.14,4,63524,2.74,2,63523.9,0.02,2,63523.6,0.33,2,63523.5,2.09,1,63523.3,0.01,1,63523.2,0.02,2,63523.1,0.32,1,63522.7,0.01,1,63522.4,88.89,2,63526.9,602.11,18,63527.6,0.01,1,63528,0.11,5,63528.4,0.01,1,63528.5,0.01,1,63528.6,90.57,5,63528.7,153.72,2,63528.8,0.03,3,63528.9,1.96,1,63529.1,0.01,1,63529.2,0.01,1,63529.3,0.01,1,63529.6,0.02,2,63529.7,12.62,3,63529.8,267.86,2,63529.9,154.18,2,63530,41.82,1,63530.1,0.02,2,63530.4,0.01,1,63530.5,0.01,1,63530.6,0.11,2,63530.7,0.01,1,63530.9,0.01,1,63531,349.04,4,63531.1,0.01,1,2121.65,1674.28,0.1179,0.1,63526.9
1786463471750,63526.9,41.73,11,63526.8,31.35,4,63526.7,0.01,1,63526.4,0.01,1,63526.1,0.07,2,63525.6,0.01,1,63525.5,0.33,4,63525.4,19.32,7,63525.3,1.03,2,63525.1,0.03,3,63525,21.79,3,63524.9,0.01,1,63524.8,2.68,2,63524.3,0.01,1,63524.2,0.01,1,63524.1,0.01,1,63524,2.62,1,63523.9,1.48,3,63523.5,0.15,1,63523.4,34.65,2,63523.3,151.1,3,63523.2,0.03,3,63522.8,0.33,2,63522.7,0.01,1,63522.6,0.32,1,63527,2176.77,65,63527.1,575.6,10,63527.2,0.02,1,63527.3,251.64,3,63527.4,154.42,6,63527.7,0.32,1,63528.1,0.01,1,63528.3,0.32,1,63528.5,0.33,2,63528.9,0.01,1,63529,0.32,1,63529.3,0.38,4,63529.4,154.19,3,63529.5,157.67,3,63529.6,260.46,6,63529.7,223.43,7,63530,0.32,1,63530.1,0.01,1,63530.2,0.36,2,63530.3,0.01,1,63530.5,0.01,1,63530.7,0.01,1,63530.9,0.01,1,63531,11.81,1,63531.3,0.02,2,309.09,3968.45,-0.8555,0.1,63526.9
1786466670855,63486.3,623.72,28,63486.2,0.01,1,63486.1,0.02,2,63486,215.07,5,63485.9,206.22,2,63485.8,0.01,1,63485.7,2.76,6,63485.6,0.01,1,63485.5,1.51,3,63485.4,0.04,3,63485.3,2.34,1,63485.1,0.39,7,63485,5.01,2,63484.9,0.32,1,63484.8,0.08,5,63484.7,0.02,2,63484.6,0.32,1,63484.5,13.02,3,63484.4,0.84,2,63484.3,6.67,1,63484.2,0.01,1,63484.1,3.41,2,63484,0.13,3,63483.9,0.03,3,63483.8,0.06,3,63486.4,1002.73,54,63486.5,8.78,9,63486.9,0.01,1,63487,0.02,1,63487.1,2.04,1,63487.2,0.01,1,63487.6,0.03,2,63487.7,4.7,4,63487.8,119.48,4,63487.9,255.27,4,63488,0.02,2,63488.2,0.32,1,63488.5,0.01,1,63488.8,0.33,2,63488.9,12.75,2,63489,3.12,1,63489.1,0.01,1,63489.3,0.33,2,63489.4,4.02,3,63489.5,0.33,2,63489.6,32.71,3,63489.7,116.73,3,63489.8,100,1,63489.9,2.68,3,63490,156.02,5,1082.02,1822.45,-0.2549,0.1,63486.4
1786466701105,63469.9,1777.62,45,63469.8,2.02,2,63469.7,0.01,1,63469.6,3.28,3,63469.5,5.16,3,63469.4,135.92,2,63469.3,258.04,4,63469.1,243.97,4,63469,425.6,12,63468.9,42.32,4,63468.8,130.56,3,63468.7,0.07,2,63468.5,308.57,4,63468.4,35.78,8,63468.3,6.63,2,63468,0.02,2,63467.5,0.01,1,63467.2,0.01,1,63467.1,0.02,2,63467,157.38,1,63466.8,0.01,1,63466.7,59.17,2,63466.6,105.85,1,63466.5,0.01,1,63466.4,0.01,1,63470,6.77,5,63470.1,0.03,2,63470.2,2.66,1,63470.3,1.42,2,63470.6,0.01,1,63470.9,0.16,1,63471,0.01,1,63471.1,0.01,1,63471.3,0.04,1,63471.6,0.01,1,63471.7,0.03,2,63471.8,4.54,4,63471.9,12.65,2,63472,123.05,2,63472.1,3.24,2,63472.2,123.07,2,63472.3,3.78,1,63472.4,0.11,2,63472.8,0.01,1,63472.9,5.56,3,63473.1,0.01,1,63473.2,0.01,1,63473.5,7.81,3,63473.9,0.01,1,63474,0.18,2,3698.04,295.18,0.8522,0.1,63469.9
1786466731305,63490,2968.94,65,63489.9,250.48,13,63489,0.01,1,63488.5,0.01,1,63488.4,0.02,1,63488.3,163.46,2,63488.2,0.01,1,63488,0.02,2,63487.9,0.03,2,63487.8,6.28,4,63487.7,23.63,1,63487.4,303.11,3,63487.3,425.92,38,63487.2,2,1,63487,0.32,1,63486.9,11.83,1,63486.7,79.2,2,63486.5,0.02,2,63486.4,0.34,3,63486.2,0.01,1,63486.1,0.81,2,63486,0.36,3,63485.8,0.01,1,63485.7,0.01,1,63485.6,0.01,1,63490.1,201.6,6,63490.4,0.01,1,63490.5,0.02,2,63490.6,2.93,1,63490.7,0.01,1,63490.9,0.01,1,63491.2,0.01,1,63491.4,0.01,1,63491.5,0.01,1,63491.7,0.01,1,63491.8,2.91,3,63491.9,2.72,1,63492,0.06,2,63492.1,2.3,1,63492.2,2.49,3,63492.3,3.17,2,63492.4,0.01,1,63492.7,3.1,1,63492.8,0.01,1,63493.1,3.16,2,63493.2,202.03,2,63493.3,1.18,1,63493.5,5,4,63493.8,0.01,1,63494,0.02,2,4236.84,432.79,0.8146,0.1,63490.1
1786466761555,63465.6,1966.88,52,63465.5,0.02,1,63465.4,0.33,2,63465.3,170.29,1,63465.2,0.01,1,63465.1,170.2,4,63464.7,0.01,1,63464.6,0.34,3,63464.5,157.38,1,63464.4,0.03,3,63464.3,15.03,4,63464.2,8.34,4,63464.1,15.64,1,63463.8,0.32,1,63463.6,0.01,1,63463.5,2.33,2,63463.4,0.02,2,63463.3,15,1,63463.2,0.33,2,63463,0.01,1,63462.9,106.36,2,63462.8,8.4,5,63462.5,0.32,1,63462.4,0.01,1,63462.3,0.01,1,63465.7,192.7,18,63465.8,0.03,2,63465.9,0.01,1,63466.4,0.01,1,63466.5,47.34,2,63466.7,0.01,1,63466.9,0.02,2,63467,2.31,1,63467.1,0.01,1,63467.2,0.03,3,63467.3,3.21,1,63467.4,0.22,1,63467.6,3.15,1,63467.7,112.39,1,63467.8,54.4,1,63467.9,0.01,1,63468,0.01,1,63468.1,0.02,2,63468.4,2.31,2,63468.7,38.94,1,63468.8,6.92,4,63469,0.01,1,63469.1,0.01,1,63469.2,0.01,1,63469.4,4.52,2,2637.62,468.6,0.6983,0.1,63465.6
1786466791755,63462.4,2141.78,40,63462.3,18.7,2,63462.2,0.32,1,63462.1,0.01,1,63461.4,0.02,1,63461.3,171.05,4,63461.2,15.03,3,63461.1,273.62,9,63461,1.43,2,63460.8,0.33,2,63460.7,3.04,4,63460.6,1.88,2,63460.5,0.01,1,63460.4,2.32,3,63460.3,0.01,1,63460.1,0.32,1,63460,0.01,1,63459.9,96.11,1,63459.8,0.01,1,63459.7,159.7,6,63459.6,194.37,3,63459.5,0.32,1,63459.4,0.01,1,63459.2,0.34,3,63459.1,0.01,1,63462.5,1093.7,27,63462.6,393.16,2,63462.8,0.01,1,63463,0.01,1,63463.1,2.3,1,63463.2,0.01,1,63463.7,0.01,1,63463.8,0.02,2,63463.9,4.85,4,63464,2.26,4,63464.1,0.01,1,63464.2,0.01,1,63464.6,0.01,1,63464.7,0.03,1,63464.8,0.33,2,63464.9,5.99,2,63465,0.01,1,63465.3,0.01,1,63465.4,0.01,1,63465.5,6.38,2,63465.6,0.04,4,63465.7,122.42,4,63465.8,30.91,5,63465.9,0.33,2,63466,110.59,1,3080.75,1773.41,0.2693,0.1,63462.4
1786466822005,63432.7,888.94,41,63432.6,0.23,4,63432.5,0.24,2,63432.4,49.62,7,63432.3,61.96,4,63432.2,1.12,4,63432.1,72.45,3,63432,0.9,4,63431.9,0.34,3,63431.8,0.06,1,63431.6,0.01,1,63431.5,0.58,2,63431.4,0.34,3,63431.3,0.01,1,63431.2,0.32,1,63431.1,0.04,1,63431,18.26,5,63430.9,0.17,3,63430.8,0.01,1,63430.7,1.59,3,63430.6,2.42,2,63430.5,0.08,2,63430.4,0.02,2,63430.3,0.04,2,63430.2,0.02,1,63432.8,1026.17,49,63432.9,78.79,6,63433,119.78,2,63433.4,0.02,1,63433.5,5,1,63433.6,0.01,1,63434,0.01,1,63434.3,0.03,2,63434.5,0.02,1,63434.6,28,3,63435.1,0.02,2,63435.3,0.16,1,63435.4,0.01,1,63435.5,0.01,1,63435.9,0.02,2,63436,0.01,1,63436.6,0.01,1,63436.8,127.08,4,63436.9,0.02,2,63437,5.52,1,63437.1,0.01,1,63437.2,0.01,1,63437.4,0.04,2,63437.5,5.52,1,63437.6,47.33,4,1099.77,1443.6,-0.1352,0.1,63432.8
1786466852255,63462.2,1650.18,54,63462.1,249.31,5,63462,261.4,8,63461.9,0.2,1,63461.7,0.02,1,63461.6,2.02,2,63461.5,2,1,63461.4,15.03,3,63461.3,571.88,8,63461.2,56.78,1,63461,0.54,1,63460.9,0.32,1,63460.7,0.01,1,63460.5,0.02,2,63460.3,0.33,2,63460.1,0.01,1,63459.8,0.02,2,63459.7,109.23,2,63459.6,0.03,1,63459.5,2.35,1,63459.4,0.32,1,63459.3,0.01,1,63459.2,161.7,3,63459.1,0.02,2,63459,110.93,5,63462.3,174.41,14,63462.4,0.03,3,63462.5,18.15,1,63462.8,0.01,1,63463,0.01,1,63463.2,0.01,1,63463.6,1,1,63463.8,0.83,3,63464.1,0.01,1,63464.2,10.03,3,63464.3,36.04,2,63464.4,116.62,2,63464.7,4,1,63464.9,0.01,1,63465,0.01,1,63465.3,0.01,1,63465.4,0.33,2,63465.6,0.03,3,63465.7,3.05,3,63465.9,0.32,1,63466,31.56,2,63466.1,12.54,2,63466.2,234.99,3,63466.3,130.66,1,63466.4,0.32,1,3194.66,774.98,0.6095,0.1,63462.2
1786466882605,63489.9,2036.23,37,63489.8,0.02,1,63489.5,0.02,1,63489.4,28.47,1,63489.3,0.03,2,63489.2,36.38,7,63489.1,6.49,2,63488.5,0.01,1,63488.4,0.04,2,63488.3,0.01,1,63488.2,43.71,2,63488.1,15.01,2,63488,13.13,7,63487.9,2.01,2,63487.8,2.03,2,63487.7,0.01,1,63487.6,8,1,63487.4,48.9,2,63487.3,93.54,2,63487.2,38.66,4,63487.1,76.63,4,63487,32,2,63486.5,0.01,1,63486,0.04,2,63485.9,0.01,1,63490,23.95,9,63490.5,0.32,1,63490.6,0.14,2,63490.9,0.01,1,63491,0.32,1,63491.2,0.33,2,63491.5,0.04,3,63491.6,12.13,2,63491.9,0.01,1,63492,0.07,3,63492.1,131.9,2,63492.3,0.33,2,63492.4,0.02,2,63492.5,0.01,1,63492.6,0.04,1,63492.9,0.36,4,63493.1,0.03,1,63493.3,0.01,1,63493.4,0.33,2,63493.5,0.17,3,63493.6,37.87,4,63493.7,87.34,2,63493.8,133.4,1,63493.9,0.32,1,63494,0.01,1,2481.39,429.46,0.7049,0.1,63489.9
1786466912855,63496.8,1041.9,30,63496.5,0.33,2,63496.1,0.96,3,63495.7,0.32,1,63495.6,0.01,1,63495.4,0.03,2,63495.3,52.09,5,63495.2,33.44,2,63495,0.33,2,63494.8,0.04,3,63494.7,133.18,4,63494.6,2.97,3,63494.4,0.02,2,63494.3,0.12,3,63494.2,20.31,2,63494,0.01,1,63493.9,2.36,1,63493.8,1.89,2,63493.7,0.01,1,63493.6,11.45,2,63493.5,0.15,1,63493.4,0.01,1,63493.3,0.11,2,63493.2,2.64,2,63493,0.01,1,63496.9,146.39,19,63497,0.02,1,63497.6,0.01,1,63498.2,0.01,1,63498.3,28.01,4,63498.4,119.46,4,63498.5,138.31,1,63499,0.01,1,63499.2,0.01,1,63499.3,34,1,63499.4,0.1,1,63499.5,0.01,1,63499.6,6.32,3,63500,1.38,1,63500.1,133.21,3,63500.3,154.18,2,63500.4,15.01,2,63500.5,2.71,6,63500.6,157.67,6,63500.7,0.01,1,63500.8,172.41,5,63500.9,0.12,4,63501,3.85,4,63501.1,0.05,1,63501.4,0.06,3,1304.69,1113.32,0.0791,0.1,63496.9
1786470325459,63530,768.48,34,63529.9,1.27,4,63529.6,0.03,3,63529.5,5,1,63529.4,0.02,1,63529.2,0.03,1,63528.7,0.01,1,63528.4,0.02,2,63528.3,2.91,1,63528.2,0.02,2,63528.1,0.02,2,63528,2.71,3,63527.8,68.35,2,63527.7,136.18,1,63527.4,0.01,1,63527.3,80.73,8,63527.2,11.8,1,63526.9,0.02,2,63526.7,0.04,3,63526.5,0.15,1,63526.4,0.02,2,63526.1,0.02,2,63525.9,172.81,3,63525.7,0.64,2,63525.4,136.25,2,63530.1,803.98,28,63530.8,0.02,1,63531.6,0.03,2,63531.7,1.9,2,63531.9,0.01,1,63532,0.01,1,63532.2,0.01,1,63532.8,0.02,2,63533.2,0.03,2,63533.3,11.81,1,63533.4,0.02,2,63533.5,0.03,2,63533.6,6,2,63533.7,0.01,1,63533.8,1.14,1,63533.9,0.01,1,63534,3.02,3,63534.1,0.03,3,63534.3,31.52,2,63534.4,131.74,4,63534.6,135.19,3,63534.7,3,1,63534.9,0.02,2,63535,115.07,3,63535.2,0.03,3,1387.54,1244.65,0.0543,0.1,63530.1
1786470355709,63552.8,117.44,14,63552.7,0.01,1,63552.6,0.01,1,63552.5,14.08,3,63552.4,1.18,1,63552.1,0.04,3,63552,7.63,5,63551.3,0.66,4,63551.2,3.45,3,63550.9,0.02,1,63550.8,0.01,1,63550.7,0.01,1,63550.5,3.15,1,63550.4,161.08,2,63550.3,2.37,2,63550.1,0.01,1,63550,1.81,5,63549.6,0.01,1,63549.5,0.02,2,63549.3,18.84,1,63549.1,152.13,1,63549,31.5,1,63548.9,133.76,2,63548.8,262.4,3,63548.7,0.01,1,63552.9,1157.25,40,63553.1,0.02,1,63553.2,51.79,2,63553.3,71,1,63553.5,0.02,1,63553.6,100.03,3,63554.4,0.01,1,63554.6,2.37,1,63555,0.01,1,63555.1,0.01,1,63555.2,147.09,4,63555.5,161.6,1,63555.6,0.02,2,63555.8,1.77,1,63556.2,0.01,1,63556.4,2.15,1,63556.6,0.12,3,63556.8,110.99,1,63557,0.01,1,63557.6,116.46,2,63557.7,0.01,1,63557.9,0.01,1,63558,0.01,1,63558.1,143.7,2,63558.4,0.01,1,911.63,2066.47,-0.3878,0.1,63552.9
1786470385959,63564.5,298.64,21,63564.4,1.16,2,63564.2,0.01,1,63564.1,0.02,2,63564,5.03,2,63563.9,0.02,1,63563.5,0.1,1,63563,0.01,1,63562.9,3.46,2,63562.8,2.01,1,63562.6,13.85,1,63562.5,0.15,1,63562,0.25,1,63561.9,98.8,1,63561.8,157.39,2,63561.7,160.99,3,63561.6,0.02,2,63561.4,0.01,1,63561.3,0.01,1,63561,2.06,2,63560.8,0.01,1,63560.7,0.01,1,63560.6,3.14,1,63560.5,104.05,1,63560.4,0.64,2,63564.6,2230.8,41,63564.7,157.86,3,63564.8,24.36,10,63565,0.02,1,63565.1,91.17,2,63565.2,0.02,1,63565.3,137.02,3,63565.5,92,2,63565.6,0.01,1,63565.7,159,3,63566.1,0.01,1,63566.4,0.01,1,63566.6,0.01,1,63566.7,0.02,2,63567,0.15,1,63567.2,0.01,1,63567.7,0.01,1,63567.8,104.21,4,63568,0.02,2,63568.2,0.01,1,63568.4,0.02,2,63568.5,1.73,3,63568.6,154.46,3,63568.7,155.01,4,63568.8,106,3,851.84,3413.94,-0.6006,0.1,63564.6
1786470416259,63572.7,3086.82,82,63572.6,302.89,8,63572.5,5,1,63572.4,0.01,1,63572.3,0.53,1,63572.2,0.01,1,63572.1,339.15,13,63572,7.36,3,63571.7,0.29,1,63571.5,0.93,1,63571.4,14.03,1,63571.2,0.02,2,63571,0.02,2,63570.8,0.93,1,63570.6,0.02,2,63570,0.03,1,63569.8,157.39,2,63569.6,0.1,1,63569.4,0.1,1,63569.2,0.01,1,63568.9,11.98,1,63568.8,0.03,3,63568.7,154.17,1,63568.4,31.49,1,63568.3,133.71,1,63572.8,323.46,18,63573.2,0.02,1,63573.3,12,2,63573.4,0.06,1,63573.8,0.01,1,63574,0.02,2,63574.1,0.03,2,63574.2,46,1,63574.4,0.05,4,63574.5,1.63,3,63574.7,100,1,63575,0.01,1,63575.3,0.01,1,63575.5,0.01,1,63575.7,0.01,1,63575.8,187.55,1,63576,0.01,1,63576.2,0.02,2,63576.3,6,2,63576.6,0.02,2,63576.7,3.01,2,63577.1,0.01,1,63577.2,3,1,63577.3,0.01,1,63577.5,3.01,2,4247.02,685.96,0.7219,0.1,63572.8
1786470446509,63558.5,78.5,7,63558.4,0.02,2,63558.2,0.01,1,63558.1,0.01,1,63558,17.19,2,63557.9,0.03,2,63557.4,0.03,1,63557.1,0.04,3,63556.8,0.02,2,63556.7,0.02,2,63556.6,0.02,2,63556.5,11.94,3,63556.4,64.8,1,63556.1,0.01,1,63556,0.01,1,63555.5,0.01,1,63555.4,199.56,2,63555.2,0.01,1,63555.1,0.01,1,63555,0.18,3,63554.9,0.03,2,63554.6,0.01,1,63554.5,0.01,1,63554.4,0.23,2,63554.2,49.26,1,63558.6,1875.18,55,63558.7,0.01,1,63558.8,0.02,1,63558.9,3.05,1,63559,0.02,1,63559.1,59.84,1,63559.2,0.03,2,63559.3,39.19,3,63559.4,0.01,1,63559.5,0.01,1,63560.1,106.28,4,63560.4,0.01,1,63560.8,42.48,1,63560.9,21.97,10,63561,21.71,2,63561.3,0.01,1,63561.6,138.52,3,63561.7,137.23,4,63561.8,58.96,1,63561.9,0.01,1,63562.4,0.32,1,63562.5,0.01,1,63562.6,0.01,1,63562.8,0.33,2,63563,0.01,1,421.96,2505.22,-0.7117,0.1,63558.6
1786470476759,63555.4,1127.08,44,63555.3,0.01,1,63555.2,0.33,2,63555.1,0.01,1,63555,0.04,3,63554.9,0.02,1,63554.8,0.34,2,63554.6,0.01,1,63554.4,17.19,3,63554.3,0.01,1,63554.2,49.26,1,63554,0.32,1,63553.9,0.03,3,63553.8,3.16,2,63553.7,271.21,1,63553.6,267.56,2,63553.5,157.56,4,63553.4,39.73,3,63553.3,0.33,2,63552.9,1.28,3,63552.8,17.08,1,63552.6,64.78,1,63552.5,154.18,2,63552.3,0.03,2,63552.2,11.93,3,63555.5,233.75,31,63555.6,0.08,1,63556.1,0.02,1,63556.2,400.22,8,63556.6,0.02,2,63557,0.01,1,63557.1,0.03,2,63557.2,19.83,3,63557.9,0.01,1,63558,0.15,1,63558.1,0.01,1,63558.3,0.01,1,63558.4,0.01,1,63558.5,0.01,1,63558.6,0.1,1,63558.8,0.02,2,63559,0.01,1,63559.1,0.03,2,63559.2,3.03,2,63559.3,39.01,2,63559.5,0.48,3,63559.6,0.01,1,63559.9,0.01,1,63560,10.34,4,63560.1,100,1,2183.48,807.2,0.4602,0.1,63555.4
1786470507009,63553.4,1226.52,36,63553.3,0.33,2,63553.2,1.27,2,63553.1,15.67,2,63552.9,0.02,2,63552.8,17.43,2,63552.7,0.02,1,63552.6,0.01,1,63552.3,1.33,2,63552.2,0.01,1,63552.1,3.47,2,63552,318.5,6,63551.9,0.03,2,63551.8,157.38,1,63551.7,0.34,3,63551.6,0.38,2,63551.5,19.86,1,63551.4,0.32,1,63551.3,0.01,1,63551.2,83.55,2,63551.1,33.05,1,63551,0.32,1,63550.8,0.01,1,63550.7,0.01,1,63550.6,1.16,1,63553.5,355.79,38,63553.6,0.1,1,63553.8,0.5,1,63554.1,0.02,1,63554.2,966.24,3,63554.3,0.33,2,63554.9,0.32,1,63555,0.15,1,63555.1,0.03,2,63555.2,27.97,4,63555.3,0.33,2,63555.4,0.03,2,63555.5,6.66,5,63555.6,0.01,1,63555.7,2.7,1,63555.8,0.32,1,63556,0.32,1,63556.1,0.01,1,63556.2,103.02,4,63556.3,0.32,1,63556.5,0.16,2,63556.6,0.35,4,63556.7,12,2,63556.8,0.01,1,63557.1,0.32,1,1881.0,1478.01,0.12,0.1,63553.4
1786470537259,63553.4,1434.3,42,63553.3,0.01,1,63553.2,0.01,1,63553.1,19.09,3,63553,0.01,1,63552.9,0.01,1,63552.8,0.32,1,63552.7,0.02,1,63552.6,1.02,2,63552.5,0.59,2,63552.3,0.01,1,63552.2,3.48,3,63552.1,31.5,1,63552,318.5,6,63551.9,0.35,3,63551.8,157.38,1,63551.7,0.02,2,63551.6,0.71,4,63551.5,19.86,1,63551.3,0.33,2,63551.2,64.78,1,63551.1,50.13,2,63550.8,0.01,1,63550.7,0.33,2,63550.6,1.16,1,63553.5,346.27,23,63553.6,0.16,4,63554.1,0.02,1,63554.2,966.24,3,63554.5,0.32,1,63555,0.47,2,63555.1,0.03,2,63555.2,31.61,4,63555.3,0.01,1,63555.4,0.03,2,63555.5,153.66,7,63555.6,0.01,1,63555.7,2.7,1,63555.8,0.34,3,63555.9,74,1,63556,0.01,1,63556.1,0.01,1,63556.2,103.34,5,63556.5,0.48,3,63556.6,0.02,2,63556.7,12,2,63556.8,0.32,1,63557,0.33,2,63557.2,0.32,1,63557.4,0.01,1,2103.93,1692.71,0.1083,0.1,63553.4
1786470567509,63546.7,3.67,11,63546.6,0.23,2,63546.2,0.12,1,63546.1,0.03,2,63546,0.1,3,63545.6,0.01,1,63545.5,0.17,3,63545.4,2.62,1,63545.1,0.01,1,63545,0.06,2,63544.8,0.01,1,63544.5,0.15,1,63544.2,1.27,2,63544.1,12.62,2,63544,0.01,1,63543.9,12.8,1,63543.8,0.01,1,63543.7,2.9,2,63543.6,0.04,1,63543.3,0.01,1,63543.2,0.03,2,63543.1,0.01,1,63543,0.15,1,63542.9,0.05,3,63542.5,7.94,2,63546.8,1071.11,45,63546.9,139.59,20,63547,98.9,2,63547.1,0.5,1,63547.2,0.32,1,63547.5,0.32,1,63547.6,0.3,1,63547.8,0.32,1,63547.9,0.01,1,63548,0.32,1,63548.1,0.01,1,63548.3,0.32,1,63548.4,0.01,1,63548.5,0.32,1,63548.8,0.33,2,63549,0.18,3,63549.1,6.09,4,63549.2,3.16,2,63549.3,31.83,3,63549.4,233.84,1,63549.5,0.37,6,63550,11.69,2,63550.1,84.42,7,63550.2,37.2,3,63550.4,0.02,2,45.02,1721.48,-0.949,0.1,63546.8
1786473693506,63280,192.04,7,63279.9,0.24,3,63279.7,0.01,1,63279.3,0.03,2,63278.6,0.41,6,63278.5,0.54,1,63278.4,0.01,1,63277.8,0.01,1,63277.5,0.17,3,63277.3,0.01,1,63277.1,0.02,2,63276.8,0.01,1,63276.6,0.02,2,63276.2,0.01,1,63276,0.24,4,63275.9,0.04,3,63275.7,0.01,1,63275.3,0.01,1,63275.2,0.03,2,63275.1,2.38,3,63275,5,1,63274.9,0.04,3,63274.8,2.49,1,63274.6,0.02,2,63274.5,2.75,4,63280.1,1682.91,68,63280.2,372.64,6,63280.3,33.64,3,63280.4,208.2,7,63280.5,278.82,4,63280.8,0.08,3,63280.9,209.92,1,63281.2,0.01,1,63281.4,42.01,4,63281.6,214.66,2,63281.8,18.8,1,63281.9,4,1,63282.1,200.22,7,63282.5,0.33,2,63282.8,2.01,2,63283,16.01,2,63283.1,0.01,1,63283.2,0.01,1,63283.3,45.94,2,63283.4,18.8,1,63283.5,196.17,9,63283.6,15.61,1,63283.7,0.01,1,63283.9,0.32,1,63284,4.43,2,206.54,3565.56,-0.8905,0.1,63280.1
1786473723756,63254.9,679.51,37,63254.8,1.37,2,63254.6,0.01,1,63254.4,0.03,3,63254.3,0.02,1,63254.2,0.32,1,63254,0.01,1,63253.5,0.01,1,63253.4,0.01,1,63253.3,0.02,2,63253.2,0.02,1,63253.1,0.32,1,63252.8,0.35,3,63252.7,1.26,1,63252.3,0.01,1,63252.2,0.01,1,63252.1,0.32,1,63252,0.25,6,63251.7,0.01,1,63251.6,0.01,1,63251.3,0.32,1,63251.2,0.01,1,63251.1,0.01,1,63251,2.25,3,63250.9,0.32,1,63255,1027.64,53,63255.1,3.42,3,63255.7,0.03,1,63256,1.3,3,63256.1,8.36,3,63256.2,25.76,10,63256.5,0.01,1,63256.6,0.01,1,63256.7,0.02,2,63256.9,0.03,3,63257,2.1,1,63257.1,0.01,1,63257.6,0.01,1,63257.7,0.01,1,63258,0.19,3,63258.1,197.46,3,63258.2,0.01,1,63258.3,0.01,1,63258.7,0.01,1,63258.8,0.01,1,63258.9,0.01,1,63259.1,0.32,1,63259.3,0.01,1,63259.4,11.83,3,63259.5,0.15,1,686.78,1278.72,-0.3012,0.1,63254.9
1786473754006,63252.6,868.72,39,63252.5,5.01,2,63252.1,0.02,1,63252,95.37,3,63251.9,2.92,3,63251.7,0.03,2,63251.6,203.16,3,63251.2,0.01,1,63251,0.01,1,63250.7,0.01,1,63250.6,0.8,2,63250.5,0.15,1,63250.4,0.01,1,63250.3,1.26,1,63250.2,0.02,2,63250.1,6.9,4,63250,20.93,2,63249.5,0.01,1,63249.2,0.01,1,63249,0.15,1,63248.8,0.17,3,63248.7,0.01,1,63248.4,0.02,2,63248.3,2.1,1,63248.2,178.58,2,63252.7,139.14,23,63252.9,0.01,1,63253,22.74,1,63253.1,0.16,1,63253.3,0.02,1,63253.5,0.03,3,63253.7,0.01,1,63254,0.02,2,63254.1,0.21,1,63254.2,0.02,2,63254.3,1.55,1,63254.4,0.35,4,63254.5,0.12,3,63254.6,2.35,3,63254.7,3.17,2,63254.8,179.69,8,63254.9,21.04,5,63255,56.2,17,63255.1,1.86,5,63255.2,0.03,2,63255.3,2.47,4,63255.5,0.33,2,63255.6,3.86,7,63255.7,0.01,1,63255.8,2.91,4,1386.38,438.3,0.5196,0.1,63252.6
1786473784306,63282.8,674.02,34,63282.7,0.02,1,63282.6,0.02,1,63282.5,5.54,2,63282.3,0.03,2,63282.2,6.6,1,63282.1,0.03,2,63282,5.25,3,63281.9,105.68,5,63281.8,4.21,1,63281.5,0.32,1,63281.2,0.01,1,63280.7,0.01,1,63280.4,0.32,1,63280.3,1.26,1,63280.2,0.01,1,63280.1,19.87,5,63280,0.03,3,63279.9,36.56,6,63279.8,2.41,1,63279.7,0.33,2,63279.6,69.77,4,63279.5,0.01,1,63279.2,2.67,2,63279,0.47,1,63282.9,487.91,16,63283,803.46,4,63283.1,1.67,1,63283.2,0.04,4,63283.3,0.31,9,63283.5,0.03,2,63283.6,0.06,1,63283.7,0.01,1,63283.8,2.25,1,63284,0.67,5,63284.1,0.03,1,63284.2,0.32,1,63284.3,0.01,1,63284.5,0.32,1,63284.6,0.01,1,63284.8,0.33,2,63285,0.75,8,63285.1,0.08,2,63285.2,0.02,2,63285.4,0.03,3,63285.6,0.02,2,63285.7,0.07,3,63285.8,0.18,4,63285.9,0.02,2,63286,0.07,4,935.45,1298.67,-0.1626,0.1,63282.9
1786473814556,63279.9,811.55,39,63279.8,0.02,1,63279.7,15.95,1,63279.6,0.02,1,63279.5,5.32,2,63279.3,0.52,2,63279.2,0.06,2,63279.1,1.74,2,63279,5.01,2,63278.9,0.32,1,63278.5,0.01,1,63278.4,143.16,6,63278.2,0.01,1,63278.1,1.91,1,63277.8,0.01,1,63277.6,0.01,1,63277.5,16.26,2,63277.4,48.23,11,63277.2,0.33,2,63276.8,0.01,1,63276.7,2,1,63276.6,0.01,1,63276.5,2,1,63276.4,0.17,2,63276.3,17.01,3,63280,541.49,18,63280.1,16.87,1,63280.4,0.01,1,63280.5,0.01,1,63280.7,0.02,1,63280.8,0.33,2,63281.1,0.02,2,63281.2,0.33,2,63281.4,0.02,2,63281.5,2.62,1,63281.6,0.01,1,63281.7,18.38,1,63281.8,0.02,2,63281.9,3.08,2,63282,33.48,3,63282.1,0.04,3,63282.2,179.88,1,63282.4,0.01,1,63282.5,0.01,1,63282.7,31.63,1,63282.8,95.33,1,63282.9,0.01,1,63283,803.77,4,63283.1,0.02,1,63283.2,31.05,7,1071.64,1758.44,-0.2427,0.1,63279.9
1786473844806,63297.2,781.44,35,63297,0.02,1,63296.9,4.27,2,63296.8,2.11,2,63296.7,11.94,4,63296.6,0.05,2,63296.3,0.01,1,63296.2,4.25,1,63296.1,0.01,1,63296,2.38,3,63295.7,0.01,1,63295.6,0.01,1,63295.5,0.15,1,63295.1,0.02,2,63295,186.62,4,63294.8,0.01,1,63294.5,0.34,3,63294.4,2.04,1,63294.2,0.32,1,63294.1,0.01,1,63294,29.12,7,63293.9,0.01,1,63293.8,0.32,1,63293.6,0.17,1,63293.5,0.23,2,63297.3,778.17,54,63298,0.03,2,63298.1,15.88,2,63298.2,17.05,1,63298.5,0.01,1,63298.6,0.02,2,63298.8,0.01,1,63299.1,0.01,1,63299.2,31.63,2,63299.3,215.61,1,63299.4,0.01,1,63299.6,0.01,1,63300,168.15,5,63300.1,21.69,4,63300.2,82.91,4,63300.3,2.44,2,63300.4,2.86,4,63300.5,249.93,4,63300.6,154.42,6,63300.7,0.33,2,63300.8,1.07,7,63300.9,1.11,4,63301,39.95,5,63301.1,0.01,1,63301.2,0.01,1,1025.86,1783.32,-0.2696,0.1,63297.2
1786473875056,63298.9,549.28,21,63298.6,0.02,1,63298.5,7.22,1,63298.2,0.04,2,63298.1,6.7,4,63298,115.18,1,63297.4,0.02,2,63297.3,4.6,4,63297.2,2.02,1,63297.1,0.01,1,63297,3.27,3,63296.9,2.73,1,63296.7,125.75,1,63296.6,0.36,3,63296.2,0.33,2,63296,5.01,2,63295.9,0.32,1,63295.7,0.41,4,63295.6,0.01,1,63295.5,0.48,3,63295.4,0.01,1,63295.3,2.24,1,63295.2,0.32,1,63295.1,0.01,1,63294.8,0.33,2,63299,1016.12,57,63299.1,68.23,4,63299.2,34.48,2,63299.4,0.32,1,63299.6,0.03,2,63299.8,0.01,1,63299.9,31.96,4,63300,23.18,5,63300.1,172.57,5,63300.2,177.03,4,63300.3,0.33,2,63300.4,0.04,3,63300.5,0.01,1,63300.6,0.55,5,63300.7,0.01,1,63300.8,1.06,6,63300.9,0.12,4,63301,40.27,6,63301.1,0.01,1,63301.2,0.32,1,63301.3,19.79,1,63301.4,1.41,2,63301.5,5.16,3,63301.6,33.18,3,63301.7,0.01,1,826.67,1626.2,-0.326,0.1,63298.9
1786473905306,63277.4,284.05,25,63277,0.01,1,63276.8,0.03,2,63276.5,0.01,1,63276.4,0.01,1,63276,0.01,1,63275.8,0.01,1,63275.7,0.01,1,63275.6,1.28,4,63275.5,4.74,1,63275.4,0.01,1,63275.1,0.04,3,63275,1.81,5,63274.8,0.01,1,63274.6,0.02,1,63274.5,0.17,3,63274.4,0.32,1,63274.3,0.01,1,63274.1,0.01,1,63274,0.32,1,63273.6,0.03,3,63273.5,0.01,1,63273.3,0.03,2,63273.2,15,2,63273.1,0.01,1,63277.5,2361.27,68,63277.6,0.12,2,63277.7,0.01,1,63277.8,105.24,2,63277.9,158.45,3,63278,163.19,3,63278.2,0.44,2,63278.4,0.32,1,63278.7,17.28,2,63278.9,0.32,1,63279,0.02,2,63279.2,0.01,1,63279.5,0.33,2,63279.8,0.32,1,63280,10.02,3,63280.1,115.04,3,63280.2,0.01,1,63280.3,18.39,1,63280.4,3,3,63280.5,1.19,2,63280.7,154.17,1,63280.8,0.01,1,63280.9,0.32,1,63281,0.01,1,63281.1,0.01,1,307.96,3109.49,-0.8198,0.1,63277.4
1786473935556,63293,640.84,25,63292.9,0.04,2,63292.8,0.02,2,63292.7,0.5,1,63292.6,0.02,1,63292.5,520.17,6,63292.4,15,1,63292.3,0.16,1,63292.1,0.4,1,63291.3,0.01,1,63291.2,0.01,1,63291,0.18,3,63290.9,2.22,1,63290.8,0.02,2,63290.7,5.46,2,63290.6,0.01,1,63290.5,2.3,2,63290.3,5,1,63290,0.01,1,63289.9,0.01,1,63289.8,0.48,2,63289.7,1.26,1,63289.6,0.02,2,63289.5,0.15,1,63289.4,0.01,1,63293.1,836.41,34,63293.2,5.37,4,63293.4,0.32,1,63293.6,0.01,1,63293.7,2.45,2,63293.8,0.32,1,63293.9,1.33,3,63294,0.06,1,63294.1,0.33,2,63294.3,0.32,1,63294.6,0.34,3,63294.7,4.55,3,63294.8,0.32,1,63294.9,0.01,1,63295,7.18,1,63295.1,16.87,1,63295.2,0.33,2,63295.3,2.98,1,63295.4,0.02,2,63295.5,0.15,1,63295.7,3.36,4,63296,0.34,3,63296.1,31.62,1,63296.2,199.95,3,63296.4,49.52,3,1194.3,1164.46,0.0127,0.1,63293.1
1786477734301,63402,709.58,22,63401.6,0.01,1,63401.3,0.02,1,63400.8,0.01,1,63400.7,0.01,1,63400.6,0.01,1,63400.5,0.17,3,63400.2,0.01,1,63399.9,1.02,2,63399.3,0.01,1,63399.2,0.01,1,63399.1,0.32,1,63399,0.17,3,63398.9,110.25,3,63398.8,29.66,4,63398.7,0.01,1,63398.6,0.32,1,63398.5,0.01,1,63398.4,9.53,6,63398.3,0.32,1,63398.2,1.48,4,63397.8,0.33,2,63397.7,2.56,1,63397.6,0.03,2,63397.5,118.54,2,63402.1,1336.09,49,63402.3,0.32,1,63402.6,0.32,1,63402.8,0.04,1,63402.9,0.32,1,63403.1,0.03,2,63403.2,3.49,3,63403.3,164.87,2,63403.4,0.02,1,63403.5,237.5,3,63403.6,312.32,4,63403.8,0.01,1,63403.9,8.02,3,63404,2.3,4,63404.1,33.12,1,63404.2,0.01,1,63404.8,0.02,2,63404.9,0.01,1,63405,37.9,4,63405.1,549.1,9,63405.2,81.15,2,63405.3,16.47,2,63405.4,0.02,2,63405.6,0.01,1,63405.7,223.53,5,984.39,3006.99,-0.5067,0.1,63402.1
1786477764501,63400,59.24,8,63399.3,0.02,1,63399.2,0.01,1,63398.9,0.01,1,63398.8,18.11,1,63398.5,0.01,1,63398.4,9.51,4,63398.3,0.01,1,63398.2,2.5,3,63397.8,0.01,1,63397.7,0.01,1,63397.6,0.03,2,63397.5,0.15,1,63397.2,0.33,2,63397,15.26,2,63396.8,117.38,4,63396.6,0.36,4,63396.5,0.01,1,63396.4,0.32,1,63396.2,0.01,1,63396.1,0.02,2,63396,0.23,7,63395.9,0.32,1,63395.7,0.33,2,63395.5,0.32,1,63400.1,2833.31,79,63400.2,241.27,5,63400.3,0.02,1,63400.4,281.06,4,63400.5,312.31,3,63400.6,49,5,63400.8,0.42,2,63401,0.49,2,63401.4,0.32,1,63401.6,0.04,4,63401.7,0.81,3,63401.9,0.32,1,63402,0.02,2,63402.1,0.01,1,63402.3,0.32,1,63402.5,0.01,1,63402.6,100,1,63402.7,0.01,1,63403,27.82,2,63403.2,0.02,2,63403.3,235.72,3,63403.4,15.33,3,63403.5,20.65,5,63403.6,0.32,1,63403.7,0.1,1,224.51,4119.7,-0.8966,0.1,63400.1
1786477794701,63391.2,428.9,21,63390.8,0.55,1,63390.7,0.91,1,63390.6,0.01,1,63390.5,0.03,2,63390.1,1.11,2,63390,100.02,6,63389.9,0.03,3,63389.8,0.04,1,63389.7,0.06,3,63389.5,1.1,1,63389.4,0.09,4,63389.3,0.03,1,63389.1,0.3,2,63389,0.8,1,63388.9,0.01,1,63388.8,0.04,4,63388.7,0.04,3,63388.6,0.01,1,63388.4,0.96,2,63388.3,0.04,4,63388.2,112.08,2,63388.1,0.14,2,63388,2.9,7,63387.9,0.24,3,63391.3,1223.87,55,63391.4,0.02,1,63391.5,103.17,2,63391.6,0.32,1,63391.8,0.02,1,63391.9,100.01,2,63392,0.2,3,63392.1,0.32,1,63392.4,0.01,1,63392.5,0.32,1,63392.6,0.01,1,63392.8,0.36,4,63392.9,6.32,2,63393,204.07,4,63393.1,0.02,1,63393.2,17.8,3,63393.4,0.01,1,63393.5,0.33,2,63394,0.02,2,63394.1,0.01,1,63394.2,0.32,1,63394.3,0.01,1,63394.4,1.34,6,63394.5,29.8,4,63394.6,0.32,1,650.44,1689.0,-0.4439,0.1,63391.2
1786477825001,63370,341.24,48,63369.9,0.02,2,63369.8,0.01,1,63369.7,0.05,2,63369.6,0.05,5,63369.5,1.14,3,63369.4,0.03,2,63369.3,0.01,1,63369,0.03,3,63368.9,5.85,2,63368.8,0.01,1,63368.7,0.03,3,63368.6,0.01,1,63368.5,109.47,2,63368.3,0.14,3,63368.1,0.01,1,63368,1.02,2,63367.8,0.09,4,63367.7,1.66,3,63367.6,0.02,2,63367.5,0.01,1,63367.4,0.39,4,63367.3,1.11,4,63367.2,0.04,4,63367.1,0.96,4,63370.1,1947.34,65,63370.2,0.14,3,63370.3,35.08,4,63370.4,328.2,5,63370.5,3.18,2,63370.6,259.64,7,63370.8,0.4,1,63370.9,0.32,1,63371.3,0.32,1,63371.7,0.02,2,63371.8,18.02,4,63371.9,0.33,2,63372,158.12,1,63372.1,0.02,2,63372.2,188.49,3,63372.4,0.02,2,63372.5,63.63,4,63372.6,168.19,1,63372.7,0.33,2,63372.8,0.02,2,63372.9,302.44,1,63373,0.33,2,63373.1,18,2,63373.2,356.68,3,63373.3,493.15,2,463.4,4342.41,-0.8072,0.1,63370.1
1786477855201,63375,1438.55,60,63374.9,0.01,1,63374.8,7.84,3,63374.6,0.33,2,63374.5,5,1,63374.4,0.01,1,63374.3,0.4,2,63373.6,0.32,1,63373.5,0.01,1,63373.4,0.34,3,63373.3,12.64,2,63373.2,0.02,2,63373.1,100.01,2,63373,4.47,1,63372.9,0.01,1,63372.8,0.02,2,63372.4,0.34,3,63372,0.19,3,63371.9,0.01,1,63371.8,7.26,4,63371.7,200.02,3,63371.6,7.05,3,63371.5,0.01,1,63371.3,0.01,1,63371.2,0.33,2,63375.1,752.94,34,63375.2,0.15,1,63375.3,0.41,1,63375.7,0.78,3,63375.8,0.01,1,63376,0.03,2,63376.1,2.09,5,63376.5,0.01,1,63376.6,0.05,4,63376.7,86.05,5,63376.8,100.01,2,63377,0.02,1,63377.2,0.01,1,63377.4,0.41,1,63377.8,0.02,2,63378,0.16,2,63378.1,0.01,1,63378.2,0.01,1,63378.3,11.84,1,63378.5,0.01,1,63378.6,31.6,3,63378.7,154.49,2,63378.8,0.01,1,63378.9,0.01,1,63379.1,0.32,1,1785.2,1141.45,0.22,0.1,63375.1
1786477885351,63394.1,873.13,54,63394,5.18,2,63393.9,0.01,1,63393.8,137.22,5,63393.6,0.02,2,63393.5,5.32,2,63393.4,0.22,3,63393.3,14.2,1,63392.9,0.32,1,63392.8,0.01,1,63392.7,0.33,2,63392.6,2.86,2,63392.4,0.33,2,63392.1,0.32,1,63392,0.03,3,63391.8,0.01,1,63391.7,115.77,2,63391.6,108.28,4,63391.5,2,1,63391.4,0.01,1,63391.2,0.33,2,63391,0.32,1,63390.9,0.28,1,63390.8,0.34,3,63390.6,28,3,63394.2,1008.68,29,63394.3,5.25,1,63394.4,0.06,1,63394.8,0.02,1,63394.9,0.33,2,63395,0.02,2,63395.1,0.08,2,63395.2,100.35,5,63395.4,0.32,1,63395.7,0.35,3,63395.8,45.65,3,63395.9,131.28,2,63396,0.04,3,63396.2,158.13,2,63396.4,0.22,1,63396.6,0.36,4,63396.7,0.01,1,63396.9,0.1,2,63397.2,6.64,3,63397.4,11.85,1,63397.5,0.47,2,63397.6,0.02,1,63397.8,0.01,1,63397.9,0.01,1,63398,0.03,2,1294.84,1470.28,-0.0634,0.1,63394.1
1786477915551,63395.1,1040.71,52,63395,0.19,2,63394.7,0.01,1,63394.6,13.87,4,63394.5,5,1,63394.4,0.22,1,63394.3,0.34,3,63394.2,2.86,3,63394.1,14.17,12,63394,5,1,63393.7,0.32,1,63393.6,0.03,3,63393.5,2.67,2,63393,0.34,3,63392.8,0.33,2,63392.6,0.01,1,63392.4,0.33,2,63392.2,0.32,1,63392.1,0.01,1,63392,0.03,3,63391.9,0.04,1,63391.6,0.01,1,63391.5,0.15,1,63391.4,0.02,2,63391.3,15.98,1,63395.2,769.19,33,63395.3,0.05,1,63395.7,0.32,1,63395.8,0.02,1,63395.9,0.01,1,63396,0.4,5,63396.3,0.03,2,63396.4,126.45,3,63396.5,158.44,2,63396.6,0.04,3,63396.7,0.01,1,63396.8,0.32,1,63397,0.32,1,63397.3,0.01,1,63397.4,0.32,1,63397.6,0.02,1,63397.7,0.34,2,63397.8,31.59,3,63397.9,154.5,3,63398,100,1,63398.1,0.33,2,63398.3,0.33,2,63398.4,6.36,6,63398.5,158.13,2,63398.6,103.05,1,1102.96,1610.58,-0.1871,0.1,63395.1
1786477945751,63402.8,2361.38,73,63402.7,0.03,2,63402.6,6.25,1,63402.5,0.5,1,63402.4,0.01,1,63402.2,0.03,2,63402.1,16.81,2,63401.7,0.34,3,63401.6,1.07,4,63401.3,0.01,1,63401.1,0.03,2,63401,1.74,4,63400.7,0.01,1,63400.6,0.01,1,63400.2,130.35,2,63400.1,0.01,1,63400,17.02,4,63399.9,5.95,7,63399.8,200,1,63399.6,0.34,2,63399.2,0.01,1,63399.1,0.32,1,63399,0.01,1,63398.8,15.8,3,63398.7,88.77,6,63402.9,311.92,27,63403.2,0.02,2,63403.3,0.01,1,63403.5,0.02,1,63403.7,0.01,1,63403.8,0.01,1,63403.9,47.84,3,63404,158.76,3,63404.1,0.02,2,63404.2,1.01,2,63404.3,0.01,1,63404.5,0.11,2,63404.7,0.27,3,63404.8,0.02,2,63404.9,0.01,1,63405,0.01,1,63405.1,0.01,1,63405.4,0.01,1,63405.6,0.05,3,63405.7,6.32,2,63405.8,31.59,3,63405.9,122.48,3,63406,158.19,3,63406.1,11.54,1,63406.2,47.57,4,2846.8,897.81,0.5205,0.1,63402.9
1786477975901,63409.9,1798.45,87,63409.8,0.01,1,63409.5,0.01,1,63409.2,0.38,1,63409.1,0.32,1,63409,0.01,1,63408.8,0.36,4,63408.7,1.77,6,63408.6,104.22,3,63408.5,316.19,5,63408.4,0.01,1,63408.2,0.32,1,63408.1,0.01,1,63408,0.02,2,63407.8,0.01,1,63407.5,0.02,2,63407.4,0.02,2,63407.3,119.67,2,63407.2,0.34,3,63407.1,140.43,2,63407,122.67,4,63406.9,0.02,2,63406.8,100,1,63406.7,0.73,3,63406.6,0.01,1,63410,457.09,19,63410.1,2.4,2,63410.3,0.02,2,63410.4,0.02,2,63410.5,100,1,63410.6,0.02,1,63410.8,0.32,1,63411.2,0.01,1,63411.5,0.34,3,63411.6,0.1,2,63411.7,0.32,1,63411.9,0.01,1,63412,0.34,3,63412.1,0.01,1,63412.4,0.26,2,63412.5,0.18,3,63412.6,0.13,2,63412.7,6.32,2,63412.8,0.03,3,63412.9,141.63,1,63413.1,0.33,2,63413.2,11.6,1,63413.3,0.01,1,63413.4,0.34,3,63413.5,0.01,1,2706.0,721.84,0.5788,0.1,63409.9
1786480283901,63687.9,116.57,15,63687.2,0.34,1,63686.7,0.03,2,63686.6,13.49,7,63686.4,0.03,2,63686.3,7.05,2,63685.9,0.03,2,63685.8,2.07,5,63685.7,143.21,2,63685.6,28,3,63685.4,0.11,1,63685.2,0.11,1,63685.1,0.01,1,63685,0.01,1,63684.9,0.01,1,63684.8,0.01,1,63684.7,47.13,1,63684.5,3.77,3,63684.2,0.01,1,63684.1,6.34,4,63684,3.71,2,63683.8,3.14,1,63683.7,12.57,1,63683.6,134.13,1,63683.5,28.01,4,63688,664.17,30,63688.1,0.26,3,63688.2,0.33,2,63688.3,5.21,6,63688.4,33.44,3,63688.5,102.04,4,63688.6,0.03,2,63688.7,0.33,2,63688.8,0.23,4,63688.9,0.06,2,63689,205.9,5,63689.1,209.25,5,63689.2,1.33,1,63689.3,0.91,1,63689.4,0.32,1,63689.5,0.12,2,63689.6,0.07,4,63689.7,0.04,2,63689.8,0.2,2,63690,1.58,13,63690.1,154.18,2,63690.2,143.22,3,63690.4,100.11,6,63690.5,0.03,2,63690.7,0.48,3,549.89,1623.84,-0.4941,0.1,63687.9
1786480314151,63710.4,869.94,23,63710.3,0.53,2,63710.2,0.02,1,63710.1,20.67,3,63710,52.07,2,63709.7,0.14,1,63709.1,0.02,2,63708.8,0.34,3,63708.7,0.01,1,63708.6,0.64,2,63708.5,0.01,1,63708.4,0.13,3,63708.3,128.69,1,63708.1,0.32,1,63708,0.11,2,63707.8,0.38,2,63707.7,0.01,1,63707.6,0.01,1,63707.5,3.03,4,63707.4,47.12,2,63707.3,0.02,2,63707.2,0.38,2,63707.1,0.01,1,63706.9,0.01,1,63706.8,0.01,1,63710.5,1120.45,58,63710.6,121.99,3,63710.7,56.91,4,63710.8,15.28,8,63710.9,0.01,1,63711,0.03,3,63711.1,3.14,4,63711.2,0.07,3,63711.3,0.01,1,63711.5,0.02,2,63711.6,0.03,2,63711.7,5.25,4,63711.8,0.04,3,63711.9,4.9,1,63712,0.07,6,63712.1,0.03,2,63712.2,0.02,2,63712.3,0.05,2,63712.4,0.09,2,63712.5,0.02,1,63712.6,0.34,3,63712.8,0.37,4,63712.9,2.27,2,63713,1.59,4,63713.1,0.01,1,1124.62,1332.99,-0.0848,0.1,63710.4
1786480344401,63700,1591.12,12,63699.9,0.34,5,63699.8,0.01,1,63699.6,0.03,2,63699.5,5.25,1,63699.3,0.02,1,63699.2,0.01,1,63699,0.01,1,63698.9,0.02,1,63698.6,0.02,1,63698.4,0.03,3,63698.1,0.01,1,63698,0.22,1,63697.9,0.07,3,63697.8,4.19,2,63697.6,0.04,3,63697.5,3.3,1,63697.3,0.01,1,63697.2,50.26,4,63697.1,0.01,1,63697,0.01,1,63696.6,0.03,3,63696.5,2.56,1,63696.4,0.02,2,63696.3,1.01,2,63700.1,2206.91,77,63700.2,190.25,4,63700.3,283.92,4,63700.4,94.45,3,63700.5,8,1,63700.7,0.01,1,63700.8,1.85,4,63700.9,0.01,1,63701,8,1,63701.1,0.01,1,63701.2,0.01,1,63701.3,5,1,63701.4,0.01,1,63701.5,18.32,3,63701.6,0.01,1,63701.9,3.15,2,63702,51.87,4,63702.1,94.5,3,63702.2,237.34,2,63702.3,157.25,1,63702.4,169.9,5,63702.5,18.33,4,63702.7,15,1,63702.8,0.33,2,63703.1,0.01,1,1658.6,3564.44,-0.3649,0.1,63700.1
1786480374751,63688.9,820.93,22,63688.6,0.02,1,63688.5,5,1,63688.2,0.06,1,63688.1,0.03,2,63688,5.02,3,63687.7,0.03,2,63687.6,4,1,63687.3,0.02,2,63687.2,0.01,1,63686.8,121.94,1,63686.6,2.88,1,63686.5,2.9,2,63686.4,0.02,2,63686.2,0.01,1,63686.1,1.25,1,63686,0.01,1,63685.9,0.01,1,63685.8,0.01,1,63685.5,135.33,1,63685.4,31.43,1,63685.3,136.92,1,63685.2,3.15,2,63685.1,133.46,1,63685,0.32,1,63689,568.59,31,63689.2,0.01,1,63689.3,9.42,1,63689.6,1.26,3,63689.7,0.02,1,63689.8,0.02,2,63689.9,2.84,1,63690,0.06,4,63690.1,8.99,3,63690.2,0.33,2,63690.3,1.24,1,63690.5,3.17,3,63690.7,0.33,2,63690.8,0.01,1,63690.9,0.01,1,63691,135.97,1,63691.1,0.33,2,63691.2,0.01,1,63691.3,0.02,2,63691.4,0.32,1,63691.5,0.01,1,63691.6,0.32,1,63691.8,0.33,2,63692,3.16,3,63692.1,31.75,2,1404.76,768.52,0.2928,0.1,63688.9
1786480405001,63672,645.22,23,63671.9,0.01,1,63671.8,50,1,63671.7,0.05,1,63671.4,0.02,1,63671.3,0.01,1,63671.1,0.01,1,63671,2.44,1,63670.9,0.01,1,63670.8,0.04,3,63670.7,3.78,3,63670.6,0.01,1,63670.4,0.02,2,63670.2,0.04,1,63670.1,0.01,1,63670,12.54,21,63669.9,127.53,1,63669.8,0.02,2,63669.6,0.33,2,63669.5,0.15,4,63669.3,0.32,1,63669,2.79,5,63668.9,0.01,1,63668.8,1.13,3,63668.6,0.33,2,63672.1,977.55,81,63672.2,0.32,1,63672.5,0.02,1,63672.6,5,1,63672.8,0.22,1,63673,0.33,1,63673.1,0.03,2,63673.2,14.92,4,63673.5,0.33,2,63673.6,0.36,4,63673.8,0.03,2,63673.9,37.24,2,63674,15,1,63674.1,0.35,4,63674.2,15.01,2,63674.3,1.81,3,63674.4,3.06,3,63674.7,0.32,1,63674.9,0.32,1,63675,3.15,2,63675.1,31.44,2,63675.2,240.03,3,63675.4,0.32,1,63675.5,45.62,1,63675.6,0.32,1,846.82,1393.1,-0.2439,0.1,63672.1
1786480435251,63662.3,756.39,33,63662,0.02,1,63661.8,0.32,1,63661.7,0.01,1,63661.6,2.38,3,63661.5,0.01,1,63661.4,0.33,2,63661.3,5.25,1,63661.2,0.01,1,63661.1,0.32,1,63661,1.25,1,63660.9,0.01,1,63660.8,0.03,3,63660.6,0.32,1,63660.5,0.08,1,63660.4,0.02,2,63660.3,0.33,2,63660.2,0.01,1,63660.1,0.01,1,63660,6.2,8,63659.9,0.04,2,63659.8,0.93,1,63659.7,0.09,1,63659.6,0.39,5,63659.4,0.02,2,63662.4,721.72,61,63662.5,0.15,1,63662.6,0.09,1,63663.1,0.26,1,63663.6,0.01,1,63663.9,0.31,2,63664,0.02,2,63664.1,0.01,1,63664.2,0.32,1,63664.3,134.89,3,63664.4,128.53,2,63664.5,0.01,1,63664.9,0.01,1,63665,0.32,1,63665.1,0.01,1,63665.3,0.32,1,63665.5,0.32,1,63665.7,0.01,1,63665.8,0.32,1,63666,0.35,2,63666.2,0.32,1,63666.3,0.04,3,63666.4,3.5,5,63666.5,31.45,2,63666.6,130.9,2,774.77,1154.19,-0.1967,0.1,63662.4
1786480465501,63640.9,806.42,34,63640.8,0.01,1,63640.6,0.15,1,63640.5,0.39,2,63640.4,0.03,2,63640.3,0.03,2,63640.2,2.47,2,63640.1,0.01,1,63640,17.32,51,63639.9,0.01,1,63639.8,0.01,1,63639.7,0.01,1,63639.4,0.06,3,63639.3,0.09,3,63639.1,0.32,1,63639,0.22,3,63638.9,0.55,3,63638.8,134.78,3,63638.7,0.04,3,63638.6,0.04,1,63638.5,0.04,2,63638.4,0.07,6,63638.3,0.01,1,63638.1,0.01,1,63638,0.01,1,63641,1970.8,90,63641.1,27.41,4,63641.2,0.02,1,63641.3,2.38,3,63641.6,0.05,4,63641.7,110.81,3,63641.8,0.03,2,63641.9,18.62,2,63642,0.01,1,63642.1,157.25,1,63642.5,0.01,1,63642.6,0.32,1,63642.7,0.01,1,63642.9,0.32,1,63643.1,0.01,1,63643.4,0.47,3,63643.5,15.01,2,63643.6,113.43,9,63643.7,0.55,2,63643.8,0.33,2,63644,0.01,1,63644.3,0.01,1,63644.4,0.01,1,63644.7,0.32,1,63644.8,0.02,2,963.1,2418.21,-0.4303,0.1,63640.9
1786480495801,63648.5,2249.84,55,63648.4,8.48,5,63648.3,60.06,5,63648.2,0.01,1,63648,0.02,2,63647.9,0.02,2,63647.8,15.64,1,63647.7,0.04,1,63647.5,0.03,3,63647.4,176.36,3,63647.3,14.06,5,63647.2,159.54,3,63647.1,17.01,3,63647,8.32,2,63646.9,0.01,1,63646.3,0.01,1,63646.1,137.03,3,63646,28.01,4,63645.8,0.01,1,63645.3,0.18,1,63645.2,129.45,3,63645.1,0.01,1,63645,1.53,1,63644.9,0.35,4,63644.8,0.07,4,63648.6,15.05,5,63648.9,0.01,1,63649.3,0.02,1,63649.5,0.02,1,63649.8,0.01,1,63649.9,0.62,1,63650,0.01,1,63650.1,0.01,1,63650.2,0.03,2,63650.4,0.01,1,63650.7,0.02,1,63650.8,4.58,2,63651.2,0.01,1,63651.8,0.02,2,63652,0.22,1,63652.2,0.02,2,63652.3,0.15,1,63652.5,0.03,2,63652.6,12.58,2,63652.8,0.03,3,63652.9,0.03,2,63653,3.23,1,63653.1,0.02,2,63653.2,0.01,1,63653.3,3.14,1,3006.09,39.88,0.9738,0.1,63648.6
1786480526051,63648.5,323.37,32,63648.4,0.05,3,63648.3,28.01,4,63648.2,4.7,2,63648,0.32,3,63647.7,0.04,1,63647.5,0.01,1,63647.3,0.02,2,63646.9,0.15,2,63646.6,0.02,2,63646.5,3.34,2,63646.4,129.33,3,63646.3,0.01,1,63646.1,0.34,3,63646,29.21,4,63645.8,0.34,3,63645.7,2.28,1,63645.6,32.01,2,63645.5,0.32,1,63645.4,0.01,1,63645.3,1.07,7,63645.1,165,2,63645,14.74,3,63644.9,0.04,4,63644.8,12.02,4,63648.6,1089.98,53,63648.7,0.04,1,63648.9,0.58,3,63649,0.01,1,63649.2,0.32,1,63649.3,0.02,1,63649.5,0.02,1,63649.6,0.32,1,63649.8,0.04,3,63649.9,4.28,5,63650,10.01,2,63650.1,0.02,2,63650.2,0.03,2,63650.3,0.32,1,63650.4,0.02,2,63650.6,0.32,1,63650.7,0.01,1,63651,0.01,1,63651.2,0.02,2,63651.3,0.33,2,63651.4,0.02,1,63651.5,3.47,3,63651.6,31.45,1,63651.7,133.7,3,63651.8,11.54,4,746.75,1286.88,-0.2656,0.1,63648.6
