timestamp_ms,side,price,size,trade_id
1782951630691,sell,59755.5,0.00001502,1028284480
1782951630691,sell,59755.5,0.00034035,1028284479
1782951630685,sell,59758.2,0.00004657,1028284478
1782951630685,sell,59758.5,0.00034035,1028284477
1782951630685,sell,59758.6,0.00029889,1028284476
1782951630685,sell,59759,0.0005,1028284475
1782951630685,sell,59759.9,0.00054558,1028284474
1782951630683,buy,59760,0.00016398,1028284473
1782951630678,sell,59761,0.08,1028284472
1782951630678,sell,59761,0.058,1028284471
1782951630678,sell,59761,0.022,1028284470
1782951630206,buy,59761.1,0.01759758,1028284469
1782951630202,buy,59761.1,0.01803091,1028284468
1782951630187,buy,59761.1,0.08008191,1028284467
1782951630186,buy,59761.1,0.00396165,1028284466
1782951628040,buy,59760.9,0.00000001,1028284465
1782951628040,buy,59760,0.00371464,1028284464
1782951628040,buy,59760,0.00494868,1028284463
1782951627926,buy,59760,0.00002008,1028284462
1782951626985,buy,59760,0.00212259,1028284461
1782951626748,sell,59761.5,0.00034035,1028284460
1782951626748,sell,59761.6,0.00004805,1028284459
1782951626748,sell,59762,0.0786474,1028284458
1782951626470,sell,59764.5,0.00001501,1028284457
1782951626470,sell,59764.5,0.00034035,1028284456
1782951626470,sell,59764.6,0.00004954,1028284455
1782951625924,sell,59767.5,0.00000001,1028284454
1782951625924,sell,59767.5,0.00034035,1028284453
1782951625915,sell,59772.4,0.00001502,1028284452
1782951625915,sell,59774,0.00005105,1028284451
1782951625906,sell,59776.9,0.00294906,1028284450
1782951625906,sell,59776.9,0.11038359,1028284449
1782951625906,sell,59776.9,0.22331735,1028284448
1782951625906,sell,59776.9,0.3351,1028284447
1782951625906,sell,59776.9,0.051781,1028284446
1782951625906,sell,59776.9,0.0109,1028284445
1782951625897,sell,59776.9,0.01,1028284444
1782951625853,sell,59777.8,0.00005263,1028284443
1782951625853,sell,59779.2,0.00328,1028284442
1782951625852,sell,59780.8,0.00937321,1028284441
1782951625798,sell,59780.8,0.06436,1028284440
1782951625798,sell,59780.8,0.01564,1028284439
1782951625683,buy,59780.9,0.01020392,1028284438
1782951625568,buy,59780,0.0002989,1028284437
1782951625568,buy,59779.9,0.00054558,1028284436
1782951625568,buy,59778.5,0.00001682,1028284435
1782951625568,buy,59777.7,0.08370638,1028284434
1782951625568,buy,59777,0.0005,1028284433
1782951625496,buy,59776,0.0005,1028284432
1782951625496,buy,59775.7,0.00001682,1028284431
1782951625496,buy,59774.9,0.00013046,1028284430
1782951625493,sell,59772.9,0.17995617,1028284429
1782951625493,sell,59772.9,0.33357072,1028284428
1782951625493,sell,59772.9,0.00000001,1028284427
1782951625458,buy,59772.9,0.00049889,1028284426
1782951625436,buy,59770.1,0.00001682,1028284425
1782951625422,buy,59767.5,0.00000001,1028284424
1782951625422,buy,59767.2,0.00008592,1028284423
1782951625422,buy,59766.3,0.00001501,1028284422
1782951625399,buy,59766.2,0.01371227,1028284421
1782951625399,buy,59766.2,0.01034729,1028284420
1782951625397,buy,59766,0.07232988,1028284419
1782951625397,buy,59766,0.07386356,1028284418
1782951625397,buy,59766,0.00340354,1028284417
1782951625397,buy,59765.4,0.0837236,1028284416
1782951625397,buy,59764.5,0.00001682,1028284415
1782951625397,buy,59763.6,0.00005183,1028284414
1782951625397,buy,59763.6,0.0831,1028284413
1782951625397,buy,59763.5,0.00003329,1028284412
1782951625396,buy,59763.5,0.0508,1028284411
1782951625396,buy,59762.8,0.00053822,1028284410
1782951625396,buy,59762.8,0.00445668,1028284409
1782951625396,buy,59762.8,0.00538691,1028284408
1782951625396,buy,59762.8,0.01126691,1028284407
1782951625314,buy,59762.8,0.00334618,1028284406
1782951624567,buy,59759.9,0.00054558,1028284405
1782951624567,buy,59758.9,0.00001682,1028284404
1782951624567,buy,59758.6,0.00495235,1028284403
1782951624567,buy,59758.6,0.0002988,1028284402
1782951624305,buy,59754.3,0.0055031,1028284401
1782951624281,buy,59755.5,0.00001502,1028284400
1782951624278,buy,59753.2,0.00001682,1028284399
1782951624278,buy,59752.9,0.00611468,1028284398
1782951624214,buy,59748.6,0.00679456,1028284397
1782951624214,buy,59748.6,0.42519448,1028284396
1782951624072,buy,59747.6,0.00001682,1028284395
1782951624072,buy,59747.4,0.0075496,1028284394
1782951623913,sell,59747.3,0.00003344,1028284393
1782951623586,buy,59745.7,0.00838859,1028284392
1782951623586,buy,59745.7,0.41259824,1028284391
1782951623586,buy,59745.7,0.00049143,1028284390
1782951623586,buy,59745.7,0.29391125,1028284389
1782951623518,buy,59744.8,0.00001682,1028284388
1782951623518,buy,59743.6,0.0055,1028284387
1782951623518,buy,59743.6,0.0056,1028284386
1782951623518,buy,59742,0.0837564,1028284385
1782951623509,buy,59740.3,0.00932124,1028284384
1782951622965,buy,59741.6,0.00003347,1028284383
1782951622960,sell,59741.5,0.00357299,1028284382
1782951622960,sell,59741.8,0.07642701,1028284381
1782951688165,buy,59794,0.00002023,1028284614
1782951686804,sell,59791.1,0.00000001,1028284613
1782951686804,sell,59791.6,0.00034035,1028284612
1782951686800,sell,59794.3,0.00420766,1028284611
1782951686743,sell,59791.9,0.00000001,1028284610
1782951686743,sell,59794.6,0.00034035,1028284609
1782951686738,sell,59795.8,0.00467499,1028284608
1782951686738,sell,59795.8,0.072698,1028284607
1782951686728,sell,59796.1,0.0609,1028284606
1782951686728,sell,59796.1,0.0051944,1028284605
1782951686628,sell,59796.3,0.01150311,1028284604
1782951686628,sell,59797.6,0.00034035,1028284603
1782951686628,sell,59798.7,0.0204,1028284602
1782951686628,sell,59798.7,0.00577123,1028284601
1782951686300,buy,59798.5,0.00002087,1028284600
1782951686300,buy,59798.2,0.00001681,1028284599
1782951686300,buy,59797.5,0.00008737,1028284598
1782951686298,buy,59797,0.0005,1028284597
1782951686298,buy,59796.1,0.08357661,1028284596
1782951686298,buy,59796.1,0.00340354,1028284595
1782951686295,buy,59795.9,0.06861119,1028284594
1782951686295,buy,59795.9,0.1156,1028284593
1782951685971,buy,59794.2,0.00001682,1028284592
1782951685968,buy,59793,0.00051341,1028284591
1782951685968,buy,59793,0.00052042,1028284590
1782951685968,buy,59793,0.01299911,1028284589
1782951685968,buy,59792.4,0.00002151,1028284588
1782951685968,buy,59790.2,0.00023904,1028284587
1782951685968,buy,59790.2,0.04811411,1028284586
1782951685750,buy,59789.5,0.00002219,1028284585
1782951685524,sell,59786.7,0.00022224,1028284584
1782951684408,sell,59788,0.0005,1028284583
1782951684408,sell,59790.1,0.00641355,1028284582
1782951684408,sell,59790.1,0.022,1028284581
1782951683739,buy,59790.2,0.00016725,1028284580
1782951683371,sell,59790.1,0.00032973,1028284579
1782951683371,sell,59790.1,0.00000001,1028284578
1782951682457,buy,59789.8,0.00001682,1028284577
1782951682457,buy,59788,0.00110508,1028284576
1782951682457,buy,59787.3,0.00002302,1028284575
1782951682448,buy,59786,0.1875,1028284574
1782951682443,buy,59784.5,0.125,1028284573
1782951682443,buy,59784.5,0.00023908,1028284572
1782951682443,buy,59784.5,0.02090221,1028284571
1782951682262,buy,59784.5,0.00309779,1028284570
1782951680106,buy,59784.5,0.00022246,1028284569
1782951678735,sell,59784.4,0.00032974,1028284568
1782951675859,sell,59784.4,0.00000001,1028284567
1782951675859,sell,59784.4,0.00099481,1028284566
1782951675732,buy,59788,0.00001012,1028284565
1782951674940,buy,59788,0.00033451,1028284564
1782951673681,sell,59787.9,0.00084291,1028284563
1782951673296,sell,59787.9,0.00540686,1028284562
1782951670568,buy,59787.4,0.00002384,1028284561
1782951669869,sell,59784.4,0.01,1028284560
1782951669596,buy,59790.1,0.00149661,1028284559
1782951668087,buy,59790.1,0.08615178,1028284558
1782951666758,buy,59789.8,0.00001682,1028284557
1782951666758,buy,59789.8,0.00099481,1028284556
1782951666758,buy,59789.7,0.00002474,1028284555
1782951666758,buy,59789,0.0177822,1028284554
1782951665385,sell,59787.4,0.00001884,1028284553
1782951664462,buy,59786.8,0.00050029,1028284552
1782951663066,buy,59784.9,0.00002554,1028284551
1782951660341,sell,59781.9,0.00000001,1028284550
1782951660341,sell,59782,0.0005,1028284549
1782951660338,sell,59783.6,0.24506251,1028284548
1782951660338,sell,59783.6,0.09042276,1028284547
1782951660338,sell,59783.6,0.00712697,1028284546
1782951658543,buy,59783.7,0.00195915,1028284545
1782951658095,buy,59783.7,0.0006674,1028284544
1782951656659,sell,59783.6,0.00001143,1028284543
1782951653911,sell,59784.8,0.00004226,1028284542
1782951653303,sell,59787.9,0.00950732,1028284541
1782951650055,buy,59788,0.00836288,1028284540
1782951645559,sell,59786.8,0.0000436,1028284539
1782951645559,sell,59789.7,0.0079181,1028284538
1782951643308,buy,59789.2,0.07828834,1028284537
1782951643308,buy,59787,0.0005,1028284536
1782951643308,buy,59786.9,0.00001682,1028284535
1782951643308,buy,59785.3,0.00167528,1028284534
1782951643308,buy,59785.3,0.00167528,1028284533
1782951643308,buy,59784.1,0.00001682,1028284532
1782951643308,buy,59783.8,0.03215244,1028284531
1782951643138,buy,59783.8,0.13065746,1028284530
1782951641233,buy,59783.4,0.0001405,1028284529
1782951640513,buy,59779.1,0.08480011,1028284528
1782951640513,buy,59779,0.193954,1028284527
1782951640513,buy,59779,0.200367,1028284526
1782951640513,buy,59779,0.026,1028284525
1782951640298,sell,59780.6,0.036,1028284524
1782951640298,sell,59781,0.00004502,1028284523
1782951640298,sell,59783.3,0.00879868,1028284522
1782951640298,sell,59783.3,0.00726,1028284521
1782951640298,sell,59783.3,0.02584633,1028284520
1782951640284,sell,59783.7,0.00977627,1028284519
1782951640059,sell,59783.7,0.00002174,1028284518
1782951638718,buy,59783,0.00400597,1028284517
1782951638718,buy,59783,0.03348832,1028284516
1782951638708,buy,59781.3,0.00001682,1028284515
1782951743740,buy,59834.9,0.00003342,1028284795
1782951743494,sell,59834.8,0.00550795,1028284794
1782951742969,buy,59834.9,0.00008356,1028284793
1782951740569,buy,59834.9,0.00003342,1028284792
1782951736539,buy,59834.9,0.00003342,1028284791
1782951734940,buy,59834.9,0.00005013,1028284790
1782951732999,buy,59834.9,0.00083563,1028284789
1782951729965,buy,59834.9,0.00969333,1028284788
1782951727235,buy,59833.1,0.00002841,1028284787
1782951727235,buy,59833,0.00008465,1028284786
1782951727235,buy,59832.4,0.0000498,1028284785
1782951727232,buy,59830.9,0.08470659,1028284784
1782951727230,buy,59830.8,0.00010361,1028284783
1782951726893,buy,59829.1,0.0000168,1028284782
1782951726893,buy,59826.5,0.0015,1028284781
1782951726893,buy,59826.2,0.00340354,1028284780
1782951726891,buy,59825.5,0.0000167,1028284779
1782951726891,buy,59824.9,0.00013046,1028284778
1782951726891,buy,59824,0.08471634,1028284777
1782951726788,buy,59823.5,0.00001681,1028284776
1782951726788,buy,59822.9,0.00069912,1028284775
1782951726788,buy,59822.9,0.0002991,1028284774
1782951725938,buy,59822.6,0.00065605,1028284773
1782951725938,buy,59822.6,0.00065605,1028284772
1782951725938,buy,59822.6,0.00065605,1028284771
1782951725938,buy,59822.6,0.00065605,1028284770
1782951725938,buy,59822.6,0.00065605,1028284769
1782951725938,buy,59822.6,0.00065605,1028284768
1782951725938,buy,59822.6,0.00065605,1028284767
1782951725938,buy,59822.6,0.00065605,1028284766
1782951725938,buy,59822.6,0.00065605,1028284765
1782951725938,buy,59822.6,0.00065605,1028284764
1782951725938,buy,59822.6,0.00065605,1028284763
1782951725938,buy,59822.6,0.00065605,1028284762
1782951725938,buy,59822.6,0.00065605,1028284761
1782951725938,buy,59822.6,0.00065605,1028284760
1782951725938,buy,59822.6,0.00065605,1028284759
1782951725938,buy,59822.6,0.00065605,1028284758
1782951725938,buy,59822.6,0.00065605,1028284757
1782951725938,buy,59822.6,0.00065605,1028284756
1782951725938,buy,59822.6,0.00065605,1028284755
1782951725938,buy,59822.6,0.00065605,1028284754
1782951725938,buy,59822.6,0.00065605,1028284753
1782951725938,buy,59822.6,0.00065605,1028284752
1782951725938,buy,59822.6,0.00065605,1028284751
1782951725938,buy,59822.6,0.00065605,1028284750
1782951725938,buy,59822.6,0.00065605,1028284749
1782951725938,buy,59822.6,0.00065605,1028284748
1782951725938,buy,59822.6,0.00065605,1028284747
1782951725938,buy,59822.6,0.00065605,1028284746
1782951725938,buy,59822.6,0.00065605,1028284745
1782951725938,buy,59822.6,0.00065605,1028284744
1782951725938,buy,59822.6,0.00065605,1028284743
1782951725938,buy,59822.6,0.00065605,1028284742
1782951725938,buy,59822.6,0.00065605,1028284741
1782951725938,buy,59822.6,0.00065605,1028284740
1782951725938,buy,59822.6,0.00065605,1028284739
1782951725938,buy,59822.6,0.00065605,1028284738
1782951725938,buy,59822.6,0.00065605,1028284737
1782951725938,buy,59822.6,0.00065605,1028284736
1782951725938,buy,59822.6,0.00065605,1028284735
1782951725938,buy,59822.6,0.00065605,1028284734
1782951725938,buy,59822.6,0.00065605,1028284733
1782951725938,buy,59822.6,0.00065605,1028284732
1782951725938,buy,59822.6,0.00065605,1028284731
1782951725938,buy,59822.6,0.00065605,1028284730
1782951725938,buy,59822.6,0.00065605,1028284729
1782951725938,buy,59822.6,0.00065605,1028284728
1782951725938,buy,59822.6,0.00065605,1028284727
1782951725938,buy,59822.6,0.00065605,1028284726
1782951725938,buy,59822.6,0.00065605,1028284725
1782951725938,buy,59822.6,0.00065605,1028284724
1782951725938,buy,59822.6,0.00065605,1028284723
1782951725938,buy,59822.6,0.00065605,1028284722
1782951725938,buy,59822.6,0.00065605,1028284721
1782951725938,buy,59822.6,0.00065605,1028284720
1782951725938,buy,59822.6,0.00065605,1028284719
1782951725938,buy,59822.6,0.00065605,1028284718
1782951725938,buy,59822.6,0.00065605,1028284717
1782951725938,buy,59822.6,0.00065605,1028284716
1782951725938,buy,59822.6,0.00065605,1028284715
1782951725938,buy,59822.6,0.00065605,1028284714
1782951725938,buy,59822.6,0.00065605,1028284713
1782951725938,buy,59822.6,0.00065605,1028284712
1782951725938,buy,59822.6,0.00065605,1028284711
1782951725938,buy,59822.6,0.00065605,1028284710
1782951725938,buy,59822.6,0.00065605,1028284709
1782951725938,buy,59822.6,0.00065605,1028284708
1782951725938,buy,59822.6,0.00065605,1028284707
1782951725938,buy,59822.6,0.00065605,1028284706
1782951725938,buy,59822.6,0.00050251,1028284705
1782951725938,buy,59822.6,0.00015354,1028284704
1782951723300,sell,59822.5,0.00733644,1028284703
1782951722547,sell,59822.5,0.00055459,1028284702
1782951722448,sell,59822.5,0.00190599,1028284701
1782951722340,sell,59822.5,0.02150529,1028284700
1782951722029,sell,59822.5,0.0030019,1028284699
1782951720230,sell,59822.5,0.00164614,1028284698
1782951720191,sell,59822.5,0.00205766,1028284697
1782951719915,buy,59822.6,0.00083579,1028284696
1782951798156,sell,59852.7,0.00330972,1028285051
1782951798156,sell,59852.7,0.00411784,1028285050
1782951795267,sell,59853.7,0.00457526,1028285049
1782951795262,sell,59853.7,0.00000001,1028285048
1782951795262,sell,59853.7,0.00508362,1028285047
1782951795168,sell,59853.8,0.19238476,1028285046
1782951795168,sell,59853.9,0.0051,1028285045
1782951795168,sell,59854.5,0.0000168,1028285044
1782951795168,sell,59857.3,0.00564802,1028285043
1782951795168,sell,59857.3,0.009227,1028285042
1782951795128,sell,59858.7,0.00627541,1028285041
1782951794378,sell,59860,0.0005,1028285040
1782951794370,sell,59860.2,0.0066,1028285039
1782951794258,sell,59862.1,0.072711,1028285038
1782951794258,sell,59862.4,0.0068,1028285037
1782951794246,sell,59863.1,0.00697213,1028285036
1782951793283,sell,59863.1,0.00152841,1028285035
1782951792223,sell,59863.1,0.01,1028285034
1782951792216,sell,59863.1,0.07,1028285033
1782951792216,sell,59863.1,0.079786,1028285032
1782951792216,sell,59863.7,0.0075,1028285031
1782951792216,sell,59864.4,0.072714,1028285030
1782951792207,sell,59866.7,0.00774636,1028285029
1782951789062,buy,59866.8,0.00000001,1028285028
1782951789062,buy,59866.8,0.0000762,1028285027
1782951789059,buy,59865.9,0.00007621,1028285026
1782951789059,buy,59865.9,0.0002999,1028285025
1782951788975,buy,59863.9,0.00007856,1028285024
1782951788975,buy,59862.9,0.00001679,1028285023
1782951788669,buy,59862,0.00000001,1028285022
1782951788669,buy,59862,0.00008099,1028285021
1782951788571,buy,59860,0.0000168,1028285020
1782951788571,buy,59859.9,0.00054558,1028285019
1782951788538,buy,59854.4,0.0000168,1028285018
1782951788538,buy,59854,0.0005,1028285017
1782951788536,buy,59852.5,0.00028123,1028285016
1782951788536,buy,59851.6,0.0000168,1028285015
1782951788536,buy,59849.8,0.00008352,1028285014
1782951788536,buy,59849.7,0.0062428,1028285013
1782951786548,sell,59852.4,0.0085,1028285012
1782951786548,sell,59852.4,0.0088,1028285011
1782951785922,buy,59852.5,0.02220822,1028285010
1782951785408,buy,59851.6,0.0000168,1028285009
1782951785408,buy,59849.4,0.09498863,1028285008
1782951785408,buy,59848.8,0.0000168,1028285007
1782951785408,buy,59848,0.0005,1028285006
1782951785408,buy,59847,0.00037078,1028285005
1782951785408,buy,59846,0.0000168,1028285004
1782951785408,buy,59843,0.0031354,1028285003
1782951785408,buy,59842.6,0.00693727,1028285002
1782951785408,buy,59842.6,0.00008614,1028285001
1782951785356,buy,59841.5,0.0031354,1028285000
1782951782967,buy,59840.4,0.00033422,1028284999
1782951776378,sell,59842.1,0.0097,1028284998
1782951776378,sell,59842.8,0.0012,1028284997
1782951776331,sell,59842.9,0.0012,1028284996
1782951776323,sell,59842.9,0.00000001,1028284995
1782951776323,sell,59843.2,0.00042031,1028284994
1782951776318,sell,59846.9,0.00002,1028284993
1782951776318,sell,59846.9,0.0099,1028284992
1782951773496,buy,59846,0.0000168,1028284991
1782951773496,buy,59844.3,0.00001501,1028284990
1782951773496,buy,59843.2,0.0000168,1028284989
1782951773496,buy,59843,0.00002207,1028284988
1782951773496,buy,59842.9,0.00770797,1028284987
1782951773373,buy,59840.4,0.00856464,1028284986
1782951773329,buy,59840.4,0.00000001,1028284985
1782951773329,buy,59840.4,0.0012,1028284984
1782951773325,buy,59840.4,0.00000001,1028284983
1782951773325,buy,59840.4,0.00037084,1028284982
1782951773325,buy,59840.4,0.0095162,1028284981
1782951770964,sell,59840.7,0.11054806,1028284980
1782951768498,buy,59840.4,0.0000168,1028284979
1782951768498,buy,59840.3,0.00572011,1028284978
1782951768498,buy,59839.3,0.08197535,1028284977
1782951768498,buy,59838.4,0.00002277,1028284976
1782951768498,buy,59837.5,0.0000168,1028284975
1782951768498,buy,59835.7,0.00572011,1028284974
1782951768498,buy,59835.4,0.00104472,1028284973
1782951768498,buy,59835.4,0.01057409,1028284972
1782951766978,sell,59835.3,0.00032931,1028284971
1782951766978,sell,59835.3,0.00000001,1028284970
1782951766887,buy,59835.4,0.00014364,1028284969
1782951766887,buy,59835.4,0.00002348,1028284968
1782951765801,buy,59832.1,0.0117493,1028284967
1782951765441,sell,59832,0.01644252,1028284966
1782951762624,sell,59832.2,0.00001501,1028284965
1782951762624,sell,59833.5,0.00055269,1028284964
1782951762624,sell,59833.5,0.00006805,1028284963
1782951762624,sell,59833.5,0.00055269,1028284962
1782951760926,sell,59833.8,0.00034035,1028284961
1782951760885,buy,59835.3,0.00003339,1028284960
1782951760885,buy,59835.3,0.00000001,1028284959
1782951760809,sell,59836.8,0.00034035,1028284958
1782951760782,sell,59837.9,0.00180089,1028284957
1782951760775,sell,59837.8,0.00000001,1028284956
1782951760775,sell,59838.2,0.000015,1028284955
1782951760721,sell,59839.8,0.00034035,1028284954
1782951760721,sell,59839.9,0.00054558,1028284953
1782951760713,sell,59841.3,0.01066936,1028284952
1782951853549,buy,59867.2,0.00835181,1028285215
1782951851170,buy,59866.6,0.00465304,1028285214
1782951850893,sell,59866.5,0.00395091,1028285213
1782951850893,sell,59866.5,0.00000001,1028285212
1782951848441,buy,59866.6,0.0000167,1028285211
1782951846804,buy,59865.9,0.0002999,1028285210
1782951846804,buy,59865.7,0.0000168,1028285209
1782951846804,buy,59863.7,0.00517036,1028285208
1782951846787,buy,59862.9,0.0000168,1028285207
1782951846787,buy,59860.8,0.00002159,1028285206
1782951846787,buy,59860.8,0.00005,1028285205
1782951846785,buy,59860,0.0000168,1028285204
1782951846785,buy,59859.9,0.00054558,1028285203
1782951846785,buy,59859,0.0005,1028285202
1782951846785,buy,59858.8,0.00049775,1028285201
1782951846785,buy,59858.8,0.00474,1028285200
1782951846785,buy,59858.8,0.015,1028285199
1782951846785,buy,59858.8,0.00072865,1028285198
1782951846785,buy,59858.8,0.10031028,1028285197
1782951846785,buy,59858.8,0.00574541,1028285196
1782951846785,buy,59858.8,0.0012,1028285195
1782951846064,buy,59858.8,0.01789451,1028285194
1782951844218,buy,59857.9,0.00004,1028285193
1782951844218,buy,59857.2,0.0000168,1028285192
1782951844218,buy,59856.3,0.00340354,1028285191
1782951844218,buy,59854.4,0.00009965,1028285190
1782951844218,buy,59852.4,0.03660444,1028285189
1782951844115,buy,59851.9,0.00010277,1028285188
1782951844108,buy,59850.9,0.00011958,1028285187
1782951844108,buy,59850.9,0.00318024,1028285186
1782951844105,buy,59849.9,0.00638483,1028285185
1782951844105,buy,59849.9,0.0012,1028285184
1782951844097,buy,59849.9,0.00000001,1028285183
1782951844097,buy,59849.9,0.00013046,1028285182
1782951844094,buy,59848.8,0.0000168,1028285181
1782951844094,buy,59847,0.0005,1028285180
1782951844094,buy,59846.7,0.00010597,1028285179
1782951844094,buy,59845.7,0.00004,1028285178
1782951843928,buy,59844.3,0.00001501,1028285177
1782951843928,buy,59843.2,0.0000168,1028285176
1782951843928,buy,59842.8,0.00010973,1028285175
1782951843928,buy,59840.7,0.00061234,1028285174
1782951843234,buy,59840.7,0.0001893,1028285173
1782951841714,buy,59840.4,0.0000168,1028285172
1782951841714,buy,59839,0.00011339,1028285171
1782951841714,buy,59837.2,0.00709578,1028285170
1782951841690,buy,59836.8,0.00788418,1028285169
1782951841690,buy,59836.8,0.00072905,1028285168
1782951840568,sell,59836.7,0.00135889,1028285167
1782951840568,sell,59836.7,0.00000001,1028285166
1782951840518,buy,59835.3,0.00653222,1028285165
1782951840518,buy,59834.7,0.0000168,1028285164
1782951840500,buy,59831.9,0.0000168,1028285163
1782951840500,buy,59830.3,0.00045202,1028285162
1782951840500,buy,59829.1,0.0000168,1028285161
1782951840500,buy,59828.6,0.00876114,1028285160
1782951840423,buy,59828.6,0.00001681,1028285159
1782951840423,buy,59828.6,0.00167311,1028285158
1782951840420,buy,59825.8,0.00006748,1028285157
1782951840420,buy,59824.8,0.00167311,1028285156
1782951840418,buy,59823.8,0.01,1028285155
1782951840418,buy,59823.8,0.09036129,1028285154
1782951840418,buy,59823.8,0.00086543,1028285153
1782951840418,buy,59823.8,0.00973512,1028285152
1782951840418,buy,59823.8,0.06898679,1028285151
1782951840418,buy,59823.8,0.39715,1028285150
1782951840418,buy,59823.8,0.01987973,1028285149
1782951835654,buy,59823.8,0.00055146,1028285148
1782951835210,sell,59824.7,0.00034035,1028285147
1782951835210,sell,59824.9,0.00013046,1028285146
1782951835197,sell,59826.2,0.00001501,1028285145
1782951835195,sell,59827.7,0.00004868,1028285144
1782951835195,sell,59827.7,0.00007916,1028285143
1782951835195,sell,59827.7,0.00404117,1028285142
1782951835195,sell,59827.7,0.00034035,1028285141
1782951833344,sell,59829.2,0.0000168,1028285140
1782951833321,sell,59830.2,0.03287842,1028285139
1782951833321,sell,59830.2,0.00104472,1028285138
1782951833135,sell,59831.5,0.0072,1028285137
1782951833135,sell,59832.2,0.00005873,1028285136
1782951833098,sell,59833.2,0.02506007,1028285135
1782951833098,sell,59833.2,0.00005895,1028285134
1782951833095,sell,59834.7,0.00336749,1028285133
1782951831003,sell,59838,0.013,1028285132
1782951830790,sell,59838,0.00000001,1028285131
1782951830790,sell,59838,0.005919,1028285130
1782951830786,sell,59840.8,0.02,1028285129
1782951828078,sell,59840.8,0.02758561,1028285128
1782951827530,sell,59840.8,0.0827568,1028285127
1782951827357,buy,59840.9,0.00417774,1028285126
1782951825293,buy,59840.2,0.00006954,1028285125
1782951825293,buy,59838,0.00122904,1028285124
1782951825293,buy,59838,0.00062833,1028285123
1782951825293,buy,59838,0.00062833,1028285122
1782951825112,sell,59837.9,0.00049457,1028285121
1782951824556,sell,59837.9,0.00009125,1028285120
1782951823911,buy,59832.5,0.0000717,1028285119
1782951823911,buy,59830.3,0.01036688,1028285118
1782951823525,sell,59830.7,0.00034039,1028285117
1782951823525,sell,59832.8,0.0042118,1028285116
1782967021508,sell,60750,0.00019984,1028387915
1782967020316,sell,60750,0.02911421,1028387914
1782967020316,sell,60750,0.00088579,1028387913
1782967020142,buy,60750.1,0.0446817,1028387912
1782967020142,buy,60750.1,0.0012,1028387911
1782967020142,buy,60750.1,0.00674148,1028387910
1782967019489,sell,60750,0.00019984,1028387909
1782967019071,sell,60750,0.00636549,1028387908
1782967017702,sell,60750,0.00019984,1028387907
1782967017662,buy,60750.1,0.02925852,1028387906
1782967017662,buy,60750.1,0.00129357,1028387905
1782967017662,buy,60750.1,0.00635,1028387904
1782967017662,buy,60750.1,0.02900127,1028387903
1782967016740,sell,60750,0.02122996,1028387902
1782967015633,sell,60750,0.00019984,1028387901
1782967015082,buy,60750.1,0.06590091,1028387900
1782967014440,sell,60750,0.00002964,1028387899
1782967013468,buy,60750.1,0.00032345,1028387898
1782967012590,buy,60750.1,0.06590133,1028387897
1782967012279,sell,60750,0.00506882,1028387896
1782967011120,buy,60750.1,0.0128296,1028387895
1782967010729,sell,60750,0.00031551,1028387894
1782967009894,sell,60750,0.00144001,1028387893
1782967009894,sell,60750,0.00020608,1028387892
1782967009840,buy,60750.1,0.06312344,1028387891
1782967009840,buy,60750.1,0.00277586,1028387890
1782967007313,buy,60750.1,0.06590112,1028387889
1782967007019,sell,60750,0.00077296,1028387888
1782967004814,buy,60750.1,0.02253941,1028387887
1782967004814,buy,60750.1,0.0216301,1028387886
1782967004175,sell,60750,0.00064021,1028387885
1782967004175,sell,60750,0.00018242,1028387884
1782967001930,buy,60750.1,0.00008,1028387883
1782967001296,buy,60750.1,0.00175966,1028387882
1782966999652,buy,60750.1,0.05102187,1028387881
1782966999196,buy,60750.1,0.00055473,1028387880
1782966998144,buy,60750.1,0.05102174,1028387879
1782966997975,sell,60750,0.00594426,1028387878
1782966997975,sell,60750,0.00004799,1028387877
1782966997975,sell,60750,0.00007716,1028387876
1782966997975,sell,60750,0.01978133,1028387875
1782966997975,sell,60750,0.00035559,1028387874
1782966997975,sell,60750,0.00001125,1028387873
1782966997975,sell,60750,0.00001034,1028387872
1782966997975,sell,60750,0.00114743,1028387871
1782966997975,sell,60750,0.00010209,1028387870
1782966997975,sell,60750,0.00218768,1028387869
1782966997975,sell,60750,0.00007632,1028387868
1782966997975,sell,60750,0.00008004,1028387867
1782966997975,sell,60750,0.00004957,1028387866
1782966997975,sell,60750,0.00108096,1028387865
1782966997975,sell,60750,0.00002947,1028387864
1782966997975,sell,60750,0.00002832,1028387863
1782966997975,sell,60750,0.00006785,1028387862
1782966997975,sell,60750,0.00007996,1028387861
1782966997975,sell,60750,0.00028728,1028387860
1782966997975,sell,60750,0.0006578,1028387859
1782966997975,sell,60750,0.00131144,1028387858
1782966997975,sell,60750,0.00060131,1028387857
1782966997975,sell,60750,0.00099977,1028387856
1782966997975,sell,60750,0.00001915,1028387855
1782966997975,sell,60750,0.00009319,1028387854
1782966997975,sell,60750,0.00010642,1028387853
1782966997975,sell,60750,0.00037031,1028387852
1782966997975,sell,60750,0.0011929,1028387851
1782966997975,sell,60750,0.00006644,1028387850
1782966997975,sell,60750,0.0000103,1028387849
1782966997975,sell,60750,0.00005935,1028387848
1782966997975,sell,60750,0.00040225,1028387847
1782966997975,sell,60750,0.0000114,1028387846
1782966997975,sell,60750,0.00001083,1028387845
1782966997975,sell,60750,0.00066946,1028387844
1782966997975,sell,60750,0.00033656,1028387843
1782966997975,sell,60750,0.00001237,1028387842
1782966997975,sell,60750,0.00001852,1028387841
1782966997975,sell,60750,0.00183959,1028387840
1782966997975,sell,60750,0.00051728,1028387839
1782966997975,sell,60750,0.00097838,1028387838
1782966997975,sell,60750,0.00080141,1028387837
1782966997975,sell,60750,0.00008146,1028387836
1782966997975,sell,60750,0.00007982,1028387835
1782966997975,sell,60750,0.00037567,1028387834
1782966997975,sell,60750,0.00053194,1028387833
1782966997975,sell,60750,0.00118241,1028387832
1782966997975,sell,60750,0.00053959,1028387831
1782966997975,sell,60750,0.00003652,1028387830
1782966997975,sell,60750,0.00002352,1028387829
1782966997975,sell,60750,0.00003351,1028387828
1782966997975,sell,60750,0.0003672,1028387827
1782966997975,sell,60750,0.00006748,1028387826
1782966997975,sell,60750,0.00014938,1028387825
1782966997975,sell,60750,0.0000653,1028387824
1782966997975,sell,60750,0.00002757,1028387823
1782966997975,sell,60750,0.00006449,1028387822
1782966997975,sell,60750,0.00004235,1028387821
1782966997975,sell,60750,0.00061959,1028387820
1782966997975,sell,60750,0.00007631,1028387819
1782966997975,sell,60750,0.00003576,1028387818
1782966997975,sell,60750,0.00023437,1028387817
1782966997975,sell,60750,0.0003229,1028387816
1782967074623,sell,60771.3,0.0012,1028388073
1782967074593,sell,60776.8,0.00007452,1028388072
1782967074564,sell,60783.7,0.08233087,1028388071
1782967074564,sell,60783.7,0.05259803,1028388070
1782967074564,sell,60783.7,0.3290353,1028388069
1782967068209,sell,60783.7,0.00133,1028388068
1782967065080,sell,60783.7,0.00024,1028388067
1782967063490,sell,60783.7,0.00082268,1028388066
1782967062340,sell,60783.7,0.00684283,1028388065
1782967062338,sell,60783.7,0.0267746,1028388064
1782967061795,sell,60783.7,0.01325372,1028388063
1782967061795,sell,60783.7,0.0069106,1028388062
1782967057097,sell,60783.7,0.05984032,1028388061
1782967057097,sell,60783.7,0.08233087,1028388060
1782967057097,sell,60783.7,0.00433,1028388059
1782967057097,sell,60783.7,0.00767844,1028388058
1782967056487,sell,60783.7,0.08175243,1028388057
1782967056487,sell,60783.7,0.00527,1028388056
1782967056487,sell,60783.7,0.059247,1028388055
1782967056487,sell,60783.7,0.00853161,1028388054
1782967056487,sell,60783.7,0.31487284,1028388053
1782967055281,sell,60783.7,0.03515032,1028388052
1782967055281,sell,60783.7,0.0012,1028388051
1782967055281,sell,60783.7,0.0038203,1028388050
1782967053467,sell,60783.7,0.01465368,1028388049
1782967053452,buy,60783.8,0.00858935,1028388048
1782967053280,buy,60783.8,0.00292924,1028388047
1782967053278,buy,60783.8,0.0058924,1028388046
1782967053271,buy,60783.8,0.00409768,1028388045
1782967053271,buy,60783.8,0.02566232,1028388044
1782967053267,buy,60783.8,0.01730347,1028388043
1782967053264,buy,60783.6,0.00321378,1028388042
1782967053264,buy,60783.6,0.00193064,1028388041
1782967053264,buy,60783.6,0.00774402,1028388040
1782967053261,buy,60783.6,0.1156,1028388039
1782967053258,buy,60783.6,0.02098319,1028388038
1782967053258,buy,60782.9,0.0002999,1028388037
1782967053258,buy,60782.9,0.036,1028388036
1782967053258,buy,60782.6,0.02271691,1028388035
1782967053257,buy,60782.6,0.0011,1028388034
1782967053257,buy,60782.2,0.0389,1028388033
1782967053256,buy,60782.2,0.0342834,1028388032
1782967053256,buy,60778.2,0.0057166,1028388031
1782967053256,buy,60782.2,0.0268166,1028388030
1782967053256,buy,60781.4,0.00001654,1028388029
1782967053256,buy,60780.9,0.00001501,1028388028
1782967053256,buy,60780.9,0.000015,1028388027
1782967053256,buy,60780.8,0.13313685,1028388026
1782967053255,buy,60780.8,0.05136315,1028388025
1782967053255,buy,60779,0.00046015,1028388024
1782967053255,buy,60778.6,0.00001654,1028388023
1782967053255,buy,60778.3,0.01700319,1028388022
1782967053255,buy,60778.3,0.01115697,1028388021
1782967053252,buy,60778.3,0.0059004,1028388020
1782967053252,buy,60778.2,0.18106563,1028388019
1782967053252,buy,60778,0.00859394,1028388018
1782967053252,buy,60777.4,0.00202494,1028388017
1782967053252,buy,60775.7,0.00001654,1028388016
1782967053252,buy,60775,0.00012007,1028388015
1782967053252,buy,60774.8,0.000015,1028388014
1782967053252,buy,60772.8,0.00001654,1028388013
1782967053252,buy,60771.9,0.08374694,1028388012
1782967053252,buy,60771.9,0.13471306,1028388011
1782967053252,buy,60771.6,0.03092918,1028388010
1782967053252,buy,60771.4,0.00001,1028388009
1782967053252,buy,60770.9,0.07473122,1028388008
1782967053252,buy,60770.7,0.1845,1028388007
1782967053252,buy,60770,0.00001654,1028388006
1782967053250,buy,60768.8,0.021,1028388005
1782967053250,buy,60767.1,0.00001654,1028388004
1782967053248,buy,60764.3,0.00001655,1028388003
1782967053244,buy,60763.7,0.001646,1028388002
1782967053244,buy,60761.7,0.03295265,1028388001
1782967053244,buy,60761.4,0.00001655,1028388000
1782967053244,buy,60759.9,0.0429,1028387999
1782967053244,buy,60759.4,0.0790135,1028387998
1782967053244,buy,60759.4,0.05685111,1028387997
1782967053244,buy,60759.2,0.05199,1028387996
1782967053244,buy,60759,0.00106677,1028387995
1782967053244,buy,60758.6,0.00001655,1028387994
1782967053244,buy,60758.5,0.00567557,1028387993
1782967053243,buy,60758.5,0.0108,1028387992
1782967053243,buy,60757.7,0.05176,1028387991
1782967053243,buy,60757.2,0.04,1028387990
1782967053243,buy,60756.9,0.012,1028387989
1782967053243,buy,60756.3,0.08,1028387988
1782967053243,buy,60756.2,0.08,1028387987
1782967053243,buy,60756.1,0.08,1028387986
1782967053243,buy,60756.1,0.05026946,1028387985
1782967053243,buy,60756,0.0005,1028387984
1782967053243,buy,60756,0.01085246,1028387983
1782967053243,buy,60756,0.03410099,1028387982
1782967053243,buy,60756,0.03504655,1028387981
1782967053243,buy,60755.9,0.04495345,1028387980
1782967053243,buy,60755.9,0.03504655,1028387979
1782967053243,buy,60755.9,0.0049369,1028387978
1782967053243,buy,60755.7,0.00001655,1028387977
1782967053241,buy,60753.7,0.00062272,1028387976
1782967053241,buy,60752.8,0.00001655,1028387975
1782967053241,buy,60750.1,0.00001668,1028387974
1782967133223,sell,60799.5,0.00715,1028388245
1782967132496,sell,60799.5,0.00675068,1028388244
1782967132030,sell,60799.5,0.01085801,1028388243
1782967131808,buy,60799.6,0.00018426,1028388242
1782967131509,sell,60799.5,0.02290341,1028388241
1782967131509,sell,60799.5,0.00044904,1028388240
1782967131367,buy,60799.6,0.0002,1028388239
1782967130836,sell,60799.5,0.00894152,1028388238
1782967130017,buy,60799.6,0.00012,1028388237
1782967128683,sell,60799.5,0.00326,1028388236
1782967128104,buy,60799.2,0.00001501,1028388235
1782967128104,buy,60798.5,0.00607543,1028388234
1782967128077,buy,60798.5,0.06302448,1028388233
1782967128077,buy,60798.5,0.00013683,1028388232
1782967128065,buy,60797.3,0.00002874,1028388231
1782967128065,buy,60797.3,0.0000231,1028388230
1782967126248,buy,60795.6,0.0043992,1028388229
1782967126187,buy,60795.6,0.03529669,1028388228
1782967126187,buy,60795.6,0.00002957,1028388227
1782967126187,buy,60795.6,0.00002351,1028388226
1782967126056,sell,60795.5,0.00375,1028388225
1782967125871,buy,60793.8,0.0032898,1028388224
1782967125432,sell,60793.7,0.00762,1028388223
1782967124340,buy,60793.8,0.05262668,1028388222
1782967123619,buy,60793.1,0.00003047,1028388221
1782967123619,buy,60793.1,0.00002422,1028388220
1782967123619,buy,60792.8,0.00001654,1028388219
1782967123605,buy,60791.3,0.00173873,1028388218
1782967123562,buy,60789.4,0.00003135,1028388217
1782967123562,buy,60789.4,0.00002468,1028388216
1782967123562,buy,60788.3,0.00190793,1028388215
1782967123562,buy,60787.5,0.00675174,1028388214
1782967121242,sell,60788.2,0.00316999,1028388213
1782967121242,sell,60788.2,0.00006388,1028388212
1782967121242,sell,60788.2,0.00007535,1028388211
1782967120369,sell,60788.2,0.00121795,1028388210
1782967120333,sell,60788.2,0.00000001,1028388209
1782967120333,sell,60788.2,0.0012,1028388208
1782967120330,sell,60787.4,0.00000001,1028388207
1782967120330,sell,60788.2,0.00001501,1028388206
1782967120325,sell,60790.6,0.00008171,1028388205
1782967120325,sell,60790.6,0.0012,1028388204
1782967120109,sell,60795.9,0.00007005,1028388203
1782967120081,sell,60795.9,0.00670701,1028388202
1782967120009,buy,60796,0.0641574,1028388201
1782967120009,buy,60796,0.00000001,1028388200
1782967119985,sell,60796.2,0.00013901,1028388199
1782967119985,sell,60796.2,0.00008447,1028388198
1782967119980,sell,60796.2,0.0013,1028388197
1782967119978,sell,60797.7,0.02599956,1028388196
1782967119918,sell,60797.7,0.00169414,1028388195
1782967119138,buy,60797.8,0.0304654,1028388194
1782967119032,buy,60797.8,0.03418402,1028388193
1782967119032,buy,60797.8,0.0012,1028388192
1782967116676,sell,60797.7,0.00166419,1028388191
1782967114303,buy,60797.8,0.00008223,1028388190
1782967113253,buy,60797.8,0.00101411,1028388189
1782967113253,buy,60797.8,0.00004523,1028388188
1782967113253,buy,60797.8,0.00125477,1028388187
1782967110017,sell,60797.7,0.00213256,1028388186
1782967108980,buy,60797.8,0.04658926,1028388185
1782967107938,sell,60798.5,0.0012,1028388184
1782967107422,buy,60798.6,0.00111254,1028388183
1782967107103,sell,60798.5,0.00016214,1028388182
1782967106439,buy,60797.8,0.03411716,1028388181
1782967105634,sell,60798,0.0005,1028388180
1782967105634,sell,60799.9,0.0012,1028388179
1782967105444,buy,60800,0.01457934,1028388178
1782967105045,sell,60799.9,0.00076233,1028388177
1782967104776,buy,60800,0.00006578,1028388176
1782967103929,buy,60800,0.02079451,1028388175
1782967102751,buy,60800,0.00001,1028388174
1782967100780,buy,60800.1,0.00001644,1028388173
1782967099060,buy,60800.1,0.0204964,1028388172
1782967097168,sell,60801.3,0.00711931,1028388171
1782967097168,sell,60801.3,0.49507549,1028388170
1782967097168,sell,60801.3,0.0012,1028388169
1782967097168,sell,60801.3,0.06220587,1028388168
1782967096716,buy,60801.4,0.00169732,1028388167
1782967096247,buy,60800,0.00016451,1028388166
1782967096247,buy,60798,0.00003053,1028388165
1782967096247,buy,60798,0.00001598,1028388164
1782967096247,buy,60797,0.00234278,1028388163
1782967096244,buy,60796.6,0.00071414,1028388162
1782967095803,buy,60796.6,0.00167279,1028388161
1782967095705,buy,60796.6,0.05262488,1028388160
1782967092742,buy,60796.6,0.05262479,1028388159
1782967091855,buy,60796.6,0.00004934,1028388158
1782967091230,buy,60796.6,0.05262375,1028388157
1782967090918,sell,60796.5,0.00252434,1028388156
1782967090918,sell,60796.5,0.00458,1028388155
1782967090918,sell,60796.5,0.018,1028388154
1782967089812,buy,60795.5,0.018703,1028388153
1782967089812,buy,60795.5,0.0012,1028388152
1782967089511,buy,60795.5,0.0456647,1028388151
1782967089511,buy,60795.5,0.0012,1028388150
1782967089511,buy,60795.5,0.00576,1028388149
1782967089271,sell,60795.4,0.00152262,1028388148
1782967087010,sell,60798.7,0.00001653,1028388147
1782967086602,sell,60805.5,0.00290173,1028388146
1782967187086,buy,60805.6,0.03801971,1028388472
1782967187086,buy,60805.6,0.00000001,1028388471
1782967186078,sell,60805.5,0.00024056,1028388470
1782967185565,sell,60806.5,0.00001501,1028388469
1782967185564,buy,60806.6,0.01976399,1028388468
1782967185543,buy,60807.1,0.01976399,1028388467
1782967185541,sell,60807.5,0.00035559,1028388466
1782967185530,buy,60808.4,0.01940843,1028388465
1782967185530,buy,60808.4,0.00035521,1028388464
1782967185527,sell,60810.1,0.00001653,1028388463
1782967185527,sell,60810.5,0.0000584,1028388462
1782967185527,sell,60810.5,0.00035559,1028388461
1782967185527,sell,60810.8,0.00008927,1028388460
1782967185524,sell,60813.5,0.00035559,1028388459
1782967185524,sell,60813.9,0.01976364,1028388458
1782967185524,sell,60813.9,0.16443595,1028388457
1782967185524,sell,60813.9,0.11396896,1028388456
1782967185267,sell,60813.9,0.01435002,1028388455
1782967184598,sell,60813.9,0.01793602,1028388454
1782967184598,sell,60813.9,0.00067359,1028388453
1782967181878,sell,60815.8,0.00008646,1028388452
1782967181878,sell,60815.8,0.00006098,1028388451
1782967181878,sell,60815.8,0.01565061,1028388450
1782967180425,sell,60815.8,0.00411,1028388449
1782967177712,sell,60816.5,0.00035559,1028388448
1782967177712,sell,60818,0.0005,1028388447
1782967177702,sell,60818.8,0.08268933,1028388446
1782967177647,sell,60819.6,0.00893414,1028388445
1782967177647,sell,60819.6,0.00772883,1028388444
1782967177634,sell,60819.6,0.00996239,1028388443
1782967177634,sell,60819.8,0.01769122,1028388442
1782967177634,sell,60821.5,0.00017042,1028388441
1782967177634,sell,60821.5,0.00007276,1028388440
1782967177634,sell,60821.8,0.05078673,1028388439
1782967177634,sell,60821.8,0.00131648,1028388438
1782967177630,sell,60826.2,0.15715539,1028388437
1782967177630,sell,60826.2,0.1644027,1028388436
1782967177630,sell,60826.2,0.19111427,1028388435
1782967177111,sell,60826.2,0.02167473,1028388434
1782967177111,sell,60826.2,0.00224592,1028388433
1782967176434,buy,60826.3,0.00010287,1028388432
1782967176434,buy,60826.3,0.00037557,1028388431
1782967175417,sell,60826.2,0.00048895,1028388430
1782967174916,sell,60826.2,0.00550747,1028388429
1782967174727,sell,60826.2,0.00011,1028388428
1782967174522,buy,60826.3,0.05262711,1028388427
1782967174388,buy,60826.3,0.0005,1028388426
1782967173876,sell,60826.2,0.0004,1028388425
1782967172014,buy,60826.3,0.0526241,1028388424
1782967169281,buy,60825,0.00012007,1028388423
1782967169281,buy,60823.8,0.00034884,1028388422
1782967169281,buy,60823.6,0.00001501,1028388421
1782967169281,buy,60823.4,0.00006592,1028388420
1782967169281,buy,60823.4,0.0000832,1028388419
1782967169281,buy,60823,0.0015,1028388418
1782967169281,buy,60822,0.00010081,1028388417
1782967169281,buy,60821.9,0.00021281,1028388416
1782967169064,buy,60821.9,0.0000822,1028388415
1782967167393,sell,60821.8,0.04638341,1028388414
1782967167350,buy,60821.9,0.03525217,1028388413
1782967166839,sell,60821.8,0.0204,1028388412
1782967166554,sell,60821.8,0.00013,1028388411
1782967166202,sell,60821.8,0.01195523,1028388410
1782967165720,sell,60821.8,0.02535638,1028388409
1782967165353,sell,60821.8,0.00032883,1028388408
1782967165027,sell,60821.8,0.00124,1028388407
1782967164931,sell,60821.8,0.00029036,1028388406
1782967164697,sell,60821.8,0.02173131,1028388405
1782967164626,sell,60821.8,0.03522482,1028388404
1782967164626,sell,60821.8,0.00992655,1028388403
1782967164626,sell,60821.8,0.15484858,1028388402
1782967163579,sell,60821.8,0.0092896,1028388401
1782967163141,sell,60821.8,0.00178867,1028388400
1782967162907,buy,60821.9,0.16776851,1028388399
1782967162139,sell,60821.8,0.0783108,1028388398
1782967160918,sell,60821.8,0.01391873,1028388397
1782967160284,sell,60821.8,0.02034835,1028388396
1782967159940,buy,60821.9,0.00084607,1028388395
1782967159721,sell,60821.8,0.01911584,1028388394
1782967159151,sell,60821.8,0.00024,1028388393
1782967158808,buy,60821.9,0.00179047,1028388392
1782967158056,sell,60821.8,0.00784643,1028388391
1782967158056,sell,60821.8,0.00227198,1028388390
1782967158052,sell,60821.8,0.00162441,1028388389
1782967156996,sell,60821.8,0.00357,1028388388
1782967156623,buy,60821.4,0.00001653,1028388387
1782967156623,buy,60819,0.00046015,1028388386
1782967156623,buy,60817.5,0.000015,1028388385
1782967156623,buy,60817.2,0.00008587,1028388384
1782967156623,buy,60817.2,0.00006812,1028388383
1782967156623,buy,60816.7,0.00008269,1028388382
1782967156623,buy,60816.6,0.00021284,1028388381
1782967156623,buy,60816.6,0.01399141,1028388380
1782967156375,sell,60816.5,0.0000891,1028388379
1782967156125,buy,60815.9,0.00355594,1028388378
1782967156057,buy,60811.4,0.00001501,1028388377
1782967156057,buy,60811,0.0005,1028388376
1782967156057,buy,60810,0.00001653,1028388375
1782967156057,buy,60809.7,0.00007066,1028388374
1782967156057,buy,60809.7,0.00008877,1028388373
1782967239830,buy,60795.1,0.03761989,1028388601
1782967233872,buy,60792.8,0.00001653,1028388600
1782967233870,buy,60790.8,0.00004688,1028388599
1782967233870,buy,60790.8,0.00002797,1028388598
1782967233867,buy,60789.2,0.07110961,1028388597
1782967233867,buy,60789.2,0.0774291,1028388596
1782967233866,buy,60789.1,0.0020747,1028388595
1782967232992,buy,60789.1,0.04281074,1028388594
1782967232992,buy,60789.1,0.03900367,1028388593
1782967232690,sell,60789,0.00248,1028388592
1782967226901,sell,60789,0.00286981,1028388591
1782967226901,sell,60789,0.00477,1028388590
1782967226901,sell,60789,0.0012,1028388589
1782967226901,sell,60789,0.00006418,1028388588
1782967226901,sell,60789,0.000096,1028388587
1782967223112,buy,60789.1,0.05543519,1028388586
1782967223112,buy,60789.1,0.02113774,1028388585
1782967220494,buy,60789.1,0.00139663,1028388584
1782967219010,buy,60789.1,0.154336,1028388583
1782967217942,sell,60789.6,0.00035563,1028388582
1782967217942,sell,60790.1,0.00001654,1028388581
1782967217942,sell,60790.3,0.00049967,1028388580
1782967217942,sell,60792.9,0.00001654,1028388579
1782967217942,sell,60793.2,0.00035559,1028388578
1782967217940,sell,60795.7,0.00021284,1028388577
1782967217940,sell,60795.7,0.03879322,1028388576
1782967217656,sell,60795.7,0.001,1028388575
1782967217518,sell,60796.2,0.00035559,1028388574
1782967217441,sell,60798.1,0.00000001,1028388573
1782967217441,sell,60798.7,0.00001653,1028388572
1782967217441,sell,60799,0.00046015,1028388571
1782967217441,sell,60799.2,0.00035559,1028388570
1782967217383,sell,60800,0.00037557,1028388569
1782967217383,sell,60800,0.00012007,1028388568
1782967217383,sell,60802.2,0.00035559,1028388567
1782967217364,sell,60804,0.00160124,1028388566
1782967217361,sell,60804,0.0117189,1028388565
1782967217331,sell,60804.4,0.00001653,1028388564
1782967217331,sell,60805.1,0.00029969,1028388563
1782967217331,sell,60805.2,0.00035559,1028388562
1782967217331,sell,60805.5,0.00021281,1028388561
1782967217331,sell,60805.5,0.00006815,1028388560
1782967217331,sell,60805.5,0.01107795,1028388559
1782967217331,sell,60805.5,0.00615091,1028388558
1782967217331,sell,60805.5,0.00083458,1028388557
1782967217328,sell,60805.5,0.00508717,1028388556
1782967217319,sell,60805.5,0.08240513,1028388555
1782967216815,sell,60808.2,0.00035559,1028388554
1782967216813,sell,60810.1,0.00001653,1028388553
1782967216813,sell,60811.2,0.16443563,1028388552
1782967216813,sell,60811.2,0.00035559,1028388551
1782967216684,sell,60811.6,0.0000006,1028388550
1782967216682,sell,60811.6,0.000072,1028388549
1782967216682,sell,60811.6,0.069401,1028388548
1782967215799,sell,60812.8,0.0069279,1028388547
1782967215799,sell,60812.8,0.00795732,1028388546
1782967215786,sell,60814.2,0.00035559,1028388545
1782967215786,sell,60815.2,0.00009769,1028388544
1782967215786,sell,60815.2,0.00004827,1028388543
1782967215667,buy,60815.9,0.00016443,1028388542
1782967215611,buy,60815.9,0.00064612,1028388541
1782967215072,buy,60815.9,0.0050809,1028388540
1782967214852,sell,60816.1,0.00005266,1028388539
1782967214852,sell,60816.1,0.00769727,1028388538
1782967214852,sell,60816.1,0.0012,1028388537
1782967214311,sell,60817.2,0.00035559,1028388536
1782967214311,sell,60818.2,0.0012,1028388535
1782967214233,sell,60820.3,0.0001312,1028388534
1782967214233,sell,60820.3,0.00006411,1028388533
1782967211834,sell,60821.5,0.01847354,1028388532
1782967211122,sell,60821.5,0.00016195,1028388531
1782967210013,sell,60827.2,0.00958187,1028388530
1782967209686,sell,60827.2,0.00093,1028388529
1782967208079,buy,60827.3,0.00072,1028388528
1782967207715,sell,60827.2,0.00584191,1028388527
1782967206697,sell,60827.2,0.01358979,1028388526
1782967206051,sell,60827.2,0.00587462,1028388525
1782967204888,sell,60827.2,0.0001,1028388524
1782967203928,buy,60827.3,0.00005,1028388523
1782967203020,sell,60827.2,0.00132837,1028388522
1782967203020,sell,60827.2,0.0085512,1028388521
1782967202267,buy,60827.3,0.00110719,1028388520
1782967202267,buy,60827.3,0.0003,1028388519
1782967202267,buy,60827.3,0.00017161,1028388518
1782967202162,buy,60827.3,0.00032807,1028388517
1782967201430,buy,60825.9,0.00001654,1028388516
1782967201430,buy,60824.3,0.00001653,1028388515
1782967201412,buy,60823.4,0.00003154,1028388514
1782967201412,buy,60821.9,0.00035559,1028388513
1782967201412,buy,60821.4,0.00001653,1028388512
1782967201412,buy,60820.5,0.00004857,1028388511
1782967201412,buy,60820.5,0.00004589,1028388510
1782967201039,buy,60817.5,0.0000678,1028388509
1782967201039,buy,60817.5,0.00005037,1028388508
1782967200687,buy,60815.8,0.00511336,1028388507
1782967199792,buy,60815.8,0.01215309,1028388506
1782967199059,sell,60815.7,0.01059358,1028388505
1782967197410,sell,60815.8,0.00001653,1028388504
1782967197410,sell,60817.2,0.0013,1028388503
1782967197410,sell,60817.2,0.00119999,1028388502
1782978958338,buy,60125.2,0.02,1028487221
1782978958228,buy,60125.2,0.03,1028487220
1782978958202,buy,60125.2,0.00166319,1028487219
1782978958183,sell,60125.1,0.11366173,1028487218
1782978958183,sell,60125.1,0.00596017,1028487217
1782978958183,sell,60125.1,0.06359499,1028487216
1782978958137,buy,60125.2,0.292,1028487215
1782978958067,buy,60125.2,0.00008433,1028487214
1782978958067,buy,60125.2,0.00008433,1028487213
1782978958067,buy,60125.2,0.00008433,1028487212
1782978958067,buy,60125.2,0.00008433,1028487211
1782978958067,buy,60125.2,0.00008433,1028487210
1782978958067,buy,60125.2,0.00008433,1028487209
1782978958067,buy,60125.2,0.00008433,1028487208
1782978958067,buy,60125.2,0.00008433,1028487207
1782978958067,buy,60125.2,0.00008433,1028487206
1782978958067,buy,60125.2,0.00008433,1028487205
1782978958067,buy,60125.2,0.00008433,1028487204
1782978958067,buy,60125.2,0.00008433,1028487203
1782978958067,buy,60125.2,0.00008433,1028487202
1782978958067,buy,60125.2,0.00008433,1028487201
1782978958067,buy,60125.2,0.00008433,1028487200
1782978958067,buy,60125.2,0.00008433,1028487199
1782978958067,buy,60125.2,0.00008433,1028487198
1782978958067,buy,60125.2,0.00008433,1028487197
1782978958067,buy,60125.2,0.00008433,1028487196
1782978958067,buy,60125.2,0.00008433,1028487195
1782978958067,buy,60125.2,0.00008433,1028487194
1782978958067,buy,60125.2,0.00008433,1028487193
1782978958067,buy,60125.2,0.00008433,1028487192
1782978958067,buy,60125.2,0.00008433,1028487191
1782978958067,buy,60125.2,0.00008433,1028487190
1782978958067,buy,60125.2,0.00008433,1028487189
1782978958067,buy,60125.2,0.00008433,1028487188
1782978958067,buy,60125.2,0.00008433,1028487187
1782978958067,buy,60125.2,0.00008433,1028487186
1782978958067,buy,60125.2,0.00008433,1028487185
1782978958067,buy,60125.2,0.00008433,1028487184
1782978958067,buy,60125.2,0.00008433,1028487183
1782978958067,buy,60125.2,0.00008433,1028487182
1782978958067,buy,60125.2,0.00008433,1028487181
1782978958067,buy,60125.2,0.00008433,1028487180
1782978958067,buy,60125.2,0.00008433,1028487179
1782978958067,buy,60125.2,0.00008433,1028487178
1782978958067,buy,60125.2,0.00008433,1028487177
1782978958067,buy,60125.2,0.00008433,1028487176
1782978958067,buy,60125.2,0.00008433,1028487175
1782978958066,buy,60125.2,0.00008433,1028487174
1782978958066,buy,60125.2,0.00008433,1028487173
1782978958066,buy,60125.2,0.00008433,1028487172
1782978958066,buy,60125.2,0.00008433,1028487171
1782978958066,buy,60125.2,0.00008433,1028487170
1782978958066,buy,60125.2,0.00008433,1028487169
1782978958066,buy,60125.2,0.00008433,1028487168
1782978958066,buy,60125.2,0.00008433,1028487167
1782978958066,buy,60125.2,0.00008433,1028487166
1782978958066,buy,60125.2,0.00008433,1028487165
1782978958066,buy,60125.2,0.00008433,1028487164
1782978958066,buy,60125.2,0.00008433,1028487163
1782978958066,buy,60125.2,0.00008433,1028487162
1782978958066,buy,60125.2,0.00008433,1028487161
1782978958066,buy,60125.2,0.00008433,1028487160
1782978958066,buy,60125.2,0.00008433,1028487159
1782978958066,buy,60125.2,0.00008433,1028487158
1782978958066,buy,60125.2,0.00008433,1028487157
1782978958066,buy,60125.2,0.00008433,1028487156
1782978958066,buy,60125.2,0.00008433,1028487155
1782978958066,buy,60125.2,0.00008433,1028487154
1782978958066,buy,60125.2,0.00008433,1028487153
1782978958066,buy,60125.2,0.00008433,1028487152
1782978958066,buy,60125.2,0.00008433,1028487151
1782978958066,buy,60125.2,0.00008433,1028487150
1782978958066,buy,60125.2,0.00008433,1028487149
1782978958066,buy,60125.2,0.00008433,1028487148
1782978958066,buy,60125.2,0.00008433,1028487147
1782978958066,buy,60125.2,0.00008433,1028487146
1782978958066,buy,60125.2,0.00008433,1028487145
1782978958066,buy,60125.2,0.00008433,1028487144
1782978958066,buy,60125.2,0.00008433,1028487143
1782978958066,buy,60125.2,0.00008433,1028487142
1782978958066,buy,60125.2,0.00008433,1028487141
1782978958066,buy,60125.2,0.00008433,1028487140
1782978958066,buy,60125.2,0.00008433,1028487139
1782978958066,buy,60125.2,0.00008433,1028487138
1782978958066,buy,60125.2,0.00008433,1028487137
1782978958066,buy,60125.2,0.00008433,1028487136
1782978958066,buy,60125.2,0.00008433,1028487135
1782978958066,buy,60125.2,0.00008433,1028487134
1782978958066,buy,60125.2,0.00008433,1028487133
1782978958066,buy,60125.2,0.00008433,1028487132
1782978958066,buy,60125.2,0.00008433,1028487131
1782978958066,buy,60125.2,0.00008433,1028487130
1782978958066,buy,60125.2,0.00008433,1028487129
1782978958066,buy,60125.2,0.00008433,1028487128
1782978958066,buy,60125.2,0.00008433,1028487127
1782978958066,buy,60125.2,0.00008433,1028487126
1782978958066,buy,60125.2,0.00008433,1028487125
1782978958066,buy,60125.2,0.00008433,1028487124
1782978958066,buy,60125.2,0.00008433,1028487123
1782978958066,buy,60125.2,0.00008433,1028487122
1782979013002,buy,60147.9,0.01562927,1028487825
1782979012864,sell,60147.8,0.25274363,1028487824
1782979012864,sell,60147.8,0.24725637,1028487823
1782979012806,sell,60147.8,0.16469363,1028487822
1782979012806,sell,60147.8,0.08,1028487821
1782979012806,sell,60147.8,0.25530637,1028487820
1782979012746,sell,60147.8,0.09965429,1028487819
1782979012746,sell,60147.8,0.03097304,1028487818
1782979012746,sell,60147.8,0.00150974,1028487817
1782979012746,sell,60147.8,0.20274882,1028487816
1782979012746,sell,60147.8,0.00005126,1028487815
1782979012746,sell,60147.8,0.01817232,1028487814
1782979012746,sell,60147.8,0.02281299,1028487813
1782979012746,sell,60147.8,0.00009954,1028487812
1782979012746,sell,60147.8,0.123978,1028487811
1782979012725,buy,60147.9,0.046,1028487810
1782979012709,buy,60147.9,0.01072245,1028487809
1782979012709,buy,60147.9,0.00684429,1028487808
1782979012709,buy,60147.9,0.01643326,1028487807
1782979012704,buy,60147.9,0.0071,1028487806
1782979012574,sell,60147.8,0.058022,1028487805
1782979012574,sell,60147.8,0.06,1028487804
1782979012574,sell,60147.8,0.185,1028487803
1782979012574,sell,60147.8,0.16628531,1028487802
1782979012574,sell,60147.8,0.03069269,1028487801
1782979012542,sell,60147.8,0.5,1028487800
1782979012427,sell,60147.8,0.5,1028487799
1782979012268,buy,60147.9,0.0076,1028487798
1782979012241,buy,60147.9,0.001,1028487797
1782979012183,sell,60147.8,0.17400219,1028487796
1782979012109,buy,60147.9,0.02295019,1028487795
1782979012108,buy,60147.9,0.079,1028487794
1782979012067,buy,60147.9,0.049,1028487793
1782979012035,sell,60147.8,0.5,1028487792
1782979012033,sell,60147.8,0.29521512,1028487791
1782979012033,sell,60147.8,0.20478488,1028487790
1782979012032,sell,60147.8,0.06524908,1028487789
1782979012032,sell,60147.8,0.08,1028487788
1782979012032,sell,60147.8,0.35475092,1028487787
1782979011888,buy,60147.9,0.00134501,1028487786
1782979011812,buy,60147.9,0.0105,1028487785
1782979011482,buy,60147.9,0.0358,1028487784
1782979011383,sell,60147.8,0.00166092,1028487783
1782979011182,sell,60147.8,0.20284732,1028487782
1782979010616,buy,60147.9,0.0259,1028487781
1782979010616,buy,60147.9,0.019,1028487780
1782979010312,sell,60147.8,0.00002918,1028487779
1782979010182,sell,60147.8,0.01824199,1028487778
1782979010182,sell,60147.8,0.03194981,1028487777
1782979010182,sell,60147.8,0.00005126,1028487776
1782979010182,sell,60147.8,0.03188073,1028487775
1782979009644,buy,60147.9,0.1,1028487774
1782979009601,buy,60147.9,0.01,1028487773
1782979009409,buy,60147.9,0.049,1028487772
1782979009369,sell,60147.8,0.00331682,1028487771
1782979009182,sell,60147.8,0.00999725,1028487770
1782979009182,sell,60147.8,0.15062979,1028487769
1782979008183,sell,60147.8,0.00937021,1028487768
1782979008183,sell,60147.8,0.14966842,1028487767
1782979008029,buy,60147.9,0.0701,1028487766
1782979008028,buy,60147.9,0.0241,1028487765
1782979007769,buy,60147.9,0.03117154,1028487764
1782979007769,buy,60147.9,0.00004639,1028487763
1782979007769,buy,60147.9,0.03868207,1028487762
1782979007751,buy,60147.9,0.01841793,1028487761
1782979007348,buy,60147.9,0.00417135,1028487760
1782979007182,sell,60147.8,0.17033158,1028487759
1782979007181,buy,60147.9,0.00507,1028487758
1782979007170,buy,60147.9,0.01485865,1028487757
1782979006181,sell,60147.8,0.18592215,1028487756
1782979005183,sell,60147.8,0.15512741,1028487755
1782979005183,sell,60147.8,0.018,1028487754
1782979004983,buy,60147.9,0.16,1028487753
1782979004983,buy,60147.9,0.08,1028487752
1782979004983,buy,60147.9,0.0236,1028487751
1782979004391,buy,60147.9,0.0151,1028487750
1782979004391,buy,60147.9,0.0013,1028487749
1782979004337,buy,60146.9,0.00004639,1028487748
1782979004332,buy,60146.9,0.16,1028487747
1782979004332,buy,60146.9,0.16,1028487746
1782979004332,buy,60146.9,0.03966808,1028487745
1782979004332,buy,60146.9,0.00694117,1028487744
1782979004332,buy,60146.9,0.00593,1028487743
1782979004332,buy,60146.9,0.10746075,1028487742
1782979004312,buy,60146.9,0.07368042,1028487741
1782979004312,buy,60146.9,0.16631958,1028487740
1782979004312,buy,60146.9,0.2,1028487739
1782979004312,buy,60146.9,0.16,1028487738
1782979004303,buy,60146.9,0.01704,1028487737
1782979004195,buy,60146.9,0.00606461,1028487736
1782979004182,sell,60146.8,0.20808075,1028487735
1782979004152,buy,60146.9,0.01065883,1028487734
1782979004152,buy,60146.9,0.14934117,1028487733
1782979004152,buy,60146.9,0.16,1028487732
1782979004152,buy,60146.9,0.08,1028487731
1782979004135,buy,60146.9,0.007,1028487730
1782979004134,buy,60146.9,0.1812,1028487729
1782979004134,buy,60146.9,0.2118,1028487728
1782979004132,buy,60146.9,0.32,1028487727
1782979004132,buy,60146.9,0.0612,1028487726
1782979068183,sell,60113.9,0.11832971,1028488495
1782979068080,sell,60113.9,0.29720708,1028488494
1782979068080,sell,60113.9,0.20279292,1028488493
1782979067984,sell,60113.9,0.5,1028488492
1782979067927,buy,60114,0.198,1028488491
1782979067210,buy,60111.6,0.08,1028488490
1782979067210,buy,60111.5,0.08,1028488489
1782979067210,buy,60111.4,0.08,1028488488
1782979067201,sell,60111.3,0.5,1028488487
1782979067184,sell,60111.3,0.23023768,1028488486
1782979067184,sell,60111.3,0.00000001,1028488485
1782979067120,buy,60111.3,0.00458846,1028488484
1782979067116,buy,60111.3,0.02393,1028488483
1782979066952,buy,60111.3,0.00077524,1028488482
1782979066952,buy,60111.2,0.00003122,1028488481
1782979066952,buy,60110.7,0.00431254,1028488480
1782979066952,buy,60110.7,0.074881,1028488479
1782979066952,buy,60110.7,0.005119,1028488478
1782979066952,buy,60110.7,0.034881,1028488477
1782979066781,buy,60110.7,0.4,1028488476
1782979066182,sell,60110.6,0.01310516,1028488475
1782979066182,sell,60110.6,0.12853635,1028488474
1782979065182,sell,60110.6,0.03146365,1028488473
1782979065182,sell,60110.6,0.04572425,1028488472
1782979064591,buy,60108.1,0.01164664,1028488471
1782979064589,buy,60108.1,0.01649,1028488470
1782979064320,buy,60108.1,0.002,1028488469
1782979064182,sell,60108,0.35109643,1028488468
1782979064182,sell,60108,0.00000001,1028488467
1782979064005,buy,60108.1,0.00001021,1028488466
1782979064005,buy,60108.1,0.00001021,1028488465
1782979064005,buy,60108.1,0.00001021,1028488464
1782979064005,buy,60108.1,0.00001021,1028488463
1782979064005,buy,60108.1,0.00001021,1028488462
1782979064005,buy,60108.1,0.00001021,1028488461
1782979064005,buy,60108.1,0.00001021,1028488460
1782979064005,buy,60108.1,0.00001021,1028488459
1782979064005,buy,60108.1,0.00001021,1028488458
1782979064005,buy,60108.1,0.00001021,1028488457
1782979064005,buy,60108.1,0.00001021,1028488456
1782979064005,buy,60108.1,0.00001021,1028488455
1782979064005,buy,60108.1,0.00001021,1028488454
1782979064005,buy,60108.1,0.00001021,1028488453
1782979064005,buy,60108.1,0.00001021,1028488452
1782979064005,buy,60108.1,0.00001021,1028488451
1782979063826,buy,60108.1,0.0497,1028488450
1782979063814,buy,60108.1,0.16,1028488449
1782979063814,buy,60108.1,0.002,1028488448
1782979063813,buy,60108.1,0.078,1028488447
1782979063802,buy,60108.1,0.0043,1028488446
1782979063790,buy,60108.1,0.04828882,1028488445
1782979063790,buy,60108.1,0.00071118,1028488444
1782979063779,buy,60105.6,0.00003219,1028488443
1782979063759,buy,60105.2,0.0002,1028488442
1782979063742,buy,60105.2,0.08,1028488441
1782979063742,buy,60105.2,0.08,1028488440
1782979063732,buy,60105.2,0.2,1028488439
1782979063706,buy,60105.2,0.25184966,1028488438
1782979063706,buy,60105.2,0.00479235,1028488437
1782979063610,buy,60102.6,1.25070667,1028488436
1782979063610,buy,60102.6,0.00532511,1028488435
1782979063610,buy,60102.6,0.08,1028488434
1782979063596,buy,60102.6,0.01695125,1028488433
1782979063596,buy,60102.6,0.00591674,1028488432
1782979063596,buy,60102.6,0.00003319,1028488431
1782979063525,buy,60100.1,0.08,1028488430
1782979063525,buy,60100.1,0.0734256,1028488429
1782979063525,buy,60100.1,0.00281738,1028488428
1782979063525,buy,60100.1,0.00375702,1028488427
1782979063516,buy,60100.1,0.0411,1028488426
1782979063512,buy,60100.1,0.05762,1028488425
1782979063511,buy,60100.1,0.0277,1028488424
1782979063510,buy,60100.1,0.16,1028488423
1782979063510,buy,60100.1,0.08,1028488422
1782979063509,buy,60100.1,0.0087,1028488421
1782979063503,buy,60100.1,0.29050468,1028488420
1782979063503,buy,60100.1,0.0012,1028488419
1782979063503,buy,60100.1,0.27,1028488418
1782979063503,buy,60100.1,0.57759666,1028488417
1782979063503,buy,60100.1,0.46069866,1028488416
1782979063390,buy,60100.1,0.049,1028488415
1782979063259,buy,60100.1,0.00436848,1028488414
1782979063194,sell,60100,0.24058942,1028488413
1782979063194,sell,60100,0.00332778,1028488412
1782979063194,sell,60100,0.02300132,1028488411
1782979063194,sell,60100,0.00012007,1028488410
1782979063160,buy,60100.1,0.046,1028488409
1782979063160,buy,60100.1,0.024,1028488408
1782979062927,buy,60100.1,0.25,1028488407
1782979062830,buy,60100.1,0.00330366,1028488406
1782979062104,buy,60100.1,0.00620158,1028488405
1782979061402,buy,60100.1,0.08,1028488404
1782979061397,buy,60100.1,0.01999999,1028488403
1782979061397,buy,60100.1,0.00000001,1028488402
1782979061391,sell,60101.8,0.0076,1028488401
1782979061391,sell,60102.1,0.00035559,1028488400
1782979061389,sell,60102.2,0.00007019,1028488399
1782979061376,sell,60102.6,0.00001672,1028488398
1782979061376,sell,60102.8,0.00047,1028488397
1782979061376,sell,60103.3,0.0075,1028488396
1782979123499,sell,60118.5,0.72566789,1028489251
1782979123499,sell,60118.5,0.09439808,1028489250
1782979123499,sell,60118.5,0.036,1028489249
1782979123499,sell,60118.5,0.0812,1028489248
1782979123499,sell,60118.5,0.0603,1028489247
1782979123499,sell,60118.5,0.0012,1028489246
1782979123499,sell,60118.5,0.00123403,1028489245
1782979123284,sell,60118.5,0.00160789,1028489244
1782979123284,sell,60118.6,0.03,1028489243
1782979123284,sell,60119.1,0.08,1028489242
1782979123284,sell,60119.3,0.33267,1028489241
1782979123284,sell,60119.9,0.08,1028489240
1782979123284,sell,60119.9,0.00423395,1028489239
1782979123284,sell,60120,0.00832588,1028489238
1782979123284,sell,60120.7,0.00123403,1028489237
1782979123284,sell,60120.7,0.00496414,1028489236
1782979123284,sell,60120.7,0.00533333,1028489235
1782979123284,sell,60120.7,0.13878236,1028489234
1782979123284,sell,60120.7,0.001663,1028489233
1782979123284,sell,60120.7,0.13878236,1028489232
1782979123284,sell,60120.7,0.08,1028489231
1782979123284,sell,60120.7,0.01918986,1028489230
1782979123284,sell,60120.7,0.066,1028489229
1782979123284,sell,60120.7,0.0072132,1028489228
1782979123280,sell,60120.7,0.0727868,1028489227
1782979123280,sell,60120.7,0.09937002,1028489226
1782979123280,sell,60120.7,0.0812,1028489225
1782979123280,sell,60120.7,0.00551568,1028489224
1782979123280,sell,60120.7,0.0012,1028489223
1782979123280,sell,60120.7,0.00123403,1028489222
1782979123280,sell,60120.7,0.57754133,1028489221
1782979123280,sell,60120.7,0.16115214,1028489220
1782979123189,sell,60120.7,0.06764786,1028489219
1782979123189,sell,60120.7,0.01749765,1028489218
1782979123182,buy,60120.8,0.00145629,1028489217
1782979123099,sell,60120.7,0.08250235,1028489216
1782979123099,sell,60120.8,0.0000155,1028489215
1782979123099,sell,60120.9,0.00832596,1028489214
1782979123099,sell,60121.5,0.08,1028489213
1782979123099,sell,60122,0.008,1028489212
1782979123099,sell,60122,0.13852224,1028489211
1782979123099,sell,60122,0.08,1028489210
1782979123099,sell,60123.1,0.0005149,1028489209
1782979123099,sell,60123.1,0.0000691,1028489208
1782979123099,sell,60123.1,0.001663,1028489207
1782979123099,sell,60123.1,0.00612827,1028489206
1782979123099,sell,60123.1,0.04758879,1028489205
1782979123099,sell,60123.1,0.16,1028489204
1782979123099,sell,60123.1,0.185,1028489203
1782979123099,sell,60123.1,0.09936606,1028489202
1782979123099,sell,60123.1,0.10230383,1028489201
1782979122955,sell,60123.1,0.65930617,1028489200
1782979122955,sell,60123.1,0.00680918,1028489199
1782979122955,sell,60123.1,0.00123465,1028489198
1782979122955,sell,60123.1,0.33265,1028489197
1782979122882,buy,60123.2,0.00599999,1028489196
1782979122882,buy,60123.2,0.00000001,1028489195
1782979122843,sell,60123.2,0.00287244,1028489194
1782979122841,sell,60123.2,0.00545349,1028489193
1782979122841,sell,60123.4,0.001663,1028489192
1782979122841,sell,60124.5,0.00001595,1028489191
1782979122841,sell,60125,0.32,1028489190
1782979122841,sell,60125,0.64,1028489189
1782979122841,sell,60126.8,0.02530225,1028489188
1782979122841,sell,60126.8,0.00756531,1028489187
1782979122831,buy,60126.9,0.049,1028489186
1782979122806,buy,60126.9,0.00922,1028489185
1782979122804,sell,60126.8,0.82878869,1028489184
1782979122804,sell,60126.8,0.09935994,1028489183
1782979122804,sell,60126.8,0.0084059,1028489182
1782979122804,sell,60126.8,0.0445191,1028489181
1782979122804,sell,60126.8,0.00092637,1028489180
1782979122804,sell,60126.8,0.018,1028489179
1782979122796,buy,60126.9,0.0991,1028489178
1782979122786,buy,60126.9,0.1005,1028489177
1782979122722,buy,60126.9,0.023,1028489176
1782979122719,buy,60126.9,0.0976,1028489175
1782979122705,buy,60126.9,0.00754989,1028489174
1782979122705,buy,60126.9,0.0005149,1028489173
1782979122621,buy,60125.1,0.00001672,1028489172
1782979122621,buy,60122.1,0.00496,1028489171
1782979122602,buy,60122.1,0.16,1028489170
1782979122602,buy,60122.1,0.16,1028489169
1782979122602,buy,60122.1,0.08,1028489168
1782979122602,buy,60122.1,0.024,1028489167
1782979122582,buy,60122.1,0.024,1028489166
1782979122545,buy,60122.1,0.01735551,1028489165
1782979122545,buy,60120,0.00544449,1028489164
1782979122545,buy,60120,0.0012,1028489163
1782979122542,buy,60120,0.00000001,1028489162
1782979122542,buy,60120,0.00604938,1028489161
1782979122531,buy,60120,0.023,1028489160
1782979122528,buy,60120,0.16,1028489159
1782979122528,buy,60120,0.08,1028489158
1782979122522,buy,60120,0.4,1028489157
1782979122492,buy,60120,0.023,1028489156
1782979122472,buy,60120,0.023,1028489155
1782979122183,sell,60119.9,0.01576605,1028489154
1782979122183,sell,60119.9,0.0000713,1028489153
1782979122183,sell,60119.9,0.08,1028489152
1782979178817,buy,60129.1,0.0499,1028490004
1782979178182,sell,60129,0.21318882,1028490003
1782979177977,buy,60129.1,0.0333,1028490002
1782979177915,buy,60129.1,0.0166,1028490001
1782979177822,buy,60129.1,0.0333,1028490000
1782979177768,buy,60129.1,0.0166,1028489999
1782979177713,buy,60129.1,0.00171131,1028489998
1782979177256,buy,60129.1,0.00813,1028489997
1782979177256,buy,60129.1,0.00819,1028489996
1782979177256,buy,60129.1,0.00502,1028489995
1782979177255,buy,60129.1,0.00923,1028489994
1782979177255,buy,60129.1,0.01037,1028489993
1782979177253,buy,60129.1,0.024,1028489992
1782979177182,sell,60129,0.13966316,1028489991
1782979177182,sell,60129,0.01664408,1028489990
1782979177182,sell,60129,0.0013,1028489989
1782979177182,sell,60129,0.00091637,1028489988
1782979177148,buy,60129.1,0.11528951,1028489987
1782979177144,buy,60129.1,0.00993223,1028489986
1782979177144,buy,60129.1,0.01620336,1028489985
1782979177121,buy,60129.1,0.01276533,1028489984
1782979177121,buy,60125.3,0.00022367,1028489983
1782979175181,sell,60125.2,0.00116512,1028489982
1782979175181,sell,60125.2,0.0077,1028489981
1782979175181,sell,60125.2,0.00005537,1028489980
1782979175181,sell,60125.2,0.08174057,1028489979
1782979175181,sell,60125.2,0.044,1028489978
1782979175181,sell,60125.2,0.0024641,1028489977
1782979175181,sell,60125.2,0.07192753,1028489976
1782979175181,sell,60125.2,0.00832524,1028489975
1782979175122,buy,60125.3,0.0986,1028489974
1782979174228,buy,60125.3,0.34694233,1028489973
1782979174228,buy,60125.3,0.0013,1028489972
1782979174228,buy,60125.3,0.06806,1028489971
1782979174181,sell,60125.2,0.02389552,1028489970
1782979174181,sell,60125.2,0.016,1028489969
1782979174181,sell,60125.2,0.00006751,1028489968
1782979174181,sell,60125.2,0.08174057,1028489967
1782979174181,sell,60125.2,0.00273789,1028489966
1782979174181,sell,60125.2,0.00034393,1028489965
1782979174181,sell,60125.2,0.063,1028489964
1782979174181,sell,60125.2,0.00005537,1028489963
1782979173317,buy,60125.3,0.01314,1028489962
1782979173182,sell,60125.2,0.07290878,1028489961
1782979173182,sell,60125.2,0.00004909,1028489960
1782979173182,sell,60125.2,0.08174057,1028489959
1782979173182,sell,60125.2,0.00832474,1028489958
1782979173182,sell,60125.2,0.001663,1028489957
1782979173182,sell,60125.2,0.00006751,1028489956
1782979173070,buy,60125.3,0.01784837,1028489955
1782979173070,buy,60125.3,0.01126589,1028489954
1782979173070,buy,60125.3,0.07146574,1028489953
1782979173008,buy,60125.3,0.03330015,1028489952
1782979173003,buy,60125.3,0.023,1028489951
1782979173001,buy,60126.4,0.044,1028489950
1782979173000,buy,60125.3,0.12782456,1028489949
1782979172290,buy,60125.3,0.00224052,1028489948
1782979172207,buy,60125.3,0.00904473,1028489947
1782979172188,buy,60125.3,0.00239425,1028489946
1782979172182,sell,60125.2,0.13922286,1028489945
1782979172182,sell,60125.2,0.07192786,1028489944
1782979172177,buy,60125.3,0.0836,1028489943
1782979172174,buy,60125.3,0.01616847,1028489942
1782979172174,buy,60125.3,0.0099339,1028489941
1782979171989,buy,60125.3,0.06279853,1028489940
1782979171989,buy,60125.3,0.0013,1028489939
1782979171989,buy,60125.3,0.07699187,1028489938
1782979171781,sell,60125.2,0.38776164,1028489937
1782979171781,sell,60125.2,0.08174057,1028489936
1782979171781,sell,60125.2,0.00832481,1028489935
1782979171781,sell,60125.2,0.0030421,1028489934
1782979171781,sell,60125.2,0.00122316,1028489933
1782979171781,sell,60125.2,0.03634268,1028489932
1782979171781,sell,60125.2,0.48156504,1028489931
1782979171655,buy,60125.3,0.00420813,1028489930
1782979171503,sell,60125.2,1,1028489929
1782979171441,sell,60125.1,0.15294053,1028489928
1782979171441,sell,60125.9,0.00035559,1028489927
1782979171441,sell,60126.4,0.0083248,1028489926
1782979171441,sell,60126.4,0.02,1028489925
1782979171441,sell,60126.4,0.00337997,1028489924
1782979171441,sell,60126.4,0.07192682,1028489923
1782979171441,sell,60126.4,0.00122425,1028489922
1782979171441,sell,60126.4,0.08173893,1028489921
1782979171441,sell,60126.4,0.66010911,1028489920
1782979171397,buy,60126.5,0.0499,1028489919
1782979171375,sell,60126.4,0.93299184,1028489918
1782979171375,sell,60126.4,0.00122425,1028489917
1782979171375,sell,60126.4,0.06578391,1028489916
1782979171351,sell,60126.4,0.26684609,1028489915
1782979171351,sell,60127.5,0.07036573,1028489914
1782979171351,sell,60127.5,0.00832465,1028489913
1782979171351,sell,60127.5,0.00375539,1028489912
1782979171351,sell,60127.5,0.07192638,1028489911
1782979171351,sell,60127.5,0.00122432,1028489910
1782979171351,sell,60127.5,0.57755744,1028489909
1782979171261,sell,60127.5,0.01769542,1028489908
1782979171261,sell,60127.9,0.01664354,1028489907
1782979171261,sell,60130.5,0.024,1028489906
1782979171261,sell,60130.5,0.0083249,1028489905
1782989163222,buy,61252.2,0.00328056,1028573526
1782989163177,sell,61252.1,0.00397667,1028573525
1782989163113,sell,61252.1,0.00067701,1028573524
1782989163065,sell,61252.1,0.00176652,1028573523
1782989163021,buy,61252.2,0.00548918,1028573522
1782989162963,buy,61252.2,0.00038582,1028573521
1782989162961,buy,61252,0.00029911,1028573520
1782989162961,buy,61250,0.00459099,1028573519
1782989162961,buy,61250,0.00165301,1028573518
1782989162961,buy,61250,0.00012007,1028573517
1782989162959,sell,61249.9,0.00069965,1028573516
1782989162938,buy,61247.4,0.00112367,1028573515
1782989162938,buy,61247.4,0.00037529,1028573514
1782989162938,buy,61247.4,0.014209,1028573513
1782989162938,buy,61247.4,0.00510136,1028573512
1782989162910,sell,61247.3,0.00069965,1028573511
1782989162863,sell,61247.3,0.00132236,1028573510
1782989162804,sell,61247.3,0.00194506,1028573509
1782989162771,buy,61247.4,0.00531392,1028573508
1782989162697,sell,61247.3,0.00055587,1028573507
1782989162641,sell,61247.3,0.00055587,1028573506
1782989162593,sell,61247.3,0.00308707,1028573505
1782989162548,buy,61247.4,0.00417717,1028573504
1782989162491,sell,61247.3,0.00063541,1028573503
1782989162448,sell,61247.3,0.00063541,1028573502
1782989162382,buy,61247.4,0.00070902,1028573501
1782989162336,buy,61247.4,0.00070902,1028573500
1782989162281,sell,61247.3,0.00492782,1028573499
1782989162236,buy,61247.4,0.00234578,1028573498
1782989162182,sell,61247.3,0.002383,1028573497
1782989162123,buy,61247.4,0.0048864,1028573496
1782989162085,buy,61247.4,0.00039227,1028573495
1782989162018,sell,61247.3,0.00437984,1028573494
1782989162018,sell,61247.3,0.00086507,1028573493
1782989162018,sell,61247.3,0.0012,1028573492
1782989161973,buy,61247.4,0.00083668,1028573491
1782989161949,buy,61243,0.00006228,1028573490
1782989161949,buy,61243,0.00001644,1028573489
1782989161949,buy,61239.1,0.00046015,1028573488
1782989161946,buy,61238.1,0.00259588,1028573487
1782989161946,buy,61237.4,0.00359182,1028573486
1782989161946,buy,61237,0.0003754,1028573485
1782989161918,buy,61237,0.00083668,1028573484
1782989161869,buy,61237,0.00129883,1028573483
1782989161815,buy,61237,0.00129883,1028573482
1782989161769,sell,61236.9,0.00229832,1028573481
1782989161711,sell,61236.9,0.00229832,1028573480
1782989161661,buy,61237,0.00386778,1028573479
1782989161611,sell,61236.9,0.00341459,1028573478
1782989161570,buy,61237,0.00587301,1028573477
1782989161559,sell,61236.9,0.00540239,1028573476
1782989161469,buy,61237,0.00188817,1028573475
1782989161412,buy,61237,0.0018758,1028573474
1782989161370,buy,61237,0.0018758,1028573473
1782989161301,sell,61236.9,0.00047911,1028573472
1782989161301,sell,61236.9,0.00253509,1028573471
1782989161283,sell,61236.9,0.0030142,1028573470
1782989161200,buy,61237,0.00506324,1028573469
1782989161155,sell,61236.9,0.0022271,1028573468
1782989161108,sell,61236.9,0.00184853,1028573467
1782989161061,buy,61237,0.00011654,1028573466
1782989161061,buy,61237,0.00049919,1028573465
1782989161059,buy,61235.6,0.00011653,1028573464
1782989161059,buy,61235.5,0.00566955,1028573463
1782989161057,sell,61235.4,0.00184853,1028573462
1782989161057,buy,61235.5,0.00544197,1028573461
1782989161010,sell,61235.4,0.00545388,1028573460
1782989161010,buy,61235.5,0.00184522,1028573459
1782989160960,buy,61235.5,0.00184522,1028573458
1782989160900,buy,61235.5,0.00061033,1028573457
1782989160856,buy,61235.5,0.00061033,1028573456
1782989160800,buy,61235.5,0.00019312,1028573455
1782989160756,buy,61235.5,0.00019312,1028573454
1782989160725,buy,61235.5,0.0001633,1028573453
1782989160695,buy,61235.5,0.00019331,1028573452
1782989160680,buy,61235.5,0.00051564,1028573451
1782989160680,buy,61234.4,0.00001644,1028573450
1782989160680,buy,61234.1,0.00006425,1028573449
1782989160677,buy,61232,0.00001501,1028573448
1782989160673,buy,61230.6,0.00039453,1028573447
1782989160673,buy,61229.5,0.00029901,1028573446
1782989160673,buy,61228.7,0.00001642,1028573445
1782989160670,buy,61227.2,0.014213,1028573444
1782989160670,buy,61226.7,0.0923731,1028573443
1782989160670,buy,61226.7,0.05034778,1028573442
1782989160670,buy,61226.7,0.01727912,1028573441
1782989160670,buy,61226.7,0.00912227,1028573440
1782989160670,buy,61226.7,0.04520289,1028573439
1782989160670,buy,61226.7,0.06567484,1028573438
1782989160670,buy,61226.7,0.12711154,1028573437
1782989160646,buy,61226.7,0.00019331,1028573436
1782989160605,sell,61226.6,0.00387217,1028573435
1782989160548,buy,61226.7,0.00315801,1028573434
1782989160497,sell,61226.6,0.00442218,1028573433
1782989160456,buy,61226.7,0.00288365,1028573432
1782989160390,sell,61226.6,0.00331139,1028573431
1782989160344,buy,61226.7,0.00399261,1028573430
1782989160289,sell,61226.6,0.00399382,1028573429
1782989160234,buy,61226.7,0.00331178,1028573428
1782989160187,sell,61226.6,0.00028062,1028573427
1782989218620,sell,61228.6,0.00165443,1028574832
1782989218569,buy,61228.7,0.00471913,1028574831
1782989218520,sell,61228.6,0.0012032,1028574830
1782989218471,sell,61228.6,0.0012032,1028574829
1782989218409,buy,61228.7,0.00115464,1028574828
1782989218363,buy,61228.7,0.00115464,1028574827
1782989218314,sell,61228.6,0.00033783,1028574826
1782989218272,sell,61228.6,0.00033783,1028574825
1782989218211,sell,61228.6,0.00067982,1028574824
1782989218160,sell,61228.6,0.00067982,1028574823
1782989218111,buy,61228.7,0.00114065,1028574822
1782989218061,sell,61228.6,0.00524808,1028574821
1782989218061,buy,61228.7,0.00114065,1028574820
1782989218003,buy,61228.7,0.00075383,1028574819
1782989217958,buy,61228.7,0.00075383,1028574818
1782989217911,buy,61228.7,0.00348495,1028574817
1782989217852,sell,61228.6,0.00290048,1028574816
1782989217807,buy,61228.7,0.0025524,1028574815
1782989217750,sell,61228.6,0.00383685,1028574814
1782989217716,sell,61228.6,0.00082464,1028574813
1782989217668,sell,61228.6,0.00082464,1028574812
1782989217614,buy,61228.7,0.00042884,1028574811
1782989217584,buy,61228.7,0.24606883,1028574810
1782989217559,buy,61228.7,0.00042884,1028574809
1782989217507,buy,61228.7,0.0023636,1028574808
1782989217459,buy,61228.7,0.0023636,1028574807
1782989217406,sell,61228.6,0.00331825,1028574806
1782989217352,buy,61228.7,0.00307476,1028574805
1782989217294,buy,61228.7,0.00057602,1028574804
1782989217240,sell,61228.6,0.00582407,1028574803
1782989217188,buy,61228.7,0.0009891,1028574802
1782989217144,buy,61228.7,0.0009891,1028574801
1782989217099,sell,61228.6,0.00090148,1028574800
1782989217032,buy,61228.7,0.00162829,1028574799
1782989216987,buy,61228.7,0.00162829,1028574798
1782989216942,sell,61228.6,0.00418468,1028574797
1782989216886,buy,61228.7,0.00221892,1028574796
1782989216848,sell,61228.6,0.00179725,1028574795
1782989216848,sell,61228.6,0.00000001,1028574794
1782989216842,buy,61225.9,0.00001501,1028574793
1782989216842,buy,61225.7,0.00177966,1028574792
1782989216829,buy,61222.9,0.00001642,1028574791
1782989216827,buy,61220.4,0.00005527,1028574790
1782989216827,buy,61220.1,0.00008626,1028574789
1782989216827,buy,61220,0.00161182,1028574788
1782989216827,buy,61220,0.2706642,1028574787
1782989216827,buy,61220,0.12839826,1028574786
1782989216827,buy,61220,0.15263319,1028574785
1782989216785,buy,61220,0.00460378,1028574784
1782989216733,sell,61219.9,0.00518061,1028574783
1782989216682,buy,61220,0.00122855,1028574782
1782989216628,buy,61220,0.00258718,1028574781
1782989216586,sell,61219.9,0.00198399,1028574780
1782989216542,sell,61219.9,0.00198399,1028574779
1782989216534,sell,61219.9,0.00033634,1028574778
1782989216477,buy,61220,0.00442169,1028574777
1782989216429,buy,61220,0.00027067,1028574776
1782989216376,sell,61219.9,0.00372298,1028574775
1782989216326,buy,61220,0.00268984,1028574774
1782989216271,sell,61219.9,0.00130117,1028574773
1782989216218,sell,61219.9,0.00130117,1028574772
1782989216185,buy,61220,0.00317641,1028574771
1782989216125,sell,61219.9,0.00226902,1028574770
1782989216076,sell,61219.9,0.00197669,1028574769
1782989216020,buy,61220,0.00444948,1028574768
1782989215969,sell,61219.9,0.00197669,1028574767
1782989215917,sell,61219.9,0.00197669,1028574766
1782989215864,buy,61220,0.00444948,1028574765
1782989215817,sell,61219.9,0.00197669,1028574764
1782989215775,sell,61219.9,0.00197669,1028574763
1782989215710,buy,61220,0.00444948,1028574762
1782989215668,sell,61219.9,0.00197669,1028574761
1782989215618,sell,61219.9,0.00197669,1028574760
1782989215558,buy,61220,0.00444948,1028574759
1782989215511,sell,61219.9,0.00197669,1028574758
1782989215467,sell,61219.9,0.00197669,1028574757
1782989215417,buy,61220,0.00381333,1028574756
1782989215350,sell,61219.9,0.00261434,1028574755
1782989215304,sell,61219.9,0.00261434,1028574754
1782989215253,buy,61220,0.00411774,1028574753
1782989215200,sell,61219.9,0.00231153,1028574752
1782989215154,sell,61219.9,0.00227109,1028574751
1782989215105,buy,61220,0.00415945,1028574750
1782989215084,sell,61219.9,0.00018346,1028574749
1782989215049,sell,61219.9,0.00032533,1028574748
1782989215006,sell,61219.9,0.00032533,1028574747
1782989214948,sell,61219.9,0.0030631,1028574746
1782989214903,buy,61220,0.00337327,1028574745
1782989214847,sell,61219.9,0.0009721,1028574744
1782989214796,sell,61219.9,0.0009721,1028574743
1782989214751,buy,61220,0.00198616,1028574742
1782989214696,buy,61220,0.00198616,1028574741
1782989214642,buy,61217,0.014214,1028574740
1782989214642,buy,61217,0.04610262,1028574739
1782989214633,sell,61216.9,0.00307861,1028574738
1782989214592,sell,61216.9,0.00307861,1028574737
1782989214592,buy,61217,0.00336476,1028574736
1782989214546,sell,61216.9,0.00215428,1028574735
1782989214491,buy,61217,0.00428945,1028574734
1782989214448,sell,61216.9,0.00548711,1028574733
1782989274025,sell,61271,0.00032333,1028576116
1782989273976,buy,61271.1,0.00515022,1028576115
1782989273925,sell,61271,0.00041107,1028576114
1782989273870,sell,61271,0.00373186,1028576113
1782989273819,buy,61271.1,0.00183722,1028576112
1782989273771,buy,61271.1,0.00104455,1028576111
1782989273712,buy,61271.1,0.00104455,1028576110
1782989273661,sell,61271,0.00282994,1028576109
1782989273612,buy,61271.1,0.00274137,1028576108
1782989273558,sell,61271,0.00169428,1028576107
1782989273509,sell,61271,0.00169428,1028576106
1782989273461,buy,61271.1,0.00238227,1028576105
1782989273399,sell,61271,0.00319386,1028576104
1782989273366,buy,61271.1,0.00394198,1028576103
1782989273306,sell,61271,0.00220785,1028576102
1782989273257,sell,61271,0.00220785,1028576101
1782989273257,buy,61271.1,0.00164123,1028576100
1782989273204,buy,61271.1,0.00336787,1028576099
1782989273145,sell,61271,0.00395366,1028576098
1782989273145,buy,61271.1,0.00162696,1028576097
1782989273102,buy,61271.1,0.00079736,1028576096
1782989273043,buy,61271.1,0.00079736,1028576095
1782989272987,buy,61271.1,0.00079736,1028576094
1782989272942,sell,61271,0.00113275,1028576093
1782989272890,sell,61271,0.00062895,1028576092
1782989272890,buy,61271.1,0.00117408,1028576091
1782989272847,sell,61271,0.00062895,1028576090
1782989272847,buy,61271.1,0.00117408,1028576089
1782989272788,sell,61271,0.00232616,1028576088
1782989272741,buy,61271.1,0.00325808,1028576087
1782989272686,sell,61271,0.00410775,1028576086
1782989272624,buy,61271.1,0.00148068,1028576085
1782989272573,buy,61271.1,0.00224992,1028576084
1782989272521,sell,61271,0.00333888,1028576083
1782989272465,buy,61271.1,0.00385431,1028576082
1782989272410,sell,61271,0.00173185,1028576081
1782989272369,sell,61271,0.00090897,1028576080
1782989272312,sell,61271,0.00090897,1028576079
1782989272260,buy,61271.1,0.0031881,1028576078
1782989272205,sell,61271,0.00240243,1028576077
1782989272152,buy,61271.1,0.0008202,1028576076
1782989272094,buy,61271.1,0.0008202,1028576075
1782989272043,sell,61271,0.00089068,1028576074
1782989271997,buy,61271.1,0.00173096,1028576073
1782989271940,sell,61271,0.0038679,1028576072
1782989271909,buy,61271.1,0.00234478,1028576071
1782989271850,sell,61271,0.0032546,1028576070
1782989271850,buy,61271.1,0.00234478,1028576069
1782989271789,sell,61271,0.00151291,1028576068
1782989271742,sell,61271,0.00081401,1028576067
1782989271742,buy,61271.1,0.00478184,1028576066
1782989271687,sell,61271,0.00081401,1028576065
1782989271631,sell,61271,0.00222397,1028576064
1782989271597,buy,61271.1,0.00250598,1028576063
1782989271569,sell,61271,0.00222397,1028576062
1782989271522,buy,61271.1,0.00034481,1028576061
1782989271472,buy,61271.1,0.00034481,1028576060
1782989271425,buy,61271.1,0.00115078,1028576059
1782989271425,buy,61271.1,0.00028226,1028576058
1782989271380,buy,61271.1,0.00143304,1028576057
1782989271326,sell,61271,0.00071937,1028576056
1782989271302,sell,61271,0.00042,1028576055
1782989271273,sell,61271,0.00071937,1028576054
1782989271218,sell,61271,0.00071937,1028576053
1782989271170,sell,61271,0.0030995,1028576052
1782989271065,buy,61271.1,0.00111489,1028576051
1782989271014,buy,61271.1,0.00111489,1028576050
1782989270971,buy,61271.1,0.00081417,1028576049
1782989270914,buy,61271.1,0.00159248,1028576048
1782989270849,sell,61271,0.00402063,1028576047
1782989270798,buy,61271.1,0.00159248,1028576046
1782989270749,buy,61271.1,0.00209436,1028576045
1782989270705,sell,61271,0.00351792,1028576044
1782989270648,buy,61271.1,0.00265142,1028576043
1782989270596,sell,61271,0.00295993,1028576042
1782989270545,buy,61271.1,0.00320269,1028576041
1782989270496,sell,61271,0.00240776,1028576040
1782989270443,buy,61271.1,0.00020689,1028576039
1782989270393,buy,61271.1,0.00030626,1028576038
1782989270334,buy,61271.1,0.00030626,1028576037
1782989270287,buy,61271.1,0.00026331,1028576036
1782989270236,buy,61271.1,0.00026331,1028576035
1782989270189,buy,61271.1,0.00030033,1028576034
1782989270131,buy,61271.1,0.00030033,1028576033
1782989270096,sell,61271,0.00001958,1028576032
1782989270079,sell,61271,0.00336457,1028576031
1782989270029,buy,61271.1,0.00225614,1028576030
1782989269995,sell,61271,0.00080876,1028576029
1782989269995,sell,61271,0.00134653,1028576028
1782989269932,buy,61271.1,0.00346448,1028576027
1782989269883,sell,61271,0.00350963,1028576026
1782989269843,buy,61271.1,0.00211433,1028576025
1782989269775,sell,61271,0.00207721,1028576024
1782989269720,buy,61271.1,0.00354439,1028576023
1782989269678,sell,61271,0.00154522,1028576022
1782989269615,sell,61271,0.00154522,1028576021
1782989269575,buy,61271.1,0.00278015,1028576020
1782989269527,sell,61271,0.00284362,1028576019
1782989269474,buy,61271.1,0.00146216,1028576018
1782989269411,buy,61271.1,0.00146216,1028576017
1782989329202,sell,61250,0.00064027,1028577490
1782989329154,sell,61250,0.0005202,1028577489
1782989329154,sell,61250,0.00012007,1028577488
1782989329118,sell,61250.2,0.00623844,1028577487
1782989329118,sell,61250.2,0.00004492,1028577486
1782989329109,sell,61250.2,0.00007052,1028577485
1782989329109,sell,61250.2,0.00005182,1028577484
1782989329109,buy,61250.3,0.00048935,1028577483
1782989329040,sell,61250.2,0.00012234,1028577482
1782989329040,buy,61250.3,0.00048935,1028577481
1782989328999,buy,61250.3,0.00048935,1028577480
1782989328949,sell,61250.2,0.00462045,1028577479
1782989328949,buy,61250.3,0.00027332,1028577478
1782989328890,buy,61250.3,0.00027332,1028577477
1782989328845,buy,61250.3,0.00187327,1028577476
1782989328801,buy,61250.3,0.00187327,1028577475
1782989328752,buy,61250.3,0.00052868,1028577474
1782989328681,sell,61250.2,0.00436682,1028577473
1782989328646,buy,61250.3,0.00044,1028577472
1782989328630,buy,61250.3,0.00151871,1028577471
1782989328579,buy,61250.3,0.00151871,1028577470
1782989328539,sell,61250.2,0.00325944,1028577469
1782989328478,buy,61250.3,0.00163587,1028577468
1782989328426,buy,61250.3,0.00176057,1028577467
1782989328370,sell,61250.2,0.00313645,1028577466
1782989328320,buy,61250.3,0.00050613,1028577465
1782989328269,buy,61250.3,0.00050613,1028577464
1782989328219,buy,61250.3,0.00250903,1028577463
1782989328159,sell,61250.2,0.00239008,1028577462
1782989328109,buy,61250.3,0.00201404,1028577461
1782989328109,buy,61250.3,0.00088815,1028577460
1782989328055,sell,61250.2,0.00277567,1028577459
1782989328012,buy,61250.3,0.00212536,1028577458
1782989327963,sell,61250.2,0.00340916,1028577457
1782989327897,buy,61250.3,0.00347373,1028577456
1782989327856,sell,61250.2,0.00142637,1028577455
1782989327808,buy,61250.3,0.00040199,1028577454
1782989327749,buy,61250.3,0.00040199,1028577453
1782989327694,sell,61250.2,0.00188174,1028577452
1782989327694,buy,61250.3,0.00068482,1028577451
1782989327666,sell,61250.2,0.00052325,1028577450
1782989327648,sell,61250.2,0.00188174,1028577449
1782989327648,buy,61250.3,0.00068482,1028577448
1782989327595,buy,61250.3,0.00055094,1028577447
1782989327543,buy,61250.3,0.00055094,1028577446
1782989327486,buy,61250.3,0.00147302,1028577445
1782989327434,sell,61250.2,0.00343586,1028577444
1782989327383,buy,61250.3,0.00029395,1028577443
1782989327327,buy,61250.3,0.00029395,1028577442
1782989327282,buy,61250.3,0.00238434,1028577441
1782989327223,sell,61250.2,0.00252689,1028577440
1782989327172,buy,61250.3,0.00292696,1028577439
1782989327118,sell,61250.2,0.00198488,1028577438
1782989327076,buy,61250.3,0.00185453,1028577437
1782989327025,sell,61250.2,0.00306114,1028577436
1782989326969,buy,61250.3,0.00235093,1028577435
1782989326907,sell,61250.2,0.00256544,1028577434
1782989326907,buy,61250.3,0.00235093,1028577433
1782989326859,sell,61250.2,0.00218131,1028577432
1782989326809,buy,61250.3,0.00273534,1028577431
1782989326759,buy,61250.3,0.00191111,1028577430
1782989326698,sell,61250.2,0.00300867,1028577429
1782989326695,sell,61250.2,0.0003206,1028577428
1782989326660,buy,61250.3,0.00271314,1028577427
1782989326609,sell,61250.2,0.00220637,1028577426
1782989326554,sell,61250.2,0.0013262,1028577425
1782989326504,buy,61250.3,0.00171877,1028577424
1782989326452,buy,61250.3,0.00171877,1028577423
1782989326405,sell,61250.2,0.00256241,1028577422
1782989326346,buy,61250.3,0.00236056,1028577421
1782989326295,sell,61250.2,0.00154106,1028577420
1782989326241,sell,61250.2,0.00154106,1028577419
1782989326188,buy,61250.3,0.00244004,1028577418
1782989326129,sell,61250.2,0.00248421,1028577417
1782989326085,buy,61250.3,0.00056712,1028577416
1782989326040,buy,61250.3,0.0005671,1028577415
1782989325987,sell,61250.2,0.00015137,1028577414
1782989325987,buy,61250.3,0.00024041,1028577413
1782989325962,buy,61250.3,0.00669874,1028577412
1782989325932,sell,61250.2,0.00015137,1028577411
1782989325932,buy,61250.3,0.00024041,1028577410
1782989325886,buy,61250.3,0.00095357,1028577409
1782989325841,buy,61250.3,0.00095357,1028577408
1782989325788,sell,61250.2,0.00191564,1028577407
1782989325733,sell,61250.2,0.00191564,1028577406
1782989325675,buy,61250.3,0.00196669,1028577405
1782989325626,buy,61250.3,0.00196669,1028577404
1782989325576,sell,61250.2,0.00350837,1028577403
1782989325576,sell,61251.9,0.00035793,1028577402
1782989325576,sell,61252,0.0002995,1028577401
1782989325576,sell,61253,0.00004771,1028577400
1782989325576,sell,61253,0.00005465,1028577399
1782989325576,buy,61253.1,0.00036422,1028577398
1782989325541,buy,61253.1,0.00036422,1028577397
1782989325475,buy,61253.1,0.00076767,1028577396
1782989325430,buy,61253.1,0.00076767,1028577395
1782989325388,buy,61253.1,0.00056918,1028577394
1782989325321,buy,61253.1,0.00056918,1028577393
1782989325289,sell,61253,0.00163841,1028577392
1782989325258,sell,61253,0.00163841,1028577391
1782989384477,buy,61272.5,0.00090846,1028578711
1782989384434,buy,61272.5,0.00090846,1028578710
1782989384384,buy,61272.5,0.00022403,1028578709
1782989384324,buy,61272.5,0.00022403,1028578708
1782989384273,sell,61272.4,0.00259042,1028578707
1782989384273,buy,61272.5,0.00170233,1028578706
1782989384249,buy,61272.5,0.00170233,1028578705
1782989384184,sell,61272.4,0.00126334,1028578704
1782989384166,sell,61272.4,0.01421423,1028578703
1782989384166,sell,61272.4,0.00515194,1028578702
1782989384123,sell,61272.4,0.00126334,1028578701
1782989384068,buy,61272.5,0.00179697,1028578700
1782989384023,sell,61272.4,0.00249765,1028578699
1782989383962,buy,61272.5,0.00096602,1028578698
1782989383908,buy,61272.5,0.00096602,1028578697
1782989383855,sell,61272.4,0.0004207,1028578696
1782989383804,sell,61272.4,0.0004207,1028578695
1782989383753,sell,61272.4,0.0012595,1028578694
1782989383753,buy,61272.5,0.00303543,1028578693
1782989383707,sell,61272.4,0.0012595,1028578692
1782989383648,sell,61272.4,0.00042495,1028578691
1782989383590,sell,61272.4,0.00042495,1028578690
1782989383544,buy,61272.5,0.00148514,1028578689
1782989383494,buy,61272.5,0.00148514,1028578688
1782989383444,sell,61272.4,0.00257745,1028578687
1782989383385,buy,61272.5,0.00172213,1028578686
1782989383333,sell,61272.4,0.00109619,1028578685
1782989383285,buy,61272.5,0.00194845,1028578684
1782989383228,sell,61272.4,0.00235281,1028578683
1782989383181,sell,61272.4,0.00008579,1028578682
1782989383119,sell,61272.4,0.00008579,1028578681
1782989383078,buy,61272.5,0.00032808,1028578680
1782989383029,buy,61272.5,0.00151202,1028578679
1782989382973,sell,61272.4,0.00279376,1028578678
1782989382922,buy,61272.5,0.00151202,1028578677
1782989382880,buy,61272.5,0.00115705,1028578676
1782989382823,buy,61272.5,0.00115705,1028578675
1782989382778,buy,61271.9,0.00001641,1028578674
1782989382778,buy,61268.5,0.00158757,1028578673
1782989382772,sell,61268.4,0.00414154,1028578672
1782989382719,buy,61268.5,0.00016909,1028578671
1782989382677,buy,61268.5,0.00238123,1028578670
1782989382627,sell,61268.4,0.00117112,1028578669
1782989382571,sell,61268.4,0.00117112,1028578668
1782989382553,sell,61268.4,0.0001868,1028578667
1782989382515,buy,61268.5,0.00080777,1028578666
1782989382461,buy,61268.5,0.00164974,1028578665
1782989382426,sell,61268.4,0.00266082,1028578664
1782989382370,buy,61268.5,0.0011309,1028578663
1782989382315,buy,61268.5,0.0011309,1028578662
1782989382267,buy,61268.5,0.00038515,1028578661
1782989382219,buy,61268.5,0.00038515,1028578660
1782989382160,sell,61268.4,0.00237992,1028578659
1782989382123,buy,61268.5,0.00193279,1028578658
1782989382077,sell,61268.4,0.00107229,1028578657
1782989382008,sell,61268.4,0.00107229,1028578656
1782989381957,buy,61268.5,0.00054142,1028578655
1782989381923,sell,61268.4,0.00062484,1028578654
1782989381905,buy,61268.5,0.00054142,1028578653
1782989381856,sell,61268.4,0.00130437,1028578652
1782989381805,buy,61268.5,0.00300984,1028578651
1782989381763,sell,61268.4,0.00142796,1028578650
1782989381700,sell,61268.4,0.00142796,1028578649
1782989381655,buy,61268.5,0.00276325,1028578648
1782989381602,sell,61268.4,0.00137968,1028578647
1782989381558,sell,61268.4,0.00137968,1028578646
1782989381500,buy,61268.5,0.00126171,1028578645
1782989381452,buy,61268.5,0.00126171,1028578644
1782989381440,buy,61263.9,0.00035793,1028578643
1782989381437,buy,61260.2,0.0141815,1028578642
1782989381437,buy,61260.2,0.1521185,1028578641
1782989381393,sell,61260.1,0.00012611,1028578640
1782989381359,sell,61260.1,0.00022,1028578639
1782989381340,sell,61260.1,0.00012611,1028578638
1782989381292,sell,61260.1,0.00207236,1028578637
1782989381244,buy,61260.2,0.00224852,1028578636
1782989381182,sell,61260.1,0.00085637,1028578635
1782989381130,sell,61260.1,0.00085637,1028578634
1782989381088,sell,61260.1,0.00066341,1028578633
1782989381032,buy,61260.2,0.00365659,1028578632
1782989380976,sell,61260.1,0.00315571,1028578631
1782989380926,buy,61260.2,0.00073382,1028578630
1782989380926,buy,61260.2,0.00043633,1028578629
1782989380874,buy,61260.2,0.00062062,1028578628
1782989380819,buy,61260.2,0.00062062,1028578627
1782989380776,sell,61260.1,0.00211343,1028578626
1782989380729,buy,61260.2,0.00231113,1028578625
1782989380670,sell,61260.1,0.00127158,1028578624
1782989380632,sell,61260.1,0.00127158,1028578623
1782989380575,buy,61260.2,0.00188246,1028578622
1782989380510,sell,61260.1,0.00244518,1028578621
1782989380462,buy,61260.2,0.00081375,1028578620
1782989380410,buy,61260.2,0.00081375,1028578619
1782989380348,buy,61260.2,0.00010096,1028578618
1782989380308,buy,61260.2,0.00010096,1028578617
1782989380254,buy,61260.2,0.00065741,1028578616
1782989380248,buy,61260.2,0.0051926,1028578615
1782989380215,sell,61260.1,0.00185473,1028578614
1782989380215,buy,61260.2,0.00065741,1028578613
1782989380143,buy,61260.2,0.00198398,1028578612
1782996654902,sell,61554.9,0.00003422,1028646214
1782996654228,buy,61555,0.00713508,1028646213
1782996653849,sell,61554.9,0.02345051,1028646212
1782996653849,sell,61554.9,0.0012,1028646211
1782996653849,sell,61554.9,0.02534949,1028646210
1782996653000,buy,61555,0.00002599,1028646209
1782996651486,sell,61554.9,0.10998017,1028646208
1782996650929,sell,61554.9,0.00061917,1028646207
1782996650230,buy,61555,0.11001868,1028646206
1782996649497,buy,61555,0.081,1028646205
1782996649483,buy,61555,0.04798419,1028646204
1782996649483,buy,61555,0.00001581,1028646203
1782996649203,buy,61554.9,0.00000001,1028646202
1782996649203,buy,61554.9,0.00001014,1028646201
1782996649203,buy,61554.9,0.00157425,1028646200
1782996649203,buy,61554.9,0.00070796,1028646199
1782996649203,buy,61554.9,0.00001471,1028646198
1782996649123,buy,61554.6,0.00001636,1028646197
1782996649123,buy,61554.3,0.000014,1028646196
1782996649123,buy,61554.2,0.0001132,1028646195
1782996649123,buy,61553.8,0.00003758,1028646194
1782996649123,buy,61553.8,0.00001039,1028646193
1782996649123,buy,61553.8,0.00001731,1028646192
1782996649123,buy,61553.7,0.00001106,1028646191
1782996649123,buy,61553.7,0.00001308,1028646190
1782996649123,buy,61553.7,0.00026066,1028646189
1782996649123,buy,61553.7,0.00028402,1028646188
1782996649123,buy,61553.7,0.00001564,1028646187
1782996649123,buy,61553.7,0.00009812,1028646186
1782996649123,buy,61553.7,0.00001044,1028646185
1782996649123,buy,61553.7,0.00028468,1028646184
1782996649123,buy,61553.7,0.00056923,1028646183
1782996649123,buy,61553.6,0.00006017,1028646182
1782996649123,buy,61553.6,0.00001374,1028646181
1782996649123,buy,61553.6,0.000011,1028646180
1782996649123,buy,61553.1,0.00004753,1028646179
1782996649123,buy,61552.7,0.00027116,1028646178
1782996649123,buy,61552.6,0.00002014,1028646177
1782996649123,buy,61552.5,0.00002375,1028646176
1782996649123,buy,61552.5,0.00001845,1028646175
1782996649123,buy,61552.3,0.00001005,1028646174
1782996649123,buy,61552.2,0.0000112,1028646173
1782996649123,buy,61552.2,0.00240751,1028646172
1782996649123,buy,61552.2,0.00483177,1028646171
1782996649123,buy,61552.2,0.00002116,1028646170
1782996649123,buy,61552.2,0.00009747,1028646169
1782996649123,buy,61552.2,0.00012889,1028646168
1782996649123,buy,61552.2,0.00131237,1028646167
1782996649062,sell,61552.1,0.11007271,1028646166
1782996649062,sell,61552.1,0.00000001,1028646165
1782996649004,buy,61551.9,0.000017,1028646164
1782996649004,buy,61551.5,0.00001094,1028646163
1782996648994,buy,61551.2,0.00002795,1028646162
1782996648994,buy,61551.2,0.00001492,1028646161
1782996648903,buy,61550.5,0.00028744,1028646160
1782996648903,buy,61550.3,0.00003328,1028646159
1782996648903,buy,61550.1,0.00002392,1028646158
1782996648903,buy,61550.1,0.00001196,1028646157
1782996648903,buy,61550,0.00011047,1028646156
1782996648903,buy,61550,0.00001338,1028646155
1782996648903,buy,61550,0.00001575,1028646154
1782996648903,buy,61550,0.00001191,1028646153
1782996648903,buy,61550,0.00001169,1028646152
1782996648903,buy,61550,0.00001063,1028646151
1782996648903,buy,61550,0.00005099,1028646150
1782996648903,buy,61550,0.00014468,1028646149
1782996648903,buy,61550,0.0006236,1028646148
1782996648903,buy,61550,0.00010674,1028646147
1782996648903,buy,61550,0.00125001,1028646146
1782996648903,buy,61550,0.00002126,1028646145
1782996648903,buy,61550,0.00003205,1028646144
1782996648903,buy,61550,0.00012007,1028646143
1782996648903,buy,61549.9,0.00001526,1028646142
1782996648903,buy,61549.9,0.00011111,1028646141
1782996648903,buy,61549.9,0.0000587,1028646140
1782996648903,buy,61549.8,0.00001042,1028646139
1782996648903,buy,61549.8,0.00001028,1028646138
1782996648903,buy,61549.5,0.000012,1028646137
1782996648903,buy,61549.5,0.00108269,1028646136
1782996648903,buy,61549.1,0.0000111,1028646135
1782996648903,buy,61549,0.00001223,1028646134
1782996648903,buy,61549,0.00343767,1028646133
1782996648633,buy,61548.8,0.00029297,1028646132
1782996648633,buy,61548.5,0.00159607,1028646131
1782996648633,buy,61548.5,0.00016881,1028646130
1782996648633,buy,61548.5,0.00001018,1028646129
1782996648633,buy,61548.5,0.0002681,1028646128
1782996648633,buy,61548.5,0.00016945,1028646127
1782996648633,buy,61548.4,0.00001676,1028646126
1782996648633,buy,61548.4,0.0000117,1028646125
1782996648633,buy,61548.3,0.00001234,1028646124
1782996648633,buy,61547.6,0.00001015,1028646123
1782996648633,buy,61547.5,0.00008265,1028646122
1782996648633,buy,61547.3,0.00001636,1028646121
1782996648633,buy,61547.3,0.00001178,1028646120
1782996648633,buy,61547.3,0.00001128,1028646119
1782996648633,buy,61547.3,0.00001722,1028646118
1782996648633,buy,61547.3,0.0000492,1028646117
1782996648633,buy,61546.5,0.00001083,1028646116
1782996648633,buy,61546.4,0.00008178,1028646115
1782996710609,buy,61516.5,0.0670115,1028646445
1782996710609,buy,61516.5,0.00000001,1028646444
1782996708885,sell,61518.3,0.00010097,1028646443
1782996708885,sell,61518.3,0.00005218,1028646442
1782996707344,sell,61518.3,0.00990175,1028646441
1782996707204,sell,61518.3,0.00080197,1028646440
1782996707078,sell,61518.3,0.00023468,1028646439
1782996706696,sell,61518.3,0.0002456,1028646438
1782996706490,buy,61518.4,0.0001782,1028646437
1782996705952,sell,61518.3,0.00074,1028646436
1782996704258,sell,61518.3,0.0095078,1028646435
1782996703105,buy,61518.2,0.00001501,1028646434
1782996703105,buy,61517.8,0.00001394,1028646433
1782996703105,buy,61516.9,0.00065818,1028646432
1782996702985,sell,61514.1,0.00002926,1028646431
1782996702354,sell,61514.1,0.00954391,1028646430
1782996702354,sell,61514.1,0.0012,1028646429
1782996701657,buy,61516.4,0.00000001,1028646428
1782996701657,buy,61514.2,0.00001634,1028646427
1782996701653,buy,61510.2,0.00330155,1028646426
1782996701083,sell,61511.5,0.00001634,1028646425
1782996701083,sell,61514.1,0.00005656,1028646424
1782996701083,sell,61514.1,0.00018066,1028646423
1782996701083,sell,61517.2,0.00197,1028646422
1782996701012,buy,61517.3,0.00048766,1028646421
1782996700630,sell,61517.2,0.00000001,1028646420
1782996700630,sell,61517.2,0.00001634,1028646419
1782996699198,buy,61521.6,0.01443601,1028646418
1782996699198,buy,61521.6,0.00001419,1028646417
1782996698987,buy,61520,0.00001634,1028646416
1782996698987,buy,61519.1,0.00046015,1028646415
1782996698750,buy,61517.9,0.00184592,1028646414
1782996698289,sell,61517.8,0.00008175,1028646413
1782996698289,sell,61517.8,0.00010825,1028646412
1782996696375,sell,61517.8,0.10932175,1028646411
1782996695820,buy,61517.9,0.0000104,1028646410
1782996695820,buy,61517.9,0.0000104,1028646409
1782996695820,buy,61517.9,0.0000104,1028646408
1782996695820,buy,61517.9,0.0000104,1028646407
1782996695820,buy,61517.9,0.0000104,1028646406
1782996695820,buy,61517.9,0.0000104,1028646405
1782996695820,buy,61517.9,0.0000104,1028646404
1782996695820,buy,61517.9,0.0000104,1028646403
1782996695820,buy,61517.9,0.0000104,1028646402
1782996695820,buy,61517.9,0.0000104,1028646401
1782996695192,buy,61517.9,0.02800851,1028646400
1782996695192,buy,61517.9,0.08135152,1028646399
1782996694506,buy,61517.4,0.00000001,1028646398
1782996694506,buy,61515,0.0000144,1028646397
1782996691577,buy,61514.2,0.00018307,1028646396
1782996690804,sell,61514.1,0.10940514,1028646395
1782996690585,buy,61514.2,0.00048,1028646394
1782996690402,sell,61514.1,0.00385,1028646393
1782996690402,sell,61514.1,0.0002,1028646392
1782996690112,buy,61514.2,0.00001441,1028646391
1782996690112,buy,61514.2,0.00001634,1028646390
1782996690106,buy,61512.1,0.00001501,1028646389
1782996689968,buy,61510.3,0.00003088,1028646388
1782996689672,buy,61510.3,0.02666965,1028646387
1782996689672,buy,61510.3,0.0012,1028646386
1782996689672,buy,61510.3,0.0003738,1028646385
1782996689672,buy,61510.3,0.0812,1028646384
1782996689021,sell,61510.2,0.00347445,1028646383
1782996688573,buy,61508.4,0.00368013,1028646382
1782996688573,buy,61508.4,0.0000148,1028646381
1782996688573,buy,61508.4,0.00001014,1028646380
1782996688543,buy,61503.7,0.00408955,1028646379
1782996688161,sell,61503.6,0.00011441,1028646378
1782996688161,sell,61503.6,0.00001635,1028646377
1782996687450,buy,61503,0.00001504,1028646376
1782996687450,buy,61503,0.00001045,1028646375
1782996687448,buy,61502,0.00132801,1028646374
1782996686968,sell,61501,0.10949912,1028646373
1782996686633,buy,61498.6,0.00052971,1028646372
1782996686633,buy,61498.6,0.01668436,1028646371
1782996686633,buy,61498.6,0.00454451,1028646370
1782996685734,buy,61498.6,0.02365884,1028646369
1782996685734,buy,61498.6,0.08587861,1028646368
1782996683763,sell,61498.5,0.00025468,1028646367
1782996683337,buy,61498.6,0.00161528,1028646366
1782996683337,buy,61498.6,0.00000001,1028646365
1782996682890,sell,61501.9,0.00005309,1028646364
1782996682890,sell,61501.9,0.00017,1028646363
1782996682809,buy,61502,0.01623376,1028646362
1782996681041,sell,61505.5,0.0012,1028646361
1782996681041,sell,61505.5,0.00086406,1028646360
1782996680483,buy,61504.2,0.0013425,1028646359
1782996680483,buy,61504.2,0.00065525,1028646358
1782996680483,buy,61504.1,0.00610061,1028646357
1782996680483,buy,61502,0.00504901,1028646356
1782996680442,sell,61501.9,0.10956891,1028646355
1782996680113,sell,61499.1,0.00046015,1028646354
1782996680113,sell,61499.9,0.00001634,1028646353
1782996680113,sell,61500,0.00050334,1028646352
1782996680113,sell,61500,0.00012007,1028646351
1782996680100,sell,61504.1,0.00005255,1028646350
1782996679064,buy,61504.2,0.00007966,1028646349
1782996678988,buy,61502.3,0.03382495,1028646348
1782996678988,buy,61502.3,0.07578233,1028646347
1782996678953,buy,61502.3,0.00016259,1028646346
1782996765825,buy,61525.8,0.00001634,1028646715
1782996765825,buy,61525,0.00012007,1028646714
1782996765825,buy,61524.3,0.00001501,1028646713
1782996765825,buy,61523.3,0.00069978,1028646712
1782996765825,buy,61523.3,0.00029976,1028646711
1782996765825,buy,61522.6,0.00088575,1028646710
1782996765825,buy,61522.6,0.00070588,1028646709
1782996765581,sell,61522.5,0.00007964,1028646708
1782996764633,buy,61522.6,0.10875727,1028646707
1782996764632,buy,61522.7,0.00000001,1028646706
1782996764632,buy,61522.6,0.0012,1028646705
1782996764625,buy,61519.1,0.00046015,1028646704
1782996764625,buy,61518.4,0.00178935,1028646703
1782996764625,buy,61517.1,0.00001634,1028646702
1782996764622,buy,61515.2,0.08135509,1028646701
1782996764533,buy,61514.8,0.00037212,1028646700
1782996764533,buy,61514.7,0.00243711,1028646699
1782996764533,buy,61514.7,0.00228289,1028646698
1782996764525,buy,61514.2,0.00001634,1028646697
1782996764525,buy,61512.1,0.000015,1028646696
1782996764525,buy,61511.4,0.00001635,1028646695
1782996764525,buy,61511.4,0.00001501,1028646694
1782996764523,buy,61505.3,0.04447869,1028646693
1782996763313,sell,61505.2,0.00224074,1028646692
1782996763140,buy,61505.3,0.00021949,1028646691
1782996761256,buy,61505.3,0.03667001,1028646690
1782996761073,buy,61503.9,0.00050053,1028646689
1782996761073,buy,61503.9,0.0007865,1028646688
1782996760536,buy,61502.7,0.00001635,1028646687
1782996760536,buy,61502,0.0005,1028646686
1782996760536,buy,61499.8,0.00001635,1028646685
1782996760534,buy,61497.8,0.00125151,1028646684
1782996760534,buy,61497.7,0.0006,1028646683
1782996760534,buy,61497.6,0.013,1028646682
1782996760532,buy,61497.1,0.07209727,1028646681
1782996760532,buy,61496.9,0.00001635,1028646680
1782996760532,buy,61495.2,0.00050065,1028646679
1782996760532,buy,61495.2,0.08138155,1028646678
1782996760532,buy,61495.2,0.00087491,1028646677
1782996757542,buy,61495.2,0.00325228,1028646676
1782996756905,sell,61495.1,0.00700939,1028646675
1782996755827,sell,61495.1,0.00056385,1028646674
1782996755827,sell,61495.1,0.00222089,1028646673
1782996755706,sell,61495.1,0.00130211,1028646672
1782996755262,buy,61493.8,0.000015,1028646671
1782996755262,buy,61488.8,0.00097286,1028646670
1782996755035,buy,61483.7,0.00048434,1028646669
1782996755028,buy,61483.7,0.0000984,1028646668
1782996754663,sell,61485.4,0.00001635,1028646667
1782996754663,sell,61488.3,0.00005239,1028646666
1782996754663,sell,61488.3,0.00007821,1028646665
1782996754663,sell,61488.3,0.00001635,1028646664
1782996754663,sell,61489.1,0.00001777,1028646663
1782996754663,sell,61492.4,0.00086178,1028646662
1782996753964,buy,61492.5,0.00081881,1028646661
1782996753964,buy,61492.5,0.00000001,1028646660
1782996753717,sell,61492.5,0.00001816,1028646659
1782996753717,sell,61494.1,0.00001635,1028646658
1782996753717,sell,61495.8,0.00065065,1028646657
1782996753717,sell,61495.8,0.00007915,1028646656
1782996752820,buy,61495.9,0.00543827,1028646655
1782996752820,buy,61495.9,0.00000001,1028646654
1782996751257,sell,61497.7,0.00005559,1028646653
1782996751257,sell,61497.7,0.00008149,1028646652
1782996751246,sell,61499.9,0.00001635,1028646651
1782996751243,sell,61504,0.00001865,1028646650
1782996751241,sell,61507.6,0.00062033,1028646649
1782996751239,sell,61507.6,0.1156,1028646648
1782996751238,sell,61507.6,0.0013,1028646647
1782996751238,sell,61507.6,0.01077458,1028646646
1782996751237,sell,61507.6,0.01440533,1028646645
1782996751237,sell,61507.6,0.06923792,1028646644
1782996751237,sell,61507.6,0.00658,1028646643
1782996750584,buy,61507.7,0.04265017,1028646642
1782996750332,buy,61506,0.000015,1028646641
1782996750321,buy,61502.7,0.00001635,1028646640
1782996750321,buy,61501,0.0005,1028646639
1782996750321,buy,61500.6,0.00029963,1028646638
1782996750318,buy,61499.6,0.08137573,1028646637
1782996750250,buy,61499.5,0.00000001,1028646636
1782996750250,buy,61499.5,0.0012,1028646635
1782996750250,buy,61499.5,0.00107969,1028646634
1782996749146,sell,61497.7,0.00325041,1028646633
1782996747412,sell,61497.7,0.00165234,1028646632
1782996745293,buy,61497.8,0.00276107,1028646631
1782996745113,buy,61497.8,0.03132148,1028646630
1782996745113,buy,61497.8,0.0012,1028646629
1782996744486,buy,61497.8,0.000831,1028646628
1782996744482,buy,61493.8,0.00083917,1028646627
1782996744466,buy,61491.6,0.00093266,1028646626
1782996743076,buy,61488.2,0.0012,1028646625
1782996740589,buy,61488.2,0.04677458,1028646624
1782996740345,sell,61488.1,0.00097139,1028646623
1782996740043,buy,61486.8,0.00103684,1028646622
1782996739317,buy,61486.7,0.00115205,1028646621
1782996738673,buy,61483.6,0.00128041,1028646620
1782996738346,sell,61482.5,0.00001635,1028646619
1782996738346,sell,61483.6,0.00001501,1028646618
1782996738346,sell,61484.6,0.00001727,1028646617
1782996738343,sell,61488.1,0.00006356,1028646616
1782996821485,buy,61485.3,0.00001635,1028647087
1782996821485,buy,61484.2,0.00003945,1028647086
1782996821485,buy,61483.4,0.00023392,1028647085
1782996821320,buy,61481.2,0.00001502,1028647084
1782996821320,buy,61481,0.0005,1028647083
1782996821320,buy,61479.6,0.00001635,1028647082
1782996821315,buy,61476.7,0.00001635,1028647081
1782996821315,buy,61476,0.00004068,1028647080
1782996821315,buy,61472.4,0.22051764,1028647079
1782996821315,buy,61472.4,0.17551734,1028647078
1782996821314,buy,61472.4,0.11217527,1028647077
1782996821313,buy,61472.4,0.12999368,1028647076
1782996821313,buy,61472.4,0.53140422,1028647075
1782996821313,buy,61472.4,0.64659674,1028647074
1782996821313,buy,61472.4,0.99214888,1028647073
1782996821312,buy,61472.4,1.73708623,1028647072
1782996821312,buy,61472.4,0.0044253,1028647071
1782996821312,buy,61472.4,0.0778475,1028647070
1782996821312,buy,61472.4,0.14023502,1028647069
1782996821312,buy,61472.4,0.01626748,1028647068
1782996820435,sell,61472.3,0.00072229,1028647067
1782996820435,sell,61472.4,0.13871924,1028647066
1782996820435,sell,61472.8,0.02713722,1028647065
1782996820435,sell,61472.8,0.0012,1028647064
1782996820435,sell,61472.8,0.06966528,1028647063
1782996820435,sell,61472.8,0.00217223,1028647062
1782996820435,sell,61472.8,0.00005217,1028647061
1782996820435,sell,61472.8,0.1498,1028647060
1782996820435,sell,61472.8,0.00157809,1028647059
1782996820435,sell,61472.8,0.0599,1028647058
1782996820435,sell,61472.8,0.04487,1028647057
1782996820435,sell,61472.8,0.02912032,1028647056
1782996820435,sell,61472.8,0.2407,1028647055
1782996820435,sell,61472.8,0.0293,1028647054
1782996820435,sell,61472.8,0.0064,1028647053
1782996820435,sell,61472.8,0.0091091,1028647052
1782996820435,sell,61472.8,0.01233727,1028647051
1782996820435,sell,61472.8,0.0015718,1028647050
1782996820435,sell,61472.8,0.00059165,1028647049
1782996820435,sell,61472.8,0.000646,1028647048
1782996820435,sell,61472.8,0.00480343,1028647047
1782996820435,sell,61472.8,0.00207114,1028647046
1782996820435,sell,61472.8,0.00005988,1028647045
1782996820435,sell,61472.8,0.07692949,1028647044
1782996820435,sell,61472.8,0.35883768,1028647043
1782996820322,sell,61472.8,0.00309281,1028647042
1782996820227,sell,61472.8,0.00488904,1028647041
1782996819061,sell,61472.8,0.00491519,1028647040
1782996817477,sell,61472.8,0.06978719,1028647039
1782996815373,sell,61472.8,0.00165777,1028647038
1782996814712,sell,61472.8,0.02928305,1028647037
1782996814608,buy,61472.9,1.81092337,1028647036
1782996814608,buy,61472.9,0.00390479,1028647035
1782996814608,buy,61472.9,0.00665668,1028647034
1782996814608,buy,61472.9,0.05369916,1028647033
1782996813779,sell,61472.8,0.01246547,1028647032
1782996812860,buy,61472.9,0.01377624,1028647031
1782996811941,sell,61472.8,0.00168015,1028647030
1782996811923,sell,61472.8,0.00064565,1028647029
1782996810747,buy,61472.9,0.08356488,1028647028
1782996810707,sell,61472.8,0.00074257,1028647027
1782996810580,buy,61472.9,0.000263,1028647026
1782996810526,buy,61472.9,0.08304672,1028647025
1782996810085,sell,61472.8,0.00493229,1028647024
1782996809305,sell,61472.8,0.00207114,1028647023
1782996808583,sell,61475.2,0.0032,1028647022
1782996808582,sell,61479.9,0.00006137,1028647021
1782996808479,buy,61480,0.00168184,1028647020
1782996807399,sell,61479.9,0.00812121,1028647019
1782996806773,sell,61480.4,0.01057336,1028647018
1782996806414,buy,61483.4,0.53780991,1028647017
1782996806414,buy,61483.4,0.00428,1028647016
1782996806414,buy,61483.4,0.0012,1028647015
1782996806414,buy,61483.4,0.15131009,1028647014
1782996806409,buy,61483.4,0.11868991,1028647013
1782996806409,buy,61483.4,0.495,1028647012
1782996806409,buy,61483.4,0.08139717,1028647011
1782996806409,buy,61483.4,0.0812,1028647010
1782996806409,buy,61483.4,0.0013,1028647009
1782996806409,buy,61483.4,0.06154925,1028647008
1782996806394,buy,61483.4,0.00351501,1028647007
1782996806319,buy,61483.4,0.05053574,1028647006
1782996806319,buy,61483.4,0.03246426,1028647005
1782996806319,buy,61483.4,0.237,1028647004
1782996806286,buy,61488.6,0.44396522,1028647003
1782996806286,buy,61488.2,0.00001635,1028647002
1782996806286,buy,61487.7,0.000015,1028647001
1782996806286,buy,61485.4,0.06313419,1028647000
1782996806286,buy,61485.3,0.00268549,1028646999
1782996806286,buy,61485.3,0.00001635,1028646998
1782996806286,buy,61484.6,0.08139558,1028646997
1782996806286,buy,61484.3,0.012,1028646996
1782996806286,buy,61482.4,0.07094341,1028646995
1782996806286,buy,61482.4,0.00001635,1028646994
1782996806286,buy,61481.6,0.00001501,1028646993
1782996806286,buy,61480.7,0.13798303,1028646992
1782996806286,buy,61479.7,0.15291335,1028646991
1782996806286,buy,61479.6,0.012,1028646990
1782996806286,buy,61479.6,0.00001635,1028646989
1782996806286,buy,61478.2,0.05632,1028646988
1782996875491,sell,61558.5,0.00170143,1028647544
1782996875262,sell,61558.5,0.000155,1028647543
1782996874487,sell,61558.5,0.0660334,1028647542
1782996874487,sell,61558.5,0.15110561,1028647541
1782996874461,sell,61558.5,0.15433366,1028647540
1782996874461,sell,61558.5,0.18051,1028647539
1782996874461,sell,61558.5,0.15882078,1028647538
1782996874461,sell,61558.5,0.02,1028647537
1782996874461,sell,61558.5,0.18309,1028647536
1782996874461,sell,61558.5,0.11547711,1028647535
1782996874316,buy,61558.6,0.01198364,1028647534
1782996874316,buy,61558.6,0.00364212,1028647533
1782996874150,buy,61558.6,0.048,1028647532
1782996873853,buy,61557.1,0.00404694,1028647531
1782996872883,buy,61557.1,0.00812253,1028647530
1782996872501,buy,61557.1,0.00167649,1028647529
1782996872487,buy,61557.1,0.00191,1028647528
1782996871564,sell,61557,0.00491715,1028647527
1782996870373,sell,61561.1,0.02933333,1028647526
1782996870103,sell,61561.1,0.01495881,1028647525
1782996870103,sell,61561.1,0.00000001,1028647524
1782996869851,buy,61561.2,0.00005795,1028647523
1782996869849,buy,61560.9,0.00001501,1028647522
1782996869847,buy,61559.1,0.00046015,1028647521
1782996868583,buy,61557.6,0.00001633,1028647520
1782996868583,buy,61556.6,0.00003548,1028647519
1782996868583,buy,61556.6,0.00001086,1028647518
1782996868583,buy,61556.6,0.00001339,1028647517
1782996868583,buy,61554.7,0.00001633,1028647516
1782996868583,buy,61551.9,0.00408009,1028647515
1782996868583,buy,61551.9,0.00574041,1028647514
1782996868583,buy,61551.9,0.00167012,1028647513
1782996868583,buy,61551.9,0.01791181,1028647512
1782996868386,buy,61548.7,0.00001501,1028647511
1782996868383,buy,61548.5,0.00449757,1028647510
1782996868305,buy,61547.4,0.00059969,1028647509
1782996868305,buy,61547.3,0.00001119,1028647508
1782996868305,buy,61547.3,0.00003658,1028647507
1782996868305,buy,61547.3,0.0000137,1028647506
1782996868305,buy,61546.1,0.00001634,1028647505
1782996868305,buy,61543,0.0005,1028647504
1782996868273,buy,61542.6,0.00053136,1028647503
1782996867871,buy,61542.3,0.00004258,1028647502
1782996867318,buy,61542.3,0.00107,1028647501
1782996866777,buy,61542.3,0.05033413,1028647500
1782996865948,buy,61538.2,0.00001408,1028647499
1782996865948,buy,61538.2,0.00003771,1028647498
1782996865948,buy,61538.2,0.00001154,1028647497
1782996865883,buy,61533.1,0.00505811,1028647496
1782996865442,buy,61533.1,0.00170314,1028647495
1782996865344,buy,61533.1,0.00451666,1028647494
1782996865344,buy,61533.1,0.00000001,1028647493
1782996864966,sell,61534.6,0.00001634,1028647492
1782996864962,sell,61537.5,0.00001634,1028647491
1782996864962,sell,61538.5,0.00001501,1028647490
1782996864962,sell,61539.1,0.00046015,1028647489
1782996864960,sell,61540.4,0.00001634,1028647488
1782996864960,sell,61541.2,0.00008124,1028647487
1782996864960,sell,61541.7,0.00882459,1028647486
1782996864927,sell,61544.5,0.05563,1028647485
1782996864927,sell,61544.6,0.32526041,1028647484
1782996864927,sell,61545.3,0.00813288,1028647483
1782996864925,sell,61546,0.05401,1028647482
1782996864925,sell,61546.2,0.00001633,1028647481
1782996864924,sell,61547.3,0.00115045,1028647480
1782996864924,sell,61547.3,0.02665828,1028647479
1782996864617,sell,61547.3,0.0058666,1028647478
1782996864053,sell,61549,0.00001633,1028647477
1782996864053,sell,61551.8,0.00008465,1028647476
1782996864053,sell,61551.8,0.00980392,1028647475
1782996863997,sell,61551.8,0.07053947,1028647474
1782996863997,sell,61551.8,0.03252578,1028647473
1782996863997,sell,61551.8,0.13008332,1028647472
1782996862813,sell,61551.9,0.00001633,1028647471
1782996862813,sell,61554.8,0.00001633,1028647470
1782996862813,sell,61555,0.0005,1028647469
1782996862813,sell,61555.9,0.00005396,1028647468
1782996862813,sell,61555.9,0.00021743,1028647467
1782996862813,sell,61555.9,0.01322448,1028647466
1782996861407,buy,61556,0.02356145,1028647465
1782996861233,sell,61559.7,0.00146445,1028647464
1782996861013,sell,61560.6,0.00001633,1028647463
1782996861013,sell,61561.8,0.00420919,1028647462
1782996861013,sell,61561.8,0.00054702,1028647461
1782996861004,sell,61562.6,0.00005947,1028647460
1782996860571,buy,61562.7,0.00003248,1028647459
1782996860074,buy,61565.3,0.00133287,1028647458
1782996860074,buy,61565.3,0.0012,1028647457
1782996860074,buy,61565.3,0.0013,1028647456
1782996858883,sell,61565.2,0.00396788,1028647455
1782996858883,sell,61565.2,0.10459099,1028647454
1782996858629,sell,61565.2,0.06054474,1028647453
1782996858610,sell,61565.2,0.32994457,1028647452
1782996858610,sell,61565.2,0.24389555,1028647451
1782996858610,sell,61565.2,0.23435,1028647450
1782996858610,sell,61565.2,0.003957,1028647449
1782996857726,buy,61565.3,0.09921688,1028647448
1782996857726,buy,61565.3,0.00938,1028647447
1782996856493,sell,61565.2,0.10863469,1028647446
1782996856233,buy,61565.2,0.00002977,1028647445
1783004809971,buy,61506.9,0.000378,1028750044
1783004809969,buy,61506.1,0.00003,1028750043
1783004809969,buy,61505.8,0.00001688,1028750042
1783004809969,buy,61504.6,0.00201608,1028750041
1783004809897,sell,61504.5,0.0022,1028750040
1783004809575,buy,61504.6,0.00093362,1028750039
1783004809575,buy,61504.6,0.00000001,1028750038
1783004808508,sell,61504.6,0.00016,1028750037
1783004808508,sell,61504.8,0.00008144,1028750036
1783004808508,sell,61505.7,0.00004738,1028750035
1783004808508,sell,61505.7,0.00006793,1028750034
1783004808508,sell,61505.7,0.00013898,1028750033
1783004806565,sell,61507,0.00002044,1028750032
1783004806565,sell,61507,0.00002608,1028750031
1783004806565,sell,61507.4,0.00036683,1028750030
1783004806565,sell,61508.6,0.00001634,1028750029
1783004806565,sell,61510.4,0.00036683,1028750028
1783004806565,sell,61510.7,0.00013896,1028750027
1783004806565,sell,61510.7,0.00007009,1028750026
1783004806565,sell,61510.7,0.01161788,1028750025
1783004806371,sell,61510.7,0.00059373,1028750024
1783004804447,sell,61510.7,0.03415527,1028750023
1783004804447,sell,61511.4,0.00008238,1028750022
1783004804447,sell,61511.5,0.00001634,1028750021
1783004804447,sell,61512.3,0.00016,1028750020
1783004804447,sell,61513.4,0.00036683,1028750019
1783004804447,sell,61514.3,0.00001634,1028750018
1783004804447,sell,61514.4,0.04520284,1028750017
1783004804447,sell,61514.4,0.03906313,1028750016
1783004804447,sell,61515.1,0.00001501,1028750015
1783004804447,sell,61516.4,0.00036683,1028750014
1783004804447,sell,61517.2,0.00001634,1028750013
1783004804447,sell,61519.4,0.00036683,1028750012
1783004804447,sell,61520.2,0.00007591,1028750011
1783004804447,sell,61520.2,0.00005018,1028750010
1783004804447,sell,61520.2,0.00002045,1028750009
1783004804447,sell,61520.2,0.00002532,1028750008
1783004804445,sell,61522.9,0.4844471,1028750007
1783004803549,buy,61523,0.00018815,1028750006
1783004803286,sell,61522.9,0.0496,1028750005
1783004803049,sell,61522.9,0.0304,1028750004
1783004803049,sell,61522.9,0.04,1028750003
1783004802997,sell,61522.9,0.00409807,1028750002
1783004802939,buy,61523,0.00015999,1028750001
1783004802939,buy,61523,0.00000001,1028750000
1783004802363,sell,61522.9,0.1018,1028749999
1783004802185,sell,61522.9,0.061,1028749998
1783004802185,sell,61522.9,0.027,1028749997
1783004802185,sell,61522.9,0.04,1028749996
1783004802099,sell,61522.9,0.019,1028749995
1783004802099,sell,61522.9,0.0808,1028749994
1783004801952,sell,61522.9,0.0792,1028749993
1783004800905,sell,61523.3,0.00008214,1028749992
1783004800905,sell,61524.2,0.0012,1028749991
1783004800317,buy,61524.3,0.00239255,1028749990
1783004798341,buy,61521.4,0.0052,1028749989
1783004798341,buy,61521.4,0.00000001,1028749988
1783004798341,buy,61521.4,0.00088127,1028749987
1783004798283,buy,61519.6,0.00066013,1028749986
1783004798282,buy,61519.5,0.0012,1028749985
1783004798282,buy,61519.5,0.00001675,1028749984
1783004798282,buy,61519.5,0.0009794,1028749983
1783004796334,sell,61523.1,0.0012,1028749982
1783004795899,buy,61521.4,0.00001297,1028749981
1783004795899,buy,61520.2,0.00108813,1028749980
1783004794935,sell,61520.1,0.00235288,1028749979
1783004794931,sell,61520.1,0.00265325,1028749978
1783004794931,sell,61520.1,0.00313385,1028749977
1783004794931,sell,61520.1,0.00214262,1028749976
1783004794931,sell,61520.1,0.00488599,1028749975
1783004794927,sell,61520.1,0.00109638,1028749974
1783004794927,sell,61520.1,0.00646586,1028749973
1783004794927,sell,61520.1,0.00010363,1028749972
1783004794926,sell,61520.1,0.00109637,1028749971
1783004794615,sell,61521.3,0.00001501,1028749970
1783004794615,sell,61522.5,0.0012,1028749969
1783004794573,sell,61526.3,0.00008166,1028749968
1783004794573,sell,61528.5,0.00002469,1028749967
1783004794573,sell,61528.5,0.00002053,1028749966
1783004794570,sell,61532.3,0.01,1028749965
1783004794570,sell,61532.4,0.01,1028749964
1783004794570,sell,61532.5,0.01,1028749963
1783004793657,buy,61532.5,0.00003,1028749962
1783004793657,buy,61532.5,0.00066753,1028749961
1783004793657,buy,61531.6,0.00001634,1028749960
1783004793657,buy,61531.1,0.00002,1028749959
1783004793657,buy,61529.6,0.00002,1028749958
1783004793657,buy,61528.7,0.00001634,1028749957
1783004793657,buy,61528.1,0.00002,1028749956
1783004793657,buy,61526.7,0.00002,1028749955
1783004793655,buy,61524.5,0.01,1028749954
1783004793655,buy,61524.4,0.01,1028749953
1783004793655,buy,61524.3,0.00120855,1028749952
1783004793655,buy,61524.3,0.01,1028749951
1783004793606,buy,61522.4,0.00013896,1028749950
1783004793366,sell,61522.3,0.00165497,1028749949
1783004793205,buy,61522.4,0.00000001,1028749948
1783004793205,buy,61522.4,0.00220098,1028749947
1783004793197,buy,61520,0.00001634,1028749946
1783004793196,buy,61517.1,0.00001634,1028749945
1783004865737,buy,61428.1,0.00053746,1028751232
1783004865711,sell,61431.5,0.0012,1028751231
1783004865711,sell,61431.5,0.00337502,1028751230
1783004865676,buy,61431.6,0.00829048,1028751229
1783004865257,buy,61431.6,0.00017085,1028751228
1783004865244,buy,61425,1.74059861,1028751227
1783004865031,buy,61425,0.01628003,1028751226
1783004865030,buy,61425,0.01628003,1028751225
1783004865030,buy,61425,0.01628003,1028751224
1783004865030,buy,61425,3.60653544,1028751223
1783004865019,buy,61425,0.00011396,1028751222
1783004865010,sell,61425.7,0.08,1028751221
1783004865010,sell,61425.7,0.08146875,1028751220
1783004865010,sell,61425.7,0.036,1028751219
1783004865010,sell,61425.7,0.00004754,1028751218
1783004865010,sell,61425.7,0.00004806,1028751217
1783004865010,sell,61425.8,0.13166,1028751216
1783004865010,sell,61425.8,0.68,1028751215
1783004865010,sell,61426.2,0.38951523,1028751214
1783004865010,sell,61426.3,0.54630896,1028751213
1783004865010,sell,61427.4,0.00001003,1028751212
1783004865010,sell,61428.1,0.1845,1028751211
1783004865010,sell,61428.3,0.05750534,1028751210
1783004865010,sell,61429.7,0.68,1028751209
1783004865010,sell,61430.5,0.20298,1028751208
1783004865010,sell,61430.6,0.00814764,1028751207
1783004865010,sell,61431.7,0.08925,1028751206
1783004865010,sell,61431.7,0.24808,1028751205
1783004865010,sell,61431.7,0.08473079,1028751204
1783004865010,sell,61431.7,0.00375,1028751203
1783004865010,sell,61431.7,0.66006504,1028751202
1783004865010,sell,61431.7,0.38224791,1028751201
1783004865010,sell,61431.7,0.33039,1028751200
1783004865010,sell,61431.7,0.13908059,1028751199
1783004865010,sell,61431.7,0.23243,1028751198
1783004865010,sell,61431.7,0.1156,1028751197
1783004865010,sell,61431.7,0.0013,1028751196
1783004865010,sell,61431.7,0.0012,1028751195
1783004865010,sell,61431.7,0.0609,1028751194
1783004865010,sell,61431.7,0.08173401,1028751193
1783004865010,sell,61431.7,0.00000001,1028751192
1783004864817,buy,61430.5,0.00001636,1028751191
1783004864814,buy,61425.8,0.00245573,1028751190
1783004864062,buy,61425.8,0.02748365,1028751189
1783004864062,buy,61425.8,0.00000001,1028751188
1783004863644,sell,61428.2,0.00001016,1028751187
1783004863641,sell,61431.9,0.00517778,1028751186
1783004863637,sell,61431.9,0.00004822,1028751185
1783004863637,sell,61432.5,0.00004821,1028751184
1783004862677,buy,61432.6,0.00047206,1028751183
1783004862322,buy,61425,1.28717524,1028751182
1783004862321,buy,61425,0.003258,1028751181
1783004862321,buy,61425,0.05620432,1028751180
1783004862321,buy,61425,0.82,1028751179
1783004862320,buy,61425,0.01894094,1028751178
1783004862319,buy,61425,0.00535762,1028751177
1783004862319,buy,61425,0.1156,1028751176
1783004862319,buy,61425,0.00998809,1028751175
1783004862319,buy,61425,0.01515168,1028751174
1783004862319,buy,61425,0.12444634,1028751173
1783004862319,buy,61425,0.13195483,1028751172
1783004862318,buy,61425,0.05131764,1028751171
1783004862318,buy,61425,0.24974783,1028751170
1783004862318,buy,61425,0.06525216,1028751169
1783004862317,buy,61425,0.10622865,1028751168
1783004862317,buy,61425,0.08919416,1028751167
1783004862316,buy,61425,0.71428963,1028751166
1783004862311,buy,61425,0.01682608,1028751165
1783004862310,buy,61425,0.024746,1028751164
1783004862307,buy,61425,0.08873214,1028751163
1783004862307,buy,61425,0.01521304,1028751162
1783004862305,buy,61425,0.12184286,1028751161
1783004862272,buy,61425,0.001628,1028751160
1783004862272,buy,61425,0.002455,1028751159
1783004862270,buy,61425,0.0068,1028751158
1783004862250,buy,61425,0.007808,1028751157
1783004862232,buy,61425,0.021598,1028751156
1783004862206,buy,61425,0.08227812,1028751155
1783004862200,buy,61425,0.01739,1028751154
1783004862185,buy,61425,0.01950652,1028751153
1783004862182,buy,61425,0.02430326,1028751152
1783004862153,buy,61425,0.13601748,1028751151
1783004862151,buy,61425,0.56756096,1028751150
1783004862148,sell,61425,0.00008445,1028751149
1783004862148,sell,61425,0.00097838,1028751148
1783004862148,sell,61425,0.00010642,1028751147
1783004862148,sell,61425,0.00003526,1028751146
1783004862148,sell,61425,0.00001501,1028751145
1783004862148,sell,61425,0.01,1028751144
1783004862148,sell,61425,0.00012007,1028751143
1783004862148,sell,61425.1,0.00049999,1028751142
1783004862148,sell,61425.1,0.0000827,1028751141
1783004862148,sell,61425.4,0.09846005,1028751140
1783004862148,sell,61425.4,0.001601,1028751139
1783004862148,sell,61425.4,0.00001005,1028751138
1783004862148,sell,61425.4,0.00005129,1028751137
1783004862148,sell,61425.4,0.0006181,1028751136
1783004862148,sell,61425.4,0.00001016,1028751135
1783004862148,sell,61425.4,0.00003082,1028751134
1783004862148,sell,61425.5,0.04922436,1028751133
1783004920489,sell,61555.7,0.00023703,1028751611
1783004920033,buy,61555.6,0.0063468,1028751610
1783004920033,buy,61554.7,0.00001633,1028751609
1783004920033,buy,61552,0.00008556,1028751608
1783004920033,buy,61551.8,0.00001635,1028751607
1783004920033,buy,61550,0.00012007,1028751606
1783004920033,buy,61549.1,0.00105323,1028751605
1783004920033,buy,61549.1,0.00365699,1028751604
1783004919885,buy,61545.7,0.0169,1028751603
1783004919885,buy,61545.7,0.36489273,1028751602
1783004919844,buy,61545.7,0.0013,1028751601
1783004919841,buy,61545.7,0.1156,1028751600
1783004919841,buy,61545.7,0.0013,1028751599
1783004919667,buy,61545.7,0.00301032,1028751598
1783004919650,buy,61545.7,0.01388695,1028751597
1783004919521,buy,61545,0.00403541,1028751596
1783004918000,buy,61545,0.00677986,1028751595
1783004918000,buy,61545,0.0013,1028751594
1783004918000,buy,61545,0.0012,1028751593
1783004917237,buy,61549.1,0.00001137,1028751592
1783004917141,buy,61546.2,0.00001501,1028751591
1783004917141,buy,61546,0.0002998,1028751590
1783004917141,buy,61545.9,0.00007619,1028751589
1783004917129,buy,61543.5,0.00201173,1028751588
1783004917129,buy,61543.2,0.00001635,1028751587
1783004917129,buy,61540.9,0.00016281,1028751586
1783004917129,buy,61540.8,0.000015,1028751585
1783004917129,buy,61540.3,0.00001634,1028751584
1783004917129,buy,61540,0.00001501,1028751583
1783004917129,buy,61539.9,0.00032022,1028751582
1783004917129,buy,61539.1,0.00046015,1028751581
1783004917115,buy,61538.5,0.00098954,1028751580
1783004917115,buy,61538.5,0.00049936,1028751579
1783004917111,buy,61538,0.00050204,1028751578
1783004917111,buy,61537.4,0.00001635,1028751577
1783004917111,buy,61537.3,0.00008307,1028751576
1783004917111,buy,61536,0.00001,1028751575
1783004917103,buy,61531.5,0.0209,1028751574
1783004917103,buy,61531.5,0.33224941,1028751573
1783004917103,buy,61531.5,0.14685059,1028751572
1783004916942,buy,61531.5,0.0209,1028751571
1783004916623,buy,61530.2,0.00004,1028751570
1783004916623,buy,61530,0.00014173,1028751569
1783004916623,buy,61529.9,0.0007601,1028751568
1783004916623,buy,61529.9,0.00023273,1028751567
1783004916623,buy,61529.9,0.01034279,1028751566
1783004914663,sell,61529.8,0.00480408,1028751565
1783004914663,sell,61529.8,0.00325423,1028751564
1783004914580,buy,61529.9,0.00004001,1028751563
1783004914580,buy,61529.9,0.00008387,1028751562
1783004914580,buy,61528.8,0.00003,1028751561
1783004914580,buy,61528.7,0.00001635,1028751560
1783004914580,buy,61527.6,0.00001501,1028751559
1783004914580,buy,61527.3,0.00003,1028751558
1783004914580,buy,61525.8,0.00003,1028751557
1783004914580,buy,61525.8,0.00001634,1028751556
1783004914580,buy,61525,0.00012007,1028751555
1783004914580,buy,61524.4,0.00003,1028751554
1783004914580,buy,61523.3,0.00069911,1028751553
1783004914580,buy,61523.3,0.0002997,1028751552
1783004914580,buy,61523.1,0.00007,1028751551
1783004914580,buy,61523.1,0.00002,1028751550
1783004914580,buy,61523.1,0.00002,1028751549
1783004914580,buy,61522.9,0.00001636,1028751548
1783004914578,buy,61521.7,0.0114565,1028751547
1783004914578,buy,61521.7,0.00003636,1028751546
1783004914572,buy,61521.7,0.01272933,1028751545
1783004914572,buy,61521.7,0.00257067,1028751544
1783004914173,buy,61519.1,0.00046015,1028751543
1783004914171,buy,61518.2,0.00366836,1028751542
1783004914149,buy,61517.4,0.01549479,1028751541
1783004914148,buy,61517.4,0.00553304,1028751540
1783004914148,buy,61517.1,0.00001636,1028751539
1783004914148,buy,61516,0.00181061,1028751538
1783004914148,buy,61515.8,0.00404909,1028751537
1783004914148,buy,61514.2,0.00001634,1028751536
1783004914148,buy,61513.7,0.00001,1028751535
1783004914148,buy,61512.9,0.00008657,1028751534
1783004914148,buy,61512.9,0.00055719,1028751533
1783004914148,buy,61512.8,0.00023281,1028751532
1783004914148,buy,61512.8,0.00001,1028751531
1783004913161,buy,61511.9,0.00004,1028751530
1783004913161,buy,61511.4,0.00001634,1028751529
1783004913161,buy,61510.5,0.00003,1028751528
1783004913161,buy,61510,0.00001501,1028751527
1783004913161,buy,61509,0.00001501,1028751526
1783004913161,buy,61509,0.00003,1028751525
1783004913161,buy,61508.7,0.0015,1028751524
1783004913161,buy,61508.5,0.00001634,1028751523
1783004913161,buy,61505.6,0.00001634,1028751522
1783004913161,buy,61505.1,0.000095,1028751521
1783004913161,buy,61504.4,0.00001285,1028751520
1783004913159,buy,61504.4,0.00998715,1028751519
1783004913159,buy,61504.3,0.01,1028751518
1783004913159,buy,61504.2,0.01,1028751517
1783004913159,buy,61504.1,0.00023285,1028751516
1783004913159,buy,61504.1,0.5,1028751515
1783004913159,buy,61504.1,0.00008,1028751514
1783004912686,buy,61502.8,0.000015,1028751513
1783004912685,buy,61502.7,0.00006,1028751512
1783004975872,sell,61535.4,0.00001795,1028751900
1783004975595,buy,61538.5,0.00049984,1028751899
1783004975595,buy,61537.4,0.00001634,1028751898
1783004975595,buy,61536,0.0005,1028751897
1783004975593,buy,61531.9,0.106156,1028751896
1783004975592,buy,61531.9,0.083844,1028751895
1783004975554,buy,61528.7,0.00001634,1028751894
1783004975554,buy,61527.6,0.00001501,1028751893
1783004975553,buy,61525.8,0.00001634,1028751892
1783004975553,buy,61525,0.01058656,1028751891
1783004975553,buy,61525,0.000196,1028751890
1783004974444,sell,61524.9,0.00010907,1028751889
1783004973627,sell,61524.9,0.024404,1028751888
1783004973627,sell,61524.9,0.1156,1028751887
1783004973627,sell,61524.9,0.0012,1028751886
1783004972335,buy,61521.2,0.00091977,1028751885
1783004971017,sell,61521.1,0.01267173,1028751884
1783004970324,sell,61523.8,0.0026849,1028751883
1783004967989,buy,61525,0.02941999,1028751882
1783004967989,buy,61525,0.00012007,1028751881
1783004967237,buy,61523.3,0.00029939,1028751880
1783004967237,buy,61522.9,0.00001634,1028751879
1783004967237,buy,61522.4,0.00256781,1028751878
1783004967055,buy,61521.3,0.01199,1028751877
1783004967052,buy,61521.3,0.01070562,1028751876
1783004967029,buy,61519.1,0.00046015,1028751875
1783004966991,buy,61517.1,0.048,1028751874
1783004966874,buy,61517.1,0.00046016,1028751873
1783004966874,buy,61517.1,0.00001634,1028751872
1783004966866,buy,61515.2,0.00000001,1028751871
1783004966866,buy,61515.2,0.00001501,1028751870
1783004966864,buy,61511.4,0.01146603,1028751869
1783004966741,sell,61509.4,0.00574143,1028751868
1783004966734,buy,61509,0.000015,1028751867
1783004966734,buy,61508.5,0.00001634,1028751866
1783004966734,buy,61504.3,0.00993497,1028751865
1783004966734,buy,61504.2,0.01,1028751864
1783004966734,buy,61504.1,0.01,1028751863
1783004966073,buy,61502.7,0.00000001,1028751862
1783004966073,buy,61502.7,0.00001634,1028751861
1783004966070,buy,61499.2,0.07407265,1028751860
1783004966070,buy,61499.2,0.01274136,1028751859
1783004965661,sell,61499.4,0.00050996,1028751858
1783004965661,sell,61499.4,0.0000118,1028751857
1783004965661,sell,61503.2,0.00029613,1028751856
1783004965635,sell,61503.9,0.00006486,1028751855
1783004965069,buy,61504,0.00003251,1028751854
1783004964252,sell,61503.9,0.00023963,1028751853
1783004962154,buy,61504,0.00006503,1028751852
1783004960250,buy,61498.5,0.00187971,1028751851
1783004960250,buy,61498.5,0.00000001,1028751850
1783004960065,sell,61499.1,0.00046015,1028751849
1783004960063,sell,61500,0.00779778,1028751848
1783004960063,sell,61500,0.00012007,1028751847
1783004959873,sell,61500.6,0.00049856,1028751846
1783004959873,sell,61500.6,0.00029958,1028751845
1783004959873,sell,61500.7,0.00032933,1028751844
1783004959678,sell,61500.7,0.00001502,1028751843
1783004959678,sell,61501.4,0.00036683,1028751842
1783004959678,sell,61501.4,0.00003,1028751841
1783004959678,sell,61502.8,0.00001633,1028751840
1783004959676,sell,61503.7,0.00036557,1028751839
1783004959367,sell,61504.4,0.00036683,1028751838
1783004959367,sell,61505.1,0.00001041,1028751837
1783004959367,sell,61505.2,0.00040601,1028751836
1783004959355,sell,61505.2,0.00000001,1028751835
1783004959355,sell,61505.7,0.00001634,1028751834
1783004959355,sell,61506.8,0.00045094,1028751833
1783004959346,sell,61506.8,0.00001635,1028751832
1783004959346,sell,61507.4,0.00036683,1028751831
1783004959342,sell,61508.2,0.00001,1028751830
1783004959331,sell,61508.6,0.00001634,1028751829
1783004959331,sell,61510.2,0.00050064,1028751828
1783004959212,sell,61510.4,0.00036683,1028751827
1783004959212,sell,61510.6,0.00055622,1028751826
1783004959185,sell,61513.4,0.00036683,1028751825
1783004959184,sell,61513.8,0.00066753,1028751824
1783004959184,sell,61514.3,0.00001634,1028751823
1783004959182,sell,61514.4,0.01,1028751822
1783004959182,sell,61514.5,0.01,1028751821
1783004959182,sell,61514.6,0.01,1028751820
1783004959182,sell,61514.8,0.13049992,1028751819
1783004959181,sell,61515.2,0.03,1028751818
1783004959181,sell,61515.8,0.00405096,1028751817
1783004959181,sell,61516.2,0.144,1028751816
1783004959181,sell,61516.4,0.00036683,1028751815
1783004959181,sell,61516.6,0.00001002,1028751814
1783004959181,sell,61517.3,0.00061724,1028751813
1783004959181,sell,61517.3,0.08134744,1028751812
1783004959091,sell,61518.8,0.0000644,1028751811
1783004959091,sell,61518.8,0.00068564,1028751810
1783004959091,sell,61518.8,0.00026134,1028751809
1783004958262,sell,61519.4,0.00036683,1028751808
1783004958262,sell,61520.1,0.00001634,1028751807
1783004958072,sell,61522.4,0.0012,1028751806
1783004957978,buy,61524.6,0.01112789,1028751805
1783004957978,buy,61524.6,0.00000001,1028751804
1783004957711,sell,61526.2,0.00076096,1028751803
1783004957657,sell,61527.5,0.00001501,1028751802
1783004957657,sell,61527.9,0.00004734,1028751801
1783005030214,buy,61528.3,0.048,1028752140
1783005029485,buy,61521.8,0.00892053,1028752139
1783005029485,buy,61521.8,0.00000001,1028752138
1783005029205,sell,61522.9,0.00001899,1028752137
1783005029205,sell,61523,0.00001634,1028752136
1783005029205,sell,61523.3,0.00029999,1028752135
1783005029203,sell,61525,0.00036733,1028752134
1783005029203,sell,61525,0.00835719,1028752133
1783005029203,sell,61525.2,0.0059527,1028752132
1783005029088,sell,61525.2,0.00339728,1028752131
1783005029014,sell,61525.9,0.00001979,1028752130
1783005029014,sell,61528.2,0.00004753,1028752129
1783005029014,sell,61528.2,0.00005832,1028752128
1783005027377,sell,61525,0.00164281,1028752127
1783005027128,sell,61525.2,0.0000207,1028752126
1783005027128,sell,61525.2,0.00001021,1028752125
1783005027128,sell,61525.3,0.00072015,1028752124
1783005027124,sell,61525.9,0.00075107,1028752123
1783005027121,sell,61527.5,0.00325409,1028752122
1783005026776,sell,61528.4,0.00001052,1028752121
1783005026776,sell,61528.4,0.00002138,1028752120
1783005026720,sell,61528.9,0.00004825,1028752119
1783005026551,sell,61533.3,0.00001082,1028752118
1783005026551,sell,61533.3,0.00002227,1028752117
1783005026551,sell,61533.6,0.0000656,1028752116
1783005026551,sell,61533.6,0.00313987,1028752115
1783005026551,sell,61533.6,0.00133995,1028752114
1783005026551,sell,61533.6,0.00100996,1028752113
1783005026551,sell,61533.6,0.00106975,1028752112
1783005026526,sell,61533.6,0.00456,1028752111
1783005025975,sell,61534.6,0.00001633,1028752110
1783005025555,sell,61536.2,0.00001114,1028752109
1783005025555,sell,61536.2,0.00002302,1028752108
1783005025553,sell,61537,0.0005,1028752107
1783005025445,buy,61538.8,0.00056873,1028752106
1783005025445,buy,61538.8,0.00000001,1028752105
1783005025243,sell,61540.4,0.00001633,1028752104
1783005025243,sell,61540.7,0.00001147,1028752103
1783005025243,sell,61540.7,0.00002411,1028752102
1783005025243,sell,61541.5,0.00007473,1028752101
1783005025000,buy,61541.6,0.00849003,1028752100
1783005024991,sell,61541.5,0.00016,1028752099
1783005023724,sell,61541.5,0.00000001,1028752098
1783005023724,sell,61542.4,0.00001181,1028752097
1783005023724,sell,61542.4,0.00002498,1028752096
1783005023697,sell,61544.9,0.00008105,1028752095
1783005023188,sell,61544.9,0.00008545,1028752094
1783005023188,sell,61544.9,0.0012,1028752093
1783005023111,buy,61545,0.00000001,1028752092
1783005023111,buy,61545,0.0005,1028752091
1783005022865,buy,61538.4,0.0012,1028752090
1783005022427,sell,61539,0.00001501,1028752089
1783005022427,sell,61540.4,0.0023201,1028752088
1783005022427,sell,61541.3,0.00002622,1028752087
1783005022427,sell,61541.3,0.00001217,1028752086
1783005022423,sell,61542.3,0.0000497,1028752085
1783005022423,sell,61542.3,0.00008686,1028752084
1783005021883,sell,61543.9,0.00033658,1028752083
1783005021573,sell,61545.8,0.00001253,1028752082
1783005021573,sell,61545.8,0.00002735,1028752081
1783005020373,buy,61546.1,0.00001634,1028752080
1783005020373,buy,61546,0.0002999,1028752079
1783005020161,buy,61544.4,0.22539064,1028752078
1783005020161,buy,61544.4,0.00075556,1028752077
1783005020161,buy,61544.4,0.00036733,1028752076
1783005020161,buy,61544.4,0.00700247,1028752075
1783005020026,buy,61544.4,0.00082867,1028752074
1783005017904,sell,61544.3,0.00220219,1028752073
1783005017163,sell,61544.3,0.0002201,1028752072
1783005016882,sell,61544.3,0.00016425,1028752071
1783005016722,buy,61544.4,0.07620814,1028752070
1783005016722,buy,61543.2,0.00001634,1028752069
1783005016722,buy,61542.9,0.0823817,1028752068
1783005016722,buy,61539.7,0.0003674,1028752067
1783005016722,buy,61539.7,0.00477066,1028752066
1783005016674,buy,61539.7,0.00040624,1028752065
1783005016610,buy,61539.7,0.00164446,1028752064
1783005016247,buy,61537.4,0.00001634,1028752063
1783005016232,buy,61535.1,0.10560552,1028752062
1783005016230,buy,61535.1,0.10944052,1028752061
1783005016230,buy,61535.1,0.00331062,1028752060
1783005016230,buy,61535.1,0.00297558,1028752059
1783005015593,sell,61535,0.00084351,1028752058
1783005015155,buy,61533,0.0005,1028752057
1783005015155,buy,61532.9,0.000015,1028752056
1783005015155,buy,61531.6,0.00001634,1028752055
1783005015152,buy,61526.1,0.00870334,1028752054
1783005012916,buy,61526.1,0.0000455,1028752053
1783005012703,sell,61526,0.00089688,1028752052
1783005012376,sell,61528,0.0005,1028752051
1783005012376,sell,61528.6,0.00006999,1028752050
1783005012321,buy,61528.7,0.00957135,1028752049
1783005012152,buy,61528.7,0.00004932,1028752048
1783005012152,buy,61528.7,0.00004932,1028752047
1783005010685,buy,61522.7,0.22279995,1028752046
1783005010685,buy,61522.7,0.01074505,1028752045
1783005009511,sell,61522.6,0.00320009,1028752044
1783005009354,buy,61519.2,0.0016255,1028752043
1783005006786,sell,61519.2,0.00250961,1028752042
1783005006742,sell,61521.7,0.00036689,1028752041
