timestamp_ms,side,price,size,trade_id
1783300358567,buy,63786.4,0.00114,1029665672
1783300355383,buy,63786.4,0.01095262,1029665671
1783300355383,buy,63786.4,0.00030738,1029665670
1783300354867,sell,63786.3,0.00016,1029665669
1783300354805,buy,63786.4,0.00015677,1029665668
1783300350457,sell,63786.3,0.00194228,1029665667
1783300347349,sell,63786.3,0.00015444,1029665666
1783300346921,buy,63786.4,0.00002612,1029665665
1783300344856,sell,63786.3,0.00036687,1029665664
1783300344856,sell,63786.3,0.00015096,1029665663
1783300344856,sell,63786.3,0.00000001,1029665662
1783300344018,buy,63786.4,0.00001,1029665661
1783300342298,buy,63784.2,0.00001576,1029665660
1783300340883,buy,63782.2,0.000146,1029665659
1783300340883,buy,63782.2,0.00001577,1029665658
1783300340883,buy,63782.2,0.00001501,1029665657
1783300340485,sell,63778.5,0.002232,1029665656
1783300340165,sell,63778.5,0.00021899,1029665655
1783300340165,sell,63778.5,0.00000001,1029665654
1783300340163,buy,63778.2,0.00001576,1029665653
1783300338364,buy,63774.3,0.00001577,1029665652
1783300338364,buy,63773.2,0.001374,1029665651
1783300338360,buy,63771.2,0.00235005,1029665650
1783300331720,sell,63772.5,0.00012133,1029665649
1783300331720,sell,63772.6,0.00042127,1029665648
1783300331720,sell,63772.6,0.00072714,1029665647
1783300331720,sell,63774,0.00049141,1029665646
1783300329904,sell,63774,0.00477627,1029665645
1783300329326,sell,63774.7,0.00089402,1029665644
1783300329326,sell,63774.7,0.00049074,1029665643
1783300329326,sell,63774.7,0.00014494,1029665642
1783300329326,sell,63775.3,0.00001576,1029665641
1783300328480,sell,63777.6,0.00051294,1029665640
1783300328480,sell,63777.6,0.0009404,1029665639
1783300328480,sell,63777.6,0.00015138,1029665638
1783300328385,sell,63781.3,0.00001576,1029665637
1783300328380,sell,63783.7,0.0001988,1029665636
1783300328380,sell,63783.8,0.00142712,1029665635
1783300328380,sell,63783.8,0.00068203,1029665634
1783300328380,sell,63785.2,0.00235164,1029665633
1783300328380,sell,63785.2,0.00124649,1029665632
1783300328000,sell,63785.2,0.00033876,1029665631
1783300326581,buy,63783,0.00002,1029665630
1783300326580,buy,63782.2,0.00001501,1029665629
1783300326580,buy,63781.2,0.00001576,1029665628
1783300326519,buy,63779,0.00000001,1029665627
1783300326519,buy,63779,0.001091,1029665626
1783300326514,buy,63774.1,0.00235002,1029665625
1783300326056,sell,63774,0.00327481,1029665624
1783300324820,sell,63774.4,0.00002,1029665623
1783300324820,sell,63775.7,0.00214656,1029665622
1783300324820,sell,63775.7,0.00101015,1029665621
1783300324820,sell,63777.1,0.00030397,1029665620
1783300324820,sell,63777.2,0.00096239,1029665619
1783300324783,sell,63777.2,0.01237708,1029665618
1783300324783,sell,63777.2,0.00108923,1029665617
1783300324783,sell,63777.2,0.0022129,1029665616
1783300324630,sell,63778.7,0.00002,1029665615
1783300324630,sell,63778.7,0.0013,1029665614
1783300324520,sell,63781.3,0.00001576,1029665613
1783300324520,sell,63782.4,0.00002,1029665612
1783300324520,sell,63783.7,0.00032048,1029665611
1783300324520,sell,63783.8,0.00228109,1029665610
1783300324520,sell,63783.8,0.0011484,1029665609
1783300324490,sell,63786.3,0.0019721,1029665608
1783300324490,sell,63786.3,0.0023516,1029665607
1783300324490,sell,63786.3,0.00199967,1029665606
1783300324490,sell,63786.3,0.00235154,1029665605
1783300324490,sell,63786.3,0.00055826,1029665604
1783300322734,sell,63787.8,0.00778818,1029665603
1783300322637,buy,63787.2,0.00001576,1029665602
1783300322634,buy,63786,0.00002,1029665601
1783300322630,buy,63784.5,0.00000001,1029665600
1783300322630,buy,63784.5,0.00164698,1029665599
1783300322627,buy,63784.5,0.00001502,1029665598
1783300322627,buy,63784.5,0.000146,1029665597
1783300322625,buy,63782.2,0.00001501,1029665596
1783300322625,buy,63781.2,0.00149009,1029665595
1783300322581,buy,63780.2,0.00039206,1029665594
1783300322581,buy,63779.6,0.00002,1029665593
1783300322581,buy,63778.4,0.00025787,1029665592
1783300322567,buy,63777.3,0.00783977,1029665591
1783300322525,buy,63776.4,0.00002,1029665590
1783300322525,buy,63775.9,0.00001501,1029665589
1783300322525,buy,63775.2,0.00001576,1029665588
1783300322525,buy,63773.3,0.00020393,1029665587
1783300321830,buy,63769.2,0.006325,1029665586
1783300320269,buy,63768,0.0029886,1029665585
1783300318513,buy,63764.4,0.00905647,1029665584
1783300318073,sell,63764.3,0.00001566,1029665583
1783300318073,sell,63764.3,0.00000001,1029665582
1783300317864,buy,63764.3,0.00234989,1029665581
1783300317369,sell,63764.2,0.00015446,1029665580
1783300317024,buy,63764.3,0.00031365,1029665579
1783300316491,sell,63765.1,0.00001574,1029665578
1783300316491,sell,63766.7,0.00060912,1029665577
1783300316487,sell,63769.3,0.00001576,1029665576
1783300316487,sell,63769.6,0.00007902,1029665575
1783300316487,sell,63769.8,0.00050991,1029665574
1783300316487,sell,63769.8,0.00050991,1029665573
1783300412742,buy,63790.1,0.00156763,1029665785
1783300412742,buy,63790.1,0.00000001,1029665784
1783300412444,sell,63790,0.00319497,1029665783
1783300412260,sell,63790.3,0.00001576,1029665782
1783300411938,buy,63791.3,0.00265176,1029665781
1783300411190,sell,63794.1,0.00235131,1029665780
1783300409952,buy,63793.8,0.00001,1029665779
1783300409952,buy,63793.2,0.00001576,1029665778
1783300409952,buy,63793,0.00008145,1029665777
1783300409952,buy,63792.4,0.00004,1029665776
1783300409952,buy,63789.7,0.00013615,1029665775
1783300409952,buy,63789.7,0.00001378,1029665774
1783300408777,buy,63789.1,0.00182736,1029665773
1783300408371,buy,63788.5,0.00001501,1029665772
1783300408371,buy,63788.3,0.0012,1029665771
1783300408034,buy,63787.2,0.00001576,1029665770
1783300408034,buy,63787,0.00002,1029665769
1783300408023,buy,63785.7,0.00007943,1029665768
1783300408023,buy,63784.2,0.00001576,1029665767
1783300408023,buy,63781.2,0.00001419,1029665766
1783300408023,buy,63781.2,0.00013935,1029665765
1783300408021,buy,63779.8,0.07322362,1029665764
1783300407371,sell,63779.7,0.02551646,1029665763
1783300406010,buy,63779.5,0.00013693,1029665762
1783300406010,buy,63779.5,0.00001456,1029665761
1783300406010,buy,63778.1,0.0012,1029665760
1783300406010,buy,63778.1,0.00156906,1029665759
1783300406010,buy,63778.1,0.00234975,1029665758
1783300405750,sell,63778,0.00025471,1029665757
1783300398987,sell,63778,0.00015525,1029665756
1783300397087,sell,63779.5,0.00007782,1029665755
1783300396461,buy,63779.6,0.00070471,1029665754
1783300393561,sell,63779.5,0.00068489,1029665753
1783300393560,sell,63779.5,0.00048788,1029665752
1783300393560,sell,63779.5,0.00060912,1029665751
1783300393556,sell,63781.3,0.00001576,1029665750
1783300393556,sell,63782.7,0.00060912,1029665749
1783300393553,sell,63784.2,0.01436699,1029665748
1783300393460,sell,63784.9,0.00001016,1029665747
1783300393460,sell,63785.9,0.00001,1029665746
1783300393460,sell,63785.9,0.00060912,1029665745
1783300393460,sell,63786.3,0.00019302,1029665744
1783300393460,sell,63786.3,0.0020373,1029665743
1783300393460,sell,63786.3,0.00312706,1029665742
1783300391392,sell,63786.7,0.00064553,1029665741
1783300391392,sell,63787.3,0.00001576,1029665740
1783300391390,sell,63790.2,0.00004,1029665739
1783300391390,sell,63790.8,0.00002,1029665738
1783300391390,sell,63791.9,0.00001166,1029665737
1783300391390,sell,63792.3,0.00313517,1029665736
1783300391383,sell,63793.3,0.00235134,1029665735
1783300391383,sell,63793.3,0.00027148,1029665734
1783300391383,sell,63793.3,0.0013,1029665733
1783300391383,sell,63793.3,0.00796743,1029665732
1783300391381,sell,63793.3,0.14901473,1029665731
1783300391380,sell,63793.3,0.00261449,1029665730
1783300391376,sell,63793.3,0.00295998,1029665729
1783300391371,sell,63793.3,0.00185928,1029665728
1783300391365,sell,63793.3,0.00243198,1029665727
1783300391361,sell,63793.3,0.00341547,1029665726
1783300391360,sell,63793.3,0.0037752,1029665725
1783300391356,sell,63793.3,0.0041,1029665724
1783300391354,sell,63793.3,0.0359,1029665723
1783300391353,sell,63793.3,0.00079866,1029665722
1783300391332,sell,63793.3,0.00519434,1029665721
1783300391315,sell,63793.3,0.00301874,1029665720
1783300391308,sell,63793.3,0.0025972,1029665719
1783300391301,sell,63793.3,0.00267212,1029665718
1783300391294,sell,63793.3,0.00282035,1029665717
1783300391281,sell,63793.3,0.00385279,1029665716
1783300391278,sell,63793.3,0.003328,1029665715
1783300391274,sell,63793.3,0.00369889,1029665714
1783300391271,sell,63793.3,0.00414798,1029665713
1783300391254,sell,63793.3,0.00272809,1029665712
1783300391253,sell,63793.3,0.00828016,1029665711
1783300391242,sell,63793.3,0.00629867,1029665710
1783300391240,sell,63793.3,0.00388619,1029665709
1783300391236,sell,63793.3,0.00336979,1029665708
1783300391235,sell,63793.3,0.07672676,1029665707
1783300391235,sell,63793.3,0.00263815,1029665706
1783300390498,buy,63793.4,0.00014809,1029665705
1783300390498,buy,63793.4,0.00014809,1029665704
1783300390498,buy,63793.4,0.00007736,1029665703
1783300390153,buy,63793.4,0.00078378,1029665702
1783300389018,buy,63793.4,0.00782682,1029665701
1783300384698,sell,63793.3,0.00001576,1029665700
1783300384694,sell,63796.9,0.00001237,1029665699
1783300384694,sell,63798.3,0.00001039,1029665698
1783300384694,sell,63798.3,0.00016133,1029665697
1783300383975,buy,63798.4,0.00016134,1029665696
1783300383666,sell,63798.3,0.0079778,1029665695
1783300383666,sell,63798.3,0.00001577,1029665694
1783300383369,buy,63796.7,0.000172,1029665693
1783300383365,buy,63793.7,0.00001005,1029665692
1783300383365,buy,63793.7,0.00006398,1029665691
1783300383365,buy,63792.3,0.00094208,1029665690
1783300383365,buy,63792.3,0.00017697,1029665689
1783300382959,buy,63792.3,0.00079946,1029665688
1783300382706,buy,63792.3,0.01558245,1029665687
1783300382706,buy,63792.3,0.00043973,1029665686
1783300472400,sell,63791.6,0.0023514,1029666092
1783300472400,sell,63791.6,0.00029066,1029666091
1783300471903,buy,63791.7,0.00013676,1029666090
1783300471903,buy,63791.7,0.00013676,1029666089
1783300471903,buy,63791.7,0.00013676,1029666088
1783300471903,buy,63791.7,0.00013676,1029666087
1783300471903,buy,63791.7,0.00013676,1029666086
1783300471903,buy,63791.7,0.00013676,1029666085
1783300471903,buy,63791.7,0.00013676,1029666084
1783300471903,buy,63791.7,0.00013676,1029666083
1783300471903,buy,63791.7,0.00013676,1029666082
1783300471903,buy,63791.7,0.00013676,1029666081
1783300471903,buy,63791.7,0.00013676,1029666080
1783300471903,buy,63791.7,0.00013676,1029666079
1783300471903,buy,63791.7,0.00013676,1029666078
1783300471903,buy,63791.7,0.00013676,1029666077
1783300471306,buy,63791.7,0.01272422,1029666076
1783300468484,buy,63789.7,0.00001577,1029666075
1783300468484,buy,63788.5,0.00001501,1029666074
1783300468482,buy,63787.2,0.01435328,1029666073
1783300468482,buy,63786.6,0.00011464,1029666072
1783300468482,buy,63786.4,0.00002,1029666071
1783300468481,buy,63786.1,0.00060912,1029666070
1783300468481,buy,63786,0.00540604,1029666069
1783300468479,buy,63782.5,0.00234779,1029666068
1783300468479,buy,63782.5,0.08128607,1029666067
1783300468479,buy,63782.5,0.00922002,1029666066
1783300466940,buy,63782.5,0.00015678,1029666065
1783300463390,buy,63780,0.0911734,1029666064
1783300463328,buy,63779.9,0.00011383,1029666063
1783300461991,buy,63775.8,0.01,1029666062
1783300461991,buy,63775.6,0.08943527,1029666061
1783300461991,buy,63775.6,0.00313901,1029666060
1783300461991,buy,63775.6,0.00491,1029666059
1783300461991,buy,63775.6,0.18657004,1029666058
1783300461991,buy,63775.6,0.03175996,1029666057
1783300461619,sell,63775.8,0.000015,1029666056
1783300461619,sell,63776.5,0.00060912,1029666055
1783300461619,sell,63778,0.00002195,1029666054
1783300461619,sell,63778.2,0.00007878,1029666053
1783300461619,sell,63778.3,0.0007,1029666052
1783300461619,sell,63778.3,0.00057514,1029666051
1783300461615,sell,63778.3,0.00072486,1029666050
1783300461615,sell,63778.3,0.0012,1029666049
1783300461582,sell,63779.3,0.00046015,1029666048
1783300461582,sell,63779.7,0.00060912,1029666047
1783300461582,sell,63779.8,0.00004619,1029666046
1783300461582,sell,63781.3,0.00001576,1029666045
1783300461582,sell,63782.9,0.00060912,1029666044
1783300461582,sell,63783.4,0.01,1029666043
1783300461582,sell,63783.5,0.01,1029666042
1783300461550,sell,63783.6,0.00858299,1029666041
1783300461540,sell,63783.6,0.00141701,1029666040
1783300461540,sell,63783.6,0.00029999,1029666039
1783300461385,sell,63783.7,0.00059315,1029666038
1783300461385,sell,63783.7,0.00059315,1029666037
1783300461385,sell,63783.7,0.00059314,1029666036
1783300461385,sell,63783.7,0.00005813,1029666035
1783300461385,sell,63783.7,0.00004614,1029666034
1783300460424,buy,63783.8,0.00001567,1029666033
1783300459443,sell,63784.3,0.00001576,1029666032
1783300459443,sell,63785.8,0.00005126,1029666031
1783300459443,sell,63786.1,0.00060916,1029666030
1783300459443,sell,63786.6,0.00007265,1029666029
1783300459443,sell,63786.6,0.00004614,1029666028
1783300459305,buy,63786.7,0.0001066,1029666027
1783300458473,buy,63786.7,0.00005593,1029666026
1783300458473,buy,63786.7,0.00000001,1029666025
1783300458079,sell,63789.3,0.0012,1029666024
1783300457962,sell,63788.9,0.00003577,1029666023
1783300457962,sell,63789.3,0.00060912,1029666022
1783300457962,sell,63789.6,0.00001,1029666021
1783300457962,sell,63790.3,0.00001576,1029666020
1783300457959,sell,63792.5,0.00060912,1029666019
1783300457959,sell,63793.6,0.00005482,1029666018
1783300457959,sell,63795.7,0.00060912,1029666017
1783300457957,sell,63796.9,0.00012082,1029666016
1783300457957,sell,63796.9,0.00091516,1029666015
1783300457199,sell,63796.9,0.00016119,1029666014
1783300457199,sell,63796.9,0.00005781,1029666013
1783300457197,sell,63798.9,0.00060912,1029666012
1783300457197,sell,63799.3,0.00046015,1029666011
1783300457197,sell,63799.3,0.00001575,1029666010
1783300457197,sell,63800,0.00029051,1029666009
1783300457197,sell,63800,0.00077246,1029666008
1783300456832,buy,63800.1,0.00347723,1029666007
1783300456642,sell,63800,0.00000001,1029666006
1783300456642,sell,63800,0.00015676,1029666005
1783300456642,sell,63800,0.0001208,1029666004
1783300456642,sell,63801,0.00001501,1029666003
1783300456642,sell,63801.2,0.00023,1029666002
1783300456642,sell,63802.1,0.00060912,1029666001
1783300456642,sell,63802.4,0.00005983,1029666000
1783300456642,sell,63805.3,0.00060912,1029665999
1783300456593,sell,63805.5,0.0339645,1029665998
1783300456593,sell,63805.5,0.00002,1029665997
1783300456506,sell,63805.5,0.0275,1029665996
1783300456506,sell,63805.5,0.0012,1029665995
1783300456506,sell,63805.5,0.0013,1029665994
1783300456506,sell,63805.5,0.05,1029665993
1783300527076,sell,63794,0.00022221,1029666389
1783300526417,buy,63793.5,0.00044628,1029666388
1783300526392,buy,63787.2,0.00001664,1029666387
1783300526392,buy,63787.2,0.00013005,1029666386
1783300526390,buy,63785,0.00234975,1029666385
1783300525280,sell,63784.9,0.00124884,1029666384
1783300523900,sell,63787.4,0.00208126,1029666383
1783300523113,sell,63790.4,0.00001577,1029666382
1783300523110,sell,63793.4,0.00396326,1029666381
1783300523110,sell,63793.4,0.00235134,1029666380
1783300520950,buy,63793.2,0.00001576,1029666379
1783300520950,buy,63792.1,0.00001595,1029666378
1783300520950,buy,63792.1,0.0001357,1029666377
1783300520950,buy,63791.8,0.00166348,1029666376
1783300520208,buy,63788.8,0.00006688,1029666375
1783300520208,buy,63788.5,0.00001501,1029666374
1783300520208,buy,63788.4,0.00002,1029666373
1783300520208,buy,63788,0.00001634,1029666372
1783300520208,buy,63788,0.00014001,1029666371
1783300520208,buy,63787.2,0.00001576,1029666370
1783300520030,buy,63784.7,0.0030456,1029666369
1783300519991,buy,63784.3,0.00001593,1029666368
1783300519991,buy,63784.3,0.00014544,1029666367
1783300519991,buy,63782.2,0.00001501,1029666366
1783300519991,buy,63782.1,0.0000382,1029666365
1783300519013,sell,63780.9,0.00791592,1029666364
1783300517147,buy,63778.8,0.00002,1029666363
1783300517142,buy,63777.3,0.00001577,1029666362
1783300517142,buy,63777.3,0.00015062,1029666361
1783300517142,buy,63776.8,0.00156909,1029666360
1783300517142,buy,63775.6,0.00156909,1029666359
1783300517142,buy,63774,0.00409,1029666358
1783300516556,buy,63774,0.0002352,1029666357
1783300515450,buy,63772.4,0.00002,1029666356
1783300515450,buy,63772.2,0.00001577,1029666355
1783300515450,buy,63769.9,0.00015539,1029666354
1783300515450,buy,63769.9,0.00001612,1029666353
1783300515450,buy,63769.6,0.000015,1029666352
1783300515330,buy,63769.2,0.0012,1029666351
1783300515268,buy,63769.2,0.00003501,1029666350
1783300515266,buy,63769.2,0.000274,1029666349
1783300515264,buy,63769.2,0.00003501,1029666348
1783300515263,buy,63769.2,0.000254,1029666347
1783300515263,buy,63769.2,0.00002,1029666346
1783300515260,buy,63766.6,0.00166499,1029666345
1783300515102,buy,63765.5,0.00001576,1029666344
1783300515102,buy,63765.5,0.0001611,1029666343
1783300515100,buy,63762.4,0.0012,1029666342
1783300515100,buy,63762.4,0.00234969,1029666341
1783300513963,buy,63762.4,0.00010664,1029666340
1783300512983,sell,63762,0.001097,1029666339
1783300512983,sell,63762,0.00000001,1029666338
1783300512983,sell,63762.3,0.00060912,1029666337
1783300512983,sell,63763.2,0.000015,1029666336
1783300512912,sell,63765.5,0.00060912,1029666335
1783300512912,sell,63766.3,0.00001576,1029666334
1783300512908,sell,63768.2,0.001097,1029666333
1783300512908,sell,63768.2,0.00000001,1029666332
1783300512908,sell,63768.7,0.00060912,1029666331
1783300512899,sell,63769.5,0.000015,1029666330
1783300512899,sell,63771.9,0.00004042,1029666329
1783300512899,sell,63771.9,0.00017697,1029666328
1783300512298,sell,63771.7,0.00000001,1029666327
1783300512298,sell,63771.9,0.00060912,1029666326
1783300512298,sell,63772.3,0.00001576,1029666325
1783300512296,sell,63773.5,0.00002,1029666324
1783300512292,sell,63773.6,0.00002001,1029666323
1783300512292,sell,63774.8,0.0001,1029666322
1783300512292,sell,63775,0.0001208,1029666321
1783300512292,sell,63775.1,0.00060912,1029666320
1783300512292,sell,63775.5,0.00069999,1029666319
1783300512292,sell,63775.5,0.00049999,1029666318
1783300512292,sell,63775.8,0.00001501,1029666317
1783300512292,sell,63776.2,0.00007895,1029666316
1783300512289,sell,63777.4,0.00123076,1029666315
1783300512289,sell,63778.3,0.00060912,1029666314
1783300512284,sell,63778.7,0.0006399,1029666313
1783300512284,sell,63779.3,0.00046015,1029666312
1783300512280,sell,63781.3,0.00001576,1029666311
1783300512279,sell,63781.5,0.00060912,1029666310
1783300512279,sell,63783.6,0.00029999,1029666309
1783300512279,sell,63784.5,0.00005052,1029666308
1783300512279,sell,63784.5,0.03332673,1029666307
1783300512279,sell,63784.5,0.0003,1029666306
1783300512277,sell,63784.5,0.0395,1029666305
1783300512263,sell,63784.5,0.002103,1029666304
1783300512017,sell,63784.5,0.00279632,1029666303
1783300511913,sell,63784.5,0.00194412,1029666302
1783300511906,sell,63784.5,0.00500395,1029666301
1783300511904,sell,63784.5,0.00378275,1029666300
1783300511900,sell,63784.5,0.00681834,1029666299
1783300511884,sell,63784.5,0.07942479,1029666298
1783300511874,sell,63784.7,0.00060916,1029666297
1783300511872,sell,63787.4,0.0001239,1029666296
1783300511872,sell,63787.4,0.35072533,1029666295
1783300511872,sell,63787.4,0.0013,1029666294
1783300511871,sell,63787.4,0.07369892,1029666293
1783300511871,sell,63787.4,0.0287,1029666292
1783300511871,sell,63787.4,0.0628,1029666291
1783300511871,sell,63787.4,0.01513535,1029666290
1783300581723,buy,63807.8,0.00282097,1029666592
1783300581557,buy,63807.4,0.00001501,1029666591
1783300581557,buy,63805.6,0.00005775,1029666590
1783300581557,buy,63805.6,0.0001037,1029666589
1783300581557,buy,63805.6,0.00001254,1029666588
1783300581557,buy,63804.8,0.00002,1029666587
1783300580966,buy,63801.4,0.00001286,1029666586
1783300580966,buy,63801.4,0.00005942,1029666585
1783300580966,buy,63801.4,0.00010712,1029666584
1783300580960,buy,63800.8,0.00450893,1029666583
1783300580960,buy,63799.2,0.00450893,1029666582
1783300579250,buy,63792.4,0.00006115,1029666581
1783300579250,buy,63792.4,0.00011057,1029666580
1783300579250,buy,63792.4,0.00001319,1029666579
1783300579250,buy,63790.2,0.00234904,1029666578
1783300578071,buy,63790.2,0.00014107,1029666577
1783300578071,buy,63790.2,0.00000001,1029666576
1783300577937,sell,63790.3,0.00001576,1029666575
1783300577937,sell,63792.4,0.00002,1029666574
1783300577937,sell,63793.3,0.00060912,1029666573
1783300577750,sell,63796.5,0.00060912,1029666572
1783300577750,sell,63796.9,0.00481801,1029666571
1783300577690,sell,63799.3,0.00001576,1029666570
1783300577690,sell,63799.7,0.00060912,1029666569
1783300577690,sell,63800.3,0.00350967,1029666568
1783300576974,sell,63801,0.00001501,1029666567
1783300576974,sell,63801.6,0.00002,1029666566
1783300576970,sell,63802.2,0.00001576,1029666565
1783300576970,sell,63802.9,0.00060912,1029666564
1783300576970,sell,63804.9,0.00264333,1029666563
1783300576855,sell,63804.9,0.0144,1029666562
1783300576385,sell,63804.9,0.00064489,1029666561
1783300576384,sell,63804.3,0.001077,1029666560
1783300576384,sell,63804.9,0.00002,1029666559
1783300576380,sell,63806.1,0.00060912,1029666558
1783300576380,sell,63808.2,0.00001576,1029666557
1783300576380,sell,63809.3,0.0014825,1029666556
1783300576374,sell,63809.3,0.001097,1029666555
1783300576374,sell,63809.3,0.00062489,1029666554
1783300576370,sell,63809.3,0.03705026,1029666553
1783300576370,sell,63809.3,0.00316653,1029666552
1783300576370,sell,63809.3,0.00128698,1029666551
1783300576370,sell,63809.3,0.00158242,1029666550
1783300576370,sell,63809.3,0.00079249,1029666549
1783300576370,sell,63809.3,0.00039275,1029666548
1783300576370,sell,63809.3,0.00019764,1029666547
1783300576370,sell,63809.3,0.00010059,1029666546
1783300576370,sell,63809.3,0.00005003,1029666545
1783300576370,sell,63809.3,0.00002602,1029666544
1783300576370,sell,63809.3,0.00001395,1029666543
1783300575949,sell,63809.3,0.01453,1029666542
1783300575728,sell,63809.3,0.01105,1029666541
1783300575727,sell,63809.3,0.00351,1029666540
1783300575346,buy,63809.4,0.0001567,1029666539
1783300575346,buy,63809.4,0.00000001,1029666538
1783300574872,sell,63809.3,0.0147,1029666537
1783300574364,sell,63809.3,0.00048788,1029666536
1783300574364,sell,63809.3,0.00060912,1029666535
1783300574362,sell,63812.5,0.00010624,1029666534
1783300574362,sell,63812.5,0.00203735,1029666533
1783300573368,buy,63812.6,0.00004701,1029666532
1783300570518,buy,63812.1,0.00006218,1029666531
1783300570518,buy,63812.1,0.00011534,1029666530
1783300570518,buy,63812.1,0.00001316,1029666529
1783300568500,sell,63812.5,0.00235086,1029666528
1783300568500,sell,63812.5,0.00235063,1029666527
1783300568500,sell,63812.5,0.00060912,1029666526
1783300567045,sell,63812.5,0.00003137,1029666525
1783300565217,sell,63812.5,0.00565503,1029666524
1783300564242,sell,63812.5,0.0007102,1029666523
1783300564242,sell,63812.5,0.00000001,1029666522
1783300563945,buy,63811.9,0.00009081,1029666521
1783300563945,buy,63811.9,0.00006285,1029666520
1783300563945,buy,63811.9,0.00001301,1029666519
1783300563945,buy,63811.9,0.00173783,1029666518
1783300563943,buy,63811.9,0.00435341,1029666517
1783300563840,sell,63811.8,0.00141641,1029666516
1783300563588,sell,63811.8,0.00015442,1029666515
1783300562780,sell,63811.8,0.00001622,1029666514
1783300562589,buy,63810.1,0.0007962,1029666513
1783300562307,buy,63810.1,0.00001,1029666512
1783300561221,buy,63810.1,0.00119546,1029666511
1783300560390,buy,63808.5,0.00009362,1029666510
1783300560390,buy,63808.5,0.00006476,1029666509
1783300560390,buy,63808.5,0.0000134,1029666508
1783300560390,buy,63808.1,0.00001576,1029666507
1783300560390,buy,63808.1,0.0002999,1029666506
1783300560390,buy,63807.4,0.00001501,1029666505
1783300560200,buy,63803.8,0.00009682,1029666504
1783300560200,buy,63803.8,0.00001773,1029666503
1783300560200,buy,63802.1,0.00313796,1029666502
1783300559170,buy,63802.1,0.00043911,1029666501
1783300558591,sell,63802,0.00168624,1029666500
1783300557100,sell,63805.4,0.00206254,1029666499
1783300556178,buy,63805.5,0.00193811,1029666498
1783300556178,buy,63805.5,0.0012,1029666497
1783300556178,buy,63805.5,0.00124685,1029666496
1783300556178,buy,63805.5,0.0031379,1029666495
1783300555743,buy,63803.9,0.00001501,1029666494
1783300555743,buy,63802.6,0.00010002,1029666493
1783316275019,sell,63146.6,0.00012,1029719707
1783316272531,sell,63146.6,0.00573242,1029719706
1783316272531,sell,63146.6,0.00000001,1029719705
1783316272390,buy,63145.8,0.00001592,1029719704
1783316272390,buy,63144.7,0.0015,1029719703
1783316272390,buy,63144.7,0.0000987,1029719702
1783316272390,buy,63144.7,0.0000977,1029719701
1783316272390,buy,63144.6,0.00080086,1029719700
1783316272390,buy,63144.6,0.00080086,1029719699
1783316271661,buy,63142,0.05008258,1029719698
1783316269773,sell,63141.9,0.000221,1029719697
1783316269772,sell,63141.9,0.00000001,1029719696
1783316269772,sell,63141.9,0.00002,1029719695
1783316268182,buy,63144.6,0.12604868,1029719694
1783316267046,sell,63144.5,0.00053004,1029719693
1783316262083,sell,63147.3,0.00048815,1029719692
1783316261769,buy,63147,0.00015864,1029719691
1783316261769,buy,63144.5,0.00012889,1029719690
1783316261769,buy,63143.6,0.00008845,1029719689
1783316261769,buy,63142.7,0.0015,1029719688
1783316261761,buy,63142.6,0.00020204,1029719687
1783316261761,buy,63142.6,0.00021254,1029719686
1783316261761,buy,63142.6,0.00052339,1029719685
1783316260743,buy,63142.6,0.00063348,1029719684
1783316259360,buy,63142.5,0.00049468,1029719683
1783316259360,buy,63141.1,0.00005636,1029719682
1783316259360,buy,63141.1,0.00005619,1029719681
1783316259360,buy,63141.1,0.00008379,1029719680
1783316259360,buy,63140.1,0.00002,1029719679
1783316259360,buy,63140.1,0.00009088,1029719678
1783316259360,buy,63139.9,0.00001593,1029719677
1783316259360,buy,63139.3,0.00046015,1029719676
1783316259310,buy,63138.4,0.00006401,1029719675
1783316259310,buy,63136.9,0.00075144,1029719674
1783316259276,buy,63136.8,0.001108,1029719673
1783316259276,buy,63136.8,0.00081546,1029719672
1783316259273,buy,63136.3,0.00001829,1029719671
1783316259273,buy,63135.5,0.00002727,1029719670
1783316259270,buy,63135.1,0.00001581,1029719669
1783316259226,buy,63133,0.00030457,1029719668
1783316259223,buy,63131.6,0.19533757,1029719667
1783316259223,buy,63131.3,0.08114944,1029719666
1783316259223,buy,63131.3,0.00029999,1029719665
1783316259223,buy,63131.3,0.00049952,1029719664
1783316259223,buy,63131,0.00001595,1029719663
1783316259223,buy,63130.4,0.00002977,1029719662
1783316259223,buy,63130.4,0.00001343,1029719661
1783316259223,buy,63129.9,0.00001843,1029719660
1783316259223,buy,63129.4,0.00017293,1029719659
1783316259222,buy,63127.4,0.25809704,1029719658
1783316259222,buy,63127.4,0.076,1029719657
1783316259157,buy,63127.4,0.00017294,1029719656
1783316259155,buy,63127.4,0.00001,1029719655
1783316259142,buy,63125.3,0.00020555,1029719654
1783316259142,buy,63125.3,0.00016907,1029719653
1783316258757,sell,63125.2,0.000249,1029719652
1783316258709,buy,63125.2,0.00015871,1029719651
1783316258709,buy,63125.1,0.00001595,1029719650
1783316258709,buy,63125,0.00001049,1029719649
1783316258709,buy,63125,0.00296242,1029719648
1783316258709,buy,63125,0.00003504,1029719647
1783316258709,buy,63125,0.00002611,1029719646
1783316258709,buy,63125,0.00099336,1029719645
1783316258709,buy,63125,0.00017234,1029719644
1783316258709,buy,63125,0.0001208,1029719643
1783316258709,buy,63124.6,0.00002704,1029719642
1783316258709,buy,63122.1,0.00001595,1029719641
1783316258709,buy,63121.8,0.00121778,1029719640
1783316258709,buy,63120.8,0.00002526,1029719639
1783316258709,buy,63120.2,0.0001525,1029719638
1783316258709,buy,63120,0.00015702,1029719637
1783316258709,buy,63119.3,0.00003406,1029719636
1783316258709,buy,63119.3,0.00046015,1029719635
1783316258709,buy,63119.1,0.00001595,1029719634
1783316258709,buy,63117.7,0.00008439,1029719633
1783316258709,buy,63117.6,0.00085809,1029719632
1783316258709,buy,63116.1,0.00020558,1029719631
1783316258709,buy,63116.1,0.00031188,1029719630
1783316258709,buy,63116.1,0.0015,1029719629
1783316253358,sell,63116,0.00033498,1029719628
1783316253358,sell,63116,0.00000001,1029719627
1783316253309,buy,63115.6,0.00001041,1029719626
1783316253309,buy,63114.1,0.00010663,1029719625
1783316253309,buy,63113.1,0.00011321,1029719624
1783316253309,buy,63112.9,0.0003598,1029719623
1783316252968,sell,63112.8,0.00038645,1029719622
1783316252919,buy,63112.6,0.00285576,1029719621
1783316252919,buy,63112.3,0.00039575,1029719620
1783316252919,buy,63112.3,0.00041507,1029719619
1783316252919,buy,63112.3,0.0374458,1029719618
1783316251319,sell,63112.2,0.00168736,1029719617
1783316250341,buy,63112.3,0.23232872,1029719616
1783316246883,sell,63112.2,0.00020242,1029719615
1783316246729,buy,63112.3,0.03656405,1029719614
1783316246110,sell,63112.2,0.00158289,1029719613
1783316244670,buy,63112.3,0.00380569,1029719612
1783316244655,buy,63112.3,0.00016425,1029719611
1783316243936,buy,63112.3,0.00168905,1029719610
1783316242406,sell,63112.2,0.00158486,1029719609
1783316242331,buy,63112.3,0.00312775,1029719608
1783316332042,buy,63138.3,0.00432252,1029719763
1783316331364,buy,63138.3,0.00011403,1029719762
1783316330849,buy,63138.3,0.05419501,1029719761
1783316330849,buy,63138.3,0.07251096,1029719760
1783316330585,buy,63138.3,0.05066911,1029719759
1783316328048,buy,63138.3,0.0506673,1029719758
1783316325495,buy,63138.3,0.03522786,1029719757
1783316325495,buy,63138.3,0.01544,1029719756
1783316320383,sell,63140,0.00001592,1029719755
1783316318736,sell,63143.8,0.02,1029719754
1783316318405,sell,63143.8,0.00017369,1029719753
1783316314949,buy,63142.6,0.00001501,1029719752
1783316314949,buy,63139.9,0.00001592,1029719751
1783316314349,buy,63138.2,0.00375075,1029719750
1783316314349,buy,63138.2,0.05310674,1029719749
1783316311794,sell,63138.1,0.00537751,1029719748
1783316311281,buy,63138.2,0.00073806,1029719747
1783316306417,buy,63138.2,0.0221552,1029719746
1783316306417,buy,63138.2,0.0285123,1029719745
1783316305016,buy,63138.2,0.00001583,1029719744
1783316304027,sell,63138.1,0.08,1029719743
1783316303894,buy,63138.2,0.05066718,1029719742
1783316302927,sell,63138.1,0.00001143,1029719741
1783316296744,buy,63138.1,0.00035733,1029719740
1783316296696,buy,63138.1,0.00006018,1029719739
1783316295713,sell,63138,0.0000174,1029719738
1783316293300,buy,63135.1,0.01524049,1029719737
1783316292965,buy,63138.6,0.00001742,1029719736
1783316291433,buy,63138.6,0.00001,1029719735
1783316289095,sell,63138.5,0.00001898,1029719734
1783316288646,buy,63136.9,0.00001592,1029719733
1783316288646,buy,63134.7,0.00417468,1029719732
1783316288263,buy,63133.1,0.00140771,1029719731
1783316288260,buy,63133.1,0.00276697,1029719730
1783316288043,sell,63133,0.00001142,1029719729
1783316288043,sell,63133,0.00000001,1029719728
1783316287436,buy,63131.2,0.00063279,1029719727
1783316287229,sell,63131.1,0.00113998,1029719726
1783316286703,sell,63131.1,0.01433853,1029719725
1783316285517,buy,63133.1,0.000019,1029719724
1783316285357,buy,63127.3,0.00307,1029719723
1783316284891,sell,63131.8,0.00001593,1029719722
1783316284891,sell,63132.3,0.00002,1029719721
1783316284886,sell,63135.8,0.04,1029719720
1783316284883,sell,63135.8,0.02936132,1029719719
1783316284883,sell,63136.7,0.05063868,1029719718
1783316284880,sell,63137,0.00001592,1029719717
1783316284877,sell,63139.2,0.27283348,1029719716
1783316284877,sell,63139.2,0.07616652,1029719715
1783316282811,sell,63139.2,0.04,1029719714
1783316282811,sell,63139.2,0.08,1029719713
1783316282159,sell,63140,0.00001592,1029719712
1783316282150,sell,63146.6,0.04886694,1029719711
1783316282024,sell,63146.6,0.0012,1029719710
1783316278758,buy,63146.7,0.12874263,1029719709
1783316278442,buy,63146.7,0.00166279,1029719708
1783316386470,sell,63127.2,0.00052339,1029719827
1783316384918,sell,63131.4,0.01568315,1029719826
1783316383877,sell,63131.4,0.00015682,1029719825
1783316380387,buy,63131.6,0.00154252,1029719824
1783316379205,sell,63131.5,0.00014248,1029719823
1783316378899,sell,63131.5,0.00138056,1029719822
1783316378064,sell,63131.5,0.00029618,1029719821
1783316371588,sell,63131.3,0.00036124,1029719820
1783316370728,buy,63131.4,0.00168695,1029719819
1783316370156,buy,63131.4,0.00168854,1029719818
1783316369957,buy,63131.4,0.00168695,1029719817
1783316369799,buy,63131.4,0.00168378,1029719816
1783316369373,buy,63131.4,0.00169329,1029719815
1783316368957,buy,63131.4,0.00168062,1029719814
1783316368851,buy,63131.4,0.0016822,1029719813
1783316368845,buy,63131.4,0.00167745,1029719812
1783316368578,buy,63131.4,0.00167111,1029719811
1783316368283,buy,63131.4,0.00018,1029719810
1783316367462,sell,63131.3,0.00161869,1029719809
1783316365160,buy,63133.5,0.00950367,1029719808
1783316362180,buy,63133.5,0.00000999,1029719807
1783316359175,sell,63129.3,0.00001031,1029719806
1783316357297,sell,63129.3,0.00690449,1029719805
1783316357297,sell,63129.9,0.00001501,1029719804
1783316357297,sell,63130.2,0.01938324,1029719803
1783316357297,sell,63131.1,0.00001592,1029719802
1783316357297,sell,63132.2,0.0012,1029719801
1783316357297,sell,63132.2,0.0053,1029719800
1783316357231,sell,63132.9,0.00001,1029719799
1783316357215,sell,63135.4,0.120489,1029719798
1783316357097,buy,63135.5,0.00159498,1029719797
1783316355858,buy,63135.5,0.00162032,1029719796
1783316355633,buy,63135.5,0.00432878,1029719795
1783316354537,buy,63135.5,0.00000999,1029719794
1783316354537,buy,63135.5,0.00000001,1029719793
1783316353429,sell,63135.4,0.00010211,1029719792
1783316350030,sell,63137,0.00001592,1029719791
1783316350029,sell,63138.2,0.25802165,1029719790
1783316350029,sell,63138.2,0.00720799,1029719789
1783316350029,sell,63138.2,0.05047069,1029719788
1783316350029,sell,63138.2,0.12433942,1029719787
1783316348978,sell,63138.2,0.02595516,1029719786
1783316347370,buy,63138.3,0.0008125,1029719785
1783316347139,buy,63138.3,0.00038803,1029719784
1783316346875,buy,63138.3,0.00040387,1029719783
1783316344208,sell,63138.2,0.00026,1029719782
1783316342913,sell,63138.2,0.00001143,1029719781
1783316342206,sell,63138.2,0.00237758,1029719780
1783316342172,sell,63138.2,0.01102374,1029719779
1783316339705,sell,63145.7,0.00018088,1029719778
1783316339705,sell,63145.7,0.00000001,1029719777
1783316339701,buy,63144.2,0.00065239,1029719776
1783316339701,buy,63142.9,0.00001592,1029719775
1783316339659,buy,63138.4,0.008223,1029719774
1783316339659,buy,63138.4,0.0015,1029719773
1783316339656,buy,63138.3,0.00081717,1029719772
1783316339656,buy,63138.3,0.00022808,1029719771
1783316339656,buy,63138.3,0.00068792,1029719770
1783316339656,buy,63138.3,0.00068793,1029719769
1783316338852,sell,63138.2,0.001674,1029719768
1783316336529,buy,63138.3,0.00167568,1029719767
1783316335021,sell,63138.2,0.004096,1029719766
1783316333089,buy,63138.3,0.05066911,1029719765
1783316332478,sell,63138.2,0.00001143,1029719764
1783316437463,buy,63147.4,0.00053175,1029719921
1783316437463,buy,63147.2,0.00008154,1029719920
1783316437463,buy,63144,0.00034773,1029719919
1783316433433,sell,63145.9,0.00001592,1029719918
1783316433429,sell,63147.3,0.01,1029719917
1783316431392,buy,63147.4,0.00001,1029719916
1783316427286,sell,63149.3,0.00160755,1029719915
1783316425769,sell,63150,0.0041,1029719914
1783316424175,buy,63150.1,0.00008792,1029719913
1783316422637,buy,63150.1,0.00001108,1029719912
1783316419890,sell,63150,0.00032391,1029719911
1783316419853,buy,63150.1,0.00000001,1029719910
1783316419853,buy,63150,0.0001208,1029719909
1783316419853,buy,63149.7,0.00007162,1029719908
1783316419853,buy,63149.7,0.0000714,1029719907
1783316419853,buy,63149.7,0.00007162,1029719906
1783316419853,buy,63149.7,0.00007138,1029719905
1783316419853,buy,63148.9,0.000015,1029719904
1783316419853,buy,63148.8,0.00001592,1029719903
1783316419853,buy,63148.6,0.00229181,1029719902
1783316419853,buy,63148.2,0.00015865,1029719901
1783316419853,buy,63148.1,0.00001383,1029719900
1783316419853,buy,63148.1,0.00006317,1029719899
1783316419853,buy,63145.8,0.00001592,1029719898
1783316419853,buy,63145.1,0.00008128,1029719897
1783316419844,buy,63142.9,0.00001592,1029719896
1783316419844,buy,63142.8,0.0015,1029719895
1783316419844,buy,63140.9,0.0005322,1029719894
1783316419844,buy,63139.9,0.00001592,1029719893
1783316419844,buy,63139.3,0.00046015,1029719892
1783316419841,buy,63138.2,0.0003479,1029719891
1783316419841,buy,63138.2,0.05326796,1029719890
1783316419841,buy,63138.2,0.44155659,1029719889
1783316419840,buy,63138.2,0.00074775,1029719888
1783316419678,buy,63138.2,0.00160916,1029719887
1783316419464,buy,63138.2,0.04815016,1029719886
1783316419464,buy,63138.2,0.05547358,1029719885
1783316419462,buy,63138.2,0.08255321,1029719884
1783316416170,sell,63138.1,0.00037367,1029719883
1783316416124,sell,63138.1,0.00022099,1029719882
1783316416124,sell,63138.1,0.00000001,1029719881
1783316416122,buy,63136.9,0.00001592,1029719880
1783316416122,buy,63135.5,0.00040135,1029719879
1783316415162,buy,63135.5,0.02619373,1029719878
1783316415162,buy,63135.5,0.00043107,1029719877
1783316415162,buy,63135.5,0.01864291,1029719876
1783316413825,buy,63134.7,0.00001,1029719875
1783316413825,buy,63133.2,0.00035288,1029719874
1783316413825,buy,63133.2,0.00117316,1029719873
1783316411604,sell,63133.1,0.00015601,1029719872
1783316408567,sell,63133.1,0.00126006,1029719871
1783316408519,buy,63131,0.00001592,1029719870
1783316408519,buy,63130.4,0.00474158,1029719869
1783316408519,buy,63130.4,0.01151084,1029719868
1783316405792,sell,63130.3,0.00015423,1029719867
1783316405146,sell,63130.3,0.00034451,1029719866
1783316404967,buy,63130.4,0.00858,1029719865
1783316404553,sell,63130.3,0.073,1029719864
1783316404101,buy,63130.1,0.00000001,1029719863
1783316404101,buy,63130,0.00001501,1029719862
1783316404101,buy,63128.4,0.00243556,1029719861
1783316404087,buy,63122.1,0.00001592,1029719860
1783316404087,buy,63119.1,0.00001592,1029719859
1783316404087,buy,63118.9,0.00001,1029719858
1783316404085,buy,63118.2,0.02406727,1029719857
1783316404082,buy,63118.2,0.06318115,1029719856
1783316404082,buy,63118.2,0.00024925,1029719855
1783316404080,buy,63118.2,0.02664925,1029719854
1783316402814,sell,63113.3,0.00001109,1029719853
1783316401287,sell,63113.3,0.00460065,1029719852
1783316400961,sell,63113.3,0.00047093,1029719851
1783316400540,buy,63113.4,0.00562638,1029719850
1783316396860,buy,63113.4,0.00540516,1029719849
1783316394328,sell,63115.5,0.00168526,1029719848
1783316394320,buy,63115.6,0.01095291,1029719847
1783316393195,buy,63115.6,0.00008079,1029719846
1783316393195,buy,63115.6,0.00000001,1029719845
1783316392842,sell,63115.5,0.00168685,1029719844
1783316392684,sell,63115.5,0.00432445,1029719843
1783316392379,sell,63115.5,0.00168526,1029719842
1783316392179,sell,63115.5,0.00168209,1029719841
1783316392004,sell,63115.5,0.00166943,1029719840
1783316391791,sell,63115.5,0.00167893,1029719839
1783316391446,sell,63115.5,0.00169159,1029719838
1783316391288,sell,63115.5,0.00168051,1029719837
1783316391233,sell,63115.5,0.00167577,1029719836
1783316390323,sell,63115.6,0.00060889,1029719835
1783316388945,sell,63117.1,0.00001,1029719834
1783316388945,sell,63118.3,0.00020555,1029719833
1783316387969,sell,63118.3,0.00161692,1029719832
1783316387953,sell,63118.8,0.00060889,1029719831
1783316387953,sell,63119.3,0.00046015,1029719830
1783316387953,sell,63122,0.00060889,1029719829
1783316387828,sell,63125.2,0.00060889,1029719828
1783316497610,sell,63128.8,0.00031395,1029719956
1783316494729,sell,63131.6,0.01749306,1029719955
1783316494728,sell,63132,0.00001,1029719954
1783316494728,sell,63134.1,0.00001592,1029719953
1783316494727,sell,63134.9,0.01157211,1029719952
1783316493274,buy,63135,0.0156,1029719951
1783316491151,sell,63134.9,0.00375649,1029719950
1783316487739,buy,63135,0.00003167,1029719949
1783316484772,sell,63134.9,0.00009335,1029719948
1783316482915,buy,63135,0.01617866,1029719947
1783316481370,buy,63135,0.00001,1029719946
1783316480092,buy,63135,0.00009345,1029719945
1783316474952,buy,63135,0.00007919,1029719944
1783316471868,sell,63134.9,0.08,1029719943
1783316471868,sell,63134.9,0.02158716,1029719942
1783316471868,sell,63135.1,0.01841284,1029719941
1783316470939,buy,63137.7,0.00007919,1029719940
1783316470540,sell,63137.6,0.00000001,1029719939
1783316470540,sell,63137.6,0.00308033,1029719938
1783316470535,sell,63141.7,0.00001,1029719937
1783316470535,sell,63143,0.00001592,1029719936
1783316470535,sell,63143.7,0.00065215,1029719935
1783316470533,sell,63143.9,0.03152004,1029719934
1783316470533,sell,63143.9,0.01916128,1029719933
1783316470533,sell,63143.9,0.05683872,1029719932
1783316470091,sell,63143.9,0.0012,1029719931
1783316469225,sell,63143.9,0.00304478,1029719930
1783316464289,buy,63144,0.00919397,1029719929
1783316462167,buy,63144,0.00004751,1029719928
1783316458298,buy,63144,0.00001742,1029719927
1783316452846,sell,63143.9,0.00166112,1029719926
1783316449031,buy,63144,0.00002,1029719925
1783316448041,sell,63143.9,0.00065238,1029719924
1783316443535,buy,63145.3,0.06935274,1029719923
1783316442889,buy,63145.3,0.0506708,1029719922
1783330977113,sell,62705.7,0.00010335,1029761726
1783330975233,sell,62706.6,0.01798072,1029761725
1783330975233,sell,62707.5,0.00060889,1029761724
1783330975233,sell,62710.7,0.02133991,1029761723
1783330975231,sell,62710.7,0.00345226,1029761722
1783330975227,sell,62710.7,0.00309092,1029761721
1783330975225,sell,62710.7,0.07214191,1029761720
1783330975225,sell,62710.7,0.01,1029761719
1783330973991,buy,62710.8,0.00001594,1029761718
1783330972368,buy,62710.8,0.03595988,1029761717
1783330972368,buy,62710.8,0.16404012,1029761716
1783330972364,sell,62710.7,0.00091182,1029761715
1783330971144,sell,62710.7,0.00033,1029761714
1783330970372,sell,62710.7,0.00058094,1029761713
1783330970372,sell,62710.7,0.00060889,1029761712
1783330970294,buy,62710.8,0.00041938,1029761711
1783330966233,sell,62711.2,0.00001603,1029761710
1783330966233,sell,62713,0.01,1029761709
1783330966233,sell,62713.1,0.01,1029761708
1783330966233,sell,62713.2,0.01,1029761707
1783330966137,sell,62714.8,0.00977781,1029761706
1783330965748,sell,62714.8,0.00022219,1029761705
1783330965718,sell,62715,0.0002009,1029761704
1783330965706,sell,62715.3,0.01079618,1029761703
1783330965681,sell,62715.3,0.07986424,1029761702
1783330965416,buy,62715.4,0.00166306,1029761701
1783330963713,sell,62715.4,0.00116863,1029761700
1783330963713,sell,62715.8,0.01955821,1029761699
1783330963704,sell,62715.8,0.00036286,1029761698
1783330963703,sell,62715.8,0.08012293,1029761697
1783330958854,buy,62715.9,0.00001116,1029761696
1783330955911,sell,62715.3,0.01260752,1029761695
1783330954920,sell,62715.3,0.00019721,1029761694
1783330954325,buy,62715.4,0.13696749,1029761693
1783330954325,buy,62715.4,0.07978542,1029761692
1783330954325,buy,62715.4,0.00028893,1029761691
1783330954130,sell,62715.3,0.0197099,1029761690
1783330952352,sell,62715.3,0.01116155,1029761689
1783330950524,buy,62715.4,0.00071241,1029761688
1783330949353,buy,62715.4,0.00003189,1029761687
1783330948552,buy,62715.4,0.04354628,1029761686
1783330948552,buy,62715,0.0568,1029761685
1783330948552,buy,62715,0.0012,1029761684
1783330948552,buy,62715,0.25802332,1029761683
1783330948552,buy,62715,0.07978593,1029761682
1783330948286,buy,62714.1,0.00001604,1029761681
1783330948286,buy,62713.9,0.00243556,1029761680
1783330948286,buy,62713.8,0.00085552,1029761679
1783330948282,buy,62711.1,0.00001604,1029761678
1783330948281,buy,62711.1,0.00017897,1029761677
1783330948281,buy,62711.1,0.00001603,1029761676
1783330948277,buy,62709.2,0.00008309,1029761675
1783330948277,buy,62709.2,0.00001368,1029761674
1783330948277,buy,62709.2,0.0000859,1029761673
1783330948277,buy,62707.7,0.00005,1029761672
1783330948275,buy,62706.9,0.12227,1029761671
1783330948275,buy,62706.9,0.00005,1029761670
1783330948275,buy,62706.9,0.01066,1029761669
1783330948275,buy,62706.9,0.00028899,1029761668
1783330948275,buy,62706.9,0.01588,1029761667
1783330948275,buy,62706.9,0.00041,1029761666
1783330948275,buy,62706.9,0.0002,1029761665
1783330948275,buy,62706.9,0.00048,1029761664
1783330948275,buy,62706.9,0.52421213,1029761663
1783330948272,buy,62706.9,0.08654777,1029761662
1783330948270,buy,62706.9,0.1325231,1029761661
1783330948254,buy,62706.9,0.13701253,1029761660
1783330948252,buy,62706.9,0.12550891,1029761659
1783330948251,buy,62706.9,0.11587202,1029761658
1783330948250,buy,62706.9,0.13788588,1029761657
1783330948248,buy,62706.9,0.09047114,1029761656
1783330947330,buy,62706.9,0.00001,1029761655
1783330946909,buy,62706.9,0.12226871,1029761654
1783330946054,buy,62706.9,0.00004773,1029761653
1783330944953,buy,62706.9,0.01066024,1029761652
1783330943887,buy,62706.9,0.01587581,1029761651
1783330943425,buy,62706.9,0.0004164,1029761650
1783330942257,buy,62706.9,0.00019401,1029761649
1783330940471,buy,62706.9,0.00048362,1029761648
1783330940323,buy,62705.2,0.00001603,1029761647
1783330940323,buy,62703.4,0.01,1029761646
1783330940323,buy,62703.3,0.01,1029761645
1783330940323,buy,62703.2,0.01,1029761644
1783330940313,buy,62701.8,0.00001411,1029761643
1783330940313,buy,62701.8,0.00008566,1029761642
1783330940313,buy,62701.8,0.00008843,1029761641
1783330940310,buy,62699.5,0.00076545,1029761640
1783330940310,buy,62699.5,0.00009581,1029761639
1783330940310,buy,62699.5,0.01177685,1029761638
1783330940310,buy,62699.5,0.01896166,1029761637
1783330940310,buy,62699.5,0.04585052,1029761636
1783330940310,buy,62699.5,0.028,1029761635
1783330939320,sell,62699.4,0.00000001,1029761634
1783330939320,sell,62699.4,0.0012,1029761633
1783330939314,sell,62700,0.0001208,1029761632
1783330939312,sell,62701.1,0.00060889,1029761631
1783330939312,sell,62702.4,0.00001501,1029761630
1783330939312,sell,62703.8,0.00029889,1029761629
1783330939310,sell,62703.9,0.076,1029761628
1783330939310,sell,62703.9,0.25803083,1029761627
1783331034334,buy,62703.5,0.00318961,1029761829
1783331032638,sell,62703.4,0.0032,1029761828
1783331032020,sell,62703.4,0.00055657,1029761827
1783331032020,sell,62703.4,0.00185916,1029761826
1783331030693,sell,62703.4,0.00393971,1029761825
1783331027198,sell,62703.4,0.00519413,1029761824
1783331024536,sell,62704.3,0.00060889,1029761823
1783331024536,sell,62705.7,0.0031895,1029761822
1783331024536,sell,62707.5,0.00060889,1029761821
1783331024536,sell,62707.8,0.01,1029761820
1783331020409,sell,62707.8,0.00567543,1029761819
1783331018533,sell,62710.3,0.01852476,1029761818
1783331018533,sell,62710.7,0.00060889,1029761817
1783331018533,sell,62711.2,0.00001603,1029761816
1783331018533,sell,62713.1,0.01,1029761815
1783331018533,sell,62713.1,0.011254,1029761814
1783331017247,sell,62713.2,0.01,1029761813
1783331017247,sell,62715.4,0.00086104,1029761812
1783331017097,buy,62715.5,0.00041984,1029761811
1783331016464,buy,62716.2,0.0012,1029761810
1783331016451,buy,62719.1,0.06392046,1029761809
1783331016451,buy,62717,0.00001603,1029761808
1783331016451,buy,62715.8,0.00077517,1029761807
1783331016451,buy,62714.5,0.01407056,1029761806
1783331016451,buy,62713.9,0.00121778,1029761805
1783331016447,buy,62710.8,0.04,1029761804
1783331016445,buy,62711.7,0.00006009,1029761803
1783331016445,buy,62711.7,0.00003833,1029761802
1783331016445,buy,62710.8,0.00002,1029761801
1783331016445,buy,62710.8,0.08,1029761800
1783331016445,buy,62710.8,0.19856,1029761799
1783331016445,buy,62710.8,0.07979127,1029761798
1783331016445,buy,62710.8,0.00628,1029761797
1783331016445,buy,62710.8,0.00016009,1029761796
1783331016445,buy,62710.8,0.08248303,1029761795
1783331016445,buy,62710.8,0.00165,1029761794
1783331016445,buy,62710.8,0.17554081,1029761793
1783331016445,buy,62710.8,0.1755411,1029761792
1783331016445,buy,62710.8,0.00165,1029761791
1783331016445,buy,62710.8,0.00114,1029761790
1783331016445,buy,62710.8,0.00001,1029761789
1783331016445,buy,62710.8,0.33770461,1029761788
1783331016445,buy,62710.8,1.15153628,1029761787
1783331016049,buy,62710.8,0.00001116,1029761786
1783331015093,sell,62710.7,0.01413077,1029761785
1783331015086,buy,62710.8,0.0062827,1029761784
1783331015045,sell,62710.7,0.00038253,1029761783
1783331012283,buy,62709.7,0.0148123,1029761782
1783331012283,buy,62709.3,0.08248502,1029761781
1783331012283,buy,62707.7,0.00006231,1029761780
1783331012283,buy,62707.7,0.00004009,1029761779
1783331012283,buy,62707.1,0.01,1029761778
1783331012283,buy,62707,0.01,1029761777
1783331012283,buy,62706.9,0.01,1029761776
1783331012223,buy,62706.7,0.00076538,1029761775
1783331012223,buy,62706.7,0.00001,1029761774
1783331012223,buy,62706.7,0.00008578,1029761773
1783331012223,buy,62706.7,0.022,1029761772
1783331010384,sell,62706.6,0.00165355,1029761771
1783331010127,sell,62706.6,0.0057,1029761770
1783331009158,buy,62706.7,0.00477779,1029761769
1783331006289,sell,62706.6,0.00311138,1029761768
1783331005729,sell,62706.6,0.00032076,1029761767
1783331004478,sell,62706.6,0.00263134,1029761766
1783331004213,sell,62710.3,0.01,1029761765
1783331004213,sell,62710.4,0.013698,1029761764
1783331004213,sell,62710.4,0.01,1029761763
1783331004185,sell,62710.5,0.01,1029761762
1783331002655,buy,62710.8,0.00165521,1029761761
1783331001389,buy,62710.8,0.00166,1029761760
1783330996972,buy,62710.8,0.00114004,1029761759
1783330996783,sell,62710.7,0.0016493,1029761758
1783330996708,buy,62710.8,0.00001,1029761757
1783330995448,buy,62707.4,0.0797956,1029761756
1783330995448,buy,62707.3,0.00009568,1029761755
1783330995448,buy,62707.2,0.00008571,1029761754
1783330995448,buy,62707.2,0.0000806,1029761753
1783330995448,buy,62707.2,0.00001318,1029761752
1783330995448,buy,62706.2,0.01,1029761751
1783330995448,buy,62706.1,0.01,1029761750
1783330995448,buy,62706,0.01,1029761749
1783330995421,buy,62705.8,0.00086117,1029761748
1783330993818,buy,62705.8,0.00001594,1029761747
1783330993347,sell,62705.7,0.00426973,1029761746
1783330990941,buy,62705.8,0.00079737,1029761745
1783330990712,sell,62705.7,0.16964954,1029761744
1783330990712,sell,62705.7,0.00028893,1029761743
1783330990712,sell,62705.7,0.02,1029761742
1783330990712,sell,62705.7,0.00033049,1029761741
1783330990712,sell,62705.7,0.00023049,1029761740
1783330990712,sell,62705.7,0.06903049,1029761739
1783330990712,sell,62705.7,0.07174929,1029761738
1783330988903,sell,62705.7,0.09338058,1029761737
1783330988889,buy,62705.8,0.02116327,1029761736
1783330988889,buy,62705.8,0.02398406,1029761735
1783330986773,sell,62705.7,0.01594379,1029761734
1783330986773,sell,62705.7,0.17555509,1029761733
1783330986687,sell,62705.7,0.05997325,1029761732
1783330986687,sell,62705.7,0.0012,1029761731
1783330986687,sell,62705.7,0.08246274,1029761730
1783331090043,sell,62697.4,0.00166947,1029761950
1783331088405,sell,62697.4,0.04438613,1029761949
1783331088088,sell,62697.4,0.075425,1029761948
1783331088088,sell,62697.4,0.018,1029761947
1783331081280,buy,62697.5,0.00001,1029761946
1783331078318,buy,62697.5,0.00337973,1029761945
1783331078134,buy,62696.4,0.00001603,1029761944
1783331078134,buy,62693.5,0.00006737,1029761943
1783331078134,buy,62693.5,0.00004137,1029761942
1783331078134,buy,62693.5,0.00001181,1029761941
1783331078132,buy,62692.6,0.07878024,1029761940
1783331078132,buy,62692.6,0.00109304,1029761939
1783331078132,buy,62692.6,0.24790099,1029761938
1783331077410,buy,62692.6,0.00041852,1029761937
1783331075207,sell,62692.5,0.0095,1029761936
1783331074877,sell,62692.5,0.00024844,1029761935
1783331073701,buy,62692.6,0.00456672,1029761934
1783331073701,buy,62692.6,0.00086135,1029761933
1783331070304,sell,62692.5,0.00010508,1029761932
1783331066863,buy,62692.6,0.00170674,1029761931
1783331063874,sell,62692.5,0.00160265,1029761930
1783331062399,buy,62692.6,0.00363679,1029761929
1783331055373,buy,62692.6,0.00001,1029761928
1783331053442,buy,62692.6,0.00002552,1029761927
1783331052030,sell,62692.5,0.00007887,1029761926
1783331052014,sell,62692.5,0.01117847,1029761925
1783331052014,sell,62692.5,0.01,1029761924
1783331051131,sell,62693.5,0.00001604,1029761923
1783331051131,sell,62694.7,0.00060889,1029761922
1783331051129,sell,62697.4,0.042,1029761921
1783331051129,sell,62697.4,0.042,1029761920
1783331051129,sell,62697.4,0.22814083,1029761919
1783331051128,sell,62697.4,0.01160797,1029761918
1783331051128,sell,62697.4,0.04703146,1029761917
1783331051128,sell,62697.4,0.0013,1029761916
1783331051127,sell,62697.4,0.01915597,1029761915
1783331051127,sell,62697.4,0.01702556,1029761914
1783331051127,sell,62697.4,0.08,1029761913
1783331051127,sell,62697.4,0.05773179,1029761912
1783331051127,sell,62697.4,0.04,1029761911
1783331051119,sell,62697.4,0.0069593,1029761910
1783331051101,sell,62697.4,0.0090048,1029761909
1783331051077,sell,62697.4,0.00927501,1029761908
1783331051049,sell,62697.4,0.00652296,1029761907
1783331051043,sell,62697.4,0.08089964,1029761906
1783331050833,sell,62697.9,0.00060889,1029761905
1783331050833,sell,62698.7,0.02661046,1029761904
1783331050826,sell,62699.2,0.00046015,1029761903
1783331050823,sell,62701,0.01,1029761902
1783331050823,sell,62701,0.03159403,1029761901
1783331048746,sell,62701,0.00162507,1029761900
1783331048702,sell,62701,0.001107,1029761899
1783331048701,sell,62701,0.0006089,1029761898
1783331048700,sell,62701.1,0.00060889,1029761897
1783331048700,sell,62702.3,0.00001603,1029761896
1783331048700,sell,62703.4,0.01,1029761895
1783331048671,sell,62703.4,0.00033,1029761894
1783331048553,buy,62703.5,0.00006379,1029761893
1783331046606,buy,62703.5,0.00022473,1029761892
1783331044330,buy,62703.5,0.01786782,1029761891
1783331042759,buy,62703.5,0.00169528,1029761890
1783331041815,buy,62703.5,0.00469111,1029761889
1783331039839,buy,62703.5,0.00081973,1029761888
1783331039079,buy,62703.5,0.00002118,1029761887
1783331039079,buy,62703.5,0.00002118,1029761886
1783331039079,buy,62703.5,0.00002118,1029761885
1783331039079,buy,62703.5,0.00002118,1029761884
1783331039079,buy,62703.5,0.00002118,1029761883
1783331039079,buy,62703.5,0.00002118,1029761882
1783331039079,buy,62703.5,0.00002118,1029761881
1783331039079,buy,62703.5,0.00002118,1029761880
1783331039079,buy,62703.5,0.00002118,1029761879
1783331039079,buy,62703.5,0.00002118,1029761878
1783331039079,buy,62703.5,0.00002118,1029761877
1783331039079,buy,62703.5,0.00002118,1029761876
1783331039079,buy,62703.5,0.00002118,1029761875
1783331039079,buy,62703.5,0.00002118,1029761874
1783331039079,buy,62703.5,0.00001353,1029761873
1783331039079,buy,62703.5,0.00000765,1029761872
1783331039079,buy,62703.5,0.00002118,1029761871
1783331039079,buy,62703.5,0.00002118,1029761870
1783331039079,buy,62703.5,0.00002118,1029761869
1783331039079,buy,62703.5,0.00002118,1029761868
1783331039079,buy,62703.5,0.00002118,1029761867
1783331039078,buy,62703.5,0.00002118,1029761866
1783331039078,buy,62703.5,0.00002118,1029761865
1783331039078,buy,62703.5,0.00002118,1029761864
1783331039078,buy,62703.5,0.00002118,1029761863
1783331039078,buy,62703.5,0.00002118,1029761862
1783331039078,buy,62703.5,0.00002118,1029761861
1783331039078,buy,62703.5,0.00002118,1029761860
1783331039078,buy,62703.5,0.00002118,1029761859
1783331039078,buy,62703.5,0.00002118,1029761858
1783331039078,buy,62703.5,0.00002118,1029761857
1783331039078,buy,62703.5,0.00002118,1029761856
1783331039078,buy,62703.5,0.00002118,1029761855
1783331039078,buy,62703.5,0.00002118,1029761854
1783331039078,buy,62703.5,0.00002118,1029761853
1783331039078,buy,62703.5,0.00002118,1029761852
1783331039078,buy,62703.5,0.00002118,1029761851
1783331145743,sell,62675.5,0.00105764,1029762055
1783331142156,buy,62674.4,0.00076565,1029762054
1783331142156,buy,62674.4,0.00009595,1029762053
1783331141050,sell,62674.3,0.00162236,1029762052
1783331139944,sell,62674.3,0.1,1029762051
1783331139237,buy,62674.4,0.00009732,1029762050
1783331138020,buy,62674.4,0.11386798,1029762049
1783331138020,buy,62674.4,0.00000001,1029762048
1783331137976,sell,62675,0.0001208,1029762047
1783331137976,sell,62675.5,0.00060889,1029762046
1783331137976,sell,62677.7,0.00004,1029762045
1783331137953,sell,62678.7,0.00060889,1029762044
1783331137953,sell,62678.9,0.02,1029762043
1783331137403,sell,62678.9,0.10671796,1029762042
1783331137403,sell,62678.9,0.076,1029762041
1783331137403,sell,62678.9,0.0013,1029762040
1783331137399,sell,62678.9,0.1586618,1029762039
1783331137399,sell,62678.9,0.14333345,1029762038
1783331137399,sell,62679,0.04278503,1029762037
1783331137399,sell,62679.2,0.00046015,1029762036
1783331137399,sell,62680.2,0.00029939,1029762035
1783331137399,sell,62681,0.01757501,1029762034
1783331137399,sell,62681.3,0.00004,1029762033
1783331137399,sell,62681.9,0.00060891,1029762032
1783331137399,sell,62682.9,0.0000957,1029762031
1783331137399,sell,62683,0.00076576,1029762030
1783331137399,sell,62683.9,0.00086146,1029762029
1783331137399,sell,62684.9,0.01,1029762028
1783331137399,sell,62684.9,0.00028899,1029762027
1783331137399,sell,62684.9,0.175,1029762026
1783331136346,buy,62685,0.00162399,1029762025
1783331136081,sell,62684.9,0.07067952,1029762024
1783331136081,sell,62684.9,0.01,1029762023
1783331135035,buy,62685,0.01909879,1029762022
1783331133147,buy,62685,0.0000319,1029762021
1783331131264,sell,62684.9,0.00001143,1029762020
1783331127723,buy,62685,0.00169099,1029762019
1783331125488,sell,62684.9,0.00247433,1029762018
1783331124641,sell,62684.9,0.00001143,1029762017
1783331120837,buy,62685,0.00070078,1029762016
1783331119024,sell,62684.9,0.00238711,1029762015
1783331118948,buy,62685,0.03091515,1029762014
1783331118948,buy,62685,0.00025526,1029762013
1783331118940,buy,62685,0.0005962,1029762012
1783331118940,buy,62685,0.00001,1029762011
1783331114000,buy,62685,0.00036691,1029762010
1783331113339,buy,62685,0.00063,1029762009
1783331111613,buy,62685,0.00025,1029762008
1783331111132,sell,62684.9,0.00349084,1029762007
1783331111085,sell,62684.9,0.00334082,1029762006
1783331111037,sell,62684.9,0.00295072,1029762005
1783331111033,sell,62684.9,0.02570665,1029762004
1783331109228,buy,62685,0.00036651,1029762003
1783331104623,buy,62685,0.01280507,1029762002
1783331104567,buy,62685,0.00015952,1029762001
1783331102559,buy,62685,0.00173885,1029762000
1783331102063,buy,62685,0.0003066,1029761999
1783331101627,buy,62685,0.00063213,1029761998
1783331100977,buy,62685,0.0000319,1029761997
1783331100977,buy,62685,0.0000319,1029761996
1783331100604,buy,62685,0.11003696,1029761995
1783331100604,buy,62685,0.00425019,1029761994
1783331100604,buy,62685,0.158178,1029761993
1783331100579,sell,62685.1,0.00060889,1029761992
1783331100579,sell,62687.3,0.00007173,1029761991
1783331100579,sell,62687.3,0.00038479,1029761990
1783331100579,sell,62687.3,0.00001,1029761989
1783331100577,sell,62687.5,0.0006189,1029761988
1783331100577,sell,62687.6,0.00001604,1029761987
1783331100577,sell,62688.3,0.00060889,1029761986
1783331100572,sell,62691.3,0.00203029,1029761985
1783331100571,sell,62691.3,0.00118786,1029761984
1783331100569,sell,62691.3,0.07552976,1029761983
1783331100569,sell,62691.5,0.00060889,1029761982
1783331100568,sell,62692.4,0.00005,1029761981
1783331100568,sell,62692.5,0.00016009,1029761980
1783331100568,sell,62692.5,0.01,1029761979
1783331100557,sell,62693.5,0.00001603,1029761978
1783331100555,sell,62695,0.10300606,1029761977
1783331100554,sell,62695,0.02135577,1029761976
1783331100554,sell,62695,0.22563817,1029761975
1783331100554,sell,62695,0.19926183,1029761974
1783331100554,sell,62695,0.08850753,1029761973
1783331100554,sell,62695,0.0012,1029761972
1783331100554,sell,62695,0.01434237,1029761971
1783331100553,sell,62695,0.04538827,1029761970
1783331100553,sell,62695,0.0013,1029761969
1783331100472,sell,62695.3,0.00086128,1029761968
1783331100472,sell,62697.4,0.00171136,1029761967
1783331100459,sell,62697.4,0.00079748,1029761966
1783331100459,sell,62697.4,0.05322942,1029761965
1783331097936,sell,62697.4,0.00072801,1029761964
1783331095497,sell,62697.4,0.01175743,1029761963
1783331095468,sell,62697.4,0.01112498,1029761962
1783331095437,sell,62697.4,0.0122481,1029761961
1783331095407,sell,62697.4,0.01162136,1029761960
1783331095377,sell,62697.4,0.01225914,1029761959
1783331095348,sell,62697.4,0.0201358,1029761958
1783331095297,sell,62697.4,0.0119921,1029761957
1783331095280,sell,62697.4,0.000657,1029761956
1783331201458,buy,62675.6,0.00797758,1029762147
1783331201420,buy,62675.6,0.00004786,1029762146
1783331199260,sell,62675.5,0.00169358,1029762145
1783331198477,buy,62675.6,0.00002552,1029762144
1783331197363,buy,62675.6,0.00163221,1029762143
1783331194649,buy,62675.6,0.00009573,1029762142
1783331191714,buy,62675.6,0.00001595,1029762141
1783331188640,sell,62675.5,0.005,1029762140
1783331186822,buy,62675.6,0.00001595,1029762139
1783331183352,sell,62675.5,0.00001213,1029762138
1783331182153,buy,62675.6,0.0003191,1029762137
1783331180128,sell,62675.5,0.01023154,1029762136
1783331179392,buy,62675.6,0.00001276,1029762135
1783331178709,buy,62675.6,0.00004467,1029762134
1783331177536,buy,62675.6,0.00172634,1029762133
1783331177354,buy,62675.6,0.00003191,1029762132
1783331176688,buy,62675.6,0.00108176,1029762131
1783331175997,buy,62675.6,0.00001,1029762130
1783331175180,buy,62675.6,0.0001755,1029762129
1783331174944,sell,62675.5,0.00111737,1029762128
1783331174923,buy,62674.1,0.00003815,1029762127
1783331174923,buy,62674.1,0.00009978,1029762126
1783331174923,buy,62674.1,0.0000141,1029762125
1783331174923,buy,62672.7,0.00001,1029762124
1783331174923,buy,62672.7,0.04528954,1029762123
1783331174918,buy,62672.7,0.25696053,1029762122
1783331174916,buy,62672.7,0.16451848,1029762121
1783331174915,buy,62672.7,0.29475285,1029762120
1783331174913,buy,62672.7,0.13141598,1029762119
1783331174913,buy,62672.7,0.05298262,1029762118
1783331174913,buy,62672.7,0.03092,1029762117
1783331174913,buy,62672.7,0.00169,1029762116
1783331174913,buy,62672.7,0.00069,1029762115
1783331174913,buy,62672.7,0.0191,1029762114
1783331174913,buy,62672.7,0.00004,1029762113
1783331174913,buy,62672.7,0.12971909,1029762112
1783331174911,buy,62672.7,0.12481007,1029762111
1783331174910,buy,62672.7,0.24547084,1029762110
1783331174910,buy,62672.7,0.00163,1029762109
1783331174800,buy,62671.9,0.00010367,1029762108
1783331174800,buy,62671.9,0.00005446,1029762107
1783331174800,buy,62671.9,0.00001399,1029762106
1783331174798,buy,62670.9,0.01,1029762105
1783331174798,buy,62670.8,0.01,1029762104
1783331174798,buy,62670.7,0.01,1029762103
1783331174798,buy,62670.5,0.00011335,1029762102
1783331174798,buy,62670.5,0.0148,1029762101
1783331174798,buy,62670.5,0.01330776,1029762100
1783331173628,buy,62670.5,0.00834121,1029762099
1783331171007,buy,62670.5,0.01,1029762098
1783331170968,buy,62670.5,0.00031912,1029762097
1783331170968,buy,62670.5,0.00003191,1029762096
1783331169075,sell,62670.4,0.00277952,1029762095
1783331169025,sell,62670.4,0.00198746,1029762094
1783331167777,sell,62670.4,0.0015,1029762093
1783331165963,buy,62670.5,0.00797823,1029762092
1783331165442,sell,62670.4,0.00125936,1029762091
1783331165442,sell,62670.4,0.00042993,1029762090
1783331165366,buy,62670.5,0.00319129,1029762089
1783331164119,buy,62670.5,0.00168086,1029762088
1783331163996,sell,62670.4,0.00019403,1029762087
1783331163624,buy,62670.5,0.00039875,1029762086
1783331162270,buy,62670.5,0.00022071,1029762085
1783331162156,buy,62670.5,0.01178946,1029762084
1783331161653,sell,62671.8,0.01,1029762083
1783331161653,sell,62671.9,0.01,1029762082
1783331161653,sell,62672,0.01,1029762081
1783331161653,sell,62672.3,0.00060889,1029762080
1783331161653,sell,62672.6,0.01,1029762079
1783331161653,sell,62672.6,0.00044151,1029762078
1783331161611,buy,62672.7,0.00026896,1029762077
1783331161207,buy,62672.7,0.00607789,1029762076
1783331159028,sell,62672.6,0.00152415,1029762075
1783331159003,sell,62672.9,0.00001604,1029762074
1783331159003,sell,62674.3,0.0001,1029762073
1783331159003,sell,62674.3,0.0005101,1029762072
1783331159003,sell,62674.3,0.00051009,1029762071
1783331159003,sell,62674.3,0.00051009,1029762070
1783331159003,sell,62674.3,0.01,1029762069
1783331159003,sell,62674.8,0.02,1029762068
1783331159003,sell,62674.8,0.00035152,1029762067
1783331158123,sell,62674.8,0.00327156,1029762066
1783331157641,buy,62674.9,0.00001595,1029762065
1783331155668,buy,62675.6,0.00015955,1029762064
1783331155517,buy,62675.6,0.00089029,1029762063
1783331155132,buy,62675.6,0.00446962,1029762062
1783331154474,buy,62675.6,0.00154644,1029762061
1783331154474,buy,62675.6,0.00005632,1029762060
1783331154474,buy,62675.6,0.00009998,1029762059
1783331154474,buy,62675.6,0.00001403,1029762058
1783331150209,sell,62675.5,0.00015298,1029762057
1783331149338,sell,62675.5,0.00159753,1029762056
1783344820399,sell,61556.5,0.00865578,1029859970
1783344820399,sell,61556.5,0.00580975,1029859969
1783344820273,buy,61556.6,0.04945353,1029859968
1783344820273,buy,61556.6,0.01258721,1029859967
1783344820232,buy,61556.6,0.00027291,1029859966
1783344820162,sell,61556.5,0.00166301,1029859965
1783344819581,sell,61556.5,0.00062813,1029859964
1783344819579,sell,61556.5,0.00060492,1029859963
1783344819578,sell,61556.5,0.01154553,1029859962
1783344819521,sell,61559.1,0.00432088,1029859961
1783344819520,sell,61559.1,0.00577777,1029859960
1783344819519,sell,61559.1,0.00086486,1029859959
1783344819517,sell,61559.1,0.0016377,1029859958
1783344819516,sell,61559.1,0.00048646,1029859957
1783344819515,sell,61559.1,0.00045559,1029859956
1783344819513,sell,61559.1,0.00052445,1029859955
1783344819512,sell,61559.1,0.00091691,1029859954
1783344819510,sell,61559.1,0.00132449,1029859953
1783344819509,sell,61559.1,0.00373143,1029859952
1783344819507,sell,61559.1,0.00180941,1029859951
1783344819505,sell,61559.1,0.00068352,1029859950
1783344819504,sell,61559.1,0.00184557,1029859949
1783344819503,sell,61559.1,0.02863286,1029859948
1783344819503,sell,61559.1,0.02074198,1029859947
1783344819455,sell,61561.5,0.05318101,1029859946
1783344817808,sell,61561.5,0.00001501,1029859945
1783344817806,sell,61564.8,0.01,1029859944
1783344817792,sell,61566.8,0.02295313,1029859943
1783344817472,sell,61571.2,0.04545875,1029859942
1783344816748,buy,61571.3,0.000121,1029859941
1783344816748,buy,61571.3,0.00001635,1029859940
1783344816746,buy,61571.1,0.0013,1029859939
1783344816678,buy,61570,0.00010484,1029859938
1783344816678,buy,61568.8,0.00029916,1029859937
1783344816676,buy,61568.5,0.00012208,1029859936
1783344816667,buy,61566.3,0.00079811,1029859935
1783344816373,buy,61566.3,0.036,1029859934
1783344816226,buy,61566.3,0.00000001,1029859933
1783344816226,buy,61566.3,0.00001633,1029859932
1783344816222,buy,61564.5,0.00004,1029859931
1783344816187,buy,61562.2,0.08,1029859930
1783344816183,buy,61562.2,0.00010467,1029859929
1783344816183,buy,61560.5,0.00001633,1029859928
1783344816179,buy,61559.6,0.06658294,1029859927
1783344816179,buy,61559.5,0.09341706,1029859926
1783344816179,buy,61559.5,0.08,1029859925
1783344816174,buy,61559.6,0.14021523,1029859924
1783344816174,buy,61559.2,0.00658477,1029859923
1783344816172,buy,61559.2,0.0162722,1029859922
1783344816169,buy,61559.2,0.08,1029859921
1783344816169,buy,61559.2,0.03941717,1029859920
1783344816169,buy,61559.1,0.00046015,1029859919
1783344816169,buy,61557.6,0.00001634,1029859918
1783344816169,buy,61554.7,0.00001634,1029859917
1783344816169,buy,61553.9,0.00009,1029859916
1783344816169,buy,61551.8,0.00001634,1029859915
1783344816169,buy,61550,0.0001208,1029859914
1783344816169,buy,61549.5,0.015,1029859913
1783344816169,buy,61548.9,0.00001634,1029859912
1783344816169,buy,61548.8,0.05327,1029859911
1783344816169,buy,61547.6,0.13766534,1029859910
1783344816169,buy,61547.5,0.00487112,1029859909
1783344816169,buy,61547.3,0.05327,1029859908
1783344816169,buy,61546.8,0.04990073,1029859907
1783344816169,buy,61546.8,0.00717401,1029859906
1783344816169,buy,61546.8,0.00012599,1029859905
1783344816169,buy,61546.1,0.00001634,1029859904
1783344816169,buy,61546,0.00029907,1029859903
1783344816169,buy,61545.7,0.05327,1029859902
1783344816168,buy,61543.8,0.02422477,1029859901
1783344816168,buy,61543.2,0.00001634,1029859900
1783344816167,buy,61542.2,0.01991213,1029859899
1783344816167,buy,61540.5,0.00082975,1029859898
1783344816167,buy,61540.5,0.01756686,1029859897
1783344816167,buy,61540.5,0.05315614,1029859896
1783344816167,buy,61540.5,0.08,1029859895
1783344816167,buy,61540.5,0.08271239,1029859894
1783344816167,buy,61540.5,0.00004,1029859893
1783344815775,buy,61540.5,0.00011874,1029859892
1783344815775,buy,61540.3,0.00001634,1029859891
1783344815775,buy,61539.1,0.00012992,1029859890
1783344815775,buy,61538.8,0.00004,1029859889
1783344815766,buy,61538.2,0.00004,1029859888
1783344815648,buy,61531.3,0.00004,1029859887
1783344815648,buy,61528.3,0.00013474,1029859886
1783344815645,buy,61528,0.01528355,1029859885
1783344815645,buy,61528,0.00082962,1029859884
1783344815479,buy,61528,0.01624563,1029859883
1783344814940,buy,61528,0.01625276,1029859882
1783344814895,buy,61528,0.0000325,1029859881
1783344814805,buy,61528,0.00835307,1029859880
1783344814805,buy,61528,0.07291074,1029859879
1783344813926,sell,61527.9,0.0016664,1029859878
1783344813767,sell,61527.9,0.00001143,1029859877
1783344813234,sell,61527.9,0.00776327,1029859876
1783344813234,sell,61527.9,0.00004001,1029859875
1783344813234,sell,61527.9,0.0013,1029859874
1783344813234,sell,61527.9,0.0379,1029859873
1783344813234,sell,61527.9,0.114,1029859872
1783344813234,sell,61527.9,0.0012,1029859871
1783344875760,sell,61594.3,0.00013308,1029860699
1783344875550,sell,61594.3,0.00033649,1029860698
1783344874648,sell,61594.7,0.00060889,1029860697
1783344874646,sell,61595.3,0.00001631,1029860696
1783344874646,sell,61596.6,0.01276068,1029860695
1783344874635,sell,61597,0.000221,1029860694
1783344874635,sell,61597,0.00005632,1029860693
1783344874630,sell,61597.9,0.00060889,1029860692
1783344874630,sell,61599.1,0.00046015,1029860691
1783344874629,sell,61600,0.048062,1029860690
1783344874629,sell,61600,0.00003548,1029860689
1783344874629,sell,61600,0.00007738,1029860688
1783344874629,sell,61600,0.00029326,1029860687
1783344874629,sell,61600,0.23454229,1029860686
1783344874629,sell,61600,0.0001208,1029860685
1783344874239,buy,61600.1,0.01625688,1029860684
1783344873326,sell,61601.1,0.00060891,1029860683
1783344873326,sell,61601.1,0.00001632,1029860682
1783344873268,sell,61602.1,0.00954059,1029860681
1783344873268,sell,61602.1,0.00066769,1029860680
1783344873167,sell,61603.6,0.00058,1029860679
1783344873167,sell,61604.3,0.00060889,1029860678
1783344873165,sell,61606.8,0.0125306,1029860677
1783344873165,sell,61606.8,0.01,1029860676
1783344873112,sell,61607.2,0.00004,1029860675
1783344873112,sell,61607.5,0.00004077,1029860674
1783344873112,sell,61607.5,0.00009484,1029860673
1783344873112,sell,61607.5,0.0011,1029860672
1783344873112,sell,61607.5,0.00007667,1029860671
1783344872927,sell,61607.5,0.001107,1029860670
1783344872927,sell,61607.5,0.00001633,1029860669
1783344872927,sell,61607.5,0.00010116,1029860668
1783344872927,sell,61607.5,0.00004077,1029860667
1783344872927,sell,61607.5,0.00060889,1029860666
1783344872925,sell,61608.2,0.00004,1029860665
1783344872922,sell,61610.7,0.00060889,1029860664
1783344872917,sell,61612.4,0.0937162,1029860663
1783344872917,sell,61612.4,0.02585442,1029860662
1783344872575,buy,61612.5,0.00081152,1029860661
1783344871671,sell,61612.4,0.00027279,1029860660
1783344871053,buy,61612.5,0.01461878,1029860659
1783344870317,sell,61612.5,0.01,1029860658
1783344870317,sell,61613,0.00279173,1029860657
1783344870317,sell,61613,0.01890528,1029860656
1783344869986,sell,61613.4,0.001107,1029860655
1783344869986,sell,61613.4,0.00000001,1029860654
1783344869986,sell,61613.9,0.00060889,1029860653
1783344869981,sell,61617.1,0.00000889,1029860652
1783344869981,sell,61617.1,0.0006,1029860651
1783344869981,sell,61618.7,0.0015,1029860650
1783344869981,sell,61618.7,0.01251777,1029860649
1783344869236,buy,61618.8,0.00008114,1029860648
1783344868955,sell,61618.7,0.01560635,1029860647
1783344868148,sell,61618.7,0.04375248,1029860646
1783344868056,sell,61618.7,0.03914026,1029860645
1783344868026,sell,61619.3,0.00066522,1029860644
1783344868025,sell,61619.3,0.00049811,1029860643
1783344868025,sell,61620.3,0.00060889,1029860642
1783344868018,sell,61623.5,0.00060889,1029860641
1783344868018,sell,61623.7,0.04963459,1029860640
1783344868018,sell,61623.7,0.01,1029860639
1783344867942,sell,61626.7,0.00060889,1029860638
1783344867938,sell,61627.5,0.001107,1029860637
1783344867936,sell,61628.8,0.01228227,1029860636
1783344867932,sell,61628.8,0.0185433,1029860635
1783344867923,sell,61629.9,0.00060889,1029860634
1783344867923,sell,61629.9,0.04655902,1029860633
1783344867434,buy,61630,0.00181901,1029860632
1783344867387,buy,61630,0.00191108,1029860631
1783344867387,buy,61630,0.00608892,1029860630
1783344867329,buy,61628.2,0.01619449,1029860629
1783344867329,buy,61627.1,0.00004,1029860628
1783344867329,buy,61627.1,0.00001632,1029860627
1783344867327,buy,61625,0.0001208,1029860626
1783344867327,buy,61624.6,0.00001501,1029860625
1783344867326,buy,61624.1,0.01464249,1029860624
1783344867326,buy,61623.7,0.01001181,1029860623
1783344867325,buy,61623.7,0.08067734,1029860622
1783344867325,buy,61623.7,0.00992002,1029860621
1783344867325,buy,61623.6,0.03440707,1029860620
1783344867325,buy,61621.3,0.0015,1029860619
1783344867325,buy,61621.2,0.10005529,1029860618
1783344867325,buy,61621.2,0.00096877,1029860617
1783344867325,buy,61621.2,0.070654,1029860616
1783344867325,buy,61621.2,0.00029326,1029860615
1783344867325,buy,61621.2,0.00558791,1029860614
1783344867325,buy,61621.2,0.04999921,1029860613
1783344867325,buy,61621.2,0.00230977,1029860612
1783344867325,buy,61621.2,0.02480977,1029860611
1783344867325,buy,61621.2,0.0106765,1029860610
1783344867325,buy,61621.2,0.08673327,1029860609
1783344867325,buy,61621.2,0.02099791,1029860608
1783344867325,buy,61621.2,0.01555882,1029860607
1783344867280,sell,61621.1,0.00017361,1029860606
1783344867033,buy,61621.2,0.00001622,1029860605
1783344866318,sell,61621.1,0.00017548,1029860604
1783344866269,buy,61615.2,0.00051782,1029860603
1783344866269,buy,61615.2,0.00020355,1029860602
1783344866269,buy,61615.2,0.070655,1029860601
1783344864854,sell,61615.1,0.00001143,1029860600
1783344931355,buy,61577.8,0.00008119,1029861189
1783344926286,buy,61575,0.00000001,1029861188
1783344926286,buy,61575,0.0001208,1029861187
1783344926286,buy,61575,0.00001501,1029861186
1783344926263,buy,61573.8,0.00013582,1029861185
1783344926250,buy,61571.4,0.000345,1029861184
1783344926250,buy,61571.4,0.00019215,1029861183
1783344926248,buy,61568.7,0.00426223,1029861182
1783344926235,buy,61566.3,0.00001633,1029861181
1783344926233,buy,61565.9,0.00088047,1029861180
1783344926233,buy,61565.9,0.00761363,1029861179
1783344926232,buy,61565.9,0.03201415,1029861178
1783344926232,buy,61565.9,0.01497493,1029861177
1783344926140,buy,61565.9,0.01610329,1029861176
1783344925572,buy,61565.8,0.00001634,1029861175
1783344925570,buy,61563.4,0.00001633,1029861174
1783344925570,buy,61559.1,0.00971078,1029861173
1783344925463,buy,61557.8,0.00001633,1029861172
1783344925461,buy,61555.9,0.00004,1029861171
1783344925457,buy,61555,0.08,1029861170
1783344925457,buy,61554.9,0.08,1029861169
1783344925457,buy,61554.8,0.06373079,1029861168
1783344925456,buy,61554.8,0.01626921,1029861167
1783344925456,buy,61553.5,0.01122828,1029861166
1783344925456,buy,61553.5,0.0045,1029861165
1783344925456,buy,61553.5,0.00002,1029861164
1783344925456,buy,61553.5,0.00002,1029861163
1783344925455,buy,61553.5,0.05562,1029861162
1783344925455,buy,61553.5,0.08,1029861161
1783344925167,buy,61553.5,0.0067,1029861160
1783344925167,buy,61553.5,0.0013,1029861159
1783344925147,buy,61556.3,0.01623152,1029861158
1783344925147,buy,61555.9,0.00004,1029861157
1783344925144,buy,61550.4,0.0225727,1029861156
1783344925144,buy,61550.2,0.0174273,1029861155
1783344925144,buy,61550.2,0.0625727,1029861154
1783344925144,buy,61547.5,0.0174273,1029861153
1783344925143,buy,61544.8,0.03469046,1029861152
1783344925143,buy,61544.8,0.03117873,1029861151
1783344925143,buy,61544.8,0.00672127,1029861150
1783344925143,buy,61544.8,0.07190914,1029861149
1783344925143,buy,61544.8,0.114,1029861148
1783344925142,buy,61544.8,0.03020959,1029861147
1783344925142,buy,61544.8,0.03384444,1029861146
1783344925142,buy,61544.8,0.02427285,1029861145
1783344925142,buy,61544.8,0.00120585,1029861144
1783344925142,buy,61544.8,0.10547936,1029861143
1783344925142,buy,61544.8,0.0949535,1029861142
1783344925142,buy,61544.8,0.00001,1029861141
1783344924324,sell,61546.7,0.00060889,1029861140
1783344924324,sell,61546.8,0.00004,1029861139
1783344924324,sell,61548.5,0.00001785,1029861138
1783344924324,sell,61549,0.00001633,1029861137
1783344924324,sell,61549.9,0.00060889,1029861136
1783344924324,sell,61550,0.0001208,1029861135
1783344924324,sell,61550.1,0.01,1029861134
1783344924247,sell,61552.4,0.00004,1029861133
1783344924247,sell,61553.1,0.00060889,1029861132
1783344924247,sell,61554.2,0.00006678,1029861131
1783344923962,sell,61554.2,0.00248185,1029861130
1783344923960,sell,61554.8,0.00001501,1029861129
1783344923960,sell,61555.3,0.00227455,1029861128
1783344923960,sell,61556.3,0.00003497,1029861127
1783344923960,sell,61556.3,0.00004763,1029861126
1783344923960,sell,61556.3,0.00006968,1029861125
1783344923162,sell,61556.3,0.00175104,1029861124
1783344923158,sell,61556.3,0.0010797,1029861123
1783344923158,sell,61556.3,0.0000273,1029861122
1783344923158,sell,61556.3,0.00058159,1029861121
1783344923158,sell,61556.6,0.00002731,1029861120
1783344923156,sell,61556.6,0.00001,1029861119
1783344923117,sell,61557.7,0.00020467,1029861118
1783344923117,sell,61557.7,0.00001633,1029861117
1783344922962,sell,61559.1,0.00046015,1029861116
1783344922962,sell,61559.5,0.00060889,1029861115
1783344922962,sell,61560,0.00063109,1029861114
1783344922962,sell,61561,0.000015,1029861113
1783344922962,sell,61561.3,0.00004,1029861112
1783344922772,sell,61561.3,0.03142493,1029861111
1783344922772,sell,61561.7,0.01585696,1029861110
1783344922772,sell,61562.7,0.00060889,1029861109
1783344922772,sell,61563.5,0.00001632,1029861108
1783344922772,sell,61565.2,0.00004,1029861107
1783344922772,sell,61565.4,0.017651,1029861106
1783344922733,sell,61565.9,0.00060889,1029861105
1783344922733,sell,61566.4,0.00001632,1029861104
1783344922733,sell,61569.1,0.01,1029861103
1783344922716,sell,61571.5,0.04011107,1029861102
1783344921921,buy,61568.9,0.07767889,1029861101
1783344921921,buy,61568.9,0.08,1029861100
1783344921921,buy,61568.9,0.12329,1029861099
1783344921780,sell,61573.5,0.01,1029861098
1783344921767,sell,61575.3,0.0112095,1029861097
1783344921762,sell,61575.3,0.0351313,1029861096
1783344921762,sell,61575.3,0.00082893,1029861095
1783344921762,sell,61575.3,0.00466635,1029861094
1783344921584,buy,61575.4,0.00001623,1029861093
1783344920316,sell,61578.1,0.01,1029861092
1783344920292,sell,61584.3,0.0500698,1029861091
1783344920196,buy,61584.4,0.00081189,1029861090
1783344986504,buy,61511.9,0.1106161,1029861677
1783344984440,buy,61509.4,0.02763805,1029861676
1783344984439,buy,61509.4,0.00113803,1029861675
1783344983390,sell,61510.4,0.00005672,1029861674
1783344983390,sell,61511.2,0.00008904,1029861673
1783344983388,sell,61517.3,0.00076837,1029861672
1783344983388,sell,61517.3,0.00076838,1029861671
1783344983388,sell,61517.3,0.04425217,1029861670
1783344982473,buy,61517.4,0.00162555,1029861669
1783344982342,sell,61517.3,0.00018574,1029861668
1783344982293,buy,61515,0.00004,1029861667
1783344982293,buy,61514.8,0.00084478,1029861666
1783344982293,buy,61514.8,0.00021546,1029861665
1783344981554,buy,61509,0.0013,1029861664
1783344981554,buy,61506.2,0.00070938,1029861663
1783344981554,buy,61506.2,0.027501,1029861662
1783344981552,buy,61506.2,0.0432,1029861661
1783344981098,buy,61506.2,0.00381099,1029861660
1783344981002,sell,61507.2,0.00017661,1029861659
1783344981002,sell,61508.3,0.00060889,1029861658
1783344981002,sell,61508.4,0.00029121,1029861657
1783344981002,sell,61509,0.00004,1029861656
1783344981000,sell,61510,0.00008128,1029861655
1783344981000,sell,61511.5,0.00001633,1029861654
1783344981000,sell,61511.5,0.00060889,1029861653
1783344981000,sell,61513.8,0.00025577,1029861652
1783344980992,sell,61513.9,0.00303603,1029861651
1783344980920,buy,61514,0.02810927,1029861650
1783344980920,buy,61514,0.0825107,1029861649
1783344980727,sell,61513.9,0.00228758,1029861648
1783344980727,sell,61514.3,0.00001633,1029861647
1783344980727,sell,61514.7,0.00060889,1029861646
1783344980727,sell,61515,0.0004878,1029861645
1783344980727,sell,61516,0.00181061,1029861644
1783344980727,sell,61517,0.00004,1029861643
1783344980727,sell,61517.2,0.00001632,1029861642
1783344980727,sell,61517.6,0.00001501,1029861641
1783344980727,sell,61517.9,0.00060889,1029861640
1783344980727,sell,61519.1,0.00046015,1029861639
1783344980727,sell,61520.1,0.00001632,1029861638
1783344980727,sell,61521.1,0.00060889,1029861637
1783344980727,sell,61521.8,0.01,1029861636
1783344980677,sell,61523.3,0.00069999,1029861635
1783344980677,sell,61523.3,0.0003,1029861634
1783344980677,sell,61523.4,0.00005664,1029861633
1783344980677,sell,61523.4,0.00042428,1029861632
1783344980569,buy,61523.5,0.00008126,1029861631
1783344980552,buy,61523.5,0.00032507,1029861630
1783344980335,buy,61523.5,0.00026274,1029861629
1783344979925,sell,61523.4,0.001107,1029861628
1783344979923,sell,61523.8,0.00001501,1029861627
1783344979923,sell,61524.3,0.00004,1029861626
1783344979923,sell,61524.3,0.00060889,1029861625
1783344979921,sell,61525,0.0001208,1029861624
1783344979917,sell,61525.9,0.00001632,1029861623
1783344979917,sell,61527.5,0.00060889,1029861622
1783344979733,sell,61528.2,0.00016256,1029861621
1783344979731,sell,61528.8,0.00001632,1029861620
1783344979731,sell,61529.5,0.00004,1029861619
1783344979731,sell,61530,0.00001501,1029861618
1783344979731,sell,61530.6,0.00001501,1029861617
1783344979731,sell,61530.7,0.00060889,1029861616
1783344979731,sell,61531.7,0.00001633,1029861615
1783344979423,sell,61533.9,0.00060889,1029861614
1783344979423,sell,61534.6,0.00001633,1029861613
1783344979423,sell,61535.8,0.00003107,1029861612
1783344979423,sell,61536.1,0.00010625,1029861611
1783344979423,sell,61536.5,0.0000531,1029861610
1783344979423,sell,61537.1,0.00060891,1029861609
1783344979423,sell,61537.2,0.00008924,1029861608
1783344979423,sell,61537.5,0.00001633,1029861607
1783344979423,sell,61538.5,0.00049999,1029861606
1783344979423,sell,61539.1,0.00046015,1029861605
1783344979423,sell,61540,0.01462288,1029861604
1783344979423,sell,61540,0.0015,1029861603
1783344979423,sell,61540,0.00008116,1029861602
1783344979295,sell,61540.3,0.00060889,1029861601
1783344979295,sell,61542.1,0.00001,1029861600
1783344979263,sell,61543.5,0.00069156,1029861599
1783344979263,sell,61543.5,0.00060889,1029861598
1783344979260,sell,61545.9,0.0256364,1029861597
1783344979260,sell,61545.9,0.02109498,1029861596
1783344979259,sell,61545.9,0.01615768,1029861595
1783344979259,sell,61545.9,0.01953394,1029861594
1783344979259,sell,61545.9,0.00817346,1029861593
1783344979259,sell,61545.9,0.00182654,1029861592
1783344979205,sell,61546,0.00029999,1029861591
1783344979205,sell,61546.7,0.00060889,1029861590
1783344979191,sell,61546.8,0.001107,1029861589
1783344979191,sell,61546.8,0.010438,1029861588
1783344979191,sell,61546.8,0.00120001,1029861587
1783344979191,sell,61546.8,0.00005421,1029861586
1783344979191,sell,61546.8,0.00050801,1029861585
1783344978047,buy,61546.9,0.00574678,1029861584
1783344978047,buy,61546.9,0.00001,1029861583
1783344976150,sell,61549.1,0.001107,1029861582
1783344976150,sell,61549.1,0.00098155,1029861581
1783344976148,sell,61549.3,0.00162471,1029861580
1783344976148,sell,61549.9,0.00060889,1029861579
1783344976148,sell,61550,0.0001208,1029861578
1783345041879,buy,61459.3,0.00001636,1029862748
1783345041879,buy,61459.1,0.00046015,1029862747
1783345041875,buy,61458.9,0.00047652,1029862746
1783345041875,buy,61458.9,0.00060451,1029862745
1783345041875,buy,61458.9,0.00032649,1029862744
1783345041811,buy,61458.9,0.01629424,1029862743
1783345041648,buy,61458.9,0.01625476,1029862742
1783345041453,buy,61458.9,0.00001,1029862741
1783345041364,buy,61458.9,0.0032542,1029862740
1783345039748,sell,61458.8,0.00163917,1029862739
1783345039636,sell,61458.8,0.00004295,1029862738
1783345039587,buy,61458.9,0.000795,1029862737
1783345039585,buy,61458.9,0.00047652,1029862736
1783345039585,buy,61458.9,0.00040687,1029862735
1783345039563,buy,61458.2,0.00088339,1029862734
1783345039554,buy,61456.5,0.00004,1029862733
1783345039554,buy,61456.4,0.00001636,1029862732
1783345039551,buy,61452.5,0.070727,1029862731
1783345039499,buy,61451.8,0.00813705,1029862730
1783345039499,buy,61451,0.000015,1029862729
1783345039499,buy,61450.9,0.00814611,1029862728
1783345039497,buy,61446.6,0.00004,1029862727
1783345039494,buy,61444.3,0.09530562,1029862726
1783345039494,buy,61443.6,0.00064088,1029862725
1783345039494,buy,61443.6,0.00060889,1029862724
1783345039494,buy,61443.6,0.03143436,1029862723
1783345038998,buy,61443,0.00004,1029862722
1783345038952,buy,61442.2,0.00081377,1029862721
1783345038508,buy,61435.4,0.00050812,1029862720
1783345037614,buy,61435.4,0.00001627,1029862719
1783345037300,buy,61435.4,0.08646263,1029862718
1783345037300,buy,61435.4,0.14122,1029862717
1783345037300,buy,61435.4,0.16533,1029862716
1783345037300,buy,61435.4,0.24813,1029862715
1783345037300,buy,61435.4,0.25788,1029862714
1783345037300,buy,61435.4,0.02918,1029862713
1783345037185,sell,61436,0.00131502,1029862712
1783345037185,sell,61436.3,0.00010268,1029862711
1783345037185,sell,61436.3,0.00001635,1029862710
1783345037185,sell,61436.7,0.00001501,1029862709
1783345037179,sell,61437.3,0.00075795,1029862708
1783345037178,sell,61437.3,0.00049811,1029862707
1783345037178,sell,61437.9,0.00060889,1029862706
1783345037173,sell,61438.7,0.000738,1029862705
1783345037172,sell,61438.7,0.000738,1029862704
1783345037172,sell,61438.7,0.00000001,1029862703
1783345037172,sell,61439.1,0.00046015,1029862702
1783345037172,sell,61439.7,0.00004,1029862701
1783345037170,sell,61440.6,0.00244717,1029862700
1783345037158,sell,61441.1,0.00060891,1029862699
1783345037155,sell,61441.5,0.00076844,1029862698
1783345037150,sell,61443.5,0.0031,1029862697
1783345037150,sell,61443.5,0.00005539,1029862696
1783345035587,buy,61441.6,0.00054579,1029862695
1783345035371,buy,61441.6,0.00094424,1029862694
1783345034762,sell,61442,0.00004,1029862693
1783345034762,sell,61442.1,0.00001635,1029862692
1783345034762,sell,61442.8,0.00001501,1029862691
1783345034762,sell,61444.3,0.00060889,1029862690
1783345034762,sell,61445,0.00001635,1029862689
1783345034758,sell,61447.5,0.00060889,1029862688
1783345034756,sell,61449.9,0.01,1029862687
1783345034736,sell,61450,0.0001208,1029862686
1783345034736,sell,61450.6,0.00004,1029862685
1783345034736,sell,61450.7,0.00060889,1029862684
1783345034736,sell,61450.8,0.00001635,1029862683
1783345034736,sell,61451.4,0.00010638,1029862682
1783345034730,sell,61456.1,0.02666591,1029862681
1783345034728,sell,61456.1,0.00698188,1029862680
1783345034728,sell,61456.1,0.00450617,1029862679
1783345034728,sell,61456.1,0.00006074,1029862678
1783345034728,sell,61456.1,0.00003309,1029862677
1783345033794,sell,61453.2,0.00004,1029862676
1783345033794,sell,61453.7,0.00001635,1029862675
1783345033794,sell,61453.9,0.00060889,1029862674
1783345033794,sell,61456.5,0.00001635,1029862673
1783345033794,sell,61457.1,0.00060889,1029862672
1783345033789,sell,61459.1,0.00046015,1029862671
1783345033789,sell,61459.7,0.00010977,1029862670
1783345033789,sell,61460.3,0.00060889,1029862669
1783345033786,sell,61462.8,0.00006401,1029862668
1783345033786,sell,61462.8,0.00855411,1029862667
1783345033786,sell,61462.8,0.0043,1029862666
1783345033785,sell,61462.8,0.0052,1029862665
1783345033784,sell,61462.8,0.00962062,1029862664
1783345033784,sell,61462.8,0.0161387,1029862663
1783345033783,sell,61462.8,0.00289179,1029862662
1783345033782,sell,61462.8,0.00261208,1029862661
1783345033517,sell,61462.9,0.00006828,1029862660
1783345033517,sell,61463.5,0.00003501,1029862659
1783345033517,sell,61463.5,0.00060889,1029862658
1783345033517,sell,61466.7,0.00060889,1029862657
1783345033377,sell,61468.9,0.00011347,1029862656
1783345033377,sell,61469.9,0.00060889,1029862655
1783345033377,sell,61470.5,0.01,1029862654
1783345033146,buy,61470.6,0.00167234,1029862653
1783345032874,sell,61476.7,0.00076814,1029862652
1783345032874,sell,61476.7,0.05326094,1029862651
1783345031915,sell,61478.3,0.00004,1029862650
1783345031622,sell,61485.5,0.00001501,1029862649
1783356166417,sell,63712.6,0.00868854,1030001844
1783356164984,buy,63710.7,0.00030001,1030001843
1783356164982,buy,63710.5,0.0003,1030001842
1783356164982,buy,63709.7,0.00010602,1030001841
1783356164970,buy,63709.6,0.00068165,1030001840
1783356164970,buy,63709.6,0.00068164,1030001839
1783356164970,buy,63709.6,0.00108,1030001838
1783356164750,sell,63709.5,0.00001,1030001837
1783356164750,sell,63709.5,0.00084128,1030001836
1783356164750,sell,63709.5,0.0012,1030001835
1783356164106,sell,63709.5,0.00015688,1030001834
1783356162236,buy,63706.7,0.05562738,1030001833
1783356162236,buy,63706.7,0.0013,1030001832
1783356162233,buy,63704.3,0.00001578,1030001831
1783356162217,buy,63700.4,0.00014206,1030001830
1783356162217,buy,63700.3,0.01826131,1030001829
1783356161036,sell,63700.2,0.00191369,1030001828
1783356160888,sell,63700.2,0.106349,1030001827
1783356160888,sell,63700.2,0.113436,1030001826
1783356160888,sell,63700.2,0.18039,1030001825
1783356160888,sell,63700.2,0.113455,1030001824
1783356160601,sell,63699.9,0.00302627,1030001823
1783356160455,buy,63700,0.00011726,1030001822
1783356160455,buy,63700,0.00011726,1030001821
1783356160455,buy,63700,0.00011726,1030001820
1783356160455,buy,63700,0.00011726,1030001819
1783356160455,buy,63700,0.00011726,1030001818
1783356160455,buy,63700,0.00011726,1030001817
1783356160455,buy,63700,0.00011726,1030001816
1783356160455,buy,63700,0.00011726,1030001815
1783356160455,buy,63700,0.00011726,1030001814
1783356160455,buy,63700,0.00011726,1030001813
1783356160455,buy,63700,0.00011726,1030001812
1783356160455,buy,63700,0.00011726,1030001811
1783356160455,buy,63700,0.00011726,1030001810
1783356160455,buy,63700,0.00011726,1030001809
1783356160455,buy,63700,0.00011726,1030001808
1783356160455,buy,63700,0.00011726,1030001807
1783356160455,buy,63700,0.00011726,1030001806
1783356160455,buy,63700,0.00011726,1030001805
1783356160455,buy,63700,0.00011726,1030001804
1783356160455,buy,63700,0.00011726,1030001803
1783356160455,buy,63700,0.00011726,1030001802
1783356160455,buy,63700,0.00011726,1030001801
1783356160455,buy,63700,0.00011726,1030001800
1783356160455,buy,63700,0.00011726,1030001799
1783356160455,buy,63700,0.00011726,1030001798
1783356160455,buy,63700,0.00011726,1030001797
1783356160455,buy,63700,0.00011726,1030001796
1783356160455,buy,63700,0.00011726,1030001795
1783356160455,buy,63700,0.00011726,1030001794
1783356160455,buy,63700,0.00011726,1030001793
1783356160455,buy,63700,0.00011726,1030001792
1783356160455,buy,63700,0.00011726,1030001791
1783356160455,buy,63700,0.00011726,1030001790
1783356160455,buy,63700,0.00011726,1030001789
1783356160455,buy,63700,0.00011726,1030001788
1783356160455,buy,63700,0.00011726,1030001787
1783356160455,buy,63700,0.00011726,1030001786
1783356160455,buy,63700,0.00011726,1030001785
1783356160455,buy,63700,0.00011726,1030001784
1783356160455,buy,63700,0.00011726,1030001783
1783356160200,buy,63700.2,0.00000001,1030001782
1783356160200,buy,63700,0.0001208,1030001781
1783356160194,buy,63699.5,0.00001501,1030001780
1783356160194,buy,63699.3,0.00046015,1030001779
1783356160194,buy,63698.5,0.00001578,1030001778
1783356160194,buy,63698.4,0.00001501,1030001777
1783356160194,buy,63698.2,0.00004,1030001776
1783356160133,buy,63696.7,0.0283859,1030001775
1783356160133,buy,63696.3,0.03564654,1030001774
1783356160133,buy,63695.7,0.01094492,1030001773
1783356160133,buy,63695.7,0.00001579,1030001772
1783356160133,buy,63694.3,0.00049984,1030001771
1783356160133,buy,63694,0.00001,1030001770
1783356160133,buy,63693.9,0.00449701,1030001769
1783356160133,buy,63693.9,0.00996921,1030001768
1783356160133,buy,63692.8,0.00001578,1030001767
1783356160133,buy,63692,0.00001501,1030001766
1783356160133,buy,63691.3,0.01,1030001765
1783356160133,buy,63691.2,0.01,1030001764
1783356160133,buy,63691.1,0.01,1030001763
1783356160122,buy,63689.1,0.00000001,1030001762
1783356160122,buy,63688.7,0.00011571,1030001761
1783356160094,buy,63687.7,0.01714793,1030001760
1783356160094,buy,63687.4,0.010604,1030001759
1783356160094,buy,63687,0.05195,1030001758
1783356160094,buy,63686.2,0.00029807,1030001757
1783356160090,buy,63684.2,0.00001578,1030001756
1783356160090,buy,63683.6,0.00004,1030001755
1783356160087,buy,63681.3,0.00001578,1030001754
1783356160087,buy,63679.3,0.00046015,1030001753
1783356160086,buy,63678.8,0.05950049,1030001752
1783356160086,buy,63678.8,0.01905508,1030001751
1783356160086,buy,63678.5,0.00001578,1030001750
1783356160086,buy,63678.3,0.01523152,1030001749
1783356160086,buy,63675.6,0.00001578,1030001748
1783356160086,buy,63675.1,0.00045695,1030001747
1783356160086,buy,63675.1,0.02690182,1030001746
1783356160086,buy,63675.1,0.01390398,1030001745
1783356221418,sell,63688,0.00037676,1030002017
1783356221378,sell,63688,0.0001615,1030002016
1783356221378,sell,63688,0.00000001,1030002015
1783356221370,buy,63687.1,0.00001578,1030002014
1783356221370,buy,63684.9,0.00050619,1030002013
1783356220170,sell,63684.8,0.00104983,1030002012
1783356220030,sell,63684.8,0.00537491,1030002011
1783356218130,buy,63684.9,0.00314046,1030002010
1783356217347,sell,63684.8,0.00141199,1030002009
1783356215388,sell,63684.8,0.00061006,1030002008
1783356215366,buy,63684.4,0.00280223,1030002007
1783356215340,buy,63681.5,0.0006522,1030002006
1783356212542,buy,63681.5,0.00100101,1030002005
1783356211921,sell,63681.4,0.00000001,1030002004
1783356211921,sell,63681.4,0.00004,1030002003
1783356211921,sell,63681.4,0.00001578,1030002002
1783356211917,sell,63685.2,0.00001579,1030002001
1783356211914,sell,63687.2,0.00001578,1030002000
1783356211914,sell,63687.9,0.31403,1030001999
1783356211914,sell,63688,0.01804896,1030001998
1783356211913,sell,63689.9,0.12472191,1030001997
1783356211913,sell,63689.9,0.00002308,1030001996
1783356211908,sell,63690.7,0.07110222,1030001995
1783356211908,sell,63691.2,0.00001,1030001994
1783356211908,sell,63691.5,0.03989,1030001993
1783356211908,sell,63691.5,0.00001,1030001992
1783356211908,sell,63691.5,0.2,1030001991
1783356211908,sell,63691.5,0.0591636,1030001990
1783356210085,buy,63691.6,0.00053802,1030001989
1783356209340,buy,63691.6,0.00565589,1030001988
1783356209340,buy,63691.6,0.01,1030001987
1783356207190,sell,63691.5,0.00100789,1030001986
1783356207135,buy,63681.6,0.06708278,1030001985
1783356207134,buy,63681.6,0.00125422,1030001984
1783356206686,buy,63681.6,0.00001,1030001983
1783356206681,sell,63680,0.05927809,1030001982
1783356206681,sell,63680,0.19946415,1030001981
1783356206681,sell,63680.1,0.036,1030001980
1783356206681,sell,63680.4,0.000015,1030001979
1783356206681,sell,63680.9,0.10301469,1030001978
1783356206681,sell,63681.4,0.00001578,1030001977
1783356206681,sell,63682.7,0.18329425,1030001976
1783356206681,sell,63683.5,0.02271884,1030001975
1783356206681,sell,63684.3,0.00001578,1030001974
1783356206681,sell,63686.8,0.000015,1030001973
1783356206681,sell,63687.2,0.00001578,1030001972
1783356206681,sell,63689.9,0.01899849,1030001971
1783356206681,sell,63690,0.00001578,1030001970
1783356206681,sell,63692.1,0.00002328,1030001969
1783356206681,sell,63693.3,0.01,1030001968
1783356206681,sell,63693.4,0.00001,1030001967
1783356206681,sell,63693.4,0.01,1030001966
1783356206681,sell,63693.5,0.00001,1030001965
1783356206681,sell,63693.5,0.00779509,1030001964
1783356202222,sell,63693.5,0.00220491,1030001963
1783356201411,sell,63693.7,0.00158292,1030001962
1783356201411,sell,63693.7,0.0013,1030001961
1783356201363,buy,63692.8,0.0518529,1030001960
1783356201363,buy,63692.8,0.00001578,1030001959
1783356201363,buy,63692,0.00001501,1030001958
1783356201363,buy,63691.6,0.01,1030001957
1783356201363,buy,63691.5,0.01,1030001956
1783356201363,buy,63691.4,0.009575,1030001955
1783356201363,buy,63691,0.07854131,1030001954
1783356201362,buy,63690.3,0.01305674,1030001953
1783356201362,buy,63689.9,0.00001578,1030001952
1783356201362,buy,63689.7,0.00004,1030001951
1783356201362,buy,63687.9,0.07397855,1030001950
1783356201362,buy,63685.7,0.0048589,1030001949
1783356201362,buy,63685.7,0.5375771,1030001948
1783356201217,buy,63684.2,0.00001578,1030001947
1783356200718,buy,63680.2,0.00001,1030001946
1783356196197,sell,63681.9,0.00002338,1030001945
1783356196197,sell,63683.6,0.00001,1030001944
1783356196197,sell,63683.8,0.00001,1030001943
1783356196197,sell,63683.8,0.0012,1030001942
1783356195193,buy,63683.9,0.00032333,1030001941
1783356194664,sell,63680.2,0.00239035,1030001940
1783356194664,sell,63680.2,0.00436066,1030001939
1783356194662,sell,63680.2,0.00337646,1030001938
1783356194654,sell,63680.4,0.00001501,1030001937
1783356194654,sell,63681.4,0.00001578,1030001936
1783356194654,sell,63683,0.00002368,1030001935
1783356194654,sell,63684,0.00123,1030001934
1783356194653,sell,63684.3,0.00001578,1030001933
1783356194652,sell,63684.9,0.00001,1030001932
1783356194652,sell,63685,0.00001,1030001931
1783356194652,sell,63685,0.10976849,1030001930
1783356194545,sell,63685,0.01423151,1030001929
1783356191746,sell,63685.3,0.00001,1030001928
1783356191677,sell,63685.4,0.00001,1030001927
1783356191677,sell,63685.4,0.0012,1030001926
1783356191238,sell,63687.2,0.00002436,1030001925
1783356191238,sell,63689.2,0.0012,1030001924
1783356189368,buy,63685,0.0000628,1030001923
1783356187189,sell,63686.2,0.0008349,1030001922
1783356186973,sell,63687.2,0.00001578,1030001921
1783356186973,sell,63688.6,0.00141312,1030001920
1783356186973,sell,63689,0.00001,1030001919
1783356186973,sell,63689,0.00002381,1030001918
1783356277059,buy,63745.4,0.00001,1030002219
1783356277057,sell,63749.7,0.00001,1030002218
1783356277057,sell,63749.7,0.00001537,1030002217
1783356277056,sell,63750.8,0.00014,1030002216
1783356277056,sell,63750.8,0.01082,1030002215
1783356277056,sell,63750.8,0.00001,1030002214
1783356277056,sell,63750.8,0.00017,1030002213
1783356277056,sell,63750.8,0.37398256,1030002212
1783356277053,sell,63750.8,0.11488258,1030002211
1783356275574,sell,63750.8,0.00013313,1030002210
1783356273531,sell,63750.8,0.01082836,1030002209
1783356272620,sell,63750.8,0.00016337,1030002208
1783356271676,sell,63750.9,0.0042,1030002207
1783356271676,sell,63750.9,0.0041,1030002206
1783356271676,sell,63751,0.03426,1030002205
1783356271675,sell,63751.5,0.00001,1030002204
1783356271675,sell,63752.2,0.00001,1030002203
1783356270121,buy,63750.1,0.00001579,1030002202
1783356270121,buy,63750,0.00015693,1030002201
1783356270121,buy,63750,0.0001208,1030002200
1783356270121,buy,63749.6,0.00001501,1030002199
1783356270117,buy,63748.7,0.00004,1030002198
1783356270116,buy,63745.2,0.00015716,1030002197
1783356270114,buy,63744,0.03899673,1030002196
1783356270114,buy,63744,0.02930527,1030002195
1783356270114,buy,63744,0.02280486,1030002194
1783356270114,buy,63744,0.02489895,1030002193
1783356270113,buy,63744,0.10681271,1030002192
1783356269996,buy,63739.3,0.00046015,1030002191
1783356269692,sell,63738.7,0.05794428,1030002190
1783356269692,sell,63738.7,0.152,1030002189
1783356269692,sell,63738.7,0.0013,1030002188
1783356269692,sell,63738.7,0.0012,1030002187
1783356269692,sell,63738.7,0.06111524,1030002186
1783356269692,sell,63738.7,0.00001502,1030002185
1783356269398,buy,63738.7,0.00001579,1030002184
1783356269396,buy,63736.1,0.00005328,1030002183
1783356269393,buy,63736.1,0.00003081,1030002182
1783356269393,buy,63735.3,0.00015716,1030002181
1783356269393,buy,63734.9,0.00049951,1030002180
1783356269393,buy,63734.9,0.00029949,1030002179
1783356269388,buy,63732.9,0.00001578,1030002178
1783356269386,buy,63728.2,0.04383431,1030002177
1783356269385,buy,63728.2,0.02449969,1030002176
1783356268995,buy,63728,0.00285576,1030002175
1783356268993,buy,63726.8,0.26666,1030002174
1783356268993,buy,63726.7,0.53754922,1030002173
1783356268993,buy,63726.7,0.02074577,1030002172
1783356267092,buy,63724.7,0.00007846,1030002171
1783356267054,buy,63722.1,0.00007846,1030002170
1783356266575,sell,63721.8,0.02429584,1030002169
1783356265335,sell,63721.8,0.0269757,1030002168
1783356265078,sell,63721.8,0.01751103,1030002167
1783356264154,sell,63721.8,0.01444542,1030002166
1783356262787,sell,63721.8,0.01178402,1030002165
1783356262787,sell,63721.8,0.00001,1030002164
1783356262787,sell,63721.8,0.00066218,1030002163
1783356262554,sell,63721.8,0.00001022,1030002162
1783356262169,buy,63721.9,0.00015693,1030002161
1783356262169,buy,63721.9,0.00031386,1030002160
1783356260585,buy,63721.9,0.00156931,1030002159
1783356259710,buy,63721.9,0.00100122,1030002158
1783356258464,buy,63721.9,0.00243799,1030002157
1783356257268,buy,63721.9,0.00001,1030002156
1783356257198,sell,63721.8,0.0062768,1030002155
1783356253918,sell,63721.8,0.0030508,1030002154
1783356253876,buy,63721.9,0.00007,1030002153
1783356253117,sell,63722.5,0.00001344,1030002152
1783356253069,sell,63725.1,0.00001303,1030002151
1783356253069,sell,63725.2,0.00001,1030002150
1783356253069,sell,63726.7,0.00001,1030002149
1783356251785,sell,63726.7,0.00048427,1030002148
1783356251753,buy,63726.8,0.00004707,1030002147
1783356251438,sell,63726.7,0.01727848,1030002146
1783356251326,buy,63726.8,0.00079184,1030002145
1783356251326,buy,63726.8,0.00155531,1030002144
1783356251326,buy,63726.8,0.00155531,1030002143
1783356251326,buy,63726.8,0.00155531,1030002142
1783356251326,buy,63726.8,0.00155531,1030002141
1783356251326,buy,63726.8,0.00155531,1030002140
1783356251326,buy,63726.8,0.00155531,1030002139
1783356251326,buy,63726.8,0.00155531,1030002138
1783356249649,buy,63726.8,0.00022596,1030002137
1783356248942,sell,63726.7,0.0008633,1030002136
1783356248553,buy,63726.8,0.00006276,1030002135
1783356248516,buy,63725,0.0001208,1030002134
1783356248516,buy,63724.3,0.00001579,1030002133
1783356248516,buy,63723.8,0.00007859,1030002132
1783356248414,buy,63722.9,0.00188315,1030002131
1783356247940,buy,63722.1,0.00015721,1030002130
1783356247940,buy,63720.1,0.0015,1030002129
1783356247940,buy,63720.1,0.00036,1030002128
1783356247940,buy,63719.6,0.00008676,1030002127
1783356247837,buy,63719.3,0.05953489,1030002126
1783356247837,buy,63719.3,0.0001248,1030002125
1783356247837,buy,63719.3,0.00046015,1030002124
1783356247837,buy,63718.9,0.00237446,1030002123
1783356247837,buy,63718.6,0.00001578,1030002122
1783356247837,buy,63718.6,0.00069912,1030002121
1783356247834,buy,63715.7,0.0318417,1030002120
1783356331194,buy,63690,0.00145341,1030002472
1783356331194,buy,63689.9,0.07854659,1030002471
1783356331192,buy,63684.4,0.01,1030002470
1783356331192,buy,63684.3,0.0001,1030002469
1783356331192,buy,63684.3,0.0013,1030002468
1783356331191,buy,63684.3,0.0086,1030002467
1783356331191,buy,63684.2,0.01,1030002466
1783356331151,buy,63684,0.06403545,1030002465
1783356331151,buy,63684,0.0012,1030002464
1783356331059,sell,63683.9,0.08,1030002463
1783356331059,sell,63680.9,0.00998422,1030002462
1783356331059,sell,63681.4,0.00001578,1030002461
1783356331059,sell,63681.9,0.01,1030002460
1783356331059,sell,63682,0.01,1030002459
1783356331059,sell,63682.1,0.01,1030002458
1783356331057,sell,63684.3,0.00001578,1030002457
1783356331057,sell,63684.7,0.00004,1030002456
1783356331057,sell,63686.2,0.00029999,1030002455
1783356331052,sell,63690.9,0.01805714,1030002454
1783356331052,sell,63692.3,0.00002099,1030002453
1783356331052,sell,63692.3,0.00001827,1030002452
1783356331052,sell,63692.9,0.00000077,1030002451
1783356331052,sell,63692.9,0.00001501,1030002450
1783356331052,sell,63694.3,0.00001,1030002449
1783356331052,sell,63694.3,0.0004995,1030002448
1783356331051,sell,63695.3,0.116,1030002447
1783356331051,sell,63695.3,0.00001,1030002446
1783356331051,sell,63695.3,0.0895039,1030002445
1783356331051,sell,63695.3,0.152,1030002444
1783356331051,sell,63695.3,0.1167,1030002443
1783356331051,sell,63695.3,0.02578844,1030002442
1783356330254,sell,63695.3,0.03912927,1030002441
1783356330253,sell,63695.3,0.03906669,1030002440
1783356330252,sell,63695.3,0.0378017,1030002439
1783356328866,sell,63695.3,0.00044,1030002438
1783356328110,sell,63698.9,0.00004,1030002437
1783356328103,sell,63699.3,0.00046015,1030002436
1783356328103,sell,63700,0.0001208,1030002435
1783356328103,sell,63700.5,0.0000217,1030002434
1783356328103,sell,63700.5,0.00001882,1030002433
1783356327989,sell,63704.4,0.00001578,1030002432
1783356327981,sell,63710.5,0.02566156,1030002431
1783356327979,sell,63710.5,0.09833844,1030002430
1783356327979,sell,63710.5,0.02186156,1030002429
1783356327979,sell,63710.5,0.0385318,1030002428
1783356327978,sell,63710.5,0.05490187,1030002427
1783356327977,sell,63710.5,0.08470477,1030002426
1783356327977,sell,63710.5,0.00002376,1030002425
1783356327977,sell,63710.5,0.00001937,1030002424
1783356327977,sell,63710.5,0.00029948,1030002423
1783356327976,sell,63711.1,0.05392464,1030002422
1783356327975,sell,63711.1,0.01830579,1030002421
1783356327898,sell,63712.5,0.00001,1030002420
1783356327898,sell,63712.9,0.00001,1030002419
1783356326968,buy,63713,0.00009417,1030002418
1783356324690,sell,63713,0.00001577,1030002417
1783356324690,sell,63715,0.00002458,1030002416
1783356324690,sell,63715,0.00001996,1030002415
1783356324690,sell,63715.8,0.00001577,1030002414
1783356324690,sell,63716.6,0.00004,1030002413
1783356324486,sell,63718.7,0.00001577,1030002412
1783356324486,sell,63719.3,0.00046015,1030002411
1783356324486,sell,63720.2,0.0001,1030002410
1783356324486,sell,63720.4,0.004607,1030002409
1783356324472,sell,63720.6,0.00004,1030002408
1783356324433,buy,63720.7,0.00001,1030002407
1783356324429,sell,63721.1,0.03703509,1030002406
1783356324429,sell,63721.5,0.00002634,1030002405
1783356324429,sell,63721.5,0.00002056,1030002404
1783356324429,sell,63721.6,0.00001577,1030002403
1783356324429,sell,63722.4,0.00001,1030002402
1783356324429,sell,63723.5,0.00001,1030002401
1783356324429,sell,63723.5,0.06040817,1030002400
1783356324429,sell,63723.5,0.0012,1030002399
1783356323572,sell,63723.5,0.00002092,1030002398
1783356322373,sell,63723.5,0.00004001,1030002397
1783356322368,sell,63725,0.0001208,1030002396
1783356322368,sell,63725.2,0.000015,1030002395
1783356322363,sell,63728.1,0.00004,1030002394
1783356322363,sell,63729.4,0.00002119,1030002393
1783356322363,sell,63729.4,0.00002719,1030002392
1783356322258,sell,63731.6,0.000015,1030002391
1783356322258,sell,63731.8,0.00004,1030002390
1783356322258,sell,63732.2,0.00002882,1030002389
1783356322258,sell,63732.2,0.00002182,1030002388
1783356322258,sell,63733,0.00001,1030002387
1783356322258,sell,63733,0.00001577,1030002386
1783356322258,sell,63734.3,0.00001,1030002385
1783356321494,buy,63734.4,0.00783407,1030002384
1783356320721,sell,63736.7,0.00002976,1030002383
1783356320721,sell,63736.7,0.00002249,1030002382
1783356320721,sell,63738,0.00004,1030002381
1783356320492,buy,63738.9,0.01590831,1030002380
1783356320492,buy,63738.9,0.095,1030002379
1783356320492,buy,63738.9,0.07655,1030002378
1783356320492,buy,63738.9,0.0012,1030002377
1783356320464,sell,63738.8,0.00000001,1030002376
1783356320464,sell,63738.8,0.00001577,1030002375
1783356320461,sell,63740.1,0.00141198,1030002374
1783356320457,sell,63741,0.16,1030002373
1783356386370,buy,63718.9,0.0097318,1030002556
1783356386328,sell,63718.8,0.00013432,1030002555
1783356386272,sell,63718.8,0.00342659,1030002554
1783356385469,sell,63718.8,0.0218826,1030002553
1783356385469,sell,63718.8,0.016837,1030002552
1783356385469,sell,63718.8,0.04027533,1030002551
1783356384453,sell,63718.8,0.03496784,1030002550
1783356384453,sell,63718.8,0.00000001,1030002549
1783356383512,buy,63716.8,0.00156944,1030002548
1783356380841,buy,63716.6,0.00010876,1030002547
1783356380841,buy,63716.6,0.00425431,1030002546
1783356380665,buy,63716.6,0.00436307,1030002545
1783356380496,buy,63716.6,0.00436307,1030002544
1783356380330,buy,63716.6,0.00117312,1030002543
1783356380330,buy,63716.6,0.00318995,1030002542
1783356380049,buy,63716.6,0.00436307,1030002541
1783356378552,buy,63716.6,0.01077898,1030002540
1783356377353,buy,63715.8,0.00003138,1030002539
1783356376622,sell,63715.7,0.00456599,1030002538
1783356376128,sell,63715.7,0.00030621,1030002537
1783356376056,buy,63715.8,0.00000999,1030002536
1783356376056,buy,63715.8,0.00000001,1030002535
1783356376053,sell,63716.8,0.00001,1030002534
1783356376053,sell,63716.8,0.00001091,1030002533
1783356376053,sell,63718.7,0.00001,1030002532
1783356374743,sell,63718.7,0.01292068,1030002531
1783356371346,buy,63716.8,0.015404,1030002530
1783356368296,sell,63717.5,0.00001119,1030002529
1783356368296,sell,63718.7,0.00001,1030002528
1783356368296,sell,63718.7,0.00001578,1030002527
1783356368296,sell,63719.5,0.00001,1030002526
1783356368296,sell,63719.5,0.00141244,1030002525
1783356365750,sell,63720.2,0.0000115,1030002524
1783356365750,sell,63721.9,0.00001,1030002523
1783356365750,sell,63722.6,0.00001,1030002522
1783356365367,buy,63722.7,0.00313859,1030002521
1783356364929,sell,63722.6,0.002,1030002520
1783356363957,buy,63722.7,0.00470789,1030002519
1783356362610,buy,63722.7,0.00000999,1030002518
1783356362515,buy,63722.4,0.00004,1030002517
1783356362495,buy,63721.8,0.00004,1030002516
1783356361205,sell,63719.5,0.00044374,1030002515
1783356360347,sell,63719.5,0.00386968,1030002514
1783356358703,buy,63719.6,0.00351821,1030002513
1783356356966,sell,63719.5,0.00033819,1030002512
1783356354996,buy,63719.6,0.00536569,1030002511
1783356354342,buy,63719.6,0.00160045,1030002510
1783356353011,sell,63719.5,0.00141198,1030002509
1783356352259,buy,63719.6,0.00240585,1030002508
1783356352117,buy,63719.6,0.00019058,1030002507
1783356351608,buy,63719.6,0.11968798,1030002506
1783356351608,buy,63719.6,0.04532103,1030002505
1783356350466,sell,63719.5,0.07851009,1030002504
1783356349499,sell,63719.5,0.00158707,1030002503
1783356349121,buy,63719.6,0.00156623,1030002502
1783356347517,buy,63719.6,0.00041274,1030002501
1783356341841,sell,63719.5,0.00017982,1030002500
1783356341841,sell,63719.5,0.00000001,1030002499
1783356341787,buy,63719.3,0.00046015,1030002498
1783356341787,buy,63718.6,0.00001577,1030002497
1783356338378,sell,63716,0.01250521,1030002496
1783356338228,sell,63716,0.0001092,1030002495
1783356337897,buy,63716.1,0.00409984,1030002494
1783356337445,buy,63715.1,0.00004,1030002493
1783356337440,buy,63712.5,0.01728611,1030002492
1783356337249,buy,63711.7,0.00004,1030002491
1783356336858,buy,63711.7,0.00001637,1030002490
1783356335032,buy,63711.2,0.00001501,1030002489
1783356335029,buy,63710.5,0.0002998,1030002488
1783356335025,buy,63707.1,0.00001578,1030002487
1783356335022,buy,63703.6,0.00585276,1030002486
1783356335021,buy,63703.6,0.06245124,1030002485
1783356334530,buy,63701.4,0.00001578,1030002484
1783356334524,buy,63696.1,0.00001502,1030002483
1783356334522,buy,63696.1,0.0083048,1030002482
1783356334522,buy,63694.7,0.006501,1030002481
1783356334522,buy,63694.7,0.0131,1030002480
1783356334522,buy,63694.7,0.0487,1030002479
1783356334522,buy,63694.4,0.03117802,1030002478
1783356334522,buy,63694.4,0.03686768,1030002477
1783356334522,buy,63694.4,0.00869482,1030002476
1783356334518,buy,63691.5,0.01,1030002475
1783356334518,buy,63691,0.01,1030002474
1783356333076,buy,63690.1,0.00513247,1030002473
1783362783971,buy,63748.2,0.00752805,1030028173
1783362783910,buy,63748.2,0.061,1030028172
1783362783841,buy,63748.2,0.017,1030028171
1783362783830,sell,63748.1,0.00019283,1030028170
1783362783811,buy,63747.3,0.00004,1030028169
1783362783811,buy,63747.3,0.00001577,1030028168
1783362783811,buy,63744.4,0.00001577,1030028167
1783362783811,buy,63744.1,0.01472181,1030028166
1783362783811,buy,63742.1,0.00001211,1030028165
1783362783811,buy,63742.1,0.00374936,1030028164
1783362783782,buy,63742.1,0.06450264,1030028163
1783362783782,buy,63741,0.00622356,1030028162
1783362783782,buy,63741,0.0092738,1030028161
1783362783782,buy,63739.2,0.06782697,1030028160
1783362778555,buy,63741.5,0.00004,1030028159
1783362778545,buy,63740.7,0.00000001,1030028158
1783362778545,buy,63738.7,0.00001577,1030028157
1783362778543,buy,63737.7,0.00004,1030028156
1783362775598,sell,63735.4,0.00756032,1030028155
1783362775393,sell,63735.4,0.0010012,1030028154
1783362765811,sell,63729.1,0.01640785,1030028153
1783362765592,sell,63729.1,0.00162532,1030028152
1783362763609,sell,63729.1,0.00003079,1030028151
1783362763609,sell,63731.6,0.0000995,1030028150
1783362763609,sell,63731.6,0.00017171,1030028149
1783362763604,sell,63733,0.00001577,1030028148
1783362763604,sell,63733.6,0.00001501,1030028147
1783362763602,sell,63738.5,0.00402028,1030028146
1783362763602,sell,63738.5,0.01,1030028145
1783362763384,buy,63738.6,0.00061,1030028144
1783362762631,buy,63738.6,0.00162695,1030028143
1783362761911,sell,63740.5,0.08504799,1030028142
1783362761911,sell,63740.5,0.01607955,1030028141
1783362761414,buy,63740.6,0.00000001,1030028140
1783362761414,buy,63740.6,0.00012,1030028139
1783362761408,buy,63738.6,0.009759,1030028138
1783362761408,buy,63736.8,0.068241,1030028137
1783362761402,buy,63735.8,0.00001577,1030028136
1783362761399,buy,63732.7,0.00004,1030028135
1783362761396,buy,63732.1,0.08813202,1030028134
1783362761396,buy,63731.7,0.06134551,1030028133
1783362760200,buy,63731.7,0.00482648,1030028132
1783362758800,sell,63731.6,0.00162864,1030028131
1783362755442,buy,63731.7,0.00163027,1030028130
1783362751762,sell,63733,0.00001577,1030028129
1783362751762,sell,63733.6,0.00001501,1030028128
1783362751759,sell,63734.9,0.00011828,1030028127
1783362751389,sell,63734.9,0.00000001,1030028126
1783362751389,sell,63734.9,0.0013,1030028125
1783362751386,sell,63734.3,0.00000001,1030028124
1783362751386,sell,63734.9,0.00049999,1030028123
1783362751386,sell,63734.9,0.00029999,1030028122
1783362751386,sell,63735.1,0.00004,1030028121
1783362751382,sell,63736.3,0.00087077,1030028120
1783362751382,sell,63738.3,0.00012,1030028119
1783362751382,sell,63738.8,0.00001577,1030028118
1783362751382,sell,63739.3,0.00046015,1030028117
1783362751378,sell,63741.6,0.00001577,1030028116
1783362751378,sell,63742.2,0.00001005,1030028115
1783362751376,sell,63744.3,0.01,1030028114
1783362751192,sell,63744.5,0.00001577,1030028113
1783362751189,sell,63749.6,0.00001082,1030028112
1783362751187,sell,63750,0.0001208,1030028111
1783362751187,sell,63750.2,0.00001577,1030028110
1783362751187,sell,63750.7,0.00541637,1030028109
1783362751187,sell,63750.7,0.00023777,1030028108
1783362751187,sell,63750.7,0.00434586,1030028107
1783362751187,sell,63751.4,0.00012968,1030028106
1783362751187,sell,63751.4,0.00566223,1030028105
1783362751186,sell,63751.4,0.00433777,1030028104
1783362748921,sell,63752.7,0.00004,1030028103
1783362748921,sell,63752.8,0.00001501,1030028102
1783362748921,sell,63753.1,0.00001577,1030028101
1783362748921,sell,63754.6,0.00017253,1030028100
1783362748921,sell,63755.2,0.00012,1030028099
1783362748921,sell,63755.3,0.0000112,1030028098
1783362748921,sell,63755.4,0.00064804,1030028097
1783362748921,sell,63756,0.00001576,1030028096
1783362748782,buy,63757.2,0.00019045,1030028095
1783362748729,sell,63759.2,0.00001501,1030028094
1783362748729,sell,63759.3,0.00046015,1030028093
1783362748726,sell,63759.5,0.00004,1030028092
1783362748721,sell,63761.7,0.00001576,1030028091
1783362748721,sell,63763.8,0.01,1030028090
1783362748721,sell,63766.4,0.01,1030028089
1783362748702,sell,63767.1,0.0299735,1030028088
1783362748702,sell,63767.5,0.00001576,1030028087
1783362748702,sell,63767.6,0.01624241,1030028086
1783362748701,sell,63768.7,0.00013,1030028085
1783362748701,sell,63770.3,0.00001576,1030028084
1783362748701,sell,63770.8,0.00001646,1030028083
1783362748700,sell,63771,0.00003136,1030028082
1783362748700,sell,63771.1,0.01,1030028081
1783362748700,sell,63771.1,0.07531693,1030028080
1783362748505,buy,63771.2,0.00313307,1030028079
1783362744859,sell,63771.1,0.04217602,1030028078
1783362744859,sell,63771.1,0.01,1030028077
1783362744859,sell,63771.1,0.02782398,1030028076
1783362743727,buy,63771.2,0.01566537,1030028075
1783362742946,sell,63771.1,0.000957,1030028074
1783362838768,buy,63764.7,0.00441153,1030028271
1783362837911,sell,63770.9,0.00015185,1030028270
1783362837910,sell,63770.9,0.00984815,1030028269
1783362837895,sell,63770.9,0.00155539,1030028268
1783362837891,sell,63770.9,0.00092584,1030028267
1783362837889,sell,63770.9,0.00159001,1030028266
1783362837885,sell,63770.9,0.00088858,1030028265
1783362837883,sell,63770.9,0.00249833,1030028264
1783362837876,sell,63770.9,0.00255885,1030028263
1783362837870,sell,63770.9,0.0157173,1030028262
1783362837831,sell,63770.9,0.07848119,1030028261
1783362837071,buy,63771,0.000348,1030028260
1783362837071,buy,63771,0.00013,1030028259
1783362836664,buy,63770.2,0.00001576,1030028258
1783362836664,buy,63766.2,0.00001503,1030028257
1783362835673,buy,63764.3,0.07349385,1030028256
1783362834222,sell,63764.2,0.00019913,1030028255
1783362833781,buy,63764.3,0.0157012,1030028254
1783362833781,buy,63764.3,0.0622988,1030028253
1783362833582,buy,63764.3,0.01322997,1030028252
1783362833136,buy,63764.3,0.078,1030028251
1783362833101,buy,63764.3,0.05932186,1030028250
1783362833101,buy,63762.5,0.0057289,1030028249
1783362833101,buy,63761.6,0.00001576,1030028248
1783362833101,buy,63760.8,0.00004,1030028247
1783362833101,buy,63759.3,0.00046015,1030028246
1783362833101,buy,63759.2,0.0002999,1030028245
1783362833101,buy,63758.9,0.01398218,1030028244
1783362833101,buy,63758.7,0.00001576,1030028243
1783362833101,buy,63758,0.00001549,1030028242
1783362833101,buy,63757.5,0.00012,1030028241
1783362833101,buy,63756.5,0.06027707,1030028240
1783362833100,buy,63756.5,0.00797093,1030028239
1783362833100,buy,63756.1,0.07553848,1030028238
1783362832962,buy,63755.9,0.00001577,1030028237
1783362832962,buy,63753,0.00001577,1030028236
1783362832962,buy,63750.7,0.00127879,1030028235
1783362832962,buy,63750.4,0.00001399,1030028234
1783362832962,buy,63750.1,0.00001577,1030028233
1783362832960,buy,63749,0.08990865,1030028232
1783362828033,buy,63748.2,0.00009227,1030028231
1783362828033,buy,63748.2,0.00009227,1030028230
1783362828033,buy,63748.2,0.00009227,1030028229
1783362828033,buy,63748.2,0.00009227,1030028228
1783362828033,buy,63748.2,0.00009227,1030028227
1783362828033,buy,63748.2,0.00009227,1030028226
1783362828033,buy,63748.2,0.00009227,1030028225
1783362828033,buy,63748.2,0.00009227,1030028224
1783362828033,buy,63748.2,0.00009227,1030028223
1783362828033,buy,63748.2,0.00009227,1030028222
1783362828033,buy,63748.2,0.00009227,1030028221
1783362828033,buy,63748.2,0.00009227,1030028220
1783362828033,buy,63748.2,0.00009227,1030028219
1783362828033,buy,63748.2,0.00009227,1030028218
1783362828033,buy,63748.2,0.00009227,1030028217
1783362828033,buy,63748.2,0.00009227,1030028216
1783362828033,buy,63748.2,0.00009227,1030028215
1783362828033,buy,63748.2,0.00009227,1030028214
1783362828033,buy,63748.2,0.00009227,1030028213
1783362828033,buy,63748.2,0.00009227,1030028212
1783362828033,buy,63748.2,0.00009227,1030028211
1783362828033,buy,63748.2,0.00009227,1030028210
1783362828033,buy,63748.2,0.00009227,1030028209
1783362828033,buy,63748.2,0.00009227,1030028208
1783362828033,buy,63748.2,0.00009227,1030028207
1783362828033,buy,63748.2,0.00009227,1030028206
1783362828033,buy,63748.2,0.00009227,1030028205
1783362828033,buy,63748.2,0.00009227,1030028204
1783362828033,buy,63748.2,0.00009227,1030028203
1783362828033,buy,63748.2,0.00009227,1030028202
1783362828033,buy,63748.2,0.00009227,1030028201
1783362828033,buy,63748.2,0.00009227,1030028200
1783362828033,buy,63748.2,0.00009227,1030028199
1783362828033,buy,63748.2,0.00009227,1030028198
1783362828033,buy,63748.2,0.00009227,1030028197
1783362828033,buy,63748.2,0.00009227,1030028196
1783362828033,buy,63748.2,0.00009227,1030028195
1783362828033,buy,63748.2,0.00009227,1030028194
1783362828033,buy,63748.2,0.00009227,1030028193
1783362828033,buy,63748.2,0.00009227,1030028192
1783362827572,buy,63748.2,0.0005881,1030028191
1783362827572,buy,63748.2,0.00035109,1030028190
1783362826279,sell,63748.1,0.00002155,1030028189
1783362824641,sell,63748.1,0.00428855,1030028188
1783362820222,sell,63748.1,0.00098528,1030028187
1783362819118,buy,63748.2,0.00007843,1030028186
1783362818494,sell,63748.1,0.0003,1030028185
1783362814751,sell,63748.1,0.00095243,1030028184
1783362809552,buy,63748.2,0.00985447,1030028183
1783362807004,sell,63748.1,0.00015447,1030028182
1783362804749,sell,63748.1,0.00031077,1030028181
1783362800518,buy,63748.2,0.00001254,1030028180
1783362798862,sell,63748.1,0.00600457,1030028179
1783362798362,sell,63748.1,0.00046683,1030028178
1783362792609,sell,63748.1,0.00229655,1030028177
1783362790557,buy,63748.2,0.00058482,1030028176
1783362790557,buy,63748.2,0.00092698,1030028175
1783362788914,sell,63748.1,0.0009748,1030028174
1783362891364,buy,63740.1,0.0004662,1030028394
1783362887653,sell,63740,0.00047066,1030028393
1783362884204,sell,63740,0.01761103,1030028392
1783362884107,buy,63740.1,0.00958,1030028391
1783362882956,buy,63740.1,0.05371,1030028390
1783362881384,buy,63740.1,0.00461404,1030028389
1783362878385,buy,63739.7,0.07845673,1030028388
1783362877915,buy,63739.7,0.00440541,1030028387
1783362877292,sell,63741.7,0.01958789,1030028386
1783362877285,sell,63745,0.00001275,1030028385
1783362877282,sell,63746,0.00421469,1030028384
1783362877282,sell,63746,0.11352761,1030028383
1783362877282,sell,63746,0.01,1030028382
1783362877282,sell,63746,0.00045025,1030028381
1783362877282,sell,63746,0.1053925,1030028380
1783362877280,sell,63746,0.47094359,1030028379
1783362877280,sell,63746,0.19023643,1030028378
1783362877279,sell,63746,0.08024311,1030028377
1783362877275,sell,63746,0.0587,1030028376
1783362877275,sell,63746,0.03808798,1030028375
1783362877274,sell,63746,0.02737751,1030028374
1783362877274,sell,63746,0.0613,1030028373
1783362876724,buy,63746.1,0.00166091,1030028372
1783362876549,sell,63746,0.00008584,1030028371
1783362876391,buy,63746.1,0.01321178,1030028370
1783362875003,sell,63746,0.00030903,1030028369
1783362866472,buy,63746.1,0.00092601,1030028368
1783362866008,buy,63746.1,0.07844836,1030028367
1783362865260,sell,63747,0.00004,1030028366
1783362865260,sell,63747.3,0.01,1030028365
1783362865260,sell,63747.4,0.00001577,1030028364
1783362865260,sell,63749.5,0.01,1030028363
1783362865246,sell,63750.2,0.00001577,1030028362
1783362865246,sell,63752.6,0.00001345,1030028361
1783362865242,sell,63753,0.00028949,1030028360
1783362865240,sell,63753,0.00053456,1030028359
1783362865230,sell,63753,0.00189582,1030028358
1783362865225,sell,63753,0.00084068,1030028357
1783362865223,sell,63753,0.00091947,1030028356
1783362865216,sell,63753,0.00070023,1030028355
1783362865215,sell,63753,0.00355506,1030028354
1783362865213,sell,63753,0.00192963,1030028353
1783362865210,sell,63753,0.00381334,1030028352
1783362865208,sell,63753,0.00069289,1030028351
1783362865201,sell,63753.7,0.02425197,1030028350
1783362865199,sell,63753.7,0.00194664,1030028349
1783362865198,sell,63753.7,0.00769764,1030028348
1783362865196,sell,63753.7,0.00048668,1030028347
1783362865194,sell,63753.7,0.00288405,1030028346
1783362865188,sell,63753.7,0.00043561,1030028345
1783362865187,sell,63753.7,0.07997109,1030028344
1783362865016,sell,63753.7,0.01762037,1030028343
1783362865016,sell,63753.7,0.00000001,1030028342
1783362862511,buy,63753.8,0.00013768,1030028341
1783362862511,buy,63753.8,0.06747144,1030028340
1783362861231,buy,63753.8,0.00077956,1030028339
1783362860223,buy,63753.7,0.00045025,1030028338
1783362860221,buy,63750.4,0.06716598,1030028337
1783362858410,buy,63750.4,0.00440781,1030028336
1783362857671,sell,63750.3,0.00219733,1030028335
1783362857439,buy,63750.4,0.00001,1030028334
1783362856574,buy,63750.4,0.01321874,1030028333
1783362855599,sell,63750.3,0.00091188,1030028332
1783362854510,buy,63750.4,0.00729282,1030028331
1783362854510,buy,63750.4,0.07051,1030028330
1783362854510,buy,63750.4,0.00064357,1030028329
1783362854063,buy,63750.4,0.00008851,1030028328
1783362853382,buy,63750.4,0.07763894,1030028327
1783362853382,buy,63750.4,0.07838568,1030028326
1783362853382,buy,63750.4,0.00000001,1030028325
1783362852579,sell,63750.3,0.00008,1030028324
1783362852571,sell,63750.3,0.10091002,1030028323
1783362852568,sell,63752,0.00001465,1030028322
1783362852565,sell,63753.6,0.00161361,1030028321
1783362852564,sell,63753.6,0.00092481,1030028320
1783362852562,sell,63753.6,0.00306162,1030028319
1783362852561,sell,63753.6,0.00198403,1030028318
1783362852558,sell,63753.6,0.00410896,1030028317
1783362852554,sell,63753.6,0.07948752,1030028316
1783362850966,buy,63751.5,0.00004,1030028315
1783362850441,sell,63749.5,0.019984,1030028314
1783362849851,buy,63749.6,0.00007842,1030028313
1783362849851,buy,63749.6,0.00000001,1030028312
1783362849791,sell,63752,0.00001525,1030028311
1783362849569,buy,63753.8,0.00967823,1030028310
1783362849569,buy,63753,0.00001577,1030028309
1783362849569,buy,63752.6,0.068251,1030028308
1783362849569,buy,63751.8,0.000015,1030028307
1783362849569,buy,63750.9,0.00004,1030028306
1783362849567,buy,63747.3,0.00001577,1030028305
1783362848508,sell,63741.9,0.01763532,1030028304
1783362846104,buy,63742,0.01344571,1030028303
1783362846104,buy,63742,0.00000001,1030028302
1783362845065,sell,63741.9,0.00047416,1030028301
1783362844343,sell,63742.6,0.00004,1030028300
1783362844343,sell,63743.9,0.00001637,1030028299
1783362844280,sell,63745.9,0.00000001,1030028298
1783362844280,sell,63746.9,0.000017,1030028297
1783362844280,sell,63747.4,0.00001577,1030028296
1783362844277,sell,63748.3,0.01,1030028295
1783362940376,sell,63745.3,0.01758585,1030028571
1783362937133,sell,63745.3,0.00019534,1030028570
1783362936841,buy,63745.4,0.00002058,1030028569
1783362934301,buy,63745.4,0.08288263,1030028568
1783362934300,buy,63748.3,0.00005578,1030028567
1783362934300,buy,63745.4,0.00001501,1030028566
1783362934296,buy,63744.1,0.00050222,1030028565
1783362933304,sell,63743.3,0.00348296,1030028564
1783362933304,sell,63743.3,0.00000001,1030028563
1783362932157,buy,63742.8,0.00004,1030028562
1783362932153,buy,63740,0.00021,1030028561
1783362932153,buy,63739.3,0.00046015,1030028560
1783362932153,buy,63739,0.00001501,1030028559
1783362931774,sell,63738.1,0.00092587,1030028558
1783362931498,sell,63738.1,0.00027238,1030028557
1783362930610,sell,63738.1,0.000099,1030028556
1783362930393,buy,63738.2,0.00021337,1030028555
1783362929559,buy,63734.9,0.00005578,1030028554
1783362929559,buy,63734.9,0.0002998,1030028553
1783362929554,buy,63732.6,0.00037135,1030028552
1783362929554,buy,63732.6,0.00001501,1030028551
1783362928444,sell,63730,0.01515193,1030028550
1783362926189,buy,63728.2,0.00004,1030028549
1783362925384,buy,63722.1,0.00439878,1030028548
1783362924184,buy,63722.1,0.00184174,1030028547
1783362922845,buy,63722.1,0.00479796,1030028546
1783362922845,buy,63722.1,0.000078,1030028545
1783362922845,buy,63722.1,0.00831726,1030028544
1783362922708,buy,63722.1,0.00001,1030028543
1783362922541,buy,63722.1,0.01567274,1030028542
1783362919116,buy,63725.7,0.02764277,1030028541
1783362919116,buy,63725,0.0001208,1030028540
1783362919116,buy,63724.3,0.00001577,1030028539
1783362919116,buy,63722,0.01579866,1030028538
1783362919116,buy,63721.5,0.00001577,1030028537
1783362919116,buy,63720,0.00002353,1030028536
1783362919116,buy,63719.3,0.00046015,1030028535
1783362919116,buy,63719.3,0.03392255,1030028534
1783362919025,buy,63718.6,0.00001578,1030028533
1783362919024,buy,63715.9,0.03879008,1030028532
1783362919024,buy,63715.9,0.0290693,1030028531
1783362919024,buy,63715.7,0.00001578,1030028530
1783362919023,buy,63715.4,0.068268,1030028529
1783362919023,buy,63712.9,0.00001578,1030028528
1783362919023,buy,63712.4,0.01,1030028527
1783362919023,buy,63712.3,0.01,1030028526
1783362919023,buy,63712.2,0.01,1030028525
1783362919022,buy,63711.5,0.09342701,1030028524
1783362916185,buy,63711.5,0.00017031,1030028523
1783362915015,buy,63709.5,0.00004,1030028522
1783362914981,buy,63710.9,0.00000001,1030028521
1783362914981,buy,63708.9,0.00004,1030028520
1783362914910,buy,63708.5,0.00078002,1030028519
1783362914876,buy,63708.3,0.00004,1030028518
1783362914871,buy,63706.9,0.01013646,1030028517
1783362914871,buy,63702.9,0.06786354,1030028516
1783362914450,sell,63702.8,0.00001819,1030028515
1783362913813,buy,63702.9,0.00046936,1030028514
1783362913643,sell,63702.7,0.00000001,1030028513
1783362913643,sell,63703.3,0.00050008,1030028512
1783362913643,sell,63704.4,0.00001578,1030028511
1783362913641,sell,63708.3,0.01,1030028510
1783362910966,buy,63708.4,0.00004708,1030028509
1783362910960,sell,63708.3,0.00440089,1030028508
1783362910960,sell,63708.3,0.00000001,1030028507
1783362910737,buy,63708.4,0.00028,1030028506
1783362910416,buy,63707.6,0.00004,1030028505
1783362910415,sell,63707.5,0.00007848,1030028504
1783362910413,buy,63707,0.00001501,1030028503
1783362910413,buy,63706.4,0.00001078,1030028502
1783362909673,buy,63704.3,0.00000001,1030028501
1783362909673,buy,63704.3,0.00001578,1030028500
1783362909666,buy,63700.1,0.00001179,1030028499
1783362909663,buy,63698.2,0.00002832,1030028498
1783362909663,buy,63698.2,0.06781239,1030028497
1783362909031,sell,63698.1,0.01320269,1030028496
1783362908247,buy,63698.2,0.07850828,1030028495
1783362908035,sell,63698.1,0.00152544,1030028494
1783362907956,buy,63698.2,0.00050976,1030028493
1783362907751,sell,63698.1,0.0044301,1030028492
1783362906551,sell,63699.3,0.00002181,1030028491
1783362906551,sell,63699.3,0.00001003,1030028490
1783362906551,sell,63699.3,0.00046015,1030028489
1783362906551,sell,63700,0.00001501,1030028488
1783362906551,sell,63700,0.0001208,1030028487
1783362906551,sell,63700.9,0.00092698,1030028486
1783362906551,sell,63701.7,0.00001087,1030028485
1783362906551,sell,63701.7,0.00001004,1030028484
1783362906551,sell,63701.9,0.01,1030028483
1783362906546,sell,63703.3,0.00121328,1030028482
1783362906546,sell,63703.7,0.00006322,1030028481
1783362906546,sell,63703.7,0.00001385,1030028480
1783362906546,sell,63703.9,0.00015715,1030028479
1783362906546,sell,63704.5,0.00003209,1030028478
1783362906546,sell,63705.1,0.00001173,1030028477
1783362906546,sell,63705.2,0.00296674,1030028476
1783362906544,sell,63705.2,0.10316253,1030028475
1783362906252,sell,63705.2,0.18394031,1030028474
1783362906251,sell,63705.2,0.20993042,1030028473
1783362906051,sell,63705.3,0.00004,1030028472
1783362999266,sell,63761,0.00035,1030028671
1783362997214,buy,63761.1,0.00088028,1030028670
1783362996191,sell,63761,0.00438633,1030028669
1783362994449,sell,63761,0.00120305,1030028668
1783362994423,sell,63761,0.01315899,1030028667
1783362993167,sell,63764.9,0.0000222,1030028666
1783362993165,sell,63767.4,0.1177327,1030028665
1783362993165,sell,63767.4,0.01,1030028664
1783362993165,sell,63767.4,0.00225972,1030028663
1783362993165,sell,63767.4,0.00270537,1030028662
1783362992933,sell,63769.5,0.00002297,1030028661
1783362992766,buy,63772.1,0.003994,1030028660
1783362992607,buy,63771,0.00019605,1030028659
1783362992607,buy,63771,0.00001501,1030028658
1783362992607,buy,63770.4,0.00108,1030028657
1783362992549,buy,63770.1,0.00004,1030028656
1783362992467,buy,63764.8,0.00120001,1030028655
1783362992464,buy,63766.3,0.00000001,1030028654
1783362992464,buy,63765,0.00004,1030028653
1783362992464,buy,63764.6,0.00001501,1030028652
1783362992458,buy,63762.2,0.00008464,1030028651
1783362992458,buy,63761.6,0.00001577,1030028650
1783362992458,buy,63760.9,0.00001501,1030028649
1783362992423,buy,63759.3,0.00046015,1030028648
1783362992423,buy,63759.2,0.0002999,1030028647
1783362989143,buy,63758.3,0.00313684,1030028646
1783362988252,buy,63758.2,0.00008044,1030028645
1783362988252,buy,63755.9,0.00007842,1030028644
1783362988252,buy,63755.9,0.00007842,1030028643
1783362987855,sell,63755.2,0.00012765,1030028642
1783362984529,buy,63755.3,0.00437924,1030028641
1783362981535,buy,63755.3,0.01317223,1030028640
1783362980568,buy,63755.3,0.00007842,1030028639
1783362980099,buy,63755.3,0.00176659,1030028638
1783362976203,sell,63755.1,0.01755791,1030028637
1783362973710,sell,63755.1,0.00078039,1030028636
1783362973656,buy,63755.2,0.01615177,1030028635
1783362973656,buy,63755.2,0.00141228,1030028634
1783362972073,buy,63755.2,0.00096182,1030028633
1783362971453,buy,63752.8,0.00449154,1030028632
1783362971453,buy,63752.8,0.07350846,1030028631
1783362971411,buy,63750,0.0001208,1030028630
1783362970919,buy,63749.2,0.00007843,1030028629
1783362969889,sell,63749.1,0.0059846,1030028628
1783362969889,sell,63749.1,0.00001,1030028627
1783362966000,buy,63748.1,0.00050216,1030028626
1783362966000,buy,63748,0.00050092,1030028625
1783362965880,buy,63747.3,0.00100309,1030028624
1783362965878,buy,63747.3,0.00001,1030028623
1783362965866,buy,63746.1,0.00621836,1030028622
1783362963209,sell,63745.9,0.00439328,1030028621
1783362963209,sell,63745.9,0.00000001,1030028620
1783362962662,buy,63745.4,0.00007632,1030028619
1783362961498,sell,63745.3,0.01317985,1030028618
1783362959605,sell,63745.3,0.00010483,1030028617
1783362957909,sell,63745.3,0.00036063,1030028616
1783362957390,buy,63745.4,0.00001783,1030028615
1783362957390,buy,63745.4,0.00001783,1030028614
1783362957390,buy,63745.4,0.00001783,1030028613
1783362957390,buy,63745.4,0.00001783,1030028612
1783362957390,buy,63745.4,0.00001783,1030028611
1783362957390,buy,63745.4,0.00001783,1030028610
1783362957390,buy,63745.4,0.00001783,1030028609
1783362957390,buy,63745.4,0.00001783,1030028608
1783362957390,buy,63745.4,0.00001783,1030028607
1783362957390,buy,63745.4,0.00001783,1030028606
1783362957390,buy,63745.4,0.00001783,1030028605
1783362957390,buy,63745.4,0.00001783,1030028604
1783362957390,buy,63745.4,0.00001783,1030028603
1783362957390,buy,63745.4,0.00001783,1030028602
1783362957390,buy,63745.4,0.00001783,1030028601
1783362957390,buy,63745.4,0.00001783,1030028600
1783362957390,buy,63745.4,0.00001783,1030028599
1783362957390,buy,63745.4,0.00001783,1030028598
1783362957390,buy,63745.4,0.00001783,1030028597
1783362957390,buy,63745.4,0.00001783,1030028596
1783362957390,buy,63745.4,0.00001783,1030028595
1783362957390,buy,63745.4,0.00001783,1030028594
1783362957390,buy,63745.4,0.00001783,1030028593
1783362957390,buy,63745.4,0.00001783,1030028592
1783362957390,buy,63745.4,0.00001783,1030028591
1783362957390,buy,63745.4,0.00001783,1030028590
1783362957390,buy,63745.4,0.00001783,1030028589
1783362957390,buy,63745.4,0.00001783,1030028588
1783362957390,buy,63745.4,0.00001783,1030028587
1783362957390,buy,63745.4,0.00001783,1030028586
1783362957390,buy,63745.4,0.00001783,1030028585
1783362957390,buy,63745.4,0.00001783,1030028584
1783362957390,buy,63745.4,0.00001783,1030028583
1783362957390,buy,63745.4,0.00001783,1030028582
1783362957390,buy,63745.4,0.00001783,1030028581
1783362957390,buy,63745.4,0.00001783,1030028580
1783362957390,buy,63745.4,0.00001783,1030028579
1783362957390,buy,63745.4,0.00001783,1030028578
1783362957390,buy,63745.4,0.00001783,1030028577
1783362957390,buy,63745.4,0.00001783,1030028576
1783362955275,buy,63745.4,0.00004706,1030028575
1783362954593,sell,63745.3,0.00089463,1030028574
1783362954110,buy,63745.4,0.00439561,1030028573
1783362952280,buy,63745.4,0.01318369,1030028572
1783369905317,buy,63852.7,0.00001732,1030045768
1783369905317,buy,63851.7,0.00002413,1030045767
1783369905317,buy,63851.1,0.00509819,1030045766
1783369905317,buy,63851.1,0.00001851,1030045765
1783369905317,buy,63851.1,0.00001009,1030045764
1783369905217,buy,63850.8,0.00013135,1030045763
1783369905217,buy,63850.3,0.00039484,1030045762
1783369904962,buy,63850.1,0.00993944,1030045761
1783369904962,buy,63850.1,0.00001045,1030045760
1783369904962,buy,63850.1,0.00003973,1030045759
1783369904962,buy,63850.1,0.00001038,1030045758
1783369904936,buy,63850,0.00537228,1030045757
1783369904770,buy,63850,0.01,1030045756
1783369904767,buy,63850,0.0172,1030045755
1783369904390,buy,63850,0.00958442,1030045754
1783369904390,buy,63850,0.00003606,1030045753
1783369904390,buy,63850,0.00003152,1030045752
1783369904390,buy,63850,0.0002,1030045751
1783369904390,buy,63850,0.0000272,1030045750
1783369904390,buy,63850,0.0001208,1030045749
1783369904288,sell,63849.9,0.00719731,1030045748
1783369903900,sell,63849.9,0.00031709,1030045747
1783369903858,buy,63849.6,0.00000001,1030045746
1783369903858,buy,63849.3,0.00001048,1030045745
1783369903858,buy,63849.1,0.00217386,1030045744
1783369903858,buy,63849,0.00001508,1030045743
1783369903855,buy,63848.9,0.0002667,1030045742
1783369903855,buy,63848.4,0.00001018,1030045741
1783369903855,buy,63847.8,0.00001576,1030045740
1783369903855,buy,63847.2,0.00002131,1030045739
1783369903855,buy,63846.7,0.00001217,1030045738
1783369903855,buy,63846.7,0.00017293,1030045737
1783369903855,buy,63846.6,0.00319712,1030045736
1783369903855,buy,63846.1,0.00060649,1030045735
1783369903855,buy,63846.1,0.00072754,1030045734
1783369903855,buy,63846.1,0.00245831,1030045733
1783369903855,buy,63846.1,0.00032475,1030045732
1783369903855,buy,63846.1,0.00082628,1030045731
1783369903855,buy,63846.1,0.0000517,1030045730
1783369903855,buy,63846.1,0.00059972,1030045729
1783369903855,buy,63846.1,0.00006571,1030045728
1783369903855,buy,63846.1,0.00001457,1030045727
1783369903855,buy,63846.1,0.00001057,1030045726
1783369903855,buy,63846.1,0.00048738,1030045725
1783369903855,buy,63846,0.00006955,1030045724
1783369903855,buy,63845.9,0.00001742,1030045723
1783369903855,buy,63845.9,0.00001602,1030045722
1783369903855,buy,63845.8,0.0000178,1030045721
1783369903855,buy,63845.5,0.00001002,1030045720
1783369903853,buy,63844.9,0.00001576,1030045719
1783369903853,buy,63844.9,0.00001003,1030045718
1783369903853,buy,63844.7,0.00001019,1030045717
1783369903853,buy,63844.4,0.00001337,1030045716
1783369903853,buy,63844.3,0.00001003,1030045715
1783369903853,buy,63844,0.00015715,1030045714
1783369903853,buy,63843.7,0.00003316,1030045713
1783369903853,buy,63843.7,0.00001022,1030045712
1783369903853,buy,63843.7,0.00001003,1030045711
1783369903853,buy,63843.7,0.00007761,1030045710
1783369903853,buy,63843.6,0.00001196,1030045709
1783369903853,buy,63843.5,0.00001251,1030045708
1783369903851,buy,63842.8,0.00002365,1030045707
1783369903851,buy,63842.6,0.00028744,1030045706
1783369903851,buy,63842.5,0.00001009,1030045705
1783369903851,buy,63842.4,0.00023924,1030045704
1783369903851,buy,63841.9,0.00002887,1030045703
1783369903851,buy,63841.9,0.00001152,1030045702
1783369903851,buy,63841.7,0.00002527,1030045701
1783369903851,buy,63841.5,0.000014,1030045700
1783369903851,buy,63841.5,0.00001063,1030045699
1783369903851,buy,63841,0.00029761,1030045698
1783369903851,buy,63840.9,0.00002206,1030045697
1783369903851,buy,63840.7,0.00029803,1030045696
1783369903851,buy,63840.7,0.00003811,1030045695
1783369903851,buy,63840.1,0.00001343,1030045694
1783369903851,buy,63840.1,0.00001148,1030045693
1783369903851,buy,63840.1,0.00036,1030045692
1783369903851,buy,63840,0.000084,1030045691
1783369903851,buy,63840,0.00004162,1030045690
1783369903851,buy,63840,0.00015686,1030045689
1783369903851,buy,63839.8,0.00001141,1030045688
1783369903851,buy,63839.6,0.01894128,1030045687
1783369903851,buy,63839.6,0.03522587,1030045686
1783369903769,buy,63839.6,0.01,1030045685
1783369903574,buy,63839.6,0.00031328,1030045684
1783369903565,buy,63839.3,0.00046015,1030045683
1783369903565,buy,63839.1,0.00001006,1030045682
1783369903565,buy,63839.1,0.00167569,1030045681
1783369903557,buy,63838.7,0.00001491,1030045680
1783369903557,buy,63838.5,0.0015,1030045679
1783369900660,buy,63838.4,0.01,1030045678
1783369900445,buy,63838.1,0.0015,1030045677
1783369900445,buy,63838,0.00008821,1030045676
1783369896994,buy,63838,0.00632531,1030045675
1783369896994,buy,63838,0.00001065,1030045674
1783369896994,buy,63838,0.00001124,1030045673
1783369896994,buy,63838,0.00004873,1030045672
1783369896994,buy,63838,0.0000137,1030045671
1783369896994,buy,63838,0.00002249,1030045670
1783369896994,buy,63838,0.0000215,1030045669
1783369960691,sell,63880,0.00588583,1030046147
1783369960685,sell,63880,0.00476904,1030046146
1783369960664,sell,63880,0.00953869,1030046145
1783369960661,sell,63880,0.00635816,1030046144
1783369960656,sell,63880,0.00518941,1030046143
1783369960649,sell,63880,0.00577176,1030046142
1783369960635,sell,63880,0.01595831,1030046141
1783369960589,sell,63880,0.00550658,1030046140
1783369960578,sell,63880,0.00744938,1030046139
1783369960565,sell,63880,0.05819795,1030046138
1783369960563,sell,63880,0.00587945,1030046137
1783369960545,sell,63880,0.01955324,1030046136
1783369960496,sell,63880,0.0209584,1030046135
1783369960444,sell,63880,0.00680789,1030046134
1783369960431,sell,63880,0.07975817,1030046133
1783369959669,sell,63880,0.00746226,1030046132
1783369959650,sell,63880,0.00820772,1030046131
1783369959645,buy,63880.1,0.00002,1030046130
1783369959619,sell,63880,0.01040309,1030046129
1783369959592,sell,63880,0.01307519,1030046128
1783369959571,sell,63880,0.07873981,1030046127
1783369959310,buy,63880.1,0.01,1030046126
1783369959296,buy,63880,0.00006212,1030046125
1783369959296,buy,63880,0.00036113,1030046124
1783369959296,buy,63880,0.00004096,1030046123
1783369959296,buy,63880,0.00032009,1030046122
1783369959296,buy,63880,0.00001379,1030046121
1783369959296,buy,63880,0.00002552,1030046120
1783369959296,buy,63880,0.0015161,1030046119
1783369959296,buy,63879.9,0.05345,1030046118
1783369959296,buy,63879.5,0.00914875,1030046117
1783369959296,buy,63879.4,0.00001576,1030046116
1783369959296,buy,63879.3,0.00046015,1030046115
1783369959296,buy,63879.1,0.00010663,1030046114
1783369959296,buy,63879,0.56439558,1030046113
1783369959296,buy,63878.8,0.0783104,1030046112
1783369959296,buy,63878.7,0.00012185,1030046111
1783369959296,buy,63878.5,0.18915141,1030046110
1783369959296,buy,63878.5,0.20412157,1030046109
1783369959296,buy,63878.3,0.05204,1030046108
1783369959296,buy,63878.2,0.15939031,1030046107
1783369959296,buy,63878.2,0.012,1030046106
1783369959296,buy,63878,0.00015706,1030046105
1783369959296,buy,63877.8,0.25060871,1030046104
1783369959296,buy,63877.7,0.00014221,1030046103
1783369959296,buy,63877.7,0.00005272,1030046102
1783369959296,buy,63877.5,0.00046301,1030046101
1783369959296,buy,63877.5,0.00017966,1030046100
1783369959296,buy,63877.3,0.03133075,1030046099
1783369959296,buy,63876.9,0.00003264,1030046098
1783369959296,buy,63876.9,0.00006401,1030046097
1783369959296,buy,63876.6,0.01,1030046096
1783369959296,buy,63876.6,0.00002341,1030046095
1783369959296,buy,63876.5,0.01,1030046094
1783369959296,buy,63876.4,0.01,1030046093
1783369959296,buy,63876.2,0.08,1030046092
1783369959296,buy,63876.2,0.04,1030046091
1783369959296,buy,63876.2,0.00001034,1030046090
1783369959296,buy,63876.2,0.00129467,1030046089
1783369959296,buy,63876.2,0.00002584,1030046088
1783369959296,buy,63876.1,0.00008212,1030046087
1783369959296,buy,63876.1,0.00003015,1030046086
1783369959296,buy,63875.4,0.56439558,1030046085
1783369959296,buy,63875.3,0.00004,1030046084
1783369959296,buy,63875.3,0.42968923,1030046083
1783369959296,buy,63875.2,0.02358689,1030046082
1783369959296,buy,63875,0.00001576,1030046081
1783369959296,buy,63875,0.00135168,1030046080
1783369959296,buy,63875,0.00001499,1030046079
1783369959296,buy,63875,0.00033584,1030046078
1783369959296,buy,63875,0.0001208,1030046077
1783369959296,buy,63874.9,0.0001989,1030046076
1783369959296,buy,63874.4,0.1777,1030046075
1783369959296,buy,63874.3,0.00001786,1030046074
1783369959296,buy,63874.3,0.00002671,1030046073
1783369959296,buy,63874.1,0.000015,1030046072
1783369959296,buy,63873.9,0.25060871,1030046071
1783369959296,buy,63873.8,0.12847627,1030046070
1783369959296,buy,63873.6,0.00001574,1030046069
1783369959296,buy,63873,0.00001016,1030046068
1783369959296,buy,63872.7,0.00001019,1030046067
1783369959296,buy,63872.3,0.00014928,1030046066
1783369959296,buy,63872.1,0.00001002,1030046065
1783369959296,buy,63872.1,0.00002179,1030046064
1783369959296,buy,63872,0.00040772,1030046063
1783369959296,buy,63871.8,0.00075396,1030046062
1783369959296,buy,63871.8,0.00034234,1030046061
1783369959296,buy,63871.8,0.00075616,1030046060
1783369959296,buy,63871.8,0.00001037,1030046059
1783369959296,buy,63871.8,0.00001644,1030046058
1783369959296,buy,63871.6,0.01566492,1030046057
1783369959296,buy,63871.6,0.00068028,1030046056
1783369959296,buy,63871.5,0.00002042,1030046055
1783369959296,buy,63871.5,0.00001071,1030046054
1783369959296,buy,63871.4,0.00036448,1030046053
1783369959296,buy,63871.4,0.00003403,1030046052
1783369959296,buy,63871.1,0.31768374,1030046051
1783369959296,buy,63871,0.00951928,1030046050
1783369959296,buy,63871,0.00355234,1030046049
1783369959296,buy,63871,0.00001612,1030046048
1783370014178,sell,63846,0.01456991,1030046407
1783370014178,sell,63846,0.00073553,1030046406
1783370014178,sell,63846,0.00030219,1030046405
1783370011017,sell,63846,0.07998835,1030046404
1783370010347,buy,63846.1,0.00009,1030046403
1783370009760,sell,63846,0.00873194,1030046402
1783370009082,buy,63846.1,0.00030072,1030046401
1783370008359,sell,63847.3,0.00001,1030046400
1783370008359,sell,63847.4,0.00005112,1030046399
1783370008359,sell,63849.7,0.00138789,1030046398
1783370008359,sell,63849.7,0.00030214,1030046397
1783370008284,buy,63849.8,0.00060924,1030046396
1783370006307,buy,63849.8,0.00003132,1030046395
1783370001439,sell,63851.3,0.00004,1030046394
1783370001439,sell,63853.2,0.00005115,1030046393
1783370001439,sell,63853.4,0.00001,1030046392
1783370001439,sell,63854.9,0.00009,1030046391
1783370001439,sell,63855.9,0.00025961,1030046390
1783370001432,sell,63855.9,0.07913273,1030046389
1783369997290,sell,63856.5,0.00001574,1030046388
1783369997290,sell,63857,0.00004,1030046387
1783369997288,sell,63858.5,0.00001006,1030046386
1783369997288,sell,63858.5,0.00005194,1030046385
1783369997288,sell,63859.3,0.00001574,1030046384
1783369997288,sell,63861.3,0.00024841,1030046383
1783369996031,sell,63861.3,0.0078316,1030046382
1783369995266,sell,63861.6,0.00005285,1030046381
1783369995266,sell,63861.6,0.00001024,1030046380
1783369995266,sell,63864.5,0.00002,1030046379
1783369995266,sell,63864.5,0.00024838,1030046378
1783369995266,sell,63864.5,0.004,1030046377
1783369993450,buy,63864.5,0.0015,1030046376
1783369993444,buy,63862.3,0.00217026,1030046375
1783369993444,buy,63862.1,0.00001574,1030046374
1783369993444,buy,63861.3,0.00001501,1030046373
1783369993444,buy,63859.2,0.00001574,1030046372
1783369992430,buy,63857.1,0.0000931,1030046371
1783369992430,buy,63857.1,0.00004,1030046370
1783369992225,buy,63855.6,0.00004,1030046369
1783369992225,buy,63854.3,0.005,1030046368
1783369992225,buy,63854.3,0.0013,1030046367
1783369992205,buy,63848.2,0.01277891,1030046366
1783369990615,sell,63843.8,0.31944473,1030046365
1783369990615,sell,63843.8,0.152,1030046364
1783369990615,sell,63843.8,0.0013,1030046363
1783369990615,sell,63843.8,0.114,1030046362
1783369990042,sell,63845,0.00001574,1030046361
1783369990042,sell,63847.9,0.00004,1030046360
1783369990042,sell,63848.4,0.000015,1030046359
1783369990042,sell,63849.5,0.00005282,1030046358
1783369990042,sell,63850,0.0001208,1030046357
1783369989776,sell,63852,0.005,1030046356
1783369989770,sell,63852,0.00585023,1030046355
1783369989770,sell,63852.7,0.01952085,1030046354
1783369989770,sell,63853.6,0.00001574,1030046353
1783369989770,sell,63854.8,0.00001501,1030046352
1783369989770,sell,63856.5,0.00001574,1030046351
1783369989770,sell,63857,0.00029963,1030046350
1783369989770,sell,63857.8,0.0132828,1030046349
1783369989758,sell,63859.3,0.00046015,1030046348
1783369989754,sell,63862.2,0.00001574,1030046347
1783369989752,sell,63864.5,0.0377825,1030046346
1783369989751,sell,63864.5,0.0481,1030046345
1783369989751,sell,63864.5,0.00181504,1030046344
1783369989749,sell,63864.5,0.00148156,1030046343
1783369989742,sell,63864.5,0.00360334,1030046342
1783369989741,sell,63864.5,0.01186445,1030046341
1783369989740,sell,63864.5,0.00752481,1030046340
1783369989738,sell,63864.5,0.00231612,1030046339
1783369989732,sell,63864.5,0.08,1030046338
1783369989730,sell,63865.1,0.00001574,1030046337
1783369989730,sell,63865.4,0.00005,1030046336
1783369989730,sell,63865.6,0.00001,1030046335
1783369989728,sell,63867.7,0.0124476,1030046334
1783369989726,sell,63868,0.00024835,1030046333
1783369989726,sell,63868,0.03508343,1030046332
1783369989725,sell,63868,0.2519,1030046331
1783369989725,sell,63868,0.11744929,1030046330
1783369989725,sell,63868,0.00879505,1030046329
1783369989725,sell,63868,0.04249106,1030046328
1783369989725,sell,63868,0.05310977,1030046327
1783369989725,sell,63868,0.003,1030046326
1783369989725,sell,63868,0.01374391,1030046325
1783369989722,sell,63868,0.01092185,1030046324
1783369989719,sell,63868,0.08033683,1030046323
1783369989669,sell,63868,0.243069,1030046322
1783369988324,buy,63868.1,0.00621593,1030046321
1783369987764,sell,63868,0.07869513,1030046320
1783369987292,sell,63868,0.0047455,1030046319
1783369987142,sell,63868,0.00593187,1030046318
1783369985040,sell,63868,0.00741484,1030046317
1783369983688,sell,63868,0.00783869,1030046316
1783369983140,sell,63868,0.00926855,1030046315
1783369983129,sell,63868,0.0001543,1030046314
1783369982993,sell,63868,0.01158569,1030046313
1783369982841,sell,63868,0.01446524,1030046312
1783369982841,sell,63868,0.00001687,1030046311
1783369982042,sell,63868,0.0001552,1030046310
1783369981216,sell,63869.2,0.00006548,1030046309
1783369981216,sell,63869.2,0.00001151,1030046308
1783370065311,buy,63872,0.00098867,1030046492
1783370062110,sell,63871.9,0.00018945,1030046491
1783370061376,sell,63871.9,0.00370693,1030046490
1783370059273,sell,63871.9,0.00028438,1030046489
1783370057213,sell,63871.9,0.00035916,1030046488
1783370056512,buy,63872,0.00050847,1030046487
1783370056512,buy,63872,0.01352741,1030046486
1783370055602,sell,63872.7,0.00001931,1030046485
1783370055602,sell,63872.7,0.00008321,1030046484
1783370055602,sell,63872.7,0.00001333,1030046483
1783370055602,sell,63873.6,0.00004,1030046482
1783370055602,sell,63873.7,0.00001574,1030046481
1783370055602,sell,63874,0.000015,1030046480
1783370055602,sell,63875.6,0.000025,1030046479
1783370055159,sell,63876.6,0.00001574,1030046478
1783370055157,sell,63879.4,0.00002005,1030046477
1783370055157,sell,63879.4,0.00001409,1030046476
1783370055157,sell,63879.4,0.00008781,1030046475
1783370055157,sell,63881.4,0.01,1030046474
1783370055157,sell,63881.5,0.01,1030046473
1783370055156,sell,63881.6,0.01,1030046472
1783370054202,buy,63881.7,0.0000648,1030046471
1783370054202,buy,63881.7,0.0000648,1030046470
1783370054202,buy,63881.7,0.0000648,1030046469
1783370054202,buy,63881.7,0.0000648,1030046468
1783370054202,buy,63881.7,0.0000648,1030046467
1783370054202,buy,63881.7,0.0000648,1030046466
1783370054202,buy,63881.7,0.0000648,1030046465
1783370054202,buy,63881.7,0.0000648,1030046464
1783370054202,buy,63881.7,0.0000648,1030046463
1783370054202,buy,63881.7,0.0000648,1030046462
1783370054202,buy,63881.7,0.0000648,1030046461
1783370054202,buy,63881.7,0.0000648,1030046460
1783370054202,buy,63881.7,0.00006479,1030046459
1783370054202,buy,63881.7,0.00000001,1030046458
1783370054121,sell,63881.8,0.00006935,1030046457
1783370054121,sell,63881.8,0.00006931,1030046456
1783370054121,sell,63881.8,0.0012,1030046455
1783370053039,buy,63881.9,0.00022475,1030046454
1783370050079,sell,63881.8,0.00013305,1030046453
1783370050033,buy,63881.9,0.00057042,1030046452
1783370049997,sell,63881.8,0.00240794,1030046451
1783370049997,sell,63881.8,0.00000001,1030046450
1783370049886,buy,63881.4,0.0002999,1030046449
1783370049886,buy,63880.5,0.00001501,1030046448
1783370049886,buy,63880.2,0.00008566,1030046447
1783370049886,buy,63879.3,0.00046015,1030046446
1783370049879,buy,63875.9,0.00326004,1030046445
1783370049877,buy,63875.9,0.00673996,1030046444
1783370049877,buy,63875.8,0.01,1030046443
1783370049877,buy,63875.7,0.01,1030046442
1783370049002,buy,63875.1,0.00095823,1030046441
1783370048996,buy,63875,0.00077936,1030046440
1783370048604,buy,63875,0.00041544,1030046439
1783370048328,buy,63875,0.0809839,1030046438
1783370048324,buy,63875,0.00000001,1030046437
1783370048324,buy,63875,0.0001208,1030046436
1783370048315,buy,63873.6,0.00001573,1030046435
1783370048315,buy,63872.9,0.00004,1030046434
1783370048315,buy,63872,0.00356214,1030046433
1783370048303,buy,63871.3,0.0015,1030046432
1783370048303,buy,63870.7,0.00001573,1030046431
1783370048303,buy,63867.9,0.00001574,1030046430
1783370048301,buy,63864.6,0.00433174,1030046429
1783370048301,buy,63864.4,0.019872,1030046428
1783370047227,buy,63861.3,0.00148499,1030046427
1783370047227,buy,63861.3,0.00001501,1030046426
1783370047191,buy,63860.3,0.00004,1030046425
1783370047124,buy,63856.4,0.00001574,1030046424
1783370047124,buy,63856.3,0.00009,1030046423
1783370047121,buy,63853.6,0.00004,1030046422
1783370047114,buy,63852.7,0.00005575,1030046421
1783370047114,buy,63850.6,0.00001574,1030046420
1783370047111,buy,63846.2,0.00238239,1030046419
1783370047111,buy,63846.1,0.00879575,1030046418
1783370047111,buy,63846.1,0.00840425,1030046417
1783370047111,buy,63846.1,0.07034026,1030046416
1783370044334,sell,63846,0.00125144,1030046415
1783370042856,sell,63846,0.01689493,1030046414
1783370041352,buy,63846.1,0.00026446,1030046413
1783370038253,sell,63846,0.00138742,1030046412
1783370037735,buy,63846.1,0.001669,1030046411
1783370032214,sell,63846,0.00160064,1030046410
1783370019290,sell,63846,0.0009796,1030046409
1783370016198,sell,63846,0.29337237,1030046408
1783370125409,sell,63864.4,0.00015658,1030046627
1783370125346,sell,63864.4,0.00898688,1030046626
1783370125346,sell,63864.4,0.00000001,1030046625
1783370125333,buy,63864.5,0.00141697,1030046624
1783370125248,buy,63864.3,0.00004,1030046623
1783370122836,buy,63863.7,0.00579828,1030046622
1783370122322,sell,63863.6,0.0156759,1030046621
1783370119842,sell,63863.6,0.00011638,1030046620
1783370119547,buy,63863.7,0.00036345,1030046619
1783370118411,buy,63863.7,0.00003365,1030046618
1783370118411,buy,63863.7,0.00003365,1030046617
1783370118411,buy,63863.7,0.00003365,1030046616
1783370118411,buy,63863.7,0.00003365,1030046615
1783370118411,buy,63863.7,0.0000046,1030046614
1783370118411,buy,63863.7,0.00002905,1030046613
1783370117503,buy,63863.7,0.00001096,1030046612
1783370116778,sell,63863.6,0.00031289,1030046611
1783370115328,sell,63863.6,0.01030148,1030046610
1783370115312,sell,63863.6,0.01661701,1030046609
1783370115312,sell,63863.6,0.00038226,1030046608
1783370115312,sell,63863.6,0.0313,1030046607
1783370115312,sell,63863.6,0.0313,1030046606
1783370115284,sell,63865.1,0.00001574,1030046605
1783370115284,sell,63867.5,0.000121,1030046604
1783370115284,sell,63867.5,0.00001959,1030046603
1783370115284,sell,63869.4,0.0015,1030046602
1783370114967,buy,63869.5,0.00109598,1030046601
1783370110966,buy,63869.5,0.00004697,1030046600
1783370107749,buy,63869.5,0.00469081,1030046599
1783370107467,buy,63867.9,0.00001574,1030046598
1783370107050,sell,63863.6,0.00015424,1030046597
1783370105727,sell,63863.6,0.01284745,1030046596
1783370105727,sell,63863.6,0.07832983,1030046595
1783370105515,sell,63865.4,0.00064718,1030046594
1783370105515,sell,63867.6,0.00001948,1030046593
1783370105515,sell,63867.6,0.00012576,1030046592
1783370105515,sell,63867.6,0.00001501,1030046591
1783370105515,sell,63868,0.00001574,1030046590
1783370105511,sell,63869.4,0.00309792,1030046589
1783370105510,sell,63869.4,0.00389458,1030046588
1783370105499,sell,63869.4,0.00163432,1030046587
1783370105495,sell,63869.4,0.00179117,1030046586
1783370105493,sell,63869.4,0.00217688,1030046585
1783370105489,sell,63869.4,0.07920765,1030046584
1783370105470,sell,63870.4,0.00012974,1030046583
1783370105470,sell,63870.4,0.00002,1030046582
1783370105470,sell,63870.8,0.00001574,1030046581
1783370105470,sell,63871.7,0.00004,1030046580
1783370105470,sell,63871.9,0.00033985,1030046579
1783370105282,sell,63874,0.00001501,1030046578
1783370105282,sell,63874.1,0.00004,1030046577
1783370105282,sell,63874.8,0.00001897,1030046576
1783370105282,sell,63874.8,0.00001711,1030046575
1783370101909,sell,63876.8,0.00004,1030046574
1783370100953,sell,63882.3,0.00001573,1030046573
1783370100953,sell,63882.8,0.00007186,1030046572
1783370100953,sell,63882.8,0.0000177,1030046571
1783370100951,sell,63884.8,0.00004,1030046570
1783370100951,sell,63884.8,0.030402,1030046569
1783370100946,sell,63884.8,0.0054,1030046568
1783370097420,buy,63884.9,0.0089489,1030046567
1783370096000,buy,63884.9,0.000015,1030046566
1783370096000,buy,63884.9,0.000015,1030046565
1783370096000,buy,63884.9,0.000015,1030046564
1783370090086,sell,63884.8,0.00084691,1030046563
1783370090079,sell,63884.8,0.00141668,1030046562
1783370090076,sell,63884.8,0.00078315,1030046561
1783370090068,sell,63884.8,0.02199999,1030046560
1783370090063,sell,63884.8,0.0013458,1030046559
1783370090061,sell,63884.8,0.00118173,1030046558
1783370090060,sell,63884.8,0.00202659,1030046557
1783370090058,sell,63884.8,0.00118756,1030046556
1783370090055,sell,63884.8,0.00136511,1030046555
1783370090054,sell,63884.8,0.00070945,1030046554
1783370090052,sell,63884.8,0.00098623,1030046553
1783370090041,sell,63884.8,0.00265558,1030046552
1783370090035,sell,63884.8,0.00307329,1030046551
1783370090033,sell,63884.8,0.00183483,1030046550
1783370090028,sell,63884.8,0.00085345,1030046549
1783370090025,sell,63884.8,0.0009165,1030046548
1783370090023,sell,63884.8,0.00092019,1030046547
1783370090021,sell,63884.8,0.00192611,1030046546
1783370090019,sell,63884.8,0.00320622,1030046545
1783370090017,sell,63884.8,0.00146605,1030046544
1783370090015,sell,63884.8,0.00357585,1030046543
1783370090012,sell,63884.8,0.00126319,1030046542
1783370090010,sell,63884.8,0.00215091,1030046541
1783370090008,sell,63884.8,0.00120179,1030046540
1783370090005,sell,63884.8,0.00381167,1030046539
1783370090004,sell,63884.8,0.00755147,1030046538
1783370090002,sell,63884.8,0.00333228,1030046537
1783370090001,sell,63884.8,0.05291619,1030046536
1783370089995,sell,63884.9,0.01,1030046535
1783370089982,sell,63886,0.00007461,1030046534
1783370089982,sell,63886,0.00001828,1030046533
1783370089982,sell,63886,0.00001235,1030046532
1783370089979,sell,63886.5,0.01,1030046531
1783370089978,sell,63886.6,0.01,1030046530
1783370089978,sell,63886.7,0.00821028,1030046529
1783370089976,sell,63886.7,0.00178972,1030046528
1783375248036,buy,64438.5,0.00030288,1030090912
1783375248036,buy,64438.5,0.0013,1030090911
1783375246711,sell,64438.4,0.00037516,1030090910
1783375246027,buy,64432,0.0012,1030090909
1783375245078,sell,64431.9,0.00003,1030090908
1783375244360,sell,64432.1,0.00060381,1030090907
1783375244360,sell,64432.8,0.00001501,1030090906
1783375244356,sell,64434.3,0.00000001,1030090905
1783375244356,sell,64435.3,0.00060381,1030090904
1783375244356,sell,64435.4,0.00004,1030090903
1783375244351,sell,64436.2,0.00064382,1030090902
1783375244351,sell,64436.7,0.0000156,1030090901
1783375244351,sell,64438,0.00001011,1030090900
1783375244346,sell,64443.7,0.00525115,1030090899
1783375243692,sell,64443.7,0.00166787,1030090898
1783375242408,buy,64443.8,0.000103,1030090897
1783375242408,buy,64443.8,0.0012,1030090896
1783375242408,buy,64443.8,0.0013,1030090895
1783375242154,buy,64442.5,0.00004,1030090894
1783375242154,buy,64442.4,0.0000156,1030090893
1783375242114,buy,64439.4,0.0012,1030090892
1783375241914,buy,64439.4,0.00000001,1030090891
1783375241914,buy,64439.4,0.0012,1030090890
1783375241911,buy,64440,0.00000001,1030090889
1783375241911,buy,64439.4,0.00046015,1030090888
1783375241911,buy,64439.3,0.00001501,1030090887
1783375241904,buy,64433.8,0.00115336,1030090886
1783375241780,buy,64433.8,0.00488481,1030090885
1783375241777,buy,64433.7,0.0000156,1030090884
1783375241777,buy,64432.9,0.00001501,1030090883
1783375241774,buy,64431.9,0.000805,1030090882
1783375241771,buy,64431,0.00004,1030090881
1783375241688,buy,64429.7,0.00004,1030090880
1783375241673,buy,64427.9,0.0000156,1030090879
1783375241670,buy,64426.7,0.01706276,1030090878
1783375241670,buy,64424.6,0.00004,1030090877
1783375241670,buy,64423.7,0.00010539,1030090876
1783375238207,buy,64423.7,0.000037,1030090875
1783375238207,buy,64423.7,0.00004,1030090874
1783375238055,buy,64422.4,0.00010539,1030090873
1783375238055,buy,64422.4,0.00004,1030090872
1783375236859,buy,64420.1,0.0914,1030090871
1783375236859,buy,64420.1,0.00920704,1030090870
1783375236859,buy,64420.1,0.0073,1030090869
1783375236751,buy,64420.1,0.032985,1030090868
1783375236751,buy,64420.1,0.0013,1030090867
1783375236751,buy,64420.1,0.0087,1030090866
1783375236751,buy,64420.1,0.000015,1030090865
1783375236694,buy,64416.3,0.0000156,1030090864
1783375236656,buy,64414.1,0.00130001,1030090863
1783375236653,buy,64414.1,0.00000001,1030090862
1783375236653,buy,64414.1,0.0013,1030090861
1783375236648,buy,64415.6,0.024,1030090860
1783375236648,buy,64415.6,0.026,1030090859
1783375236648,buy,64415.6,0.0080045,1030090858
1783375236648,buy,64413.7,0.000015,1030090857
1783375236648,buy,64413.4,0.0000156,1030090856
1783375236648,buy,64409.7,0.0179649,1030090855
1783375236645,buy,64404.2,0.00920932,1030090854
1783375236645,buy,64404.2,0.02183,1030090853
1783375236106,buy,64404.2,0.00017,1030090852
1783375235502,sell,64404.1,0.00062584,1030090851
1783375234835,sell,64404.1,0.0220751,1030090850
1783375234835,sell,64405.4,0.05079,1030090849
1783375234835,sell,64406.1,0.05067421,1030090848
1783375234835,sell,64406.2,0.00060388,1030090847
1783375234835,sell,64406.6,0.00001558,1030090846
1783375234835,sell,64406.9,0.00004,1030090845
1783375234835,sell,64407.2,0.00001501,1030090844
1783375234835,sell,64407.7,0.0000156,1030090843
1783375234835,sell,64408,0.00007815,1030090842
1783375234835,sell,64408.1,0.00001099,1030090841
1783375234835,sell,64408.1,0.00069999,1030090840
1783375234835,sell,64409.7,0.00060381,1030090839
1783375234835,sell,64412,0.01377423,1030090838
1783375234835,sell,64414,0.06162595,1030090837
1783375234774,sell,64416.4,0.00218055,1030090836
1783375234774,sell,64416.4,0.00001196,1030090835
1783375234771,sell,64418.4,0.00760587,1030090834
1783375234708,sell,64422.1,0.006,1030090833
1783375234696,sell,64422.2,0.073431,1030090832
1783375234696,sell,64422.2,0.08,1030090831
1783375234696,sell,64422.3,0.0012,1030090830
1783375234696,sell,64422.3,0.0087,1030090829
1783375234696,sell,64422.3,0.00007904,1030090828
1783375234696,sell,64422.3,0.05326775,1030090827
1783375234696,sell,64422.3,0.08,1030090826
1783375232221,sell,64422.3,0.00015276,1030090825
1783375229368,buy,64422.4,0.00077612,1030090824
1783375229368,buy,64422.4,0.00004656,1030090823
1783375229368,buy,64422.4,0.00024836,1030090822
1783375229367,buy,64422.4,0.00031045,1030090821
1783375229367,buy,64422.4,0.00031045,1030090820
1783375229366,buy,64422.4,0.00008226,1030090819
1783375229366,buy,64422.4,0.00003104,1030090818
1783375229366,buy,64422.4,0.00004656,1030090817
1783375229366,buy,64422.4,0.00007761,1030090816
1783375229366,buy,64422.4,0.00051224,1030090815
1783375229366,buy,64422.4,0.00015522,1030090814
1783375228940,buy,64422.4,0.00116419,1030090813
1783375301998,buy,64415.8,0.00174668,1030091012
1783375300418,sell,64415.7,0.001906,1030091011
1783375296419,buy,64415.8,0.00113091,1030091010
1783375294747,sell,64415.7,0.00543368,1030091009
1783375294231,buy,64415.8,0.00190791,1030091008
1783375292874,sell,64415.7,0.00034866,1030091007
1783375292430,buy,64415.8,0.00155241,1030091006
1783375290851,sell,64419.1,0.00083179,1030091005
1783375289882,sell,64419.1,0.00036821,1030091004
1783375289875,sell,64419.1,0.05643818,1030091003
1783375288247,buy,64413,0.00001,1030091002
1783375287981,sell,64412.9,0.00007916,1030091001
1783375287098,sell,64412.9,0.00006352,1030091000
1783375285679,sell,64412.9,0.01201029,1030090999
1783375283363,sell,64412.9,0.08389777,1030090998
1783375283363,sell,64412.9,0.08065818,1030090997
1783375283363,sell,64412.9,0.0012,1030090996
1783375283363,sell,64412.9,0.0914,1030090995
1783375283363,sell,64412.9,0.00010539,1030090994
1783375283363,sell,64412.9,0.06312791,1030090993
1783375283363,sell,64412.9,0.0087,1030090992
1783375280519,buy,64413,0.00015235,1030090991
1783375279400,sell,64412.9,0.00310702,1030090990
1783375279149,buy,64413,0.00392156,1030090989
1783375278941,sell,64412.9,0.0131333,1030090988
1783375278165,sell,64412.9,0.03310067,1030090987
1783375277349,sell,64412.9,0.0007409,1030090986
1783375277349,sell,64412.9,0.00105961,1030090985
1783375276369,buy,64413,0.0164593,1030090984
1783375274953,buy,64413,0.00003104,1030090983
1783375273380,sell,64412.9,0.00024039,1030090982
1783375273380,sell,64412.9,0.00060381,1030090981
1783375273366,buy,64413,0.00003104,1030090980
1783375273156,buy,64413,0.00039224,1030090979
1783375272610,buy,64413,0.00051231,1030090978
1783375270421,sell,64413.5,0.0000156,1030090977
1783375270421,sell,64413.6,0.00001501,1030090976
1783375270418,sell,64416.1,0.00097606,1030090975
1783375270418,sell,64416.1,0.00060381,1030090974
1783375270410,sell,64416.2,0.00000001,1030090973
1783375270410,sell,64416.5,0.000092,1030090972
1783375270403,sell,64416.7,0.00003808,1030090971
1783375270273,sell,64416.7,0.00256198,1030090970
1783375270273,sell,64416.7,0.00073375,1030090969
1783375270273,sell,64416.7,0.0000476,1030090968
1783375270045,buy,64416.8,0.00180232,1030090967
1783375269114,sell,64416.7,0.00061942,1030090966
1783375269112,sell,64419.3,0.00060381,1030090965
1783375269112,sell,64419.4,0.00046015,1030090964
1783375269109,sell,64422.5,0.00060381,1030090963
1783375269108,sell,64424.2,0.00124579,1030090962
1783375269107,sell,64425.1,0.0000156,1030090961
1783375269107,sell,64425.7,0.00060381,1030090960
1783375269106,sell,64426.6,0.00121884,1030090959
1783375269106,sell,64426.6,0.00008899,1030090958
1783375269106,sell,64426.6,0.01722014,1030090957
1783375264424,sell,64428.8,0.00064068,1030090956
1783375264424,sell,64428.9,0.00060381,1030090955
1783375264424,sell,64429.9,0.00004,1030090954
1783375264413,buy,64430,0.00018672,1030090953
1783375264381,sell,64430.1,0.0012,1030090952
1783375264376,sell,64430.1,0.00000001,1030090951
1783375264376,sell,64430.9,0.0000156,1030090950
1783375264374,sell,64432.1,0.00003999,1030090949
1783375264371,sell,64432.1,0.00056382,1030090948
1783375264371,sell,64432.8,0.00004,1030090947
1783375264371,sell,64432.8,0.00001501,1030090946
1783375264368,sell,64433.4,0.000565,1030090945
1783375264363,sell,64433.9,0.00004,1030090944
1783375264363,sell,64435.3,0.00060381,1030090943
1783375264363,sell,64436.1,0.00054349,1030090942
1783375264218,buy,64436.2,0.00175039,1030090941
1783375264061,sell,64436.1,0.00061942,1030090940
1783375264058,sell,64439.6,0.0000156,1030090939
1783375264053,sell,64443.1,0.04000001,1030090938
1783375264052,sell,64445.2,0.00227366,1030090937
1783375263552,sell,64445.2,0.00717854,1030090936
1783375263552,sell,64445.2,0.0012,1030090935
1783375263552,sell,64445.2,0.0013,1030090934
1783375262695,sell,64445.2,0.09491208,1030090933
1783375262695,sell,64445.2,0.01910108,1030090932
1783375262695,sell,64445.2,0.00710626,1030090931
1783375262695,sell,64445.2,0.00710626,1030090930
1783375262258,sell,64445.2,0.0063,1030090929
1783375261429,buy,64444.9,0.00004,1030090928
1783375261429,buy,64443.8,0.00073375,1030090927
1783375261429,buy,64442.2,0.00544894,1030090926
1783375261410,buy,64442.2,0.0005895,1030090925
1783375261050,buy,64442.2,0.00018444,1030090924
1783375258921,sell,64442.1,0.0000152,1030090923
1783375258921,sell,64442.1,0.0013,1030090922
1783375256915,buy,64442.2,0.01292654,1030090921
1783375256915,buy,64439.3,0.00001501,1030090920
1783375256915,buy,64438.5,0.0012,1030090919
1783375256915,buy,64438.5,0.0015,1030090918
1783375256915,buy,64438.5,0.00120762,1030090917
1783375256915,buy,64438.5,0.00843621,1030090916
1783375255225,sell,64438.4,0.00003275,1030090915
1783375253157,sell,64438.4,0.00030537,1030090914
1783375249967,sell,64438.4,0.00016793,1030090913
1783375359964,buy,64409.9,0.00465766,1030091177
1783375358372,buy,64409.9,0.00058037,1030091176
1783375358372,buy,64409.9,0.00004,1030091175
1783375357271,buy,64407.3,0.00060381,1030091174
1783375357271,buy,64407.3,0.000015,1030091173
1783375356568,buy,64400.3,0.06090919,1030091172
1783375354491,sell,64400.2,0.00023201,1030091171
1783375354319,buy,64399.9,0.0013,1030091170
1783375354319,buy,64399.9,0.0012,1030091169
1783375353055,sell,64401.9,0.0000156,1030091168
1783375353055,sell,64403,0.00060381,1030091167
1783375351731,buy,64414.8,0.00000001,1030091166
1783375351731,buy,64414.8,0.00004,1030091165
1783375351719,buy,64413.7,0.000015,1030091164
1783375351719,buy,64413.4,0.007575,1030091163
1783375351704,buy,64413.3,0.00071923,1030091162
1783375351224,buy,64412.7,0.00757508,1030091161
1783375351210,buy,64410.5,0.00001561,1030091160
1783375350829,buy,64406.2,0.00362286,1030091159
1783375349550,sell,64404.6,0.00020075,1030091158
1783375349545,buy,64400.9,0.00001501,1030091157
1783375349513,buy,64397.3,0.00001562,1030091156
1783375349513,buy,64396,0.00001561,1030091155
1783375349513,buy,64394.5,0.00001501,1030091154
1783375349513,buy,64394.2,0.00004,1030091153
1783375349456,sell,64394.1,0.00015764,1030091152
1783375349453,buy,64393.1,0.00001561,1030091151
1783375349453,buy,64392.4,0.00004,1030091150
1783375349408,buy,64390.2,0.00001561,1030091149
1783375349408,buy,64388.4,0.00017922,1030091148
1783375349406,buy,64385.6,0.06154615,1030091147
1783375349406,buy,64385.6,0.00801156,1030091146
1783375349406,buy,64385.6,0.00006751,1030091145
1783375347863,buy,64385.6,0.00001,1030091144
1783375347499,sell,64385.5,0.00059081,1030091143
1783375345789,buy,64385.6,0.00057383,1030091142
1783375345789,buy,64385.6,0.00000001,1030091141
1783375344735,sell,64388.3,0.00164838,1030091140
1783375342843,buy,64388.4,0.00031,1030091139
1783375340961,buy,64388.4,0.10034325,1030091138
1783375337060,buy,64388.4,0.00112176,1030091137
1783375335792,buy,64388.4,0.02052233,1030091136
1783375335351,buy,64388.4,0.07661368,1030091135
1783375335351,buy,64388.4,0.08631874,1030091134
1783375335351,buy,64388.4,0.00019158,1030091133
1783375335351,buy,64388.4,0.0087,1030091132
1783375335351,buy,64388.4,0.0392,1030091131
1783375335351,buy,64388.4,0.0012,1030091130
1783375335351,buy,64388.4,0.0013,1030091129
1783375335351,buy,64388.4,0.05135304,1030091128
1783375334565,buy,64388.4,0.00082577,1030091127
1783375334132,buy,64388.4,0.03922119,1030091126
1783375334132,buy,64388.4,0.00020479,1030091125
1783375334132,buy,64388.4,0.00234773,1030091124
1783375333763,buy,64388.4,0.00635227,1030091123
1783375333301,buy,64388.4,0.00232,1030091122
1783375333222,sell,64388.3,0.000219,1030091121
1783375333222,sell,64388.3,0.00000001,1030091120
1783375333178,buy,64388,0.00097958,1030091119
1783375333176,buy,64385.6,0.0914,1030091118
1783375333176,buy,64385.6,0.0013,1030091117
1783375333176,buy,64385.6,0.0012,1030091116
1783375333176,buy,64385.6,0.0087,1030091115
1783375332636,buy,64385.6,0.0013,1030091114
1783375332636,buy,64385.6,0.0087,1030091113
1783375332636,buy,64385.6,0.0914,1030091112
1783375332636,buy,64385.6,0.018,1030091111
1783375332636,buy,64385.6,0.0012,1030091110
1783375332636,buy,64385.6,0.08972211,1030091109
1783375332126,sell,64385.5,0.07222246,1030091108
1783375332126,sell,64385.6,0.04,1030091107
1783375332126,sell,64385.8,0.13956183,1030091106
1783375332126,sell,64386.1,0.01301472,1030091105
1783375332126,sell,64386.2,0.00004,1030091104
1783375332126,sell,64386.6,0.05551933,1030091103
1783375332126,sell,64386.6,0.09636368,1030091102
1783375332126,sell,64387,0.00060381,1030091101
1783375332126,sell,64387.4,0.0000156,1030091100
1783375332126,sell,64387.8,0.0615179,1030091099
1783375332126,sell,64387.9,0.01836775,1030091098
1783375332126,sell,64388.6,0.00007865,1030091097
1783375332126,sell,64390,0.00165095,1030091096
1783375332126,sell,64390,0.00028044,1030091095
1783375332126,sell,64390,0.00065183,1030091094
1783375332126,sell,64390,0.12302078,1030091093
1783375332069,buy,64390.1,0.00622473,1030091092
1783375331751,buy,64390.1,0.00155303,1030091091
1783375331633,buy,64390.1,0.00493375,1030091090
1783375331633,buy,64390.1,0.00129019,1030091089
1783375330207,sell,64390.2,0.00060381,1030091088
1783375330207,sell,64391.5,0.0005,1030091087
1783375329648,sell,64391.6,0.00059783,1030091086
1783375329648,sell,64391.6,0.00007917,1030091085
1783375329648,sell,64391.6,0.00014687,1030091084
1783375325342,buy,64391.7,0.00325,1030091083
1783375325325,buy,64391.7,0.00024599,1030091082
1783375325325,buy,64391.7,0.00027667,1030091081
1783375325325,buy,64391.7,0.00027667,1030091080
1783375325325,buy,64391.7,0.00027667,1030091079
1783375325325,buy,64391.7,0.00027667,1030091078
1783375413250,buy,64371.5,0.00310696,1030091474
1783375413121,sell,64371.4,0.01464106,1030091473
1783375413121,sell,64371.4,0.00001,1030091472
1783375412149,buy,64371.5,0.00001562,1030091471
1783375411414,sell,64368.3,0.00008144,1030091470
1783375411414,sell,64368.3,0.0087,1030091469
1783375411414,sell,64368.3,0.01721215,1030091468
1783375411050,sell,64368.3,0.00003685,1030091467
1783375411048,sell,64369.2,0.00051183,1030091466
1783375410529,sell,64370.5,0.00002115,1030091465
1783375410529,sell,64373.1,0.0012,1030091464
1783375410529,sell,64373.1,0.0006398,1030091463
1783375405020,buy,64371.6,0.00012,1030091462
1783375404776,sell,64371.5,0.00038965,1030091461
1783375404180,sell,64364.2,0.00002156,1030091460
1783375404180,sell,64364.2,0.00001561,1030091459
1783375404180,sell,64366.8,0.00017731,1030091458
1783375404180,sell,64366.8,0.00147391,1030091457
1783375403839,sell,64370,0.00001561,1030091456
1783375403839,sell,64371.2,0.00002187,1030091455
1783375403839,sell,64372.9,0.00001561,1030091454
1783375403839,sell,64373.3,0.00010691,1030091453
1783375403839,sell,64373.8,0.00044189,1030091452
1783375401771,sell,64375.2,0.00001501,1030091451
1783375401771,sell,64376.8,0.00002242,1030091450
1783375401771,sell,64377.1,0.00017962,1030091449
1783375401349,sell,64379.4,0.00022454,1030091448
1783375401178,buy,64379.5,0.00000999,1030091447
1783375401178,buy,64379.5,0.00000001,1030091446
1783375401065,sell,64380.7,0.00002304,1030091445
1783375401060,sell,64383.4,0.00037396,1030091444
1783375400588,buy,64372.4,0.06745473,1030091443
1783375400566,buy,64372.4,0.00012427,1030091442
1783375400511,buy,64367.2,0.00062943,1030091441
1783375399715,sell,64365.3,0.00000001,1030091440
1783375399715,sell,64366.1,0.00002359,1030091439
1783375399715,sell,64367.1,0.00004,1030091438
1783375399674,sell,64372.6,0.00005612,1030091437
1783375399674,sell,64373.3,0.00048285,1030091436
1783375399651,sell,64375.7,0.00059399,1030091435
1783375399648,sell,64377.9,0.00002381,1030091434
1783375399648,sell,64379.8,0.00005142,1030091433
1783375399646,sell,64379.8,0.01105613,1030091432
1783375399646,sell,64380.7,0.0023303,1030091431
1783375399511,buy,64380.8,0.00029209,1030091430
1783375396954,sell,64380.9,0.00002411,1030091429
1783375396698,sell,64383.8,0.00018792,1030091428
1783375396556,buy,64383.9,0.00421791,1030091427
1783375395894,buy,64383.9,0.00001,1030091426
1783375394833,sell,64386.4,0.00002479,1030091425
1783375394471,buy,64388.8,0.00001501,1030091424
1783375394471,buy,64388.1,0.00001501,1030091423
1783375394468,buy,64381.5,0.00001561,1030091422
1783375394441,buy,64379.4,0.00046015,1030091421
1783375394436,buy,64376.6,0.00004,1030091420
1783375394436,buy,64375.7,0.00001561,1030091419
1783375394436,buy,64375,0.0001208,1030091418
1783375394436,buy,64374.9,0.00029791,1030091417
1783375394434,buy,64373.9,0.00422667,1030091416
1783375394388,buy,64373.4,0.0087,1030091415
1783375394386,buy,64373.4,0.0012,1030091414
1783375394293,sell,64369.5,0.00017342,1030091413
1783375394255,buy,64369.6,0.00998499,1030091412
1783375394255,buy,64368.9,0.00001501,1030091411
1783375394253,buy,64365.2,0.00001562,1030091410
1783375394253,buy,64364.1,0.00001561,1030091409
1783375394251,buy,64363.2,0.01221607,1030091408
1783375394248,buy,64363.2,0.00075393,1030091407
1783375394248,buy,64363.2,0.01926182,1030091406
1783375394245,buy,64361.4,0.00004,1030091405
1783375394245,buy,64361.4,0.00021407,1030091404
1783375391585,sell,64361.3,0.00025642,1030091403
1783375391539,buy,64361.2,0.00001561,1030091402
1783375391539,buy,64359.4,0.00046015,1030091401
1783375391537,buy,64356.9,0.00078053,1030091400
1783375391537,buy,64356.9,0.00030858,1030091399
1783375391043,sell,64354,0.00002466,1030091398
1783375391001,sell,64355.5,0.00000001,1030091397
1783375391001,sell,64356.8,0.00067883,1030091396
1783375391001,sell,64356.8,0.00139129,1030091395
1783375390472,sell,64356.8,0.00057569,1030091394
1783375390302,sell,64356.8,0.00032986,1030091393
1783375390302,sell,64356.8,0.00000001,1030091392
1783375390269,buy,64356.1,0.00001501,1030091391
1783375390254,sell,64350,0.00040089,1030091390
1783375390205,sell,64350,0.00098645,1030091389
1783375390205,sell,64350,0.00000001,1030091388
1783375390201,buy,64349.7,0.00001501,1030091387
1783375390201,buy,64349.6,0.00001562,1030091386
1783375390198,buy,64345.9,0.00664578,1030091385
1783375390195,buy,64345.9,0.0013,1030091384
1783375390194,buy,64344.5,0.01,1030091383
1783375390194,buy,64344,0.01,1030091382
1783375390156,sell,64343.9,0.00119242,1030091381
1783375390156,sell,64343.9,0.00000001,1030091380
1783375390108,buy,64342.1,0.00161259,1030091379
1783375389987,sell,64342,0.00172381,1030091378
1783375389939,buy,64339.5,0.00184351,1030091377
1783375389939,buy,64339.5,0.00008973,1030091376
1783375389566,sell,64339.4,0.00001562,1030091375
1783375470579,sell,64375.9,0.00055595,1030091761
1783375467075,buy,64376,0.00006213,1030091760
1783375466552,buy,64376,0.00092629,1030091759
1783375466408,sell,64375.9,0.00207043,1030091758
1783375466365,buy,64375.8,0.00000001,1030091757
1783375466365,buy,64375.3,0.00001501,1030091756
1783375466361,buy,64374.4,0.00004,1030091755
1783375466361,buy,64373.9,0.00181143,1030091754
1783375466359,buy,64372.2,0.00832356,1030091753
1783375465843,sell,64372.1,0.0088976,1030091752
1783375465814,buy,64369.6,0.00002688,1030091751
1783375465814,buy,64368.9,0.000015,1030091750
1783375465795,buy,64367.4,0.00026,1030091749
1783375465795,buy,64367.3,0.00111399,1030091748
1783375464485,buy,64361.4,0.00020654,1030091747
1783375464438,sell,64361.5,0.00026,1030091746
1783375464438,sell,64362.1,0.0001,1030091745
1783375464438,sell,64364.3,0.00060381,1030091744
1783375464438,sell,64364.4,0.00004,1030091743
1783375464436,sell,64366.1,0.0000785,1030091742
1783375464436,sell,64367,0.00108,1030091741
1783375464434,sell,64367.5,0.00060381,1030091740
1783375464421,sell,64370,0.00001561,1030091739
1783375464421,sell,64370.5,0.0015,1030091738
1783375464421,sell,64370.7,0.00060381,1030091737
1783375464419,sell,64372.9,0.00001561,1030091736
1783375464419,sell,64373.6,0.00026367,1030091735
1783375464419,sell,64373.6,0.01903658,1030091734
1783375464410,sell,64373.6,0.03306342,1030091733
1783375464410,sell,64373.6,0.05210359,1030091732
1783375464410,sell,64373.6,0.00235664,1030091731
1783375463996,sell,64373.9,0.00060388,1030091730
1783375463996,sell,64374.9,0.000298,1030091729
1783375463996,sell,64375,0.0001208,1030091728
1783375463996,sell,64375.1,0.00004,1030091727
1783375463996,sell,64377.2,0.00036,1030091726
1783375463996,sell,64377.4,0.00060381,1030091725
1783375463992,sell,64379.1,0.00145384,1030091724
1783375463992,sell,64379.4,0.00046015,1030091723
1783375463988,sell,64380.3,0.00151019,1030091722
1783375463988,sell,64380.6,0.00060381,1030091721
1783375463982,sell,64380.9,0.00060382,1030091720
1783375463982,sell,64381.4,0.00050871,1030091719
1783375463982,sell,64381.4,0.00050871,1030091718
1783375463982,sell,64381.4,0.00015,1030091717
1783375463972,sell,64383.5,0.02551134,1030091716
1783375463819,sell,64383.8,0.00060381,1030091715
1783375463819,sell,64385,0.00226024,1030091714
1783375462612,sell,64385,0.0008154,1030091713
1783375462336,sell,64387,0.00001004,1030091712
1783375462336,sell,64387,0.00064774,1030091711
1783375461744,sell,64387,0.00119641,1030091710
1783375461744,sell,64387,0.00060381,1030091709
1783375458721,buy,64387.1,0.0003,1030091708
1783375457783,sell,64391.6,0.00229139,1030091707
1783375457591,buy,64391.7,0.00823398,1030091706
1783375457423,buy,64391.4,0.00002771,1030091705
1783375457301,sell,64390.2,0.00017689,1030091704
1783375457301,sell,64390.2,0.00060381,1030091703
1783375457239,sell,64399.3,0.0104862,1030091702
1783375457239,sell,64401.8,0.00290905,1030091701
1783375457239,sell,64401.8,0.0521,1030091700
1783375457239,sell,64401.8,0.0521,1030091699
1783375457239,sell,64401.8,0.0521,1030091698
1783375457239,sell,64401.8,0.0521,1030091697
1783375457239,sell,64401.8,0.00052816,1030091696
1783375456898,buy,64401.9,0.00001,1030091695
1783375456337,buy,64401.9,0.00010403,1030091694
1783375456207,buy,64401.9,0.06790499,1030091693
1783375456207,buy,64400.9,0.00001501,1030091692
1783375456207,buy,64399.4,0.00008,1030091691
1783375456207,buy,64399,0.012,1030091690
1783375456206,buy,64394.7,0.00002857,1030091689
1783375456206,buy,64394.1,0.01694316,1030091688
1783375455788,sell,64390.3,0.00001561,1030091687
1783375455788,sell,64391.5,0.00049968,1030091686
1783375455788,sell,64393.4,0.00060381,1030091685
1783375455784,sell,64396.1,0.00001561,1030091684
1783375455784,sell,64396.6,0.00060381,1030091683
1783375455784,sell,64396.9,0.00008,1030091682
1783375455784,sell,64399,0.00001561,1030091681
1783375455784,sell,64399.4,0.00046015,1030091680
1783375455782,sell,64399.8,0.00060381,1030091679
1783375455782,sell,64399.8,0.00029611,1030091678
1783375455782,sell,64400,0.00017687,1030091677
1783375455782,sell,64400,0.0434,1030091676
1783375455782,sell,64400,0.0434,1030091675
1783375455782,sell,64400,0.0434,1030091674
1783375455782,sell,64400,0.0175,1030091673
1783375455782,sell,64400,0.01523418,1030091672
1783375455770,sell,64400,0.00226582,1030091671
1783375455770,sell,64400,0.0001208,1030091670
1783375455514,sell,64400.8,0.00001501,1030091669
1783375455514,sell,64401.9,0.00001561,1030091668
1783375455514,sell,64403,0.00060381,1030091667
1783375455514,sell,64405.3,0.00004,1030091666
1783375455511,sell,64406.2,0.00060388,1030091665
1783375455511,sell,64407.7,0.0000156,1030091664
1783375455511,sell,64409.7,0.00060381,1030091663
1783375455509,sell,64412.4,0.00345866,1030091662
1783379939045,sell,64176.8,0.00001143,1030103557
1783379936202,sell,64176.8,0.00019181,1030103556
1783379936202,sell,64176.8,0.00126319,1030103555
1783379934895,sell,64176.8,0.00023681,1030103554
1783379933613,sell,64177,0.00060388,1030103553
1783379933613,sell,64179.4,0.00046015,1030103552
1783379933609,sell,64179.9,0.00005729,1030103551
1783379933609,sell,64180.2,0.00156101,1030103550
1783379933609,sell,64180.2,0.00051406,1030103549
1783379931351,buy,64180.3,0.0012189,1030103548
1783379927624,sell,64180.2,0.01036628,1030103547
1783379927061,sell,64180.2,0.00053311,1030103546
1783379927061,sell,64180.2,0.00060388,1030103545
1783379927059,sell,64181.7,0.00030984,1030103544
1783379927051,buy,64181.8,0.00001,1030103543
1783379925652,sell,64182,0.00001566,1030103542
1783379925652,sell,64182.7,0.00004,1030103541
1783379925652,sell,64183.4,0.00060388,1030103540
1783379925652,sell,64184.9,0.00005937,1030103539
1783379925652,sell,64186.6,0.00038155,1030103538
1783379925652,sell,64186.6,0.00060388,1030103537
1783379922263,sell,64189.8,0.00060388,1030103536
1783379922263,sell,64190.7,0.00004,1030103535
1783379922263,sell,64190.7,0.00001566,1030103534
1783379922263,sell,64192.5,0.013348,1030103533
1783379922263,sell,64193,0.00060388,1030103532
1783379922263,sell,64193.6,0.00001565,1030103531
1783379922263,sell,64194.4,0.00006127,1030103530
1783379922263,sell,64196.1,0.00285693,1030103529
1783379922263,sell,64196.1,0.00001064,1030103528
1783379922263,sell,64196.1,0.00044561,1030103527
1783379921404,sell,64197.9,0.00004,1030103526
1783379921404,sell,64197.9,0.0000637,1030103525
1783379921404,sell,64199.9,0.00208467,1030103524
1783379921404,sell,64199.9,0.00001079,1030103523
1783379918510,sell,64199.9,0.00024,1030103522
1783379916473,buy,64199.9,0.01,1030103521
1783379916466,buy,64196.8,0.025188,1030103520
1783379916466,buy,64196.8,0.06933265,1030103519
1783379916384,buy,64196.7,0.00031279,1030103518
1783379915650,sell,64196.6,0.04220723,1030103517
1783379915650,sell,64196.6,0.0013,1030103516
1783379914794,sell,64199.3,0.00006591,1030103515
1783379914794,sell,64200,0.00004,1030103514
1783379914676,sell,64205.1,0.00001565,1030103513
1783379914676,sell,64207,0.00007072,1030103512
1783379914676,sell,64207.2,0.00209086,1030103511
1783379914652,sell,64208.3,0.00615636,1030103510
1783379914652,sell,64208.4,0.0072736,1030103509
1783379914621,sell,64208.4,0.0027264,1030103508
1783379914621,sell,64208.5,0.00730862,1030103507
1783379914621,sell,64208.5,0.00213502,1030103506
1783379914620,sell,64208.5,0.00055636,1030103505
1783379914620,sell,64208.7,0.00013971,1030103504
1783379914620,sell,64208.7,0.0001139,1030103503
1783379914620,sell,64208.7,0.00027121,1030103502
1783379914620,sell,64208.7,0.00205764,1030103501
1783379914620,sell,64208.7,0.0039306,1030103500
1783379914620,sell,64208.7,0.00745877,1030103499
1783379914620,sell,64208.7,0.00220683,1030103498
1783379911481,sell,64208.7,0.00136307,1030103497
1783379910380,sell,64208.7,0.01557421,1030103496
1783379909770,sell,64208.7,0.00019095,1030103495
1783379909294,sell,64208.7,0.0015,1030103494
1783379907753,buy,64208.8,0.00015574,1030103493
1783379907400,buy,64208.8,0.00061691,1030103492
1783379906269,buy,64208.8,0.00057468,1030103491
1783379902169,buy,64208.8,0.00003114,1030103490
1783379900539,buy,64208.8,0.0001168,1030103489
1783379898918,buy,64208.8,0.00001502,1030103488
1783379898915,buy,64207.9,0.00001565,1030103487
1783379898915,buy,64205,0.00001566,1030103486
1783379898908,buy,64203.8,0.00001,1030103485
1783379898908,buy,64202.4,0.00004,1030103484
1783379898908,buy,64200.6,0.00064348,1030103483
1783379898906,buy,64199.8,0.01,1030103482
1783379898906,buy,64199.7,0.01,1030103481
1783379898906,buy,64199.6,0.01,1030103480
1783379898460,buy,64199.4,0.00046015,1030103479
1783379898457,buy,64199.2,0.00001566,1030103478
1783379898454,buy,64197.3,0.026,1030103477
1783379898454,buy,64197.3,0.026,1030103476
1783379898453,buy,64196.2,0.00151515,1030103475
1783379898453,buy,64196.2,0.02136383,1030103474
1783379896898,buy,64196.2,0.00063617,1030103473
1783379894503,sell,64198.1,0.00052756,1030103472
1783379894503,sell,64198.1,0.00052756,1030103471
1783379894503,sell,64198.1,0.00050212,1030103470
1783379894503,sell,64198.1,0.00512817,1030103469
1783379894166,buy,64198.2,0.00007788,1030103468
1783379893206,sell,64198.1,0.0004719,1030103467
1783379891069,buy,64198.2,0.00010747,1030103466
1783379884302,buy,64198.2,0.00001,1030103465
1783379883478,buy,64198.2,0.00234503,1030103464
1783379883343,buy,64196.2,0.00362328,1030103463
1783379883337,buy,64196.1,0.00001501,1030103462
1783379883337,buy,64195.8,0.00004,1030103461
1783379882138,buy,64193.5,0.00740573,1030103460
1783379882035,sell,64193.4,0.0046885,1030103459
1783379882029,sell,64193.4,0.00355912,1030103458
1783379996009,buy,64182.4,0.01263218,1030103657
1783379995193,sell,64184.8,0.0000687,1030103656
1783379995193,sell,64184.9,0.00001566,1030103655
1783379995193,sell,64186.4,0.00155811,1030103654
1783379995193,sell,64186.4,0.00421063,1030103653
1783379993821,sell,64186.4,0.00217263,1030103652
1783379993728,buy,64186.5,0.00078209,1030103651
1783379992698,sell,64186.4,0.00044641,1030103650
1783379991511,sell,64186.4,0.01949851,1030103649
1783379991132,buy,64186.5,0.00007,1030103648
1783379990973,sell,64186.4,0.03443774,1030103647
1783379989383,sell,64187.9,0.00006915,1030103646
1783379989383,sell,64189.3,0.00388656,1030103645
1783379988954,buy,64189.4,0.00217481,1030103644
1783379988328,sell,64189.3,0.00092723,1030103643
1783379980642,sell,64189.3,0.00078393,1030103642
1783379978949,sell,64189.3,0.00415768,1030103641
1783379976275,sell,64189.3,0.00022178,1030103640
1783379976260,buy,64185.8,0.00004,1030103639
1783379976226,buy,64184.8,0.00030616,1030103638
1783379976226,buy,64184.8,0.00023707,1030103637
1783379975745,sell,64184.7,0.00025342,1030103636
1783379975697,buy,64181.5,0.00004,1030103635
1783379975697,buy,64181.5,0.00012474,1030103634
1783379975697,buy,64181.5,0.00038124,1030103633
1783379972851,sell,64181.4,0.00040754,1030103632
1783379972803,buy,64179.5,0.00024195,1030103631
1783379972803,buy,64179.1,0.0050839,1030103630
1783379972793,buy,64179,0.00001566,1030103629
1783379972793,buy,64178.5,0.00004,1030103628
1783379970067,sell,64177.8,0.00056081,1030103627
1783379969473,sell,64177.8,0.01248311,1030103626
1783379965396,sell,64173.3,0.00035488,1030103625
1783379960642,sell,64173.3,0.02235218,1030103624
1783379960642,sell,64173.3,0.00319968,1030103623
1783379957902,sell,64173.8,0.00060388,1030103622
1783379957902,sell,64174.6,0.00006285,1030103621
1783379957902,sell,64175,0.00047152,1030103620
1783379957900,sell,64175,0.00173445,1030103619
1783379957900,sell,64175,0.0001208,1030103618
1783379957900,sell,64176.4,0.00165629,1030103617
1783379957563,sell,64176.4,0.00024,1030103616
1783379957552,sell,64176.4,0.00018139,1030103615
1783379957552,sell,64176.4,0.00013861,1030103614
1783379957541,sell,64176.4,0.00056,1030103613
1783379957528,sell,64176.4,0.00016,1030103612
1783379956758,sell,64176.6,0.0014711,1030103611
1783379956756,sell,64176.6,0.00064142,1030103610
1783379956756,sell,64176.6,0.00029999,1030103609
1783379956756,sell,64176.6,0.00069999,1030103608
1783379951673,buy,64176.7,0.00007781,1030103607
1783379950874,buy,64176.7,0.00301975,1030103606
1783379948434,buy,64176.7,0.00009722,1030103605
1783379948434,buy,64176.7,0.00009722,1030103604
1783379948434,buy,64176.7,0.00009722,1030103603
1783379948434,buy,64176.7,0.00009722,1030103602
1783379948434,buy,64176.7,0.00009722,1030103601
1783379948434,buy,64176.7,0.00009722,1030103600
1783379948434,buy,64176.7,0.00009722,1030103599
1783379948434,buy,64176.7,0.00009722,1030103598
1783379948434,buy,64176.7,0.00009722,1030103597
1783379948434,buy,64176.7,0.00009722,1030103596
1783379948434,buy,64176.7,0.00009722,1030103595
1783379948434,buy,64176.7,0.00009722,1030103594
1783379948434,buy,64176.7,0.00009722,1030103593
1783379948434,buy,64176.7,0.00009722,1030103592
1783379948434,buy,64176.7,0.00009722,1030103591
1783379948434,buy,64176.7,0.00009722,1030103590
1783379948434,buy,64176.7,0.00009722,1030103589
1783379948434,buy,64176.7,0.00009722,1030103588
1783379948434,buy,64176.7,0.00009722,1030103587
1783379948434,buy,64176.7,0.00009722,1030103586
1783379948434,buy,64176.7,0.00009722,1030103585
1783379948434,buy,64176.7,0.00009722,1030103584
1783379948434,buy,64176.7,0.00009722,1030103583
1783379948434,buy,64176.7,0.00009722,1030103582
1783379948434,buy,64176.7,0.00009722,1030103581
1783379948434,buy,64176.7,0.00009722,1030103580
1783379948434,buy,64176.7,0.00009722,1030103579
1783379948434,buy,64176.7,0.00009722,1030103578
1783379948434,buy,64176.7,0.00009722,1030103577
1783379948434,buy,64176.7,0.00009722,1030103576
1783379948434,buy,64176.7,0.00009722,1030103575
1783379948434,buy,64176.7,0.00009722,1030103574
1783379948434,buy,64176.7,0.00009722,1030103573
1783379948434,buy,64176.7,0.00009722,1030103572
1783379948434,buy,64176.7,0.00009722,1030103571
1783379948434,buy,64176.7,0.00009722,1030103570
1783379948434,buy,64176.7,0.00009722,1030103569
1783379948434,buy,64176.7,0.00009722,1030103568
1783379948434,buy,64176.7,0.00009722,1030103567
1783379948434,buy,64176.7,0.00009721,1030103566
1783379948434,buy,64176.7,0.00000001,1030103565
1783379948116,sell,64176.9,0.00006298,1030103564
1783379948116,sell,64179,0.001115,1030103563
1783379944067,sell,64179,0.00543451,1030103562
1783379944033,buy,64177.7,0.002701,1030103561
1783379944019,buy,64176.9,0.00017478,1030103560
1783379943230,sell,64176.8,0.00269564,1030103559
1783379942804,sell,64176.8,0.00064367,1030103558
1783380051957,buy,64163.6,0.00054392,1030104099
1783380051807,sell,64163.5,0.00494213,1030104098
1783380051447,buy,64161.7,0.00004,1030104097
1783380051447,buy,64161.7,0.00001567,1030104096
1783380051416,buy,64158.7,0.00003117,1030104095
1783380051416,buy,64158.7,0.01,1030104094
1783380051416,buy,64158.6,0.00680663,1030104093
1783380051416,buy,64158.6,0.01,1030104092
1783380051416,buy,64158.5,0.01,1030104091
1783380050473,sell,64158.4,0.00849,1030104090
1783380050438,buy,64157.6,0.00004,1030104089
1783380050256,buy,64155.9,0.00000999,1030104088
1783380050256,buy,64155.9,0.00000001,1030104087
1783380048492,sell,64155.8,0.00105386,1030104086
1783380045410,sell,64155.8,0.000479,1030104085
1783380045294,sell,64155.8,0.001973,1030104084
1783380045154,sell,64156.4,0.00008715,1030104083
1783380045151,sell,64158.4,0.01,1030104082
1783380045151,sell,64158.5,0.01,1030104081
1783380045151,sell,64158.6,0.00028605,1030104080
1783380045151,sell,64158.6,0.01,1030104079
1783380043709,buy,64158.7,0.00039064,1030104078
1783380043229,buy,64158.7,0.00007793,1030104077
1783380042654,buy,64158.7,0.00015585,1030104076
1783380042654,buy,64158.7,0.00000001,1030104075
1783380041989,sell,64158.8,0.00036659,1030104074
1783380041989,sell,64158.8,0.0012,1030104073
1783380041961,buy,64158.9,0.00001,1030104072
1783380041217,buy,64158.7,0.01,1030104071
1783380041217,buy,64158.6,0.01,1030104070
1783380041217,buy,64158.5,0.01,1030104069
1783380040018,sell,64158.4,0.00015637,1030104068
1783380039969,buy,64155.9,0.00029681,1030104067
1783380039965,buy,64155.9,0.025,1030104066
1783380039965,buy,64155.9,0.028,1030104065
1783380039965,buy,64155.9,0.025,1030104064
1783380039965,buy,64155.9,0.04,1030104063
1783380039922,buy,64155.9,0.003,1030104062
1783380039445,buy,64155.9,0.027,1030104061
1783380039445,buy,64155.9,0.027,1030104060
1783380039372,sell,64155.8,0.00035865,1030104059
1783380039372,sell,64155.8,0.00000001,1030104058
1783380039324,buy,64150.8,0.00038341,1030104057
1783380039228,buy,64150.8,0.00998002,1030104056
1783380039225,buy,64150.8,0.028,1030104055
1783380039225,buy,64150.8,0.028,1030104054
1783380038148,buy,64150.8,0.00324753,1030104053
1783380037871,sell,64150.7,0.01898753,1030104052
1783380037871,sell,64151.2,0.00001501,1030104051
1783380037871,sell,64154.7,0.00008971,1030104050
1783380037871,sell,64156.3,0.01,1030104049
1783380037871,sell,64156.4,0.01,1030104048
1783380037871,sell,64156.5,0.01,1030104047
1783380037871,sell,64156.7,0.000014,1030104046
1783380037871,sell,64156.7,0.00012474,1030104045
1783380037871,sell,64156.7,0.00616699,1030104044
1783380037352,sell,64158.8,0.00000001,1030104043
1783380037352,sell,64161.4,0.0012,1030104042
1783380037305,buy,64161.5,0.08,1030104041
1783380037305,sell,64161.4,0.00070639,1030104040
1783380037294,buy,64161.5,0.00351631,1030104039
1783380037294,buy,64161.1,0.00009,1030104038
1783380037294,buy,64158.8,0.00001567,1030104037
1783380037294,buy,64158.1,0.01,1030104036
1783380037294,buy,64158,0.01,1030104035
1783380037294,buy,64157.9,0.01,1030104034
1783380037294,buy,64157.3,0.00004,1030104033
1783380037294,buy,64156.8,0.00004459,1030104032
1783380037294,buy,64156.8,0.00629343,1030104031
1783380037288,buy,64156.8,0.009,1030104030
1783380037288,buy,64156.8,0.05248357,1030104029
1783380037288,buy,64155.9,0.00001567,1030104028
1783380037288,buy,64153,0.00001567,1030104027
1783380037288,buy,64152.9,0.01848509,1030104026
1783380037286,buy,64150.8,0.0000448,1030104025
1783380037263,buy,64150.1,0.00001567,1030104024
1783380037263,buy,64147.5,0.00004,1030104023
1783380037256,buy,64144.1,0.00573649,1030104022
1783380037256,buy,64144.1,0.04062289,1030104021
1783380037253,buy,64144.1,0.027,1030104020
1783380037253,buy,64144.1,0.027,1030104019
1783380037250,buy,64144.1,0.31416775,1030104018
1783380036746,sell,64144,0.00692,1030104017
1783380036628,sell,64144,0.00980921,1030104016
1783380035340,buy,64144.1,0.00031731,1030104015
1783380034507,sell,64144,0.00881,1030104014
1783380034277,sell,64144,0.0049955,1030104013
1783380033582,buy,64144.1,0.13177139,1030104012
1783380033195,buy,64144.1,0.013,1030104011
1783380033193,buy,64144.1,0.014,1030104010
1783380033191,buy,64144.1,0.014,1030104009
1783380033186,buy,64144.1,0.026,1030104008
1783380033186,buy,64144.1,0.026,1030104007
1783380032960,sell,64144,0.0145,1030104006
1783380032643,buy,64144.1,0.026,1030104005
1783380032643,buy,64144.1,0.026,1030104004
1783380032516,buy,64144.1,0.00078417,1030104003
1783380032343,buy,64144.1,0.026,1030104002
1783380032343,buy,64144.1,0.026,1030104001
1783380032288,buy,64144.1,0.00035927,1030104000
1783380107499,sell,64141.5,0.00030568,1030104424
1783380104407,sell,64141.5,0.07366794,1030104423
1783380104407,sell,64141.5,0.08227723,1030104422
1783380102263,buy,64141.6,0.02504147,1030104421
1783380101072,buy,64141.6,0.028,1030104420
1783380101071,buy,64141.6,0.028,1030104419
1783380100264,sell,64141.5,0.01272277,1030104418
1783380100176,buy,64141.6,0.01144956,1030104417
1783380100176,buy,64141.5,0.00001567,1030104416
1783380100176,buy,64140.7,0.00075277,1030104415
1783380100176,buy,64140,0.067782,1030104414
1783380100143,buy,64139.6,0.00966651,1030104413
1783380100143,buy,64136.7,0.01733349,1030104412
1783380100142,buy,64136.7,0.00000001,1030104411
1783380100142,buy,64136.2,0.00004,1030104410
1783380100142,buy,64135.7,0.00001567,1030104409
1783380100139,buy,64134.5,0.01824622,1030104408
1783380100139,buy,64133.6,0.05474492,1030104407
1783380100139,buy,64133.6,0.029,1030104406
1783380100138,buy,64133.6,0.029,1030104405
1783380100138,buy,64133.6,0.21009661,1030104404
1783380100138,buy,64133.6,0.00251541,1030104403
1783380100138,buy,64133.6,0.01641541,1030104402
1783380100137,buy,64133.6,0.05790765,1030104401
1783380100137,buy,64133.5,0.00120776,1030104400
1783380100137,buy,64130.5,0.00001171,1030104399
1783380100137,buy,64130.4,0.00033324,1030104398
1783380100137,buy,64130.4,0.02969308,1030104397
1783380100136,buy,64130.4,0.1142,1030104396
1783380100136,buy,64130.4,0.09308473,1030104395
1783380100120,sell,64130.3,0.00046313,1030104394
1783380092329,sell,64130.3,0.00834432,1030104393
1783380089774,sell,64130.3,0.01931568,1030104392
1783380088935,buy,64129.6,0.0013,1030104391
1783380088773,buy,64127.2,0.00001205,1030104390
1783380088763,buy,64125.1,0.00041589,1030104389
1783380088673,sell,64125,0.00050915,1030104388
1783380088673,sell,64125,0.00141205,1030104387
1783380088673,sell,64125,0.0080788,1030104386
1783380088381,buy,64125.1,0.00033066,1030104385
1783380088092,sell,64125,0.00040005,1030104384
1783380088092,sell,64125,0.00039485,1030104383
1783380088092,sell,64125,0.02259691,1030104382
1783380087664,sell,64125,0.00034245,1030104381
1783380087455,sell,64125,0.00105936,1030104380
1783380086564,sell,64125,0.0033608,1030104379
1783380086564,sell,64125,0.00129988,1030104378
1783380086564,sell,64125,0.00004957,1030104377
1783380086564,sell,64125,0.00001034,1030104376
1783380086564,sell,64125,0.00010209,1030104375
1783380086564,sell,64125,0.00002947,1030104374
1783380086564,sell,64125,0.00007632,1030104373
1783380086564,sell,64125,0.00108096,1030104372
1783380086564,sell,64125,0.00006785,1030104371
1783380086564,sell,64125,0.00002832,1030104370
1783380086564,sell,64125,0.00028728,1030104369
1783380086564,sell,64125,0.00131144,1030104368
1783380086564,sell,64125,0.00008004,1030104367
1783380086564,sell,64125,0.00001848,1030104366
1783380086275,buy,64125.1,0.00216763,1030104365
1783380085339,buy,64125.1,0.00003897,1030104364
1783380085339,buy,64125.1,0.00000001,1030104363
1783380084649,sell,64125,0.00063932,1030104362
1783380084649,sell,64125,0.00016304,1030104361
1783380084649,sell,64125,0.00004078,1030104360
1783380084649,sell,64125,0.00008445,1030104359
1783380084649,sell,64125,0.00097838,1030104358
1783380084649,sell,64125,0.00001562,1030104357
1783380084649,sell,64125,0.00038907,1030104356
1783380084649,sell,64125,0.0001208,1030104355
1783380084037,sell,64127.1,0.00001567,1030104354
1783380082812,buy,64130.5,0.00050656,1030104353
1783380082812,buy,64130.5,0.0052,1030104352
1783380082812,buy,64130.5,0.0054,1030104351
1783380081161,sell,64130.4,0.00001143,1030104350
1783380080494,sell,64130.4,0.00078916,1030104349
1783380079470,sell,64130.4,0.00015513,1030104348
1783380079213,buy,64130.1,0.00001237,1030104347
1783380079213,buy,64128.1,0.00779342,1030104346
1783380079135,buy,64128.1,0.027,1030104345
1783380079135,buy,64128.1,0.027,1030104344
1783380078962,buy,64127.8,0.00001,1030104343
1783380078962,buy,64127.1,0.00001274,1030104342
1783380078962,buy,64125.1,0.0091,1030104341
1783380078962,buy,64125.1,0.004,1030104340
1783380078771,buy,64125.1,0.003,1030104339
1783380078617,buy,64125.1,0.002,1030104338
1783380078343,sell,64125.2,0.00060388,1030104337
1783380078343,sell,64125.3,0.00046784,1030104336
1783380078343,sell,64125.3,0.00031081,1030104335
1783380078343,sell,64125.4,0.00001003,1030104334
1783380078343,sell,64125.5,0.00001004,1030104333
1783380078343,sell,64125.5,0.00001115,1030104332
1783380078343,sell,64125.8,0.00011304,1030104331
1783380078343,sell,64125.8,0.00002665,1030104330
1783380078343,sell,64125.9,0.00001133,1030104329
1783380078343,sell,64125.9,0.00001084,1030104328
1783380078343,sell,64126.2,0.00726505,1030104327
1783380078343,sell,64126.2,0.00002027,1030104326
1783380078343,sell,64126.4,0.00001396,1030104325
1783380162602,sell,64134.4,0.00001446,1030104549
1783380162602,sell,64134.4,0.00003585,1030104548
1783380159510,sell,64135.8,0.0002597,1030104547
1783380159461,sell,64135.8,0.00000001,1030104546
1783380159461,sell,64135.8,0.00001567,1030104545
1783380159461,sell,64136.2,0.00003751,1030104544
1783380156818,sell,64138.4,0.000015,1030104543
1783380156818,sell,64139,0.00001,1030104542
1783380156818,sell,64139.9,0.00004,1030104541
1783380156818,sell,64140.5,0.00003898,1030104540
1783380156542,sell,64140.8,0.00001,1030104539
1783380155492,buy,64142.1,0.00520515,1030104538
1783380155492,buy,64142.1,0.00000001,1030104537
1783380155424,sell,64142.6,0.00004,1030104536
1783380155424,sell,64144,0.00004115,1030104535
1783380155424,sell,64144.8,0.00001501,1030104534
1783380155424,sell,64145.1,0.00167285,1030104533
1783380154157,sell,64145.1,0.0001,1030104532
1783380153407,sell,64145.1,0.00062751,1030104531
1783380151744,sell,64146,0.01470017,1030104530
1783380151610,sell,64146.4,0.00003999,1030104529
1783380151607,sell,64146.4,0.00000001,1030104528
1783380151607,sell,64147.4,0.00001567,1030104527
1783380151607,sell,64147.7,0.00064445,1030104526
1783380151607,sell,64149.2,0.00004766,1030104525
1783380151604,sell,64151.2,0.00056955,1030104524
1783380151604,sell,64151.2,0.00056956,1030104523
1783380151604,sell,64151.2,0.00612609,1030104522
1783380149523,buy,64151.3,0.00024902,1030104521
1783380146887,buy,64151.3,0.00019248,1030104520
1783380146887,buy,64151.3,0.00019248,1030104519
1783380146887,buy,64151.3,0.00019248,1030104518
1783380146887,buy,64151.3,0.00019248,1030104517
1783380146887,buy,64151.3,0.00019248,1030104516
1783380146887,buy,64151.3,0.00019248,1030104515
1783380146887,buy,64151.3,0.00019248,1030104514
1783380146887,buy,64151.3,0.00019248,1030104513
1783380146887,buy,64151.3,0.00019248,1030104512
1783380146887,buy,64151.3,0.00019248,1030104511
1783380146887,buy,64151.3,0.00019248,1030104510
1783380146887,buy,64151.3,0.00019248,1030104509
1783380146887,buy,64151.3,0.00019248,1030104508
1783380146887,buy,64151.3,0.00019248,1030104507
1783380146887,buy,64151.3,0.00019248,1030104506
1783380146887,buy,64151.3,0.00019248,1030104505
1783380146887,buy,64151.3,0.00019248,1030104504
1783380146887,buy,64151.3,0.00019248,1030104503
1783380146887,buy,64151.3,0.00019248,1030104502
1783380146887,buy,64151.3,0.00019248,1030104501
1783380146887,buy,64151.3,0.00019248,1030104500
1783380146887,buy,64151.3,0.00019248,1030104499
1783380146887,buy,64151.3,0.00019248,1030104498
1783380146887,buy,64151.3,0.00019248,1030104497
1783380146887,buy,64151.3,0.00019248,1030104496
1783380146887,buy,64151.3,0.00019248,1030104495
1783380146887,buy,64151.3,0.00019248,1030104494
1783380146887,buy,64151.3,0.00019248,1030104493
1783380146887,buy,64151.3,0.00019248,1030104492
1783380146887,buy,64151.3,0.00019248,1030104491
1783380146887,buy,64151.3,0.00019248,1030104490
1783380146887,buy,64151.3,0.00019248,1030104489
1783380146887,buy,64151.3,0.00019248,1030104488
1783380146887,buy,64151.3,0.00019248,1030104487
1783380146887,buy,64151.3,0.00019248,1030104486
1783380146887,buy,64151.3,0.00019248,1030104485
1783380145164,sell,64151.2,0.00030722,1030104484
1783380143739,buy,64151.3,0.00003117,1030104483
1783380143440,sell,64151.2,0.00230093,1030104482
1783380142466,buy,64151.3,0.028,1030104481
1783380142466,buy,64151.3,0.028,1030104480
1783380140567,buy,64151.3,0.00003117,1030104479
1783380140567,buy,64151.3,0.00003117,1030104478
1783380139690,buy,64151.3,0.025,1030104477
1783380138173,buy,64151.3,0.029,1030104476
1783380138173,buy,64151.3,0.004,1030104475
1783380136539,buy,64151.3,0.00003117,1030104474
1783380136450,buy,64150.1,0.00065696,1030104473
1783380136325,buy,64150.1,0.028,1030104472
1783380136325,buy,64150.1,0.028,1030104471
1783380134938,buy,64150.1,0.00004676,1030104470
1783380132387,buy,64150.1,0.028,1030104469
1783380132387,buy,64150.1,0.028,1030104468
1783380132359,sell,64150,0.00077942,1030104467
1783380127702,buy,64150.1,0.028,1030104466
1783380127702,buy,64150.1,0.028,1030104465
1783380127438,buy,64150.1,0.04677749,1030104464
1783380126952,sell,64150,0.00070227,1030104463
1783380126903,sell,64145.1,0.0007507,1030104462
1783380126854,buy,64145.1,0.00080255,1030104461
1783380126775,buy,64145.1,0.027,1030104460
1783380126775,buy,64145.1,0.027,1030104459
1783380125842,sell,64145.5,0.00005562,1030104458
1783380125842,sell,64147.4,0.00257078,1030104457
1783380125842,sell,64147.4,0.0012,1030104456
1783380125404,buy,64147.5,0.00020207,1030104455
1783380125203,sell,64147.4,0.00098326,1030104454
1783380125199,sell,64150.1,0.00006127,1030104453
1783380125197,sell,64151.8,0.00379783,1030104452
1783380125197,sell,64151.8,0.05999773,1030104451
1783380125184,sell,64151.8,0.00506778,1030104450
