timestamp_ms,side,price,size,trade_id
1788742810561,buy,80157.8,0.00042792,1054093048
1788742810561,buy,80157.8,0.00013473,1054093047
1788742810561,buy,80157.8,0.00013846,1054093046
1788742810200,buy,80157.8,0.0000499,1054093045
1788742810163,buy,80157.8,0.00333558,1054093044
1788742810163,buy,80157.8,0.00003118,1054093043
1788742810163,buy,80157.8,0.00011227,1054093042
1788742810163,buy,80157.8,0.00012475,1054093041
1788742810163,buy,80157.8,0.00018713,1054093040
1788742810163,buy,80157.8,0.00043113,1054093039
1788742810163,buy,80157.8,0.00003742,1054093038
1788742810163,buy,80157.8,0.00006237,1054093037
1788742810163,buy,80157.8,0.00018713,1054093036
1788742810163,buy,80157.8,0.0002495,1054093035
1788742810163,buy,80157.8,0.00002048,1054093034
1788742810163,buy,80157.8,0.00047661,1054093033
1788742810163,buy,80157.8,0.00098214,1054093032
1788742810160,buy,80157.8,0.00018713,1054093031
1788742810160,buy,80157.8,0.00090991,1054093030
1788742810160,buy,80157.8,0.00033762,1054093029
1788742810158,buy,80157.8,0.00013473,1054093028
1788742810156,buy,80157.8,0.00008732,1054093027
1788742810156,buy,80157.8,0.00005114,1054093026
1788742809400,buy,80157.8,0.00003118,1054093025
1788742809356,buy,80157.8,0.00011227,1054093024
1788742809263,buy,80157.8,0.00012475,1054093023
1788742808959,buy,80157.8,0.00018713,1054093022
1788742808602,buy,80157.8,0.00003742,1054093021
1788742808601,buy,80157.8,0.00006237,1054093020
1788742808599,buy,80157.8,0.00018713,1054093019
1788742808569,buy,80157.8,0.0002495,1054093018
1788742808562,buy,80157.8,0.00047661,1054093017
1788742808562,buy,80157.8,0.0000224,1054093016
1788742808561,buy,80157.3,0.00002495,1054093015
1788742807889,buy,80157.3,0.00057386,1054093014
1788742807889,buy,80157.3,0.00002545,1054093013
1788742807858,buy,80157.3,0.00034854,1054093012
1788742807802,buy,80157.3,0.00043664,1054093011
1788742807799,buy,80157.3,0.00012475,1054093010
1788742807798,buy,80157.3,0.00006237,1054093009
1788742807772,buy,80157.3,0.00006237,1054093008
1788742807762,buy,80157.3,0.00012475,1054093007
1788742807762,buy,80157.3,0.00006237,1054093006
1788742807762,buy,80157.3,0.00018713,1054093005
1788742807759,buy,80157.3,0.00003742,1054093004
1788742807331,buy,80157.3,0.00007821,1054093003
1788742807109,buy,80157.3,0.00006223,1054093002
1788742807095,buy,80157.3,0.00009775,1054093001
1788742806999,buy,80157.3,0.00025449,1054093000
1788742806963,buy,80157.3,0.00002495,1054092999
1788742806962,buy,80157.3,0.0000973,1054092998
1788742806959,buy,80153.6,0.00012476,1054092997
1788742806958,buy,80153.6,0.00006986,1054092996
1788742806916,buy,80157.3,0.00011731,1054092995
1788742806725,buy,80157.3,0.00004979,1054092994
1788742806701,buy,80157.3,0.00004887,1054092993
1788742806615,sell,80157.2,0.00024582,1054092992
1788742806559,buy,80157.3,0.0002241,1054092991
1788742806558,buy,80157.3,0.00001001,1054092990
1788742806309,buy,80153.6,0.00002784,1054092989
1788742806202,buy,80153.6,0.00038675,1054092988
1788742806201,buy,80153.6,0.00012476,1054092987
1788742806200,buy,80153.6,0.00012476,1054092986
1788742806200,buy,80153.6,0.00004616,1054092985
1788742806159,buy,80153.6,0.00024952,1054092984
1788742806079,buy,80153.6,0.00782314,1054092983
1788742806052,buy,80153.4,0.00003046,1054092982
1788742806049,buy,80153.4,0.00082142,1054092981
1788742805984,buy,80152.2,0.00003332,1054092980
1788742805965,buy,80152.2,0.00058673,1054092979
1788742805865,buy,80151.1,0.00002546,1054092978
1788742805865,buy,80151.1,0.000011,1054092977
1788742805831,buy,80151.1,0.00002489,1054092976
1788742805798,buy,80148.1,0.00019963,1054092975
1788742805654,buy,80148.1,0.00057403,1054092974
1788742805654,buy,80148.1,0.00003988,1054092973
1788742805639,buy,80148.1,0.00039115,1054092972
1788742805524,buy,80148.1,0.00009778,1054092971
1788742805461,buy,80148.1,0.00002495,1054092970
1788742805359,buy,80140.1,0.00065135,1054092969
1788742805325,buy,80148.1,0.00003911,1054092968
1788742805208,buy,80148.1,0.00004693,1054092967
1788742805187,buy,80148.1,0.0057139,1054092966
1788742805187,buy,80146,0.0000102,1054092965
1788742805187,buy,80140.1,0.00019965,1054092964
1788742805187,buy,80140.1,0.00060444,1054092963
1788742805187,buy,80140.1,0.00004363,1054092962
1788742805187,buy,80140.1,0.00217803,1054092961
1788742805187,buy,80140.1,0.00121037,1054092960
1788742805157,buy,80140.1,0.00019965,1054092959
1788742805032,buy,80140.1,0.00068623,1054092958
1788742805032,buy,80140.1,0.00209624,1054092957
1788742805032,buy,80140.1,0.00217803,1054092956
1788742804975,buy,80140.1,0.00154514,1054092955
1788742804975,buy,80140.1,0.00004773,1054092954
1788742804975,buy,80140.1,0.00045479,1054092953
1788742804889,buy,80140.1,0.00013756,1054092952
1788742804889,buy,80140.1,0.00006163,1054092951
1788742804882,buy,80140.1,0.00002489,1054092950
1788742804858,buy,80140.1,0.0006239,1054092949
1788742864115,sell,80129.5,0.00106645,1054093438
1788742863926,sell,80129.5,0.000011,1054093437
1788742863894,buy,80129.6,0.00849873,1054093436
1788742863369,sell,80139.7,0.00042803,1054093435
1788742863084,buy,80139.9,0.0016,1054093434
1788742862219,sell,80139.8,0.00151602,1054093433
1788742862219,sell,80139.8,0.00001,1054093432
1788742862219,sell,80139.8,0.00001,1054093431
1788742862219,sell,80139.8,0.00001,1054093430
1788742862219,sell,80139.8,0.00011499,1054093429
1788742862219,sell,80139.8,0.0004423,1054093428
1788742862219,sell,80139.8,0.00001701,1054093427
1788742862219,sell,80139.8,0.00288759,1054093426
1788742862219,sell,80139.8,0.000805,1054093425
1788742862219,sell,80139.8,0.00031907,1054093424
1788742862219,sell,80139.8,0.0000355,1054093423
1788742862219,sell,80139.8,0.00287775,1054093422
1788742862219,sell,80139.8,0.00031399,1054093421
1788742862219,sell,80139.8,0.00066178,1054093420
1788742862219,sell,80139.8,0.00001,1054093419
1788742862219,sell,80139.8,0.00001,1054093418
1788742861820,buy,80139.9,0.00490731,1054093417
1788742861084,buy,80139.9,0.0016,1054093416
1788742860942,buy,80139.9,0.0088481,1054093415
1788742860942,buy,80139.9,0.0012,1054093414
1788742860510,buy,80134,0.0000102,1054093413
1788742860510,buy,80133.5,0.0021549,1054093412
1788742860510,buy,80132.4,0.00001254,1054093411
1788742860509,buy,80126.7,0.07232481,1054093410
1788742860509,buy,80126.7,0.04445464,1054093409
1788742860506,buy,80126.7,0.03903819,1054093408
1788742860506,buy,80126.7,0.02347077,1054093407
1788742860506,buy,80126.7,0.12559852,1054093406
1788742860505,buy,80126.7,0.02454626,1054093405
1788742860505,buy,80126.7,0.01489077,1054093404
1788742860505,buy,80126.7,0.0307,1054093403
1788742860505,buy,80126.7,0.0015,1054093402
1788742860505,buy,80126.7,0.03825187,1054093401
1788742860505,buy,80126.7,0.01673947,1054093400
1788742860420,sell,80126.6,0.06238774,1054093399
1788742860313,buy,80126.7,0.00580904,1054093398
1788742860132,buy,80126.7,0.000011,1054093397
1788742859739,buy,80126.1,0.00001254,1054093396
1788742859737,buy,80122.2,0.01084976,1054093395
1788742859737,buy,80122.2,0.04411682,1054093394
1788742859737,buy,80122.2,0.00275151,1054093393
1788742859563,buy,80122,0.000011,1054093392
1788742859084,buy,80122,0.0016,1054093391
1788742857346,buy,80122,0.005,1054093390
1788742857241,sell,80121.9,0.00045348,1054093389
1788742857085,buy,80122,0.0016,1054093388
1788742857070,buy,80121.8,0.00266635,1054093387
1788742857070,buy,80121.8,0.00310903,1054093386
1788742857070,buy,80121.8,0.00044268,1054093385
1788742856589,buy,80121.8,0.01194188,1054093384
1788742856456,buy,80121.8,0.00670462,1054093383
1788742856456,buy,80121.8,0.00288763,1054093382
1788742856456,buy,80121.8,0.00287775,1054093381
1788742856456,buy,80121.8,0.00001,1054093380
1788742853571,buy,80121.8,0.0075131,1054093379
1788742853571,buy,80121.8,0.0125,1054093378
1788742851114,sell,80122.5,0.07354199,1054093377
1788742851114,sell,80122.5,0.0000102,1054093376
1788742851114,sell,80122.6,0.00291981,1054093375
1788742851114,sell,80122.6,0.00620109,1054093374
1788742851114,sell,80123.4,0.00027956,1054093373
1788742851114,sell,80123.4,0.00273785,1054093372
1788742851114,sell,80123.4,0.00274785,1054093371
1788742851114,sell,80123.4,0.00001,1054093370
1788742851114,sell,80123.4,0.00042052,1054093369
1788742851114,sell,80123.4,0.03593861,1054093368
1788742848347,buy,80126.7,0.00004,1054093367
1788742845915,buy,80126.4,0.0000102,1054093366
1788742845900,buy,80124.6,0.00060291,1054093365
1788742845899,buy,80124.5,0.0009,1054093364
1788742845898,buy,80122.7,0.00069796,1054093363
1788742845898,buy,80122.7,0.05367613,1054093362
1788742845898,buy,80122.7,0.00001195,1054093361
1788742845898,buy,80122.7,0.00001,1054093360
1788742845898,buy,80122.7,0.00001,1054093359
1788742845898,buy,80122.7,0.00001,1054093358
1788742845898,buy,80122.7,0.00001,1054093357
1788742845898,buy,80122.7,0.00298746,1054093356
1788742845898,buy,80122.7,0.0006743,1054093355
1788742845898,buy,80122.7,0.00296777,1054093354
1788742845898,buy,80122.7,0.00001,1054093353
1788742845898,buy,80122.7,0.00064419,1054093352
1788742845898,buy,80122.7,0.00001,1054093351
1788742845898,buy,80122.7,0.00001,1054093350
1788742845898,buy,80122.7,0.00001,1054093349
1788742845898,buy,80122.7,0.01378233,1054093348
1788742845094,buy,80122.7,0.0003,1054093347
1788742845094,buy,80122.7,0.0002,1054093346
1788742844674,sell,80125.5,0.00000645,1054093345
1788742844510,sell,80125.5,0.00106,1054093344
1788742844491,sell,80125.5,0.000011,1054093343
1788742844386,sell,80130,0.00616027,1054093342
1788742844385,sell,80130,0.00008002,1054093341
1788742844384,sell,80129.2,0.08615471,1054093340
1788742844384,sell,80129.3,0.00001253,1054093339
1788742921213,buy,80148,0.00522909,1054093603
1788742921084,buy,80148,0.0016,1054093602
1788742920671,buy,80148,0.02288535,1054093601
1788742919925,buy,80148,0.00492284,1054093600
1788742919084,buy,80148,0.0016,1054093599
1788742917174,buy,80148,0.00724275,1054093598
1788742917084,buy,80148,0.0016,1054093597
1788742915950,buy,80148,0.00016147,1054093596
1788742915950,buy,80148,0.00001253,1054093595
1788742915948,buy,80146,0.0000102,1054093594
1788742915945,buy,80140,0.0000102,1054093593
1788742915945,buy,80139.7,0.0001,1054093592
1788742915945,buy,80139.7,0.02576651,1054093591
1788742915940,buy,80139.7,0.000011,1054093590
1788742915653,buy,80139.7,0.02206183,1054093589
1788742914784,buy,80139.7,0.00546356,1054093588
1788742911395,buy,80139.7,0.0051,1054093587
1788742910266,buy,80139.7,0.000011,1054093586
1788742909823,sell,80140,0.00008001,1054093585
1788742909804,sell,80141.3,0.03185362,1054093584
1788742909804,sell,80141.4,0.09036703,1054093583
1788742909803,sell,80145,0.00011223,1054093582
1788742909803,sell,80145,0.00519442,1054093581
1788742909803,sell,80145,0.0022113,1054093580
1788742909803,sell,80145,0.00519442,1054093579
1788742909803,sell,80145,0.0022113,1054093578
1788742909803,sell,80145,0.02495792,1054093577
1788742909710,sell,80145,0.000011,1054093576
1788742906353,buy,80150.9,0.00719308,1054093575
1788742906353,buy,80150.9,0.0015,1054093574
1788742905608,sell,80150.8,0.00539047,1054093573
1788742905608,sell,80150.8,0.00000001,1054093572
1788742905409,buy,80150.9,0.00015899,1054093571
1788742905409,buy,80150.9,0.00001501,1054093570
1788742905407,buy,80150,0.0012,1054093569
1788742905407,buy,80150,0.00048038,1054093568
1788742905094,buy,80150,0.00041999,1054093567
1788742905094,buy,80150,0.00008001,1054093566
1788742904879,buy,80149.9,0.00001501,1054093565
1788742904879,buy,80149.9,0.00033972,1054093564
1788742904873,buy,80141.7,0.00001254,1054093563
1788742904872,buy,80140,0.00929904,1054093562
1788742904871,buy,80140,0.12276732,1054093561
1788742904871,buy,80140,0.06579728,1054093560
1788742904871,buy,80140,0.0004805,1054093559
1788742904871,buy,80140,0.00004701,1054093558
1788742904869,buy,80140,0.000011,1054093557
1788742904121,buy,80140,0.000011,1054093556
1788742903377,buy,80140,0.000011,1054093555
1788742902260,buy,80139,0.00039135,1054093554
1788742902257,buy,80135.5,0.000011,1054093553
1788742902192,buy,80131.6,0.00215232,1054093552
1788742902192,buy,80131.6,0.00001021,1054093551
1788742902192,buy,80131.6,0.00235565,1054093550
1788742902192,buy,80131.6,0.00019312,1054093549
1788742902190,buy,80131.6,0.00059117,1054093548
1788742902190,buy,80131.6,0.00216253,1054093547
1788742902188,buy,80131.6,0.00036264,1054093546
1788742902188,buy,80131.6,0.00252517,1054093545
1788742902188,buy,80131.6,0.00048062,1054093544
1788742902188,buy,80131.6,0.0018421,1054093543
1788742902184,buy,80131.6,0.00405405,1054093542
1788742902180,buy,80131.6,0.00776732,1054093541
1788742902178,buy,80131.6,0.00830035,1054093540
1788742902174,buy,80131.6,0.01249952,1054093539
1788742902164,buy,80131.6,0.00469579,1054093538
1788742902160,buy,80131.6,0.01523627,1054093537
1788742902154,buy,80131.6,0.01236601,1054093536
1788742902144,buy,80131.6,0.0123344,1054093535
1788742902134,buy,80131.6,0.0051524,1054093534
1788742902130,buy,80131.6,0.00138711,1054093533
1788742902128,buy,80131.6,0.00271729,1054093532
1788742902126,buy,80131.6,0.00066307,1054093531
1788742902126,buy,80131.6,0.19967166,1054093530
1788742902126,buy,80131.6,0.0086086,1054093529
1788742901373,buy,80131.6,0.000011,1054093528
1788742901215,buy,80130,0.00008001,1054093527
1788742901213,buy,80129.2,0.00001254,1054093526
1788742901210,buy,80120,0.00252554,1054093525
1788742901210,buy,80120,0.00252553,1054093524
1788742901210,buy,80120,0.08031286,1054093523
1788742901210,buy,80120,0.00516268,1054093522
1788742901210,buy,80120,0.19453789,1054093521
1788742901210,buy,80120,0.00006901,1054093520
1788742898066,buy,80120,0.000011,1054093519
1788742896607,buy,80116,0.02802723,1054093518
1788742896607,buy,80116,0.06527277,1054093517
1788742896606,buy,80116,0.0015,1054093516
1788742896605,buy,80116,0.0094,1054093515
1788742896598,buy,80116,0.000011,1054093514
1788742895093,buy,80116,0.0005,1054093513
1788742894992,buy,80116,0.0049,1054093512
1788742894703,buy,80116,0.000011,1054093511
1788742894424,buy,80104.2,0.00001254,1054093510
1788742894423,buy,80100.4,0.0062371,1054093509
1788742894423,buy,80100.1,0.00269133,1054093508
1788742894423,buy,80100.1,0.00280834,1054093507
1788742894423,buy,80100.1,0.00280834,1054093506
1788742894423,buy,80100.1,0.00269133,1054093505
1788742894423,buy,80100.1,0.04608951,1054093504
1788742970671,sell,80218.7,0.01141,1054093863
1788742970671,sell,80218.7,0.01001999,1054093862
1788742970637,sell,80218.7,0.00485998,1054093861
1788742970629,sell,80218.7,0.000011,1054093860
1788742970555,sell,80218.7,0.00000143,1054093859
1788742970555,sell,80218.7,0.00001,1054093858
1788742969975,sell,80221.8,0.00001122,1054093857
1788742967785,buy,80218.8,0.00012822,1054093856
1788742965094,buy,80218.8,0.0005,1054093855
1788742964946,sell,80218.7,0.000001,1054093854
1788742964946,sell,80218.7,0.00001,1054093853
1788742961912,sell,80221.6,0.0000102,1054093852
1788742961912,sell,80221.7,0.00048076,1054093851
1788742961912,sell,80221.8,0.00000007,1054093850
1788742961911,sell,80221.8,0.00007203,1054093849
1788742961911,sell,80221.8,0.00001364,1054093848
1788742961911,sell,80221.8,0.012039,1054093847
1788742961911,sell,80221.8,0.00184982,1054093846
1788742961911,sell,80221.8,0.00002846,1054093845
1788742961911,sell,80221.8,0.00001,1054093844
1788742961911,sell,80221.8,0.00001,1054093843
1788742961911,sell,80221.8,0.00183982,1054093842
1788742961911,sell,80221.8,0.00001,1054093841
1788742961911,sell,80221.8,0.00001,1054093840
1788742961911,sell,80221.8,0.08624,1054093839
1788742961911,sell,80221.8,0.02493423,1054093838
1788742961911,sell,80221.8,0.007479,1054093837
1788742961022,buy,80221.9,0.07575967,1054093836
1788742961022,buy,80220,0.00008001,1054093835
1788742961022,buy,80219,0.00039135,1054093834
1788742961022,buy,80217.9,0.0000102,1054093833
1788742961022,buy,80217.5,0.00001254,1054093832
1788742961022,buy,80216.8,0.00001253,1054093831
1788742961022,buy,80216.8,0.00012466,1054093830
1788742961022,buy,80216.6,0.00033972,1054093829
1788742961022,buy,80211.1,0.0000102,1054093828
1788742961022,buy,80210.5,0.19947525,1054093827
1788742961022,buy,80210.5,0.00187925,1054093826
1788742961022,buy,80210.5,0.00187925,1054093825
1788742961022,buy,80210.5,0.07655278,1054093824
1788742960603,buy,80210.5,0.00180521,1054093823
1788742960572,sell,80210.4,0.02524798,1054093822
1788742960572,sell,80210.4,0.00008002,1054093821
1788742960572,sell,80210.4,0.124672,1054093820
1788742959219,buy,80210.5,0.00015758,1054093819
1788742955093,buy,80210.5,0.0005,1054093818
1788742952792,buy,80210.5,0.00090137,1054093817
1788742951847,buy,80210.5,0.00017292,1054093816
1788742951847,buy,80210.5,0.00002608,1054093815
1788742951814,buy,80210.5,0.00001,1054093814
1788742951775,buy,80210.5,0.00011,1054093813
1788742951684,buy,80210.5,0.00001,1054093812
1788742951669,buy,80210.5,0.01119781,1054093811
1788742951662,buy,80210.5,0.000035,1054093810
1788742951661,buy,80210.5,0.000011,1054093809
1788742951660,buy,80210.5,0.00001,1054093808
1788742951658,buy,80210.5,0.000033,1054093807
1788742951624,buy,80210.5,0.00001,1054093806
1788742951605,buy,80210.5,0.000048,1054093805
1788742951576,buy,80210.5,0.000132,1054093804
1788742951537,buy,80210.5,0.000285,1054093803
1788742951506,buy,80210.5,0.000062,1054093802
1788742951497,buy,80210.5,0.00001,1054093801
1788742951264,buy,80210,0.00008001,1054093800
1788742951263,buy,80206.1,0.0497,1054093799
1788742951263,buy,80206.1,0.10618489,1054093798
1788742951262,buy,80206.1,0.01517996,1054093797
1788742951260,buy,80206.1,0.01517996,1054093796
1788742951252,buy,80206.1,0.01204286,1054093795
1788742951251,buy,80206.1,0.01301142,1054093794
1788742951250,buy,80206.1,0.0087623,1054093793
1788742951249,buy,80206.1,0.01590547,1054093792
1788742951247,buy,80206.1,0.07114951,1054093791
1788742951247,buy,80206.1,0.000011,1054093790
1788742951247,buy,80206.1,0.13470142,1054093789
1788742951245,buy,80206.1,0.05650088,1054093788
1788742951244,buy,80206.1,0.0108,1054093787
1788742951244,buy,80206.1,0.04057033,1054093786
1788742951179,buy,80205.3,0.00051479,1054093785
1788742951179,buy,80205.3,0.00051479,1054093784
1788742951179,buy,80205.3,0.0002998,1054093783
1788742951179,buy,80204.3,0.00001254,1054093782
1788742951178,buy,80200.7,0.0000102,1054093781
1788742951178,buy,80200,0.0895,1054093780
1788742951178,buy,80200,0.0018795,1054093779
1788742951178,buy,80200,0.0018795,1054093778
1788742951178,buy,80200,0.000482,1054093777
1788742951178,buy,80200,0.000482,1054093776
1788742951178,buy,80200,0.00052497,1054093775
1788742951178,buy,80200,0.05049584,1054093774
1788742951178,buy,80200,0.00089964,1054093773
1788742951178,buy,80200,0.03227061,1054093772
1788742951177,buy,80200,0.000098,1054093771
1788742951175,buy,80200,0.0043,1054093770
1788742951174,buy,80200,0.0015,1054093769
1788742951134,buy,80200,0.00001,1054093768
1788742951123,buy,80200,0.000011,1054093767
1788742950979,buy,80200,0.000035,1054093766
1788742950954,buy,80200,0.000116,1054093765
1788742950933,buy,80200,0.000375,1054093764
1788743029843,sell,80225.3,0.08624,1054094135
1788743029843,sell,80225.3,0.00001,1054094134
1788743029843,sell,80225.3,0.00193096,1054094133
1788743029843,sell,80225.3,0.00191152,1054094132
1788743029843,sell,80225.3,0.00191133,1054094131
1788743029843,sell,80225.3,0.001931,1054094130
1788743029843,sell,80225.3,0.00001,1054094129
1788743029843,sell,80225.3,0.00001,1054094128
1788743029843,sell,80225.3,0.00041272,1054094127
1788743029843,sell,80225.3,0.00001,1054094126
1788743029710,sell,80225.3,0.05264101,1054094125
1788743029710,sell,80225.3,0.18699799,1054094124
1788743029710,sell,80225.3,0.08747,1054094123
1788743029710,sell,80225.3,0.044621,1054094122
1788743029710,sell,80225.3,0.22378,1054094121
1788743029710,sell,80225.3,0.02686,1054094120
1788743029700,sell,80225.3,0.016512,1054094119
1788743029700,sell,80225.3,0.042328,1054094118
1788743029697,sell,80225.3,0.001998,1054094117
1788743029677,buy,80220,0.00008001,1054094116
1788743029459,buy,80219,0.00039135,1054094115
1788743029459,buy,80217.9,0.0000102,1054094114
1788743029459,buy,80216.6,0.00033972,1054094113
1788743029459,buy,80213.7,0.00001253,1054094112
1788743029458,buy,80210.6,0.00049792,1054094111
1788743029458,buy,80210.6,0.01870077,1054094110
1788743029133,buy,80210.5,0.00001253,1054094109
1788743029133,buy,80210,0.00008001,1054094108
1788743029133,buy,80207.4,0.00001253,1054094107
1788743029132,buy,80204.7,0.00311356,1054094106
1788743029132,buy,80204.4,0.00040323,1054094105
1788743029132,buy,80204.4,0.00193129,1054094104
1788743029132,buy,80204.4,0.00001,1054094103
1788743029132,buy,80204.4,0.00066289,1054094102
1788743029131,buy,80204.4,0.00126839,1054094101
1788743029131,buy,80204.4,0.00638301,1054094100
1788743029131,buy,80204.4,0.03017599,1054094099
1788743029131,buy,80204.4,0.06656949,1054094098
1788743026002,buy,80204.1,0.00193129,1054094097
1788743026002,buy,80204.1,0.0019313,1054094096
1788743025780,buy,80204.1,0.000011,1054094095
1788743025094,buy,80204.1,0.00000201,1054094094
1788743025094,buy,80204.1,0.00049799,1054094093
1788743020667,buy,80200,0.00008001,1054094092
1788743020667,buy,80199,0.00039135,1054094091
1788743020667,buy,80194.3,0.0000102,1054094090
1788743020666,buy,80193.7,0.00049812,1054094089
1788743020666,buy,80193.7,0.03503101,1054094088
1788743020666,buy,80193.7,0.01965022,1054094087
1788743020665,buy,80193.7,0.03658063,1054094086
1788743020665,buy,80193.7,0.00159,1054094085
1788743020664,buy,80193.7,0.08637512,1054094084
1788743020664,buy,80193.7,0.00537625,1054094083
1788743020162,buy,80193.7,0.000011,1054094082
1788743020062,buy,80190,0.00492889,1054094081
1788743020062,buy,80190,0.00008001,1054094080
1788743019910,buy,80189.8,0.000015,1054094079
1788743019910,buy,80185.5,0.00001253,1054094078
1788743019909,buy,80183.4,0.00246703,1054094077
1788743019909,buy,80183.4,0.0022717,1054094076
1788743019909,buy,80183.4,0.00246702,1054094075
1788743019909,buy,80183.4,0.0022717,1054094074
1788743019909,buy,80183.4,0.0203,1054094073
1788743019909,buy,80183.4,0.13563541,1054094072
1788743019710,buy,80183.4,0.000011,1054094071
1788743018946,buy,80183.4,0.00024942,1054094070
1788743018870,buy,80181.8,0.00001501,1054094069
1788743018863,buy,80179.3,0.00001253,1054094068
1788743018861,buy,80174.3,0.0011998,1054094067
1788743018861,buy,80174.3,0.0000102,1054094066
1788743018860,buy,80173.3,0.17828173,1054094065
1788743017866,sell,80173.2,0.00048123,1054094064
1788743017184,sell,80173.2,0.000011,1054094063
1788743017166,sell,80173.7,0.00000745,1054094062
1788743017165,sell,80173.7,0.00107,1054094061
1788743017161,sell,80174.7,0.00249562,1054094060
1788743017112,sell,80176.2,0.00001253,1054094059
1788743017112,sell,80177.7,0.00107745,1054094058
1788743017108,buy,80178.4,0.00623,1054094057
1788743017105,sell,80179,0.00039135,1054094056
1788743017105,sell,80179.4,0.00001253,1054094055
1788743017105,sell,80180,0.00008001,1054094054
1788743017105,buy,80180.1,0.00123653,1054094053
1788743017105,buy,80180.1,0.00000001,1054094052
1788743017104,sell,80181.6,0.0000102,1054094051
1788743017104,sell,80181.7,0.00107745,1054094050
1788743017104,sell,80183.2,0.0000102,1054094049
1788743016887,buy,80183.4,0.0054592,1054094048
1788743015294,buy,80183.4,0.02553521,1054094047
1788743015094,buy,80183.4,0.0005,1054094046
1788743014399,sell,80183.3,0.00009489,1054094045
1788743013875,buy,80183.4,0.02374425,1054094044
1788743013875,buy,80183.4,0.0012,1054094043
1788743013875,buy,80183.4,0.09976984,1054094042
1788743010982,sell,80183.3,0.00172291,1054094041
1788743010982,sell,80183.3,0.00089964,1054094040
1788743010982,sell,80183.3,0.00033972,1054094039
1788743010895,buy,80183.4,0.02229025,1054094038
1788743010084,buy,80183.4,0.0015,1054094037
1788743010084,buy,80183.4,0.0001,1054094036
1788760691798,buy,79761.2,0.00006895,1054162410
1788760689272,buy,79761.2,0.00989173,1054162409
1788760683087,buy,79761.2,0.0016,1054162408
1788760681291,sell,79761.1,0.000011,1054162407
1788760681086,buy,79761.2,0.0016,1054162406
1788760680824,buy,79761.2,0.004682,1054162405
1788760680493,buy,79761.2,0.000011,1054162404
1788760679087,buy,79761.2,0.0016,1054162403
1788760677782,buy,79761.2,0.0115,1054162402
1788760677087,buy,79761.2,0.0016,1054162401
1788760676122,buy,79761.2,0.015539,1054162400
1788760676120,sell,79761.1,0.08,1054162399
1788760676120,sell,79761.1,0.04,1054162398
1788760676120,sell,79761.1,0.02581765,1054162397
1788760676120,sell,79761.4,0.00001259,1054162396
1788760676120,sell,79763.3,0.00085076,1054162395
1788760676120,sell,79763.3,0.133319,1054162394
1788760676120,sell,79763.3,0.000011,1054162393
1788760675259,sell,79764.4,0.00828235,1054162392
1788760673593,sell,79763.9,0.00002597,1054162391
1788760673593,sell,79764,0.00003848,1054162390
1788760673593,sell,79764.5,0.00001259,1054162389
1788760673593,sell,79765,0.00011,1054162388
1788760673593,sell,79767.5,0.0031231,1054162387
1788760673537,sell,79767.5,0.000011,1054162386
1788760673534,sell,79767.9,0.00015841,1054162385
1788760669448,sell,79769.4,0.00313403,1054162384
1788760669446,sell,79769.6,0.00022108,1054162383
1788760666015,buy,79769.8,0.00025072,1054162382
1788760665092,buy,79769.8,0.0005,1054162381
1788760664969,buy,79769.8,0.00244,1054162380
1788760664123,buy,79769.8,0.00001629,1054162379
1788760663676,sell,79769.7,0.000011,1054162378
1788760660520,buy,79769.8,0.00012536,1054162377
1788760660257,sell,79769.7,0.00001344,1054162376
1788760655092,buy,79769.8,0.0005,1054162375
1788760652267,buy,79769.8,0.00012536,1054162374
1788760650087,buy,79769.8,0.0016,1054162373
1788760648362,buy,79767.7,0.00001253,1054162372
1788760648220,buy,79769.7,0.00000259,1054162371
1788760648219,buy,79769.7,0.00099741,1054162370
1788760648219,buy,79767.6,0.00001259,1054162369
1788760648218,buy,79765.8,0.0000102,1054162368
1788760648217,buy,79765,0.07743482,1054162367
1788760648217,buy,79765,0.00843413,1054162366
1788760647993,sell,79764.9,0.00069,1054162365
1788760645093,buy,79765,0.0005,1054162364
1788760644854,buy,79765,0.04938607,1054162363
1788760644854,buy,79765,0.000011,1054162362
1788760644851,buy,79765,0.0001648,1054162361
1788760644851,buy,79765,0.0000102,1054162360
1788760644850,buy,79764.2,0.00745591,1054162359
1788760644556,buy,79764.2,0.00009402,1054162358
1788760642619,buy,79764.2,0.0001648,1054162357
1788760642619,buy,79764.2,0.0000102,1054162356
1788760642619,buy,79764,0.00485214,1054162355
1788760642619,buy,79764,0.00485214,1054162354
1788760642619,buy,79764,0.00636481,1054162353
1788760640704,sell,79763.9,0.00322833,1054162352
1788760640704,sell,79763.9,0.0015,1054162351
1788760640561,buy,79764,0.0003761,1054162350
1788760638972,buy,79764,0.00003134,1054162349
1788760638423,buy,79764,0.00012536,1054162348
1788760637025,buy,79761.8,0.00465837,1054162347
1788760637025,buy,79761.8,0.00465837,1054162346
1788760637025,buy,79761.8,0.00763908,1054162345
1788760636889,sell,79761.7,0.01161924,1054162344
1788760635091,buy,79761.8,0.0005,1054162343
1788760634988,buy,79761.8,0.00534534,1054162342
1788760634840,buy,79761.7,0.00667519,1054162341
1788760634840,buy,79761.7,0.00080343,1054162340
1788760634840,buy,79761.7,0.00380285,1054162339
1788760634840,buy,79761.7,0.00380284,1054162338
1788760634840,buy,79761.7,0.00300654,1054162337
1788760633837,sell,79761.6,0.00374028,1054162336
1788760633322,buy,79761.7,0.00012537,1054162335
1788760632618,buy,79761.5,0.00380285,1054162334
1788760632618,buy,79761.5,0.00380284,1054162333
1788760632618,buy,79761.5,0.00932099,1054162332
1788760632566,buy,79761.5,0.00419431,1054162331
1788760632566,buy,79761.5,0.00071375,1054162330
1788760632566,buy,79761.5,0.00344597,1054162329
1788760632566,buy,79761.5,0.00344597,1054162328
1788760631171,sell,79761.4,0.03557703,1054162327
1788760631163,sell,79761.4,0.000011,1054162326
1788760630540,buy,79761.2,0.0002609,1054162325
1788760630540,buy,79761.2,0.00344597,1054162324
1788760630540,buy,79761.2,0.00093852,1054162323
1788760630540,buy,79761.2,0.00093853,1054162322
1788760630540,buy,79761.2,0.00344597,1054162321
1788760630540,buy,79761.2,0.00831381,1054162320
1788760630540,buy,79761.2,0.00313444,1054162319
1788760629837,buy,79761.2,0.00629999,1054162318
1788760623112,buy,79761.2,0.0014,1054162317
1788760623087,buy,79761.2,0.0016,1054162316
1788760621150,sell,79761.1,0.00017356,1054162315
1788760621150,sell,79761.1,0.00001804,1054162314
1788760621086,buy,79761.2,0.0001,1054162313
1788760621086,buy,79761.2,0.0001,1054162312
1788760619112,buy,79761.2,0.0005,1054162311
1788760746159,buy,79761.5,0.00097791,1054162471
1788760746159,buy,79761.5,0.0046639,1054162470
1788760743087,buy,79761.5,0.0016,1054162469
1788760741090,buy,79761.2,0.00106673,1054162468
1788760741089,buy,79761.2,0.00449913,1054162467
1788760741089,buy,79761.2,0.00556586,1054162466
1788760741089,buy,79761.2,0.00737249,1054162465
1788760741089,buy,79761.2,0.00254334,1054162464
1788760741089,buy,79761.2,0.01973573,1054162463
1788760741087,buy,79761.2,0.0016,1054162462
1788760740957,sell,79761.1,0.00001443,1054162461
1788760739087,buy,79761.2,0.0016,1054162460
1788760737696,buy,79761.2,0.02322568,1054162459
1788760737087,buy,79761.2,0.0016,1054162458
1788760733626,buy,79761.2,0.00001689,1054162457
1788760730648,sell,79761.1,0.0010334,1054162456
1788760730073,buy,79761.2,0.00025074,1054162455
1788760728118,buy,79761.2,0.00908117,1054162454
1788760727215,sell,79761.1,0.00166747,1054162453
1788760726538,buy,79761.2,0.00579197,1054162452
1788760725091,buy,79761.2,0.0005,1054162451
1788760715091,buy,79761.2,0.0005,1054162450
1788760714305,sell,79761.1,0.00024923,1054162449
1788760710852,buy,79761.2,0.00188061,1054162448
1788760710087,buy,79761.2,0.0016,1054162447
1788760709382,buy,79761.2,0.00025074,1054162446
1788760708903,buy,79761.2,0.00004702,1054162445
1788760708903,buy,79761.2,0.00004702,1054162444
1788760708903,buy,79761.2,0.00004702,1054162443
1788760708903,buy,79761.2,0.00004702,1054162442
1788760708903,buy,79761.2,0.00004702,1054162441
1788760708903,buy,79761.2,0.00004702,1054162440
1788760708903,buy,79761.2,0.00004702,1054162439
1788760708903,buy,79761.2,0.00004702,1054162438
1788760708903,buy,79761.2,0.00004702,1054162437
1788760708903,buy,79761.2,0.00004702,1054162436
1788760708903,buy,79761.2,0.00004702,1054162435
1788760708903,buy,79761.2,0.00004702,1054162434
1788760708903,buy,79761.2,0.00004702,1054162433
1788760708903,buy,79761.2,0.00004702,1054162432
1788760708903,buy,79761.2,0.00004702,1054162431
1788760708903,buy,79761.2,0.00004702,1054162430
1788760708903,buy,79761.2,0.00004702,1054162429
1788760708903,buy,79761.2,0.00004702,1054162428
1788760708903,buy,79761.2,0.00004702,1054162427
1788760708903,buy,79761.2,0.00004702,1054162426
1788760708903,buy,79761.2,0.00004702,1054162425
1788760708903,buy,79761.2,0.00004702,1054162424
1788760707214,buy,79761.2,0.00253255,1054162423
1788760706808,buy,79761.2,0.00277586,1054162422
1788760706808,buy,79761.2,0.00580704,1054162421
1788760706808,buy,79761.2,0.00231344,1054162420
1788760706808,buy,79761.2,0.00556586,1054162419
1788760706808,buy,79761.2,0.00275242,1054162418
1788760705968,sell,79761.1,0.00003548,1054162417
1788760705091,buy,79761.2,0.0005,1054162416
1788760703485,sell,79761.1,0.000011,1054162415
1788760698692,buy,79761.2,0.00231344,1054162414
1788760698692,buy,79761.2,0.00556586,1054162413
1788760698692,buy,79761.2,0.0072207,1054162412
1788760695092,buy,79761.2,0.0005,1054162411
1788760801360,buy,79753.8,0.00005642,1054162537
1788760801359,buy,79753.8,0.00015046,1054162536
1788760801356,buy,79753.8,0.00003761,1054162535
1788760801087,buy,79753.8,0.0016,1054162534
1788760800563,buy,79753.8,0.00003761,1054162533
1788760800558,buy,79753.8,0.00005015,1054162532
1788760800558,buy,79753.8,0.00006269,1054162531
1788760800558,buy,79753.8,0.00011911,1054162530
1788760800522,buy,79753.8,0.00006269,1054162529
1788760800289,buy,79753.8,0.00039375,1054162528
1788760800234,sell,79753.7,0.000011,1054162527
1788760800198,buy,79753.8,0.00003937,1054162526
1788760799086,buy,79753.8,0.0016,1054162525
1788760798246,sell,79753.7,0.000011,1054162524
1788760797087,buy,79753.8,0.0016,1054162523
1788760797020,buy,79753.8,0.00621701,1054162522
1788760797020,buy,79753.8,0.00110001,1054162521
1788760796480,sell,79755.2,0.00000859,1054162520
1788760796480,sell,79755.2,0.000004,1054162519
1788760796480,sell,79756.4,0.001096,1054162518
1788760796479,sell,79758.3,0.13333,1054162517
1788760796390,sell,79758.7,0.00006883,1054162516
1788760796390,sell,79759,0.00039135,1054162515
1788760796388,sell,79759.7,0.5,1054162514
1788760796388,sell,79760,0.00004804,1054162513
1788760796388,sell,79760,0.00008096,1054162512
1788760796388,sell,79760.1,0.00015986,1054162511
1788760796388,sell,79760.4,0.001096,1054162510
1788760796388,sell,79761.1,0.64662191,1054162509
1788760796148,sell,79761.2,0.00313435,1054162508
1788760786989,buy,79761.8,0.00001253,1054162507
1788760786075,sell,79761.7,0.00108686,1054162506
1788760785657,buy,79761.8,0.00106065,1054162505
1788760785092,buy,79761.8,0.0005,1054162504
1788760785064,sell,79764.5,0.00001259,1054162503
1788760785064,sell,79766.7,0.0000102,1054162502
1788760785063,sell,79767.9,0.0005002,1054162501
1788760784960,sell,79768.3,0.0000102,1054162500
1788760784959,sell,79769.4,0.00081221,1054162499
1788760784959,sell,79769.4,0.00313403,1054162498
1788760784938,sell,79769.5,0.00051949,1054162497
1788760784929,sell,79769.7,0.00047803,1054162496
1788760784924,sell,79769.7,0.000011,1054162495
1788760782081,buy,79769.8,0.00019556,1054162494
1788760780990,buy,79769.8,0.00018177,1054162493
1788760777052,buy,79769.8,0.00003259,1054162492
1788760775091,buy,79769.8,0.0005,1054162491
1788760773008,buy,79769.8,0.00021,1054162490
1788760771091,sell,79769.7,0.00186787,1054162489
1788760770087,buy,79769.8,0.0016,1054162488
1788760767468,buy,79769.8,0.0007023,1054162487
1788760766594,buy,79769.8,0.00043,1054162486
1788760765093,buy,79769.8,0.0005,1054162485
1788760764789,sell,79769.7,0.00089776,1054162484
1788760761462,buy,79769.8,0.00037608,1054162483
1788760755653,buy,79769.8,0.00007065,1054162482
1788760755091,buy,79769.8,0.0005,1054162481
1788760754962,buy,79769.8,0.00012536,1054162480
1788760749359,buy,79769.8,0.00025072,1054162479
1788760748480,buy,79767.6,0.00001259,1054162478
1788760748476,buy,79761.8,0.0000102,1054162477
1788760748475,buy,79761.5,0.00611673,1054162476
1788760748475,buy,79761.5,0.00611673,1054162475
1788760748475,buy,79761.5,0.02669793,1054162474
1788760748358,buy,79761.5,0.01309463,1054162473
1788760748358,buy,79761.5,0.00732775,1054162472
1788760857088,buy,79753.8,0.0016,1054162711
1788760855412,buy,79753.8,0.00117749,1054162710
1788760853162,sell,79753.7,0.00008,1054162709
1788760848230,sell,79753.7,0.00274091,1054162708
1788760848230,sell,79753.7,0.00290269,1054162707
1788760846929,sell,79753.7,0.00469228,1054162706
1788760846929,sell,79753.7,0.00054675,1054162705
1788760845091,buy,79753.8,0.0005,1054162704
1788760844643,buy,79753.8,0.00088176,1054162703
1788760836869,buy,79753.8,0.00711439,1054162702
1788760835091,buy,79753.8,0.0005,1054162701
1788760830277,buy,79753.8,0.00000376,1054162700
1788760830087,buy,79753.8,0.0016,1054162699
1788760829444,buy,79753.8,0.00101562,1054162698
1788760829401,buy,79753.8,0.00038869,1054162697
1788760829399,buy,79753.8,0.00025077,1054162696
1788760829362,buy,79753.8,0.00006269,1054162695
1788760829361,buy,79753.8,0.00003761,1054162694
1788760829361,buy,79753.8,0.00075231,1054162693
1788760829359,buy,79753.8,0.00150463,1054162692
1788760829359,buy,79753.8,0.00020061,1054162691
1788760829358,buy,79753.8,0.00002507,1054162690
1788760829358,buy,79753.8,0.00025077,1054162689
1788760829258,buy,79753.8,0.00050154,1054162688
1788760828563,buy,79753.8,0.00319733,1054162687
1788760828561,buy,79753.8,0.00006269,1054162686
1788760828559,buy,79753.8,0.00062692,1054162685
1788760828559,buy,79753.8,0.00006269,1054162684
1788760828558,buy,79753.8,0.00025077,1054162683
1788760828160,buy,79753.8,0.00062692,1054162682
1788760827802,buy,79753.8,0.00094039,1054162681
1788760827763,buy,79753.8,0.00062692,1054162680
1788760827758,buy,79753.8,0.00005015,1054162679
1788760827757,buy,79753.8,0.00005015,1054162678
1788760827756,buy,79753.8,0.00006269,1054162677
1788760827656,sell,79753.7,0.00001485,1054162676
1788760827439,buy,79753.8,0.00008251,1054162675
1788760827003,buy,79753.8,0.00003761,1054162674
1788760827002,buy,79753.8,0.00003761,1054162673
1788760826963,buy,79753.8,0.00002507,1054162672
1788760826963,buy,79753.8,0.00037615,1054162671
1788760826963,buy,79753.8,0.00008777,1054162670
1788760826956,buy,79753.8,0.00015673,1054162669
1788760826162,buy,79753.8,0.00018807,1054162668
1788760826159,buy,79753.8,0.00094039,1054162667
1788760826158,buy,79753.8,0.00025077,1054162666
1788760825760,buy,79753.8,0.00062692,1054162665
1788760825401,buy,79753.8,0.00012538,1054162664
1788760825400,buy,79753.8,0.00002507,1054162663
1788760825399,buy,79753.8,0.00083506,1054162662
1788760825360,buy,79753.8,0.00012538,1054162661
1788760825091,buy,79753.8,0.0005,1054162660
1788760824563,buy,79753.8,0.00003385,1054162659
1788760824563,buy,79753.8,0.00004388,1054162658
1788760824562,buy,79753.8,0.00018807,1054162657
1788760824559,buy,79753.8,0.00025077,1054162656
1788760823763,buy,79753.8,0.00012538,1054162655
1788760823761,buy,79753.8,0.00037615,1054162654
1788760823760,buy,79753.8,0.0001003,1054162653
1788760823003,buy,79753.8,0.00006269,1054162652
1788760822999,buy,79753.8,0.00150463,1054162651
1788760822962,buy,79753.8,0.00012538,1054162650
1788760822960,buy,79753.8,0.00056423,1054162649
1788760822959,buy,79753.8,0.00125385,1054162648
1788760822660,buy,79753.8,0.000815,1054162647
1788760822202,buy,79753.8,0.00002507,1054162646
1788760822201,buy,79753.8,0.00007523,1054162645
1788760821402,buy,79753.8,0.00003761,1054162644
1788760821361,buy,79753.8,0.00012538,1054162643
1788760821359,buy,79753.8,0.00012538,1054162642
1788760821355,buy,79753.8,0.00006269,1054162641
1788760820562,buy,79753.8,0.00012538,1054162640
1788760820561,buy,79753.8,0.00376157,1054162639
1788760820558,buy,79753.8,0.00008275,1054162638
1788760820067,buy,79753.8,0.00002507,1054162637
1788760819761,buy,79753.8,0.00031597,1054162636
1788760819761,buy,79753.8,0.0001003,1054162635
1788760819759,buy,79753.8,0.00002507,1054162634
1788760819759,buy,79753.8,0.00018807,1054162633
1788760819756,buy,79753.8,0.00002507,1054162632
1788760818960,buy,79753.8,0.00002507,1054162631
1788760818959,buy,79753.8,0.00012538,1054162630
1788760818958,buy,79753.8,0.00007523,1054162629
1788760818159,buy,79753.8,0.00006269,1054162628
1788760818156,buy,79753.8,0.00003761,1054162627
1788760817361,buy,79753.8,0.00006269,1054162626
1788760817359,buy,79753.8,0.00025077,1054162625
1788760817358,buy,79753.8,0.00012538,1054162624
1788760816600,buy,79753.8,0.00002507,1054162623
1788760816599,buy,79753.8,0.00006896,1054162622
1788760816563,buy,79753.8,0.00006269,1054162621
1788760816560,buy,79753.8,0.00002507,1054162620
1788760816304,buy,79753.8,0.00012538,1054162619
1788760815904,buy,79753.8,0.00027948,1054162618
1788760815759,buy,79753.8,0.00006269,1054162617
1788760815701,buy,79753.8,0.00793463,1054162616
1788760815103,sell,79753.7,0.00001634,1054162615
1788760815092,buy,79753.8,0.0005,1054162614
1788760815064,sell,79753.7,0.000011,1054162613
1788760814958,buy,79753.8,0.00002507,1054162612
1788760912800,sell,79753.7,0.00031,1054162770
1788760905413,buy,79753.8,0.00067959,1054162769
1788760905335,sell,79753.7,0.04274706,1054162768
1788760905092,buy,79753.8,0.0005,1054162767
1788760895092,buy,79753.8,0.0005,1054162766
1788760894444,sell,79753.7,0.00213925,1054162765
1788760890694,buy,79753.8,0.00301,1054162764
1788760890087,buy,79753.8,0.00142418,1054162763
1788760890087,buy,79753.8,0.00017582,1054162762
1788760889722,buy,79753.8,0.000011,1054162761
1788760889239,buy,79747.5,0.00001021,1054162760
1788760889238,buy,79747.5,0.0001648,1054162759
1788760889238,buy,79745.8,0.0000102,1054162758
1788760889235,buy,79742.2,0.00939689,1054162757
1788760889235,buy,79742,0.04,1054162756
1788760889235,buy,79742,0.13934733,1054162755
1788760889235,buy,79742,0.0072868,1054162754
1788760889235,buy,79742,0.00441051,1054162753
1788760889235,buy,79742,0.00441051,1054162752
1788760889235,buy,79742,0.0031047,1054162751
1788760887888,sell,79741.9,0.00125403,1054162750
1788760887455,buy,79742,0.0031347,1054162749
1788760885091,buy,79742,0.0005,1054162748
1788760880559,buy,79742,0.00002508,1054162747
1788760880067,buy,79742,0.00636624,1054162746
1788760879358,buy,79742,0.0000627,1054162745
1788760878547,buy,79742,0.00031368,1054162744
1788760878201,buy,79742,0.00081512,1054162743
1788760876877,sell,79742.8,0.00001258,1054162742
1788760876877,sell,79744.2,0.001096,1054162741
1788760876877,sell,79744.3,0.0000102,1054162740
1788760876877,sell,79744.8,0.0003,1054162739
1788760876877,sell,79744.8,0.00049983,1054162738
1788760876877,sell,79748.3,0.00313486,1054162737
1788760876877,sell,79748.4,0.001096,1054162736
1788760876877,sell,79748.8,0.00050682,1054162735
1788760876877,sell,79748.8,0.01198989,1054162734
1788760876559,sell,79748.9,0.00575579,1054162733
1788760875459,sell,79748.9,0.00623416,1054162732
1788760875091,buy,79748.9,0.00049999,1054162731
1788760875091,buy,79748.9,0.00000001,1054162730
1788760874360,sell,79748.9,0.0071304,1054162729
1788760873393,sell,79749,0.00001258,1054162728
1788760873393,sell,79749.9,0.00033972,1054162727
1788760873392,sell,79750,0.00626959,1054162726
1788760873392,sell,79750,0.00737629,1054162725
1788760873392,sell,79750,0.00125156,1054162724
1788760873392,sell,79750,0.00006996,1054162723
1788760873329,buy,79750.1,0.02999999,1054162722
1788760873329,buy,79750.1,0.00000001,1054162721
1788760873323,sell,79750,0.000011,1054162720
1788760872246,sell,79752.4,0.001096,1054162719
1788760869602,sell,79753.7,0.00011438,1054162718
1788760869602,sell,79753.7,0.000011,1054162717
1788760868955,buy,79753.8,0.02561307,1054162716
1788760865403,buy,79753.8,0.00002507,1054162715
1788760863087,buy,79753.8,0.0016,1054162714
1788760861087,buy,79753.8,0.0016,1054162713
1788760859087,buy,79753.8,0.0016,1054162712
1788783480391,buy,79416.8,0.0001287,1054237102
1788783479087,buy,79416.8,0.0016,1054237101
1788783477087,buy,79416.8,0.0016,1054237100
1788783476624,buy,79416.8,0.00040754,1054237099
1788783473403,buy,79416.8,0.00031,1054237098
1788783473360,buy,79416.8,0.0006,1054237097
1788783473328,buy,79416.8,0.00627,1054237096
1788783473192,buy,79416.8,0.00066194,1054237095
1788783473192,buy,79416.8,0.00318403,1054237094
1788783473192,buy,79416.8,0.00318403,1054237093
1788783472483,buy,79416.8,0.00374744,1054237092
1788783465091,buy,79416.8,0.0005,1054237091
1788783464195,sell,79416.7,0.00217802,1054237090
1788783460130,buy,79416.8,0.0008502,1054237089
1788783460130,buy,79416.8,0.00324827,1054237088
1788783460130,buy,79416.8,0.00082353,1054237087
1788783459656,sell,79416.7,0.00001931,1054237086
1788783458984,sell,79416.7,0.00015247,1054237085
1788783458335,sell,79416.7,0.00166115,1054237084
1788783457416,sell,79416.7,0.00012,1054237083
1788783456891,sell,79416.7,0.02456222,1054237082
1788783455886,buy,79416.8,0.00242474,1054237081
1788783455886,buy,79416.8,0.0031479,1054237080
1788783455348,buy,79416.7,0.00659294,1054237079
1788783455340,buy,79416.7,0.00001021,1054237078
1788783455340,buy,79416.7,0.000176,1054237077
1788783455329,buy,79411.7,0.000011,1054237076
1788783455327,buy,79410.8,0.0000102,1054237075
1788783455327,buy,79410.5,0.00505937,1054237074
1788783455092,buy,79410.5,0.0005,1054237073
1788783452879,buy,79410.5,0.00302352,1054237072
1788783452494,buy,79410.5,0.00006296,1054237071
1788783450851,buy,79410.5,0.00939422,1054237070
1788783450087,buy,79410.5,0.0016,1054237069
1788783448646,buy,79410.5,0.00521031,1054237068
1788783448604,buy,79410.5,0.00009696,1054237067
1788783446601,buy,79410.5,0.00514579,1054237066
1788783445092,buy,79410.5,0.0005,1054237065
1788783445087,buy,79410.5,0.000011,1054237064
1788783444582,buy,79410.5,0.00350676,1054237063
1788783444582,buy,79410.5,0.00108298,1054237062
1788783444582,buy,79410.5,0.00055605,1054237061
1788783441741,buy,79410.5,0.01592975,1054237060
1788783441363,buy,79410.5,0.00002518,1054237059
1788783435091,buy,79410.5,0.0005,1054237058
1788783434750,sell,79410.4,0.0018908,1054237057
1788783433244,buy,79410.5,0.00213966,1054237056
1788783433244,buy,79410.5,0.00071633,1054237055
1788783433244,buy,79410.5,0.00324853,1054237054
1788783433244,buy,79410.5,0.00062745,1054237053
1788783433244,buy,79410.5,0.00023399,1054237052
1788783431336,buy,79410.5,0.00002046,1054237051
1788783430756,buy,79410.5,0.00001126,1054237050
1788783430165,sell,79410.4,0.00457682,1054237049
1788783430165,sell,79410.4,0.0015,1054237048
1788783430165,sell,79410.4,0.025,1054237047
1788783429467,buy,79410.5,0.00108298,1054237046
1788783426910,buy,79410.5,0.00055605,1054237045
1788783424100,buy,79410.5,0.00103006,1054237044
1788783424100,buy,79410.5,0.0029348,1054237043
1788783424100,buy,79410.5,0.00125422,1054237042
1788783423719,buy,79410.5,0.00189143,1054237041
1788783423277,buy,79410.3,0.00103686,1054237040
1788783423277,buy,79410.3,0.00003274,1054237039
1788783423277,buy,79410.3,0.0016,1054237038
1788783423277,buy,79410.3,0.0016,1054237037
1788783423277,buy,79410.3,0.0016,1054237036
1788783423087,buy,79410.3,0.0016,1054237035
1788783422642,buy,79410.3,0.00003062,1054237034
1788783422642,buy,79410.3,0.00000492,1054237033
1788783421495,buy,79410.3,0.00418223,1054237032
1788783421495,buy,79410.3,0.00103686,1054237031
1788783421359,buy,79410.3,0.00003274,1054237030
1788783421086,buy,79410.3,0.0016,1054237029
1788783419087,buy,79410.3,0.0002652,1054237028
1788783419087,buy,79410.3,0.0013348,1054237027
1788783417087,buy,79410.3,0.0016,1054237026
1788783413840,buy,79410.3,0.06912185,1054237025
1788783413840,buy,79410.3,0.06,1054237024
1788783413840,buy,79410.3,0.00532568,1054237023
1788783413238,buy,79410.3,0.00281827,1054237022
1788783410519,buy,79410.3,0.00377784,1054237021
1788783410438,buy,79410.3,0.00970145,1054237020
1788783406893,sell,79410.2,0.00019806,1054237019
1788783406893,sell,79410.2,0.00108492,1054237018
1788783405900,buy,79410.3,0.05946116,1054237017
1788783405770,buy,79410.3,0.00014997,1054237016
1788783405187,sell,79410.2,0.00041508,1054237015
1788783405187,sell,79410.2,0.00072492,1054237014
1788783405091,buy,79410.3,0.0005,1054237013
1788783404973,buy,79410.3,0.00061176,1054237012
1788783401610,sell,79410.2,0.00037108,1054237011
1788783398128,buy,79410.3,0.00999114,1054237010
1788783397919,buy,79410.3,0.00376273,1054237009
1788783396797,buy,79410.3,0.1421,1054237008
1788783396069,sell,79411.6,0.001,1054237007
1788783396067,sell,79413.8,0.00001265,1054237006
1788783396067,sell,79414.2,0.001096,1054237005
1788783396066,sell,79416.6,0.00312831,1054237004
1788783396066,sell,79416.6,0.00033972,1054237003
1788783533146,buy,79420.9,0.003144,1054237148
1788783528752,sell,79420.8,0.00592391,1054237147
1788783527865,buy,79420.9,0.00013,1054237146
1788783527658,buy,79420.9,0.0016274,1054237145
1788783525091,buy,79420.9,0.0005,1054237144
1788783523383,buy,79420.9,0.0016274,1054237143
1788783522733,sell,79420.8,0.07007747,1054237142
1788783522733,sell,79420.8,0.0487,1054237141
1788783522733,sell,79420.8,0.63122253,1054237140
1788783522727,buy,79420.9,0.00014102,1054237139
1788783521615,sell,79420.8,0.00024806,1054237138
1788783520554,buy,79420.9,0.0016274,1054237137
1788783518987,buy,79420.6,0.00314772,1054237136
1788783518987,buy,79418.8,0.0000102,1054237135
1788783518987,buy,79418.2,0.002192,1054237134
1788783518987,buy,79418,0.0000102,1054237133
1788783518987,buy,79417.9,0.01552102,1054237132
1788783518987,buy,79417.2,0.0000102,1054237131
1788783518987,buy,79416.8,0.00318403,1054237130
1788783518987,buy,79416.8,0.00318403,1054237129
1788783518987,buy,79416.8,0.02722101,1054237128
1788783518549,buy,79416.8,0.00294899,1054237127
1788783518545,buy,79416.8,0.000011,1054237126
1788783517804,buy,79416.8,0.16648959,1054237125
1788783517804,buy,79416.8,0.09831074,1054237124
1788783515091,buy,79416.8,0.0005,1054237123
1788783513583,buy,79416.8,0.00679982,1054237122
1788783511238,sell,79416.7,0.0000549,1054237121
1788783510087,buy,79416.8,0.0016,1054237120
1788783509866,buy,79416.8,0.00085948,1054237119
1788783505401,buy,79416.8,0.00062958,1054237118
1788783505091,buy,79416.8,0.0005,1054237117
1788783503728,buy,79416.8,0.01471806,1054237116
1788783502959,buy,79416.8,0.00012591,1054237115
1788783501883,buy,79416.8,0.00012,1054237114
1788783500789,buy,79416.8,0.00098341,1054237113
1788783495090,buy,79416.8,0.0005,1054237112
1788783493603,buy,79416.8,0.09183565,1054237111
1788783493603,buy,79416.8,0.00318403,1054237110
1788783493603,buy,79416.8,0.00318403,1054237109
1788783493603,buy,79416.8,0.06,1054237108
1788783489553,sell,79416.7,0.00001143,1054237107
1788783483087,buy,79416.8,0.0016,1054237106
1788783483070,buy,79416.8,0.00631352,1054237105
1788783481424,sell,79416.7,0.00045,1054237104
1788783481087,buy,79416.8,0.0016,1054237103
1788783590877,buy,79486,0.00002999,1054237303
1788783590826,buy,79486,0.00080464,1054237302
1788783590826,buy,79485.8,0.0000102,1054237301
1788783590826,buy,79485,0.00001264,1054237300
1788783590826,buy,79485,0.00100654,1054237299
1788783590826,buy,79483.3,0.00033972,1054237298
1788783590826,buy,79480,0.00257306,1054237297
1788783590826,buy,79480,0.00105425,1054237296
1788783590826,buy,79480,0.00151881,1054237295
1788783590693,buy,79480,0.00105425,1054237294
1788783590693,buy,79480,0.00257306,1054237293
1788783590693,buy,79480,0.00031273,1054237292
1788783590693,buy,79480,0.00006996,1054237291
1788783590008,buy,79480,0.000011,1054237290
1788783590006,buy,79479.7,0.0000102,1054237289
1788783590006,buy,79479,0.00039135,1054237288
1788783589905,buy,79478.6,0.00001265,1054237287
1788783589905,buy,79478.6,0.0002999,1054237286
1788783589900,buy,79477.3,0.00037735,1054237285
1788783589900,buy,79477.3,0.00004,1054237284
1788783589900,buy,79477.3,0.00060918,1054237283
1788783589900,buy,79477.3,0.00154661,1054237282
1788783589900,buy,79477.3,0.00257315,1054237281
1788783588807,buy,79477.3,0.00005,1054237280
1788783586580,buy,79477.3,0.00056631,1054237279
1788783586580,buy,79477.3,0.00029462,1054237278
1788783586580,buy,79477.3,0.00008273,1054237277
1788783585174,sell,79477.2,0.06231058,1054237276
1788783585091,buy,79476.6,0.0005,1054237275
1788783584947,buy,79477.3,0.00004,1054237274
1788783582111,buy,79477.3,0.00060918,1054237273
1788783582038,buy,79477.3,0.00169392,1054237272
1788783582038,buy,79477.3,0.00242584,1054237271
1788783582038,buy,79477.3,0.00318424,1054237270
1788783580474,sell,79477.2,0.10865445,1054237269
1788783580474,sell,79477.2,0.08084201,1054237268
1788783580474,sell,79477.2,0.01278062,1054237267
1788783580474,sell,79477.2,0.04980714,1054237266
1788783580474,sell,79477.2,0.10980747,1054237265
1788783580474,sell,79477.2,0.00001021,1054237264
1788783580474,sell,79477.2,0.0012,1054237263
1788783580474,sell,79477.2,0.2382,1054237262
1788783580474,sell,79477.2,0.025,1054237261
1788783580474,sell,79477.2,0.0015,1054237260
1788783580474,sell,79477.2,0.074629,1054237259
1788783580474,sell,79477.2,0.037894,1054237258
1788783580474,sell,79477.2,0.24739,1054237257
1788783580474,sell,79477.2,0.125825,1054237256
1788783577647,buy,79477.3,0.00001197,1054237255
1788783576499,buy,79476.5,0.0000102,1054237254
1788783576457,buy,79474.3,0.04958219,1054237253
1788783575556,sell,79474.2,0.00001951,1054237252
1788783575091,buy,79474.3,0.0005,1054237251
1788783572017,sell,79474.2,0.00126957,1054237250
1788783571990,sell,79474.2,0.00693016,1054237249
1788783570087,buy,79474.3,0.0016,1054237248
1788783569906,buy,79474.3,0.00209505,1054237247
1788783567198,sell,79474.2,0.00046506,1054237246
1788783565090,buy,79474.3,0.0005,1054237245
1788783564824,buy,79474.3,0.00127085,1054237244
1788783562943,buy,79474.3,0.05305536,1054237243
1788783562943,buy,79474.3,0.0015,1054237242
1788783562943,buy,79474.3,0.00242593,1054237241
1788783562943,buy,79474.3,0.00242593,1054237240
1788783562943,buy,79474.3,0.00323381,1054237239
1788783562832,buy,79474.3,0.01226388,1054237238
1788783562709,buy,79474.3,0.00950231,1054237237
1788783562709,buy,79474.3,0.02187212,1054237236
1788783562581,buy,79474.3,0.00140853,1054237235
1788783561039,buy,79474.3,0.000011,1054237234
1788783561034,buy,79474.3,0.03670835,1054237233
1788783561034,buy,79474.3,0.00065907,1054237232
1788783560893,buy,79474.3,0.01258268,1054237231
1788783558959,buy,79474.3,0.00010066,1054237230
1788783556978,buy,79474.3,0.00002396,1054237229
1788783556917,buy,79474.3,0.00642,1054237228
1788783556815,buy,79474.3,0.00571,1054237227
1788783556752,buy,79474.3,0.01331891,1054237226
1788783556752,buy,79474.3,0.0015,1054237225
1788783556752,buy,79474.3,0.00183955,1054237224
1788783556568,buy,79472.6,0.00001264,1054237223
1788783556568,buy,79470,0.00008096,1054237222
1788783556567,buy,79467.8,0.0000102,1054237221
1788783556567,buy,79467,0.00271747,1054237220
1788783556567,buy,79467,0.00271747,1054237219
1788783556567,buy,79467,0.0145864,1054237218
1788783556489,sell,79466.9,0.0077179,1054237217
1788783556058,buy,79467,0.000011,1054237216
1788783555956,buy,79466.4,0.00001264,1054237215
1788783555954,buy,79464.7,0.00182184,1054237214
1788783555952,buy,79463.9,0.0000102,1054237213
1788783555951,buy,79463.3,0.00001264,1054237212
1788783555951,buy,79460.7,0.0000102,1054237211
1788783555950,buy,79460.5,0.00074139,1054237210
1788783555950,buy,79460.5,0.01051493,1054237209
1788783555878,buy,79460.5,0.03737391,1054237208
1788783555092,buy,79460.5,0.0005,1054237207
1788783554855,buy,79460.5,0.000011,1054237206
1788783554748,sell,79460.4,0.00006709,1054237205
1788783554748,sell,79460.4,0.00001265,1054237204
1788783645550,buy,79492.5,0.00043461,1054237404
1788783645550,buy,79492.5,0.00337639,1054237403
1788783645550,buy,79492.5,0.003499,1054237402
1788783645483,buy,79492.5,0.00695,1054237401
1788783645091,buy,79492.5,0.0004,1054237400
1788783645091,buy,79492.5,0.0001,1054237399
1788783644883,buy,79492.5,0.000011,1054237398
1788783644775,buy,79491.3,0.0015,1054237397
1788783644775,buy,79491.3,0.0021,1054237396
1788783643045,buy,79491.3,0.00032096,1054237395
1788783643045,buy,79491.3,0.00425912,1054237394
1788783642891,buy,79491.3,0.00712016,1054237393
1788783642891,buy,79491.3,0.00049984,1054237392
1788783642361,buy,79490,0.0000102,1054237391
1788783642361,buy,79490,0.00008096,1054237390
1788783642361,buy,79489.6,0.00050193,1054237389
1788783640988,buy,79487.9,0.00025084,1054237388
1788783640913,sell,79487.8,0.00004,1054237387
1788783637159,buy,79487.9,0.00198,1054237386
1788783637059,buy,79487.9,0.00142,1054237385
1788783637004,buy,79487.9,0.00064375,1054237384
1788783637004,buy,79487.9,0.0015,1054237383
1788783637004,buy,79487.9,0.00059625,1054237382
1788783636999,buy,79487.9,0.00222,1054237381
1788783635663,buy,79487.9,0.00003999,1054237380
1788783635435,buy,79482.2,0.00008804,1054237379
1788783635435,buy,79482.2,0.03192487,1054237378
1788783635435,buy,79482.2,0.00298768,1054237377
1788783635435,buy,79482.2,0.00298769,1054237376
1788783635090,buy,79482.2,0.0005,1054237375
1788783634393,buy,79482.2,0.00006232,1054237374
1788783632053,buy,79482.2,0.00001928,1054237373
1788783632053,buy,79482.2,0.00001928,1054237372
1788783632053,buy,79482.2,0.00001928,1054237371
1788783632053,buy,79482.2,0.00001928,1054237370
1788783632053,buy,79482.2,0.00001928,1054237369
1788783632053,buy,79482.2,0.00001928,1054237368
1788783632053,buy,79482.2,0.00001928,1054237367
1788783632053,buy,79482.2,0.00001928,1054237366
1788783632053,buy,79482.2,0.00001928,1054237365
1788783632053,buy,79482.2,0.00001928,1054237364
1788783632053,buy,79482.2,0.00001928,1054237363
1788783632053,buy,79482.2,0.00001928,1054237362
1788783632053,buy,79482.2,0.00001928,1054237361
1788783632053,buy,79482.2,0.00001928,1054237360
1788783632053,buy,79482.2,0.00001928,1054237359
1788783632053,buy,79482.2,0.00001928,1054237358
1788783632053,buy,79482.2,0.00001928,1054237357
1788783632053,buy,79482.2,0.00001928,1054237356
1788783632053,buy,79482.2,0.00001928,1054237355
1788783632053,buy,79482.2,0.00001928,1054237354
1788783632053,buy,79482.2,0.00001928,1054237353
1788783632053,buy,79482.2,0.00001928,1054237352
1788783631901,buy,79482.2,0.00004,1054237351
1788783631854,buy,79482.2,0.00004,1054237350
1788783631746,buy,79482.2,0.00004,1054237349
1788783631399,buy,79482.2,0.00002395,1054237348
1788783631142,buy,79482.2,0.00352,1054237347
1788783630657,sell,79482.1,0.000011,1054237346
1788783630087,buy,79482.2,0.0016,1054237345
1788783625091,buy,79482.2,0.0005,1054237344
1788783623610,buy,79482.2,0.000011,1054237343
1788783623428,buy,79482.2,0.00035228,1054237342
1788783615091,buy,79482.2,0.0005,1054237341
1788783614625,buy,79482.2,0.01621435,1054237340
1788783614159,buy,79482.2,0.00012581,1054237339
1788783610384,sell,79482.1,0.03,1054237338
1788783610007,buy,79482.2,0.13315699,1054237337
1788783610007,buy,79482.2,0.00314301,1054237336
1788783609965,buy,79481.9,0.0027033,1054237335
1788783609965,buy,79481.9,0.00269229,1054237334
1788783609963,buy,79481.9,0.000011,1054237333
1788783609643,buy,79481.9,0.13775,1054237332
1788783606317,sell,79481.8,0.00536476,1054237331
1788783606108,buy,79481.9,0.0185757,1054237330
1788783606108,buy,79481.9,0.0012,1054237329
1788783606108,buy,79481.9,0.0015,1054237328
1788783606108,buy,79481.9,0.03445295,1054237327
1788783606108,buy,79481.9,0.00000001,1054237326
1788783606106,sell,79482,0.00001264,1054237325
1788783606106,sell,79485.3,0.0000102,1054237324
1788783606105,sell,79485.9,0.18760761,1054237323
1788783606105,sell,79485.9,0.00304745,1054237322
1788783606083,sell,79485.9,0.000011,1054237321
1788783606059,sell,79486.9,0.0000102,1054237320
1788783606059,sell,79487.5,0.00765428,1054237319
1788783606059,sell,79487.5,0.00314514,1054237318
1788783606054,sell,79487.8,0.00000569,1054237317
1788783606053,sell,79487.8,0.00311,1054237316
1788783605557,buy,79487.9,0.00018619,1054237315
1788783604951,buy,79487.9,0.00011987,1054237314
1788783603087,buy,79487.9,0.0016,1054237313
1788783602743,buy,79486,0.0035142,1054237312
1788783601188,sell,79485.9,0.02,1054237311
1788783601087,buy,79486,0.0016,1054237310
1788783600540,buy,79486,0.00320152,1054237309
1788783600540,buy,79486,0.00031268,1054237308
1788783599087,buy,79486,0.0016,1054237307
1788783597087,buy,79486,0.0016,1054237306
1788783594382,sell,79485.9,0.0006,1054237305
1788783700476,sell,79505.7,0.00244,1054237528
1788783699644,sell,79505.7,0.00139194,1054237527
1788783699018,sell,79505.7,0.00031621,1054237526
1788783695309,buy,79505.8,0.00003541,1054237525
1788783695091,buy,79505.8,0.0005,1054237524
1788783694194,buy,79505.8,0.0146269,1054237523
1788783692857,sell,79505.7,0.00044709,1054237522
1788783692656,sell,79505.8,0.0000119,1054237521
1788783692471,buy,79505.8,0.00006288,1054237520
1788783690087,buy,79505.8,0.0016,1054237519
1788783689339,sell,79505.8,0.00024303,1054237518
1788783686618,sell,79505.8,0.00195835,1054237517
1788783686224,sell,79505.7,0.01720114,1054237516
1788783685091,buy,79505.8,0.0005,1054237515
1788783681721,sell,79506.7,0.00314438,1054237514
1788783681721,sell,79507,0.00764,1054237513
1788783681721,sell,79507,0.00124675,1054237512
1788783681699,sell,79507,0.000011,1054237511
1788783679761,sell,79507,0.05683268,1054237510
1788783679761,sell,79507,0.011379,1054237509
1788783679761,sell,79507,0.00314452,1054237508
1788783679761,sell,79507,0.00311298,1054237507
1788783679761,sell,79507,0.00675221,1054237506
1788783679761,sell,79507,0.00006969,1054237505
1788783679761,sell,79507,0.00141565,1054237504
1788783679761,sell,79507,0.00001,1054237503
1788783679761,sell,79507,0.00328398,1054237502
1788783679761,sell,79507,0.00052666,1054237501
1788783679761,sell,79507,0.00001,1054237500
1788783679761,sell,79507,0.00328943,1054237499
1788783679761,sell,79507,0.040163,1054237498
1788783679761,sell,79507,0.01471799,1054237497
1788783679761,sell,79507,0.00035866,1054237496
1788783679761,sell,79507,0.0041136,1054237495
1788783679761,sell,79507,0.03335176,1054237494
1788783679341,buy,79507.1,0.00008147,1054237493
1788783678779,sell,79507,0.00475269,1054237492
1788783677832,sell,79507,0.0060457,1054237491
1788783676998,sell,79507,0.00394619,1054237490
1788783676998,sell,79507,0.00872375,1054237489
1788783676998,sell,79507,0.00093765,1054237488
1788783676998,sell,79507,0.0055374,1054237487
1788783675091,buy,79507.1,0.0005,1054237486
1788783674111,buy,79507.1,0.000011,1054237485
1788783671896,sell,79507,0.0054046,1054237484
1788783664427,sell,79507,0.001,1054237483
1788783664425,sell,79507,0.003998,1054237482
1788783664331,buy,79507.1,0.00041113,1054237481
1788783664331,buy,79507,0.00006856,1054237480
1788783664331,buy,79506.3,0.00022963,1054237479
1788783664331,buy,79506.3,0.00001039,1054237478
1788783664331,buy,79506.3,0.00004266,1054237477
1788783664331,buy,79506,0.00137462,1054237476
1788783664331,buy,79505.9,0.0066,1054237475
1788783664331,buy,79505.9,0.00001265,1054237474
1788783664331,buy,79505.5,0.00001003,1054237473
1788783664331,buy,79505.4,0.00005613,1054237472
1788783664331,buy,79504.9,0.0062,1054237471
1788783664331,buy,79503.1,0.0000105,1054237470
1788783664331,buy,79502.2,0.00003802,1054237469
1788783664331,buy,79501.9,0.0000102,1054237468
1788783664331,buy,79501.7,0.00001837,1054237467
1788783664331,buy,79501.5,0.001,1054237466
1788783664331,buy,79501.3,0.00031454,1054237465
1788783664331,buy,79501.3,0.00007347,1054237464
1788783664331,buy,79500.9,0.00001088,1054237463
1788783664331,buy,79500.6,0.00001016,1054237462
1788783664331,buy,79500.3,0.0000102,1054237461
1788783664331,buy,79500.2,0.00001008,1054237460
1788783664331,buy,79500,0.00093852,1054237459
1788783664331,buy,79500,0.00435168,1054237458
1788783664331,buy,79500,0.00435169,1054237457
1788783664331,buy,79500,0.00912205,1054237456
1788783663757,sell,79499.9,0.0122,1054237455
1788783663520,buy,79500,0.000011,1054237454
1788783663112,buy,79500,0.0001,1054237453
1788783663095,sell,79499.9,0.016,1054237452
1788783663087,buy,79500,0.00076695,1054237451
1788783663087,buy,79500,0.00003764,1054237450
1788783663087,buy,79500,0.00001033,1054237449
1788783663087,buy,79500,0.00041912,1054237448
1788783663087,buy,79500,0.00003344,1054237447
1788783663087,buy,79500,0.00012578,1054237446
1788783663087,buy,79500,0.00012578,1054237445
1788783663087,buy,79500,0.00008096,1054237444
1788783662928,buy,79499.9,0.0007275,1054237443
1788783662928,buy,79499.9,0.00398794,1054237442
1788783662928,buy,79499.9,0.00398794,1054237441
1788783662928,buy,79499.9,0.00001745,1054237440
1788783662928,buy,79499.9,0.00001563,1054237439
1788783662928,buy,79499.9,0.01230585,1054237438
1788783662928,buy,79499.9,0.00130057,1054237437
1788783661134,buy,79499.3,0.00001651,1054237436
1788783661133,buy,79499.3,0.00000549,1054237435
1788783661133,buy,79499.3,0.0002765,1054237434
1788783661133,buy,79499.2,0.00211801,1054237433
1788783661086,buy,79499.2,0.0015,1054237432
1788783660804,buy,79499.2,0.000011,1054237431
1788783660678,buy,79499.1,0.00001116,1054237430
1788783660678,buy,79499.1,0.00001021,1054237429
1788803195091,buy,79160.4,0.0005,1054317118
1788803194863,sell,79160.3,0.00078337,1054317117
1788803190776,sell,79160.3,0.001906,1054317116
1788803190087,buy,79160.4,0.0016,1054317115
1788803185091,buy,79160.4,0.0005,1054317114
1788803183298,sell,79160.3,0.0001,1054317113
1788803183117,sell,79160.3,0.00012356,1054317112
1788803182640,sell,79160.3,0.000011,1054317111
1788803179935,buy,79160.1,0.00084039,1054317110
1788803179874,buy,79160.1,0.00002712,1054317109
1788803178958,buy,79160.1,0.00002526,1054317108
1788803178009,sell,79160,0.00056611,1054317107
1788803175090,buy,79160.1,0.0005,1054317106
1788803170835,sell,79160,0.00125113,1054317105
1788803170115,sell,79160,0.0022,1054317104
1788803169169,sell,79160,0.01735904,1054317103
1788803169169,sell,79160,0.0015,1054317102
1788803169169,sell,79160,0.00008096,1054317101
1788803165834,sell,79162.6,0.00007608,1054317100
1788803165834,sell,79162.6,0.001096,1054317099
1788803164822,sell,79166.3,0.00001501,1054317098
1788803164821,sell,79166.6,0.001096,1054317097
1788803164821,sell,79167.2,0.0000102,1054317096
1788803164642,sell,79170,0.00008096,1054317095
1788803164641,sell,79170.6,0.001096,1054317094
1788803164641,sell,79172.6,0.00001269,1054317093
1788803164640,sell,79174.6,0.00489235,1054317092
1788803164640,sell,79174.6,0.001096,1054317091
1788803164591,sell,79175.7,0.00001269,1054317090
1788803164591,sell,79177.5,0.0000102,1054317089
1788803164591,sell,79179.8,0.0000102,1054317088
1788803164590,sell,79180.1,0.00022483,1054317087
1788803164590,sell,79180.3,0.00235904,1054317086
1788803164588,sell,79180.3,0.00079831,1054317085
1788803163087,buy,79180.7,0.0016,1054317084
1788803161088,buy,79180.7,0.0016,1054317083
1788803160642,buy,79180.7,0.00552,1054317082
1788803159198,buy,79180.7,0.00096249,1054317081
1788803159087,buy,79180.7,0.0016,1054317080
1788803157087,buy,79180.7,0.0016,1054317079
1788803156321,buy,79180.7,0.00063146,1054317078
1788803154919,buy,79180.7,0.00001262,1054317077
1788803145090,buy,79180.7,0.0005,1054317076
1788803144611,buy,79180.7,0.00001136,1054317075
1788803141891,buy,79180.7,0.00507,1054317074
1788803140971,buy,79180.7,0.000011,1054317073
1788803138591,buy,79180.7,0.00204,1054317072
1788803136642,buy,79180.7,0.000011,1054317071
1788803136638,buy,79180.3,0.00051082,1054317070
1788803136638,buy,79180.3,0.001096,1054317069
1788803136536,buy,79175.7,0.00265523,1054317068
1788803135091,buy,79175.7,0.0005,1054317067
1788803132381,buy,79175.5,0.00001263,1054317066
1788803131880,sell,79175.4,0.00276004,1054317065
1788803130087,buy,79175.5,0.0016,1054317064
1788803129363,buy,79175.5,0.00031575,1054317063
1788803126417,sell,79174.6,0.001096,1054317062
1788803126413,sell,79177.6,0.00001177,1054317061
1788803126412,sell,79179.9,0.00315736,1054317060
1788803126412,sell,79180.2,0.00084747,1054317059
1788803126412,sell,79180.2,0.00967914,1054317058
1788803126412,sell,79180.2,0.00137662,1054317057
1788803126412,sell,79180.2,0.00589114,1054317056
1788803126412,sell,79180.2,0.00261817,1054317055
1788803126412,sell,79180.2,0.00001,1054317054
1788803126412,sell,79180.2,0.00224741,1054317053
1788803126412,sell,79180.2,0.01286856,1054317052
1788803126412,sell,79180.2,0.00793728,1054317051
1788803126412,sell,79180.2,0.0090225,1054317050
1788803126412,sell,79180.2,0.00001,1054317049
1788803126412,sell,79180.2,0.00001,1054317048
1788803126412,sell,79180.2,0.00041858,1054317047
1788803126412,sell,79180.2,0.00198553,1054317046
1788803126412,sell,79180.2,0.00166051,1054317045
1788803126412,sell,79180.2,0.00113061,1054317044
1788803126242,sell,79180.2,0.000011,1054317043
1788803126162,buy,79180.3,0.00020964,1054317042
1788803125401,buy,79180.3,0.00053043,1054317041
1788803125091,buy,79180.3,0.0005,1054317040
1788803124811,buy,79180.3,0.03054551,1054317039
1788803124811,buy,79180.3,0.00001549,1054317038
1788803124811,buy,79180.3,0.0000105,1054317037
1788803124811,buy,79180.3,0.00037027,1054317036
1788803124811,buy,79180.3,0.00001234,1054317035
1788803124811,buy,79180.3,0.00061057,1054317034
1788803124811,buy,79180.3,0.00468313,1054317033
1788803124322,buy,79180.3,0.0003814,1054317032
1788803123313,buy,79180.3,0.00252588,1054317031
1788803119073,buy,79180.2,0.00000786,1054317030
1788803119072,buy,79180.2,0.00122,1054317029
1788803118959,buy,79180.2,0.00012629,1054317028
1788803118128,buy,79180.1,0.00088447,1054317027
1788803118127,buy,79180,0.00000594,1054317026
1788803118053,buy,79180,0.00057784,1054317025
1788803118053,buy,79180,0.0000612,1054317024
1788803118053,buy,79180,0.00008096,1054317023
1788803118052,buy,79179.8,0.00148899,1054317022
1788803118050,buy,79179.8,0.000011,1054317021
1788803118049,buy,79179.8,0.00000001,1054317020
1788803118049,buy,79179.8,0.0019484,1054317019
1788803250087,buy,79160.4,0.00095614,1054317150
1788803250087,buy,79160.4,0.00064386,1054317149
1788803249897,buy,79160.4,0.00006,1054317148
1788803249210,buy,79160.4,0.00009727,1054317147
1788803246806,sell,79160.3,0.000011,1054317146
1788803245090,buy,79160.4,0.0005,1054317145
1788803242277,buy,79160.4,0.00012632,1054317144
1788803240662,buy,79160.4,0.00003789,1054317143
1788803237003,sell,79160.3,0.00059,1054317142
1788803235091,buy,79160.4,0.00000154,1054317141
1788803235091,buy,79160.4,0.00049846,1054317140
1788803232520,buy,79160.4,0.00002852,1054317139
1788803231908,buy,79160.4,0.00168518,1054317138
1788803231316,sell,79160.3,0.00005344,1054317137
1788803227761,buy,79160.4,0.00012632,1054317136
1788803226964,buy,79160.4,0.00142945,1054317135
1788803226964,buy,79160.4,0.00100866,1054317134
1788803223087,buy,79160.4,0.0016,1054317133
1788803222097,sell,79160.3,0.00063586,1054317132
1788803221815,sell,79160.3,0.00045471,1054317131
1788803221087,buy,79160.4,0.0016,1054317130
1788803219087,buy,79160.4,0.0016,1054317129
1788803217087,buy,79160.4,0.0016,1054317128
1788803209295,buy,79160.4,0.00549527,1054317127
1788803208523,buy,79160.4,0.00045915,1054317126
1788803208523,buy,79160.4,0.00043649,1054317125
1788803205091,buy,79160.4,0.0005,1054317124
1788803204651,sell,79160.3,0.00001143,1054317123
1788803201846,sell,79160.3,0.000011,1054317122
1788803201126,sell,79160.3,0.00411103,1054317121
1788803200057,sell,79160.3,0.000019,1054317120
1788803196774,buy,79160.4,0.000011,1054317119
1788803306159,buy,79160,0.00003789,1054317214
1788803305090,buy,79160,0.0005,1054317213
1788803303756,buy,79160,0.00006316,1054317212
1788803301310,buy,79160,0.00339,1054317211
1788803296725,buy,79160,0.01753,1054317210
1788803296723,buy,79160,0.0071099,1054317209
1788803296723,buy,79160,0.0008901,1054317208
1788803296504,buy,79160,0.0000139,1054317207
1788803295090,buy,79160,0.0005,1054317206
1788803291001,buy,79160,0.00003158,1054317205
1788803289830,buy,79160,0.00006442,1054317204
1788803285166,buy,79160,0.03629079,1054317203
1788803284493,buy,79160,0.00001263,1054317202
1788803283966,buy,79160,0.00132769,1054317201
1788803283087,buy,79160,0.00159999,1054317200
1788803283087,buy,79160,0.00000001,1054317199
1788803281647,sell,79159.9,0.0005,1054317198
1788803281514,sell,79159.9,0.000011,1054317197
1788803281511,sell,79160,0.00008096,1054317196
1788803281511,sell,79160,0.00025297,1054317195
1788803281511,sell,79160,0.00007608,1054317194
1788803281087,buy,79160.4,0.0016,1054317193
1788803279087,buy,79160.4,0.0016,1054317192
1788803277087,buy,79160.4,0.0016,1054317191
1788803277030,sell,79160.3,0.00001143,1054317190
1788803276395,buy,79160.4,0.06489136,1054317189
1788803276395,buy,79160.4,0.00001,1054317188
1788803274654,sell,79172.1,0.00008965,1054317187
1788803274652,sell,79172.6,0.00001269,1054317186
1788803274650,sell,79177.8,0.00315745,1054317185
1788803274650,sell,79178.1,0.00248722,1054317184
1788803274650,sell,79178.1,0.000011,1054317183
1788803267111,buy,79178.2,0.0118,1054317182
1788803265717,buy,79178.2,0.0118,1054317181
1788803265091,buy,79178.2,0.0005,1054317180
1788803263039,buy,79178.2,0.02015549,1054317179
1788803263039,buy,79178.2,0.00146451,1054317178
1788803262069,sell,79178.1,0.00024136,1054317177
1788803262069,sell,79178.1,0.00001,1054317176
1788803262069,sell,79178.1,0.00001,1054317175
1788803262069,sell,79178.1,0.00312864,1054317174
1788803262069,sell,79178.1,0.00001,1054317173
1788803262069,sell,79178.1,0.0057,1054317172
1788803261419,sell,79178.1,0.0235,1054317171
1788803260945,sell,79178.1,0.0251,1054317170
1788803260455,sell,79178.1,0.03569616,1054317169
1788803260455,sell,79178.1,0.00067496,1054317168
1788803259393,buy,79178.2,0.00003549,1054317167
1788803258713,sell,79178.1,0.00052504,1054317166
1788803257426,buy,79170,0.00008096,1054317165
1788803257425,buy,79169.6,0.00289074,1054317164
1788803257423,buy,79169.6,0.000176,1054317163
1788803257423,buy,79169.6,0.00009117,1054317162
1788803257402,buy,79162.7,0.00396234,1054317161
1788803257402,buy,79162.7,0.00396234,1054317160
1788803257402,buy,79162.7,0.00041449,1054317159
1788803257402,buy,79162.7,0.12632219,1054317158
1788803256446,buy,79162.7,0.00003789,1054317157
1788803255610,buy,79161.5,0.0000102,1054317156
1788803255602,buy,79160.8,0.000011,1054317155
1788803255598,buy,79160.7,0.00315522,1054317154
1788803255588,buy,79160.4,0.00051613,1054317153
1788803255091,buy,79160.4,0.0005,1054317152
1788803252410,buy,79160.4,0.00002378,1054317151
1788803358720,buy,79154.4,0.00081507,1054317315
1788803358720,buy,79154.4,0.00003958,1054317314
1788803356408,sell,79154.3,0.00018631,1054317313
1788803356408,sell,79154.3,0.00001,1054317312
1788803355720,buy,79154.4,0.00001751,1054317311
1788803355091,buy,79154.4,0.0005,1054317310
1788803352720,buy,79154.4,0.00004003,1054317309
1788803351759,buy,79154.4,0.00003158,1054317308
1788803349720,buy,79154.4,0.00027868,1054317307
1788803349000,buy,79154.4,0.00034027,1054317306
1788803348823,buy,79154.4,0.0003171,1054317305
1788803346720,buy,79154.4,0.00027875,1054317304
1788803345191,sell,79154.3,0.013835,1054317303
1788803345171,buy,79147.6,0.00296732,1054317302
1788803345169,buy,79143.5,0.00315625,1054317301
1788803345169,buy,79143.3,0.06,1054317300
1788803345169,buy,79143.3,0.00004331,1054317299
1788803345169,buy,79143.3,0.00160255,1054317298
1788803345169,buy,79143.3,0.00148,1054317297
1788803345169,buy,79143.3,0.0015526,1054317296
1788803343090,buy,79143.3,0.00000001,1054317295
1788803343090,buy,79143.3,0.00160254,1054317294
1788803343089,buy,79143.3,0.00071503,1054317293
1788803343089,buy,79143.3,0.00076497,1054317292
1788803343087,buy,79143.3,0.00155261,1054317291
1788803343087,buy,79143.3,0.00004739,1054317290
1788803341087,buy,79143.3,0.0016,1054317289
1788803339087,buy,79143.3,0.0016,1054317288
1788803337087,buy,79143.3,0.0016,1054317287
1788803333508,sell,79143.2,0.00024881,1054317286
1788803333336,sell,79147.9,0.00001269,1054317285
1788803333335,sell,79154.3,0.00315838,1054317284
1788803333335,sell,79154.6,0.00030956,1054317283
1788803333335,sell,79154.6,0.00001,1054317282
1788803333335,sell,79154.6,0.00230832,1054317281
1788803333335,sell,79154.6,0.00198209,1054317280
1788803333335,sell,79154.6,0.00230825,1054317279
1788803333335,sell,79154.6,0.00001,1054317278
1788803333335,sell,79154.6,0.00198216,1054317277
1788803333335,sell,79154.6,0.00001,1054317276
1788803328720,buy,79154.7,0.00002938,1054317275
1788803326967,buy,79154.7,0.00684993,1054317274
1788803326967,buy,79154.7,0.0015,1054317273
1788803326967,buy,79154.7,0.0012,1054317272
1788803326967,buy,79154.7,0.00225007,1054317271
1788803325630,buy,79152.8,0.00005184,1054317270
1788803325617,buy,79152.8,0.0118,1054317269
1788803325407,buy,79152.1,0.0005,1054317268
1788803325407,buy,79152.1,0.00024491,1054317267
1788803325407,buy,79152.1,0.0023084,1054317266
1788803325407,buy,79152.1,0.00117613,1054317265
1788803325407,buy,79152.1,0.00063226,1054317264
1788803325091,buy,79152.1,0.0005,1054317263
1788803324821,buy,79152.1,0.00117613,1054317262
1788803324821,buy,79152.1,0.0023084,1054317261
1788803324821,buy,79152.1,0.00026796,1054317260
1788803324821,buy,79152.1,0.00204751,1054317259
1788803323553,buy,79152.1,0.0075217,1054317258
1788803323553,buy,79152.1,0.00069777,1054317257
1788803323553,buy,79152.1,0.04295053,1054317256
1788803323310,buy,79152.1,0.00251935,1054317255
1788803323278,sell,79152,0.0107218,1054317254
1788803323202,buy,79152.1,0.00247012,1054317253
1788803322537,sell,79152,0.00001143,1054317252
1788803320086,sell,79152,0.01086302,1054317251
1788803319916,buy,79152.1,0.00602,1054317250
1788803319778,buy,79152.1,0.00604,1054317249
1788803319078,buy,79150.6,0.00001501,1054317248
1788803319078,buy,79150.1,0.00170075,1054317247
1788803319078,buy,79147.8,0.00001269,1054317246
1788803318955,buy,79144.9,0.0000102,1054317245
1788803318953,buy,79143,0.00682202,1054317244
1788803317080,buy,79142.7,0.00125172,1054317243
1788803316690,sell,79144.8,0.00001269,1054317242
1788803316689,sell,79146.6,0.000596,1054317241
1788803316650,sell,79146.6,0.0005,1054317240
1788803316622,sell,79150,0.00000001,1054317239
1788803316622,sell,79150,0.00008096,1054317238
1788803316614,sell,79150.5,0.00001501,1054317237
1788803316614,sell,79150.6,0.001096,1054317236
1788803316611,sell,79154.1,0.00001269,1054317235
1788803316611,sell,79154.6,0.001096,1054317234
1788803316609,sell,79156.9,0.0000102,1054317233
1788803316609,sell,79158.6,0.001096,1054317232
1788803316609,sell,79159,0.00039135,1054317231
1788803316608,sell,79159.5,0.00005853,1054317230
1788803316608,sell,79159.5,0.00309965,1054317229
1788803316608,sell,79159.9,0.00000035,1054317228
1788803316607,sell,79159.9,0.00018837,1054317227
1788803316607,sell,79159.9,0.00338987,1054317226
1788803316607,sell,79159.9,0.00282511,1054317225
1788803316607,sell,79159.9,0.00282511,1054317224
1788803316607,sell,79159.9,0.00287154,1054317223
1788803315092,buy,79160,0.0005,1054317222
1788803314157,sell,79159.9,0.00001267,1054317221
1788803313619,buy,79160,0.00001012,1054317220
1788803313129,buy,79160,0.00012021,1054317219
1788803310821,buy,79160,0.00012632,1054317218
1788803310088,buy,79160,0.0016,1054317217
1788803306957,sell,79159.9,0.00050566,1054317216
1788803415720,buy,79183.3,0.00051884,1054317493
1788803415091,buy,79183.3,0.0001319,1054317492
1788803415091,buy,79183.3,0.00008521,1054317491
1788803415091,buy,79183.3,0.00028289,1054317490
1788803415004,sell,79183.2,0.00014234,1054317489
1788803414964,buy,79183.3,0.00005683,1054317488
1788803412904,buy,79183.2,0.00001106,1054317487
1788803412904,buy,79183.1,0.00002502,1054317486
1788803412904,buy,79183.1,0.00007094,1054317485
1788803412904,buy,79182.9,0.00001045,1054317484
1788803412904,buy,79182.9,0.00001125,1054317483
1788803412904,buy,79182.9,0.00003222,1054317482
1788803412904,buy,79182.9,0.00001167,1054317481
1788803412904,buy,79182.8,0.00001045,1054317480
1788803412904,buy,79182.8,0.00001045,1054317479
1788803412904,buy,79182.8,0.00001045,1054317478
1788803412904,buy,79182.8,0.00001045,1054317477
1788803412904,buy,79182.8,0.00001045,1054317476
1788803412904,buy,79182.8,0.00001045,1054317475
1788803412904,buy,79182.6,0.00001011,1054317474
1788803412904,buy,79182.6,0.0000219,1054317473
1788803412904,buy,79182.2,0.00001025,1054317472
1788803412904,buy,79182,0.00002011,1054317471
1788803412904,buy,79181.9,0.00006738,1054317470
1788803412904,buy,79181.9,0.00005562,1054317469
1788803412904,buy,79181.9,0.00001153,1054317468
1788803412904,buy,79181.9,0.00001032,1054317467
1788803412904,buy,79181.8,0.00050121,1054317466
1788803412904,buy,79181.8,0.00001269,1054317465
1788803412904,buy,79181.8,0.00028757,1054317464
1788803412904,buy,79181.8,0.00019145,1054317463
1788803412904,buy,79181.8,0.00008378,1054317462
1788803412904,buy,79181.8,0.00002033,1054317461
1788803412904,buy,79181.8,0.00001754,1054317460
1788803412904,buy,79181.8,0.00008002,1054317459
1788803412903,buy,79181.4,0.00010339,1054317458
1788803412903,buy,79181.4,0.0000907,1054317457
1788803412903,buy,79181.2,0.0000338,1054317456
1788803412903,buy,79181,0.00001229,1054317455
1788803412903,buy,79180.7,0.00341829,1054317454
1788803412903,buy,79180.7,0.00341828,1054317453
1788803412903,buy,79180.7,0.00020997,1054317452
1788803412903,buy,79180.7,0.01801952,1054317451
1788803412901,buy,79180.7,0.28768433,1054317450
1788803412142,buy,79180.7,0.00300452,1054317449
1788803409720,buy,79180.7,0.00286023,1054317448
1788803407960,buy,79180.7,0.00585469,1054317447
1788803407295,buy,79180.7,0.0058,1054317446
1788803406991,buy,79180.7,0.00001,1054317445
1788803406856,buy,79180.7,0.01819584,1054317444
1788803406783,buy,79180.7,0.00595,1054317443
1788803406720,buy,79180.7,0.00060053,1054317442
1788803406675,buy,79180.7,0.00251872,1054317441
1788803406544,buy,79180.7,0.0061,1054317440
1788803406262,buy,79180.7,0.000011,1054317439
1788803406255,buy,79180.7,0.0007,1054317438
1788803406255,buy,79180.7,0.08,1054317437
1788803406254,buy,79180.7,0.0015,1054317436
1788803406254,buy,79180.7,0.0012,1054317435
1788803406252,buy,79180.7,0.0012,1054317434
1788803406250,buy,79180.7,0.05879062,1054317433
1788803406250,buy,79180.7,0.14849279,1054317432
1788803406249,buy,79180.7,0.0012,1054317431
1788803406247,buy,79180.7,0.13251246,1054317430
1788803406247,buy,79180.7,0.15325624,1054317429
1788803406247,buy,79180.7,0.0012,1054317428
1788803406184,buy,79180.7,0.02494994,1054317427
1788803406183,buy,79180.7,0.01721864,1054317426
1788803406098,buy,79180,0.00008096,1054317425
1788803406098,buy,79179.7,0.00315757,1054317424
1788803406097,buy,79179,0.00039135,1054317423
1788803406096,buy,79176.5,0.00021,1054317422
1788803406096,buy,79176.5,0.00335967,1054317421
1788803406096,buy,79176.5,0.00335967,1054317420
1788803406096,buy,79176.5,0.00735,1054317419
1788803406096,buy,79176.5,0.0000306,1054317418
1788803406096,buy,79176.5,0.00673695,1054317417
1788803405686,buy,79176.5,0.000011,1054317416
1788803405098,buy,79176.5,0.000011,1054317415
1788803404560,buy,79176.5,0.0001263,1054317414
1788803404325,sell,79176.4,0.00204768,1054317413
1788803403721,buy,79176.5,0.00009493,1054317412
1788803403462,sell,79176.4,0.00011493,1054317411
1788803403088,buy,79176.5,0.0016,1054317410
1788803403025,buy,79176.5,0.000011,1054317409
1788803402959,buy,79176.5,0.00006315,1054317408
1788803402678,buy,79176.5,0.00011367,1054317407
1788803402521,buy,79173,0.00006946,1054317406
1788803402521,buy,79175.6,0.00001269,1054317405
1788803402519,buy,79172.9,0.00003347,1054317404
1788803402519,buy,79172.9,0.00000001,1054317403
1788803402519,buy,79172.9,0.00008522,1054317402
1788803402506,buy,79172.8,0.00014299,1054317401
1788803402505,buy,79172.4,0.0027948,1054317400
1788803402502,buy,79171,0.000143,1054317399
1788803402501,buy,79172.4,0.00022,1054317398
1788803402500,buy,79172.4,0.000143,1054317397
1788803402500,buy,79170.2,0.0000102,1054317396
1788803402499,buy,79170,0.000011,1054317395
1788803402497,buy,79169.9,0.00003664,1054317394
1788814095091,buy,79200,0.0005,1054337201
1788814091002,buy,79200,0.00003156,1054337200
1788814090629,buy,79200,0.01867451,1054337199
1788814090627,buy,79200,0.000011,1054337198
1788814089589,sell,79196,0.00109298,1054337197
1788814089589,sell,79196,0.00001021,1054337196
1788814089589,buy,79200,0.01801281,1054337195
1788814089589,buy,79197.2,0.00001268,1054337194
1788814089589,buy,79196.1,0.001,1054337193
1788814089587,buy,79194.8,0.0000102,1054337192
1788814089586,buy,79191.2,0.00165412,1054337191
1788814089586,buy,79191.2,0.0015,1054337190
1788814089585,buy,79190.9,0.00012781,1054337189
1788814089585,buy,79190.9,0.06242922,1054337188
1788814089476,buy,79190.9,0.000011,1054337187
1788814089476,buy,79190.9,0.02,1054337186
1788814089474,buy,79190.9,0.018,1054337185
1788814089474,buy,79190.9,0.00786718,1054337184
1788814089474,buy,79190.9,0.01070758,1054337183
1788814089474,buy,79190.9,0.02156092,1054337182
1788814089474,buy,79190.9,0.04090955,1054337181
1788814089473,sell,79190.8,0.00105012,1054337180
1788814089472,buy,79190.9,0.1162877,1054337179
1788814089472,buy,79190.8,0.025,1054337178
1788814089472,buy,79190.8,0.0015,1054337177
1788814089472,buy,79190.8,0.1588,1054337176
1788814089472,buy,79190.8,0.0012,1054337175
1788814089472,buy,79190.8,0.00246492,1054337174
1788814089472,buy,79190.8,0.00127424,1054337173
1788814089472,buy,79190.8,0.00127424,1054337172
1788814089472,buy,79190.8,0.00246492,1054337171
1788814089472,buy,79190.8,0.00074291,1054337170
1788814089265,buy,79190.8,0.00029988,1054337169
1788814089265,buy,79190.8,0.00142254,1054337168
1788814087492,sell,79190.4,0.000011,1054337167
1788814087459,sell,79190.8,0.00017392,1054337166
1788814083112,buy,79190.9,0.0005,1054337165
1788814083087,buy,79190.9,0.0016,1054337164
1788814082209,buy,79190.9,0.00050258,1054337163
1788814081112,buy,79190.9,0.0006,1054337162
1788814081087,buy,79190.9,0.0011,1054337161
1788814081035,sell,79190.8,0.0005,1054337160
1788814079087,buy,79190.9,0.001,1054337159
1788814079034,sell,79190.8,0.0005,1054337158
1788814077086,buy,79190.9,0.0004,1054337157
1788814077086,buy,79190.9,0.0012,1054337156
1788814074178,sell,79191.1,0.00001268,1054337155
1788814074178,sell,79191.7,0.0000102,1054337154
1788814074178,sell,79192.3,0.001096,1054337153
1788814074178,sell,79193.3,0.0000102,1054337152
1788814074177,sell,79194.4,0.0050985,1054337151
1788814074176,sell,79194.4,0.000011,1054337150
1788814074172,sell,79194.4,0.0005,1054337149
1788814074170,sell,79194.5,0.0002662,1054337148
1788814074169,sell,79194.5,0.0012388,1054337147
1788814074169,sell,79194.5,0.0019112,1054337146
1788814071461,sell,79194.9,0.0000102,1054337145
1788814069968,buy,79195.1,0.00563147,1054337144
1788814066782,sell,79195,0.06,1054337143
1788814065091,buy,79195.1,0.0001,1054337142
1788814065091,buy,79195.1,0.0004,1054337141
1788814064607,sell,79195,0.00024874,1054337140
1788814061074,buy,79195.1,0.00009999,1054337139
1788814061074,buy,79195.1,0.00000001,1054337138
1788814060620,sell,79195,0.000011,1054337137
1788814060386,sell,79197.3,0.00001268,1054337136
1788814060385,sell,79199.6,0.00275788,1054337135
1788814060365,sell,79200.4,0.00001268,1054337134
1788814060364,sell,79203.3,0.0000558,1054337133
1788814060364,sell,79203.5,0.00001268,1054337132
1788814060364,sell,79204.4,0.0000102,1054337131
1788814060363,sell,79207.7,0.00046199,1054337130
1788814060363,sell,79207.7,0.00314525,1054337129
1788814060122,sell,79207.7,0.000011,1054337128
1788814060117,sell,79208,0.00075164,1054337127
1788814059775,sell,79208,0.02510227,1054337126
1788814059775,sell,79208,0.00056975,1054337125
1788814059775,sell,79208,0.00215903,1054337124
1788814059775,sell,79208,0.00001,1054337123
1788814059775,sell,79208,0.00001,1054337122
1788814059775,sell,79208,0.00214895,1054337121
1788814057180,buy,79208.1,0.000011,1054337120
1788814055091,buy,79208.1,0.0005,1054337119
1788814052051,sell,79208,0.0244,1054337118
1788814051956,sell,79208,0.0000191,1054337117
1788814050087,buy,79208.1,0.0001,1054337116
1788814050087,buy,79208.1,0.0015,1054337115
1788814048484,buy,79206.8,0.0000102,1054337114
1788814048481,buy,79200,0.05945697,1054337113
1788814048311,buy,79194.8,0.0000102,1054337112
1788814048309,buy,79194.7,0.024,1054337111
1788814048309,buy,79194.7,0.01385451,1054337110
1788814048309,buy,79194.7,0.00315449,1054337109
1788814047410,buy,79194.5,0.00265158,1054337108
1788814047281,sell,79194.4,0.0013,1054337107
1788814045091,buy,79194.5,0.0005,1054337106
1788814042685,buy,79194.5,0.00489731,1054337105
1788814042685,buy,79194.5,0.00107373,1054337104
1788814041758,buy,79194.5,0.00012627,1054337103
1788814037364,buy,79194.5,0.00012627,1054337102
1788814155735,sell,79196.5,0.0000102,1054337381
1788814155734,sell,79197.5,0.0005,1054337380
1788814155729,sell,79197.5,0.0005,1054337379
1788814155637,sell,79199,0.00039135,1054337378
1788814155637,sell,79199.6,0.0000102,1054337377
1788814155637,sell,79200,0.00028901,1054337376
1788814155637,sell,79200,0.00008096,1054337375
1788814155300,sell,79200.3,0.001096,1054337374
1788814155300,sell,79201.2,0.0000102,1054337373
1788814155172,sell,79201.7,0.000011,1054337372
1788814155101,sell,79202.8,0.0000102,1054337371
1788814155099,sell,79203.9,0.00001,1054337370
1788814155099,sell,79204.1,0.00255854,1054337369
1788814155098,sell,79204.3,0.04546432,1054337368
1788814155098,sell,79204.3,0.00289659,1054337367
1788814155098,sell,79204.3,0.00289658,1054337366
1788814155098,sell,79204.3,0.00050492,1054337365
1788814155098,sell,79204.3,0.000596,1054337364
1788814155091,buy,79204.4,0.0005,1054337363
1788814155032,sell,79204.3,0.0005,1054337362
1788814149908,buy,79204.4,0.00023483,1054337361
1788814146809,sell,79206.1,0.0005,1054337360
1788814146808,sell,79206.3,0.00240593,1054337359
1788814144762,sell,79206.7,0.0000102,1054337358
1788814144761,sell,79208.2,0.00022685,1054337357
1788814144761,sell,79208.2,0.00226248,1054337356
1788814144761,sell,79208.2,0.00233857,1054337355
1788814144761,sell,79208.2,0.00010414,1054337354
1788814144761,sell,79208.2,0.00233845,1054337353
1788814144761,sell,79208.2,0.0454548,1054337352
1788814143112,buy,79208.3,0.0005,1054337351
1788814143087,buy,79208.3,0.0016,1054337350
1788814142746,buy,79206.6,0.0000102,1054337349
1788814142746,buy,79206.4,0.00003364,1054337348
1788814142624,buy,79204.4,0.01797358,1054337347
1788814142624,buy,79204.4,0.00002642,1054337346
1788814142623,buy,79204.4,0.000011,1054337345
1788814141562,sell,79206.6,0.00204801,1054337344
1788814141558,sell,79206.6,0.00110869,1054337343
1788814141558,sell,79206.7,0.00003834,1054337342
1788814141556,sell,79208.3,0.000011,1054337341
1788814141554,sell,79208.3,0.000285,1054337340
1788814141554,sell,79208.3,0.000596,1054337339
1788814141553,sell,79208.3,0.0005,1054337338
1788814141551,sell,79208.8,0.00252535,1054337337
1788814141551,sell,79209.1,0.0000102,1054337336
1788814141548,sell,79210,0.03242964,1054337335
1788814141548,sell,79210,0.00315631,1054337334
1788814141548,sell,79210,0.00050485,1054337333
1788814141088,buy,79210.1,0.0011,1054337332
1788814141035,sell,79210,0.0005,1054337331
1788814139112,buy,79210.1,0.0004,1054337330
1788814139087,buy,79210.1,0.0016,1054337329
1788814137088,buy,79210.1,0.0012,1054337328
1788814137035,sell,79210,0.0005,1054337327
1788814136256,sell,79210,0.000011,1054337326
1788814134427,sell,79210,0.00002522,1054337325
1788814134427,sell,79210,0.00008096,1054337324
1788814134427,sell,79210.7,0.0000102,1054337323
1788814134421,sell,79213.1,0.0000102,1054337322
1788814134420,sell,79214.6,0.059489,1054337321
1788814134411,sell,79214.6,0.000011,1054337320
1788814132973,sell,79214.6,0.0005,1054337319
1788814132964,sell,79217.8,0.0000102,1054337318
1788814132962,sell,79218.6,0.0000102,1054337317
1788814132961,sell,79219.2,0.00284713,1054337316
1788814132961,sell,79220,0.00008096,1054337315
1788814132961,sell,79220.1,0.00009952,1054337314
1788814132961,sell,79220.1,0.00218192,1054337313
1788814132961,sell,79220.1,0.00218193,1054337312
1788814132961,sell,79220.1,0.00259227,1054337311
1788814127659,sell,79223.7,0.0019107,1054337310
1788814127653,sell,79223.7,0.0005,1054337309
1788814127607,buy,79224.8,0.0190765,1054337308
1788814127607,buy,79224.8,0.0012,1054337307
1788814127607,buy,79224.8,0.0015,1054337306
1788814127607,buy,79224.8,0.025,1054337305
1788814127607,buy,79224.8,0.00057786,1054337304
1788814127607,buy,79224.8,0.13993595,1054337303
1788814127607,buy,79224.8,0.00001269,1054337302
1788814127607,buy,79224.8,0.125854,1054337301
1788814127606,sell,79223.7,0.000176,1054337300
1788814127605,sell,79225.1,0.00001268,1054337299
1788814127604,sell,79227.3,0.0000102,1054337298
1788814127604,sell,79227.5,0.00227166,1054337297
1788814127601,sell,79228,0.001,1054337296
1788814125091,buy,79228.1,0.0005,1054337295
1788814123277,sell,79229.8,0.00425023,1054337294
1788814123277,sell,79229.8,0.0025251,1054337293
1788814123277,sell,79229.9,0.00205554,1054337292
1788814123277,sell,79229.9,0.00204561,1054337291
1788814123277,sell,79229.9,0.00001,1054337290
1788814123277,sell,79229.9,0.00179888,1054337289
1788814123163,sell,79231.5,0.00205554,1054337288
1788814123163,sell,79231.5,0.00205553,1054337287
1788814122343,sell,79231.5,0.05130687,1054337286
1788814122343,sell,79231.5,0.00015848,1054337285
1788814122343,sell,79231.5,0.0019763,1054337284
1788814122343,sell,79231.5,0.00197629,1054337283
1788814122343,sell,79231.5,0.00753206,1054337282
1788814209041,buy,79239,0.0001706,1054337466
1788814209041,buy,79239,0.00039135,1054337465
1788814209041,buy,79239,0.00002511,1054337464
1788814206305,buy,79237.6,0.00002446,1054337463
1788814206294,buy,79236.7,0.0000102,1054337462
1788814206292,buy,79235.1,0.000011,1054337461
1788814204562,buy,79235.1,0.0001262,1054337460
1788814203088,buy,79235.1,0.0016,1054337459
1788814203043,buy,79235.1,0.00015523,1054337458
1788814202959,buy,79235.1,0.0000631,1054337457
1788814201151,buy,79235.1,0.0003,1054337456
1788814201087,buy,79235.1,0.0016,1054337455
1788814199087,buy,79235.1,0.0016,1054337454
1788814197088,buy,79235.1,0.0001,1054337453
1788814197088,buy,79235.1,0.0015,1054337452
1788814192365,sell,79235,0.0456,1054337451
1788814191648,sell,79235,0.01114958,1054337450
1788814188240,sell,79235,0.03,1054337449
1788814185742,buy,79235.1,0.00524189,1054337448
1788814185742,buy,79235.1,0.00182094,1054337447
1788814185742,buy,79235.1,0.00132095,1054337446
1788814185091,buy,79235.1,0.0005,1054337445
1788814179383,sell,79235,0.02441177,1054337444
1788814179383,sell,79235,0.00001,1054337443
1788814179383,sell,79235,0.00001,1054337442
1788814179383,sell,79235,0.00279477,1054337441
1788814179383,sell,79235,0.00277346,1054337440
1788814177506,buy,79235.1,0.00025241,1054337439
1788814175091,buy,79235.1,0.0005,1054337438
1788814171077,buy,79235.1,0.0024843,1054337437
1788814171077,buy,79235.1,0.00279481,1054337436
1788814171077,buy,79235.1,0.00144419,1054337435
1788814170087,buy,79235.1,0.00135062,1054337434
1788814170087,buy,79235.1,0.00024938,1054337433
1788814167002,buy,79235.1,0.00004669,1054337432
1788814166656,sell,79235,0.00001116,1054337431
1788814165098,buy,79235.1,0.0005,1054337430
1788814163553,sell,79235,0.00594,1054337429
1788814163051,sell,79235,0.0015,1054337428
1788814162998,buy,79235.1,0.00113187,1054337427
1788814162998,buy,79235.1,0.00001137,1054337426
1788814162984,buy,79232.4,0.0001488,1054337425
1788814162984,buy,79232.4,0.0000272,1054337424
1788814162978,buy,79235.1,0.00113184,1054337423
1788814162968,buy,79232.4,0.02502256,1054337422
1788814162965,buy,79232.4,0.03991904,1054337421
1788814162965,buy,79230,0.00008096,1054337420
1788814162960,sell,79229.6,0.12622735,1054337419
1788814162954,buy,79221.9,0.00001268,1054337418
1788814162949,buy,79221.3,0.04,1054337417
1788814162949,buy,79221.3,0.08,1054337416
1788814162948,buy,79220,0.00008096,1054337415
1788814162948,buy,79219,0.00039135,1054337414
1788814162948,buy,79219,0.02958536,1054337413
1788814162942,buy,79219,0.03049464,1054337412
1788814162942,buy,79218.8,0.00001268,1054337411
1788814162942,buy,79217.5,0.05,1054337410
1788814162942,buy,79217,0.01799268,1054337409
1788814162941,buy,79217,0.03998732,1054337408
1788814162941,buy,79215.7,0.00001268,1054337407
1788814162935,buy,79213.8,0.000015,1054337406
1788814162935,buy,79212.7,0.00001268,1054337405
1788814162935,buy,79212.3,0.003288,1054337404
1788814162935,buy,79210,0.00008096,1054337403
1788814162935,buy,79209.6,0.00001268,1054337402
1788814162935,buy,79209.5,0.001,1054337401
1788814162933,buy,79207,0.001,1054337400
1788814162933,buy,79206.5,0.00001268,1054337399
1788814162931,buy,79204.8,0.00001,1054337398
1788814162931,buy,79203.4,0.00001268,1054337397
1788814162930,buy,79201.8,0.06,1054337396
1788814162928,buy,79201.7,0.0742106,1054337395
1788814162928,buy,79201.4,0.30724505,1054337394
1788814162928,buy,79201.3,0.22,1054337393
1788814162928,buy,79200.3,0.00001268,1054337392
1788814162928,buy,79200.1,0.00003025,1054337391
1788814162928,buy,79200.1,0.06,1054337390
1788814162928,buy,79197.1,0.0000102,1054337389
1788814162928,buy,79196.7,0.00315298,1054337388
1788814162928,buy,79196.4,0.01185846,1054337387
1788814162928,buy,79196.4,0.01185847,1054337386
1788814162928,buy,79196.4,0.00279618,1054337385
1788814162928,buy,79196.4,0.00279617,1054337384
1788814162928,buy,79196.4,0.12626844,1054337383
1788814159863,sell,79196.3,0.0005,1054337382
1788814266021,sell,79258.9,0.02,1054337527
1788814263087,buy,79259,0.0016,1054337526
1788814263085,buy,79259,0.00001,1054337525
1788814262977,buy,79259,0.00063084,1054337524
1788814262968,buy,79259,0.00021865,1054337523
1788814262968,buy,79259,0.00039135,1054337522
1788814262118,sell,79258.9,0.06563932,1054337521
1788814262118,sell,79258.9,0.00049972,1054337520
1788814262118,sell,79258.9,0.25366194,1054337519
1788814262118,sell,79258.9,0.0015,1054337518
1788814262118,sell,79258.9,0.10908,1054337517
1788814261545,buy,79253.9,0.001024,1054337516
1788814261543,buy,79253.9,0.000176,1054337515
1788814261541,buy,79251.9,0.0002999,1054337514
1788814261540,buy,79250,0.00008096,1054337513
1788814261540,buy,79249.9,0.00033972,1054337512
1788814261539,buy,79246.6,0.00001268,1054337511
1788814261539,buy,79246.4,0.00456,1054337510
1788814261538,buy,79246.2,0.0000102,1054337509
1788814261538,buy,79245.6,0.00001203,1054337508
1788814261538,buy,79245.6,0.00648,1054337507
1788814261421,buy,79245.6,0.00028544,1054337506
1788814261087,buy,79245.6,0.00158663,1054337505
1788814261087,buy,79245.6,0.00001337,1054337504
1788814259713,buy,79245.6,0.000011,1054337503
1788814259087,buy,79245.6,0.0016,1054337502
1788814257086,buy,79245.6,0.0016,1054337501
1788814253649,buy,79245.5,0.00050263,1054337500
1788814253649,buy,79244.1,0.00001488,1054337499
1788814253628,buy,79243.5,0.00001268,1054337498
1788814253628,buy,79240.5,0.00001268,1054337497
1788814253628,buy,79240,0.00008096,1054337496
1788814253628,buy,79239.3,0.00049953,1054337495
1788814253627,buy,79239,0.00001778,1054337494
1788814253625,buy,79239,0.02,1054337493
1788814253625,buy,79239,0.01707063,1054337492
1788814252682,sell,79238.9,0.02,1054337491
1788814251174,buy,79239,0.000011,1054337490
1788814250408,sell,79238.9,0.01539065,1054337489
1788814250408,sell,79238.9,0.00022553,1054337488
1788814250408,sell,79238.9,0.00096731,1054337487
1788814250408,sell,79238.9,0.00170705,1054337486
1788814250408,sell,79238.9,0.00096735,1054337485
1788814250408,sell,79238.9,0.00215296,1054337484
1788814249131,sell,79238.9,0.00012552,1054337483
1788814248668,buy,79239,0.000011,1054337482
1788814245090,buy,79239,0.0005,1054337481
1788814244068,sell,79238.9,0.00026083,1054337480
1788814239006,buy,79239,0.00010516,1054337479
1788814239006,buy,79239,0.00001977,1054337478
1788814235090,buy,79239,0.00034306,1054337477
1788814235090,buy,79239,0.00015694,1054337476
1788814233657,sell,79238.9,0.00001222,1054337475
1788814230999,buy,79239,0.00013882,1054337474
1788814230087,buy,79239,0.0016,1054337473
1788814229361,buy,79239,0.00003786,1054337472
1788814225091,buy,79239,0.00047801,1054337471
1788814225091,buy,79239,0.00002199,1054337470
1788814218811,sell,79238.9,0.00697897,1054337469
1788814215091,buy,79235.1,0.0005,1054337468
1788814214963,buy,79235.1,0.00005679,1054337467
1788814321087,buy,79241.5,0.0016,1054337680
1788814319412,buy,79241.5,0.00151445,1054337679
1788814319087,buy,79241.5,0.0016,1054337678
1788814317761,buy,79240.5,0.00001268,1054337677
1788814317760,buy,79236.7,0.0000102,1054337676
1788814317760,buy,79236.5,0.00036803,1054337675
1788814317760,buy,79236.5,0.00196803,1054337674
1788814317760,buy,79236.5,0.0016,1054337673
1788814317565,buy,79236.5,0.00136857,1054337672
1788814317565,buy,79236.5,0.00038547,1054337671
1788814317565,buy,79236.5,0.0017753,1054337670
1788814317565,buy,79236.5,0.00017529,1054337669
1788814317087,buy,79236.5,0.0016,1054337668
1788814315083,buy,79236.5,0.00492411,1054337667
1788814315083,buy,79236.5,0.0031522,1054337666
1788814314251,buy,79236.3,0.000011,1054337665
1788814310141,buy,79236.3,0.00013755,1054337664
1788814310141,buy,79236.3,0.00000001,1054337663
1788814307191,sell,79236.5,0.001096,1054337662
1788814307191,sell,79236.6,0.0000102,1054337661
1788814307187,sell,79238.9,0.00001781,1054337660
1788814307187,sell,79238.9,0.00268352,1054337659
1788814307185,sell,79238.9,0.0005,1054337658
1788814307169,sell,79239,0.00039135,1054337657
1788814307169,sell,79240,0.00008096,1054337656
1788814307169,sell,79240.5,0.001096,1054337655
1788814307169,sell,79241,0.00001501,1054337654
1788814307168,sell,79241.4,0.00002159,1054337653
1788814307168,sell,79241.4,0.00132895,1054337652
1788814307123,sell,79244.5,0.00002618,1054337651
1788814307123,sell,79244.5,0.001096,1054337650
1788814307053,sell,79249.8,0.00001268,1054337649
1788814307052,sell,79252.5,0.00003175,1054337648
1788814307052,sell,79252.5,0.00580976,1054337647
1788814307050,sell,79252.5,0.0005,1054337646
1788814307040,sell,79252.6,0.0000385,1054337645
1788814307040,sell,79252.6,0.00000488,1054337644
1788814307039,sell,79252.6,0.00315,1054337643
1788814307020,sell,79255,0.0000102,1054337642
1788814307019,sell,79255.8,0.00251205,1054337641
1788814307019,sell,79256,0.00315433,1054337640
1788814307018,sell,79256.3,0.00004669,1054337639
1788814305090,buy,79256.4,0.0005,1054337638
1788814305031,sell,79256.3,0.00044338,1054337637
1788814305031,sell,79256.3,0.00005662,1054337636
1788814302488,sell,79256.3,0.00058322,1054337635
1788814302488,sell,79256.3,0.00001,1054337634
1788814302488,sell,79256.3,0.00001,1054337633
1788814302488,sell,79256.3,0.00210399,1054337632
1788814302488,sell,79256.3,0.00210411,1054337631
1788814296258,sell,79256.3,0.00022995,1054337630
1788814296130,sell,79255.8,0.01239426,1054337629
1788814296128,sell,79254.7,0.11382968,1054337628
1788814296126,buy,79254.3,0.0000102,1054337627
1788814296126,buy,79253.3,0.00001501,1054337626
1788814296123,buy,79249.7,0.00001268,1054337625
1788814296123,buy,79244.9,0.00315194,1054337624
1788814296123,buy,79244.6,0.00211437,1054337623
1788814296123,buy,79244.6,0.00211436,1054337622
1788814295091,buy,79244.6,0.0005,1054337621
1788814290087,buy,79244.6,0.00043867,1054337620
1788814290087,buy,79244.6,0.00001,1054337619
1788814290087,buy,79244.6,0.00001,1054337618
1788814290087,buy,79244.6,0.00001,1054337617
1788814290087,buy,79244.6,0.0005,1054337616
1788814290087,buy,79244.6,0.00062133,1054337615
1788814290087,buy,79244.6,0.00001,1054337614
1788814286101,sell,79245.2,0.00006309,1054337613
1788814286099,sell,79246.7,0.00001268,1054337612
1788814286098,sell,79248.5,0.001096,1054337611
1788814286098,sell,79249.4,0.00125162,1054337610
1788814286096,sell,79249.4,0.0005,1054337609
1788814286095,sell,79250,0.00008096,1054337608
1788814286095,sell,79252.9,0.00001268,1054337607
1788814286094,sell,79254.1,0.00201242,1054337606
1788814286094,sell,79256,0.00001268,1054337605
1788814286094,sell,79258,0.00016781,1054337604
1788814286094,sell,79258,0.0022015,1054337603
1788814286094,sell,79258,0.00220149,1054337602
1788814285646,sell,79258,0.000011,1054337601
1788814285629,sell,79258,0.0005,1054337600
1788814285628,sell,79258.9,0.001,1054337599
1788814285627,sell,79259.9,0.00005579,1054337598
1788814285627,sell,79259.9,0.00020458,1054337597
1788814285625,sell,79260.2,0.01148269,1054337596
1788814285625,sell,79260.2,0.14273411,1054337595
1788814285625,sell,79261.2,0.012,1054337594
1788814285625,sell,79262.2,0.08531865,1054337593
1788814285625,sell,79262.2,0.04667547,1054337592
1788814285624,sell,79262.2,0.01532436,1054337591
1788814285624,sell,79262.2,0.0497,1054337590
1788814285624,sell,79262.2,0.01461949,1054337589
1788814285624,sell,79262.3,0.04508051,1054337588
1788814285624,sell,79262.3,0.01817899,1054337587
1788814285624,sell,79262.3,0.0008505,1054337586
1788814285624,sell,79262.3,0.03384437,1054337585
1788814285624,sell,79262.3,0.0523127,1054337584
1788814285624,sell,79262.6,0.00315407,1054337583
1788814285624,sell,79262.9,0.00049998,1054337582
1788814285624,sell,79262.9,0.00048044,1054337581
