timestamp_ms,side,price,size,trade_id
1783990899567,buy,62509.3,0.00002879,1032737946
1783990897757,buy,62509.3,0.00001759,1032737945
1783990897472,sell,62509.2,0.08,1032737944
1783990897472,sell,62509.2,0.04,1032737943
1783990896752,buy,62509.3,0.00046707,1032737942
1783990895986,sell,62509.2,0.01030261,1032737941
1783990895760,sell,62509.3,0.00008306,1032737940
1783990895760,sell,62510.2,0.0125,1032737939
1783990895760,sell,62510.2,0.00595111,1032737938
1783990895159,sell,62511.3,0.00005867,1032737937
1783990895159,sell,62512.4,0.00001605,1032737936
1783990895159,sell,62512.9,0.00003409,1032737935
1783990894975,sell,62513.4,0.00000001,1032737934
1783990894975,sell,62513.4,0.00296239,1032737933
1783990894556,sell,62517,0.00004579,1032737932
1783990893935,buy,62517.1,0.00640304,1032737931
1783990889960,buy,62517.1,0.00214021,1032737930
1783990888136,buy,62517.1,0.00438794,1032737929
1783990888134,buy,62517.1,0.08404635,1032737928
1783990888117,buy,62517,0.00762962,1032737927
1783990887122,buy,62517,0.00007038,1032737926
1783990882385,buy,62513.5,0.00003039,1032737925
1783990881970,sell,62513.4,0.00298872,1032737924
1783990881883,buy,62513.5,0.00175961,1032737923
1783990879601,sell,62513.8,0.00015999,1032737922
1783990879601,sell,62514,0.00008511,1032737921
1783990879601,sell,62514.8,0.00001606,1032737920
1783990879601,sell,62515.1,0.00029121,1032737919
1783990879601,sell,62515.6,0.00029999,1032737918
1783990879596,sell,62516.1,0.04,1032737917
1783990879592,sell,62516.1,0.08,1032737916
1783990879587,sell,62516.2,0.0000819,1032737915
1783990879587,sell,62516.6,0.0012,1032737914
1783990879587,sell,62516.6,0.00595116,1032737913
1783990879166,sell,62517.3,0.17269175,1032737912
1783990879166,sell,62517.5,0.0657,1032737911
1783990879166,sell,62517.5,0.00004636,1032737910
1783990879166,sell,62517.5,0.49492482,1032737909
1783990878853,buy,62517.6,0.00011196,1032737908
1783990876396,buy,62517.6,0.00001,1032737907
1783990874979,buy,62516.7,0.00003199,1032737906
1783990873325,buy,62516.7,0.00003198,1032737905
1783990873325,buy,62516.7,0.00000001,1032737904
1783990871783,sell,62517.1,0.00001605,1032737903
1783990871783,sell,62518,0.00008148,1032737902
1783990871780,sell,62518.1,0.0125,1032737901
1783990871780,sell,62518.1,0.022961,1032737900
1783990871780,sell,62518.1,0.00406624,1032737899
1783990869894,sell,62519.2,0.00046015,1032737898
1783990869848,sell,62520,0.00281474,1032737897
1783990869846,sell,62520,0.00313637,1032737896
1783990869846,sell,62521.9,0.00001605,1032737895
1783990869846,sell,62522.3,0.0060015,1032737894
1783990869846,sell,62523.1,0.00024374,1032737893
1783990869846,sell,62523.2,0.00595111,1032737892
1783990867820,sell,62524.7,0.000093,1032737891
1783990867817,sell,62525,0.0001208,1032737890
1783990867817,sell,62526.4,0.00595111,1032737889
1783990867814,sell,62526.6,0.00001605,1032737888
1783990867269,sell,62528.8,0.00127038,1032737887
1783990867269,sell,62529,0.00001605,1032737886
1783990867269,sell,62529.1,0.00005597,1032737885
1783990867269,sell,62529.2,0.00008031,1032737884
1783990867269,sell,62529.4,0.00085861,1032737883
1783990867269,sell,62529.6,0.00595111,1032737882
1783990867269,sell,62531.8,0.00013473,1032737881
1783990867269,sell,62531.9,0.00050364,1032737880
1783990867269,sell,62531.9,0.00050364,1032737879
1783990867269,sell,62531.9,0.00050364,1032737878
1783990867269,sell,62531.9,0.00078021,1032737877
1783990867269,sell,62532.8,0.00595111,1032737876
1783990867098,sell,62533.8,0.00001606,1032737875
1783990867096,sell,62535,0.02478993,1032737874
1783990867095,sell,62535.4,0.13699697,1032737873
1783990867095,sell,62535.4,0.00170501,1032737872
1783990867095,sell,62535.4,0.0013,1032737871
1783990865742,sell,62536.1,0.00001606,1032737870
1783990864040,buy,62538.4,0.00001606,1032737869
1783990864019,sell,62537.2,0.00055546,1032737868
1783990863906,buy,62536.5,0.00001912,1032737867
1783990863894,buy,62535.8,0.00160242,1032737866
1783990863202,sell,62535,0.02521007,1032737865
1783990861193,sell,62536.1,0.00001606,1032737864
1783990861088,sell,62539,0.02400945,1032737863
1783990861088,sell,62539.2,0.026221,1032737862
1783990861088,sell,62539.2,0.07994986,1032737861
1783990860976,sell,62540.9,0.00004582,1032737860
1783990860579,buy,62541,0.00003197,1032737859
1783990860480,buy,62541,0.00097808,1032737858
1783990860480,buy,62541,0.0117,1032737857
1783990855992,sell,62540.9,0.3224656,1032737856
1783990853947,sell,62540.9,0.0000128,1032737855
1783990846230,buy,62541,0.0303321,1032737854
1783990845420,sell,62543.3,0.00001606,1032737853
1783990845420,sell,62545.6,0.00001606,1032737852
1783990845420,sell,62547.1,0.00003904,1032737851
1783990844438,sell,62547.4,0.00519504,1032737850
1783990840232,buy,62548.8,0.00272969,1032737849
1783990840110,buy,62548.8,0.0161266,1032737848
1783990838288,buy,62548.8,0.00007833,1032737847
1783990960028,sell,62524.1,0.00032038,1032738100
1783990959759,buy,62524.2,0.03,1032738099
1783990959637,sell,62524.3,0.00001606,1032738098
1783990959637,sell,62525.9,0.002943,1032738097
1783990959614,sell,62526.6,0.00001606,1032738096
1783990959614,sell,62528.2,0.00004629,1032738095
1783990959170,buy,62528.3,0.00001,1032738094
1783990958438,sell,62528.2,0.00319999,1032738093
1783990958400,buy,62528.3,0.00389,1032738092
1783990958371,sell,62533,0.00069286,1032738091
1783990958047,sell,62533.3,0.0012,1032738090
1783990958047,sell,62533.3,0.00735332,1032738089
1783990958014,sell,62533.3,0.00514668,1032738088
1783990958014,sell,62533.3,0.0000495,1032738087
1783990957752,sell,62533.3,0.00175785,1032738086
1783990957418,sell,62533.3,0.0075,1032738085
1783990957418,sell,62533.3,0.0125,1032738084
1783990956948,sell,62536.1,0.00001606,1032738083
1783990956946,sell,62537.7,0.02400989,1032738082
1783990954951,sell,62540.7,0.00012792,1032738081
1783990954656,buy,62539.2,0.00046015,1032738080
1783990954656,buy,62539.1,0.00001501,1032738079
1783990954656,buy,62539.1,0.00049902,1032738078
1783990954656,buy,62539.1,0.0002998,1032738077
1783990954650,buy,62537.2,0.00057301,1032738076
1783990954650,buy,62537.2,0.00069286,1032738075
1783990953849,sell,62536.3,0.0012,1032738074
1783990952802,sell,62536.3,0.00218626,1032738073
1783990952802,sell,62536.3,0.00000001,1032738072
1783990952682,buy,62536,0.00001606,1032738071
1783990952679,buy,62532.3,0.00051035,1032738070
1783990952679,buy,62532.3,0.00051035,1032738069
1783990950179,sell,62533.9,0.0012,1032738068
1783990949957,sell,62535.2,0.0012,1032738067
1783990949957,sell,62535.2,0.004385,1032738066
1783990949945,sell,62537.1,0.003235,1032738065
1783990949945,sell,62537.1,0.00000001,1032738064
1783990949945,sell,62537.1,0.0014,1032738063
1783990947963,buy,62530.6,0.00041965,1032738062
1783990947752,sell,62529.7,0.0219824,1032738061
1783990947533,buy,62529.8,0.00043572,1032738060
1783990947530,buy,62526.5,0.00001606,1032738059
1783990947527,buy,62524.2,0.001677,1032738058
1783990944422,sell,62524.1,0.0012,1032738057
1783990943852,sell,62526.6,0.00001606,1032738056
1783990943820,sell,62530.5,0.00274962,1032738055
1783990943379,sell,62530.5,0.00095611,1032738054
1783990940787,buy,62528.9,0.00001606,1032738053
1783990940786,buy,62526.5,0.00001606,1032738052
1783990940786,buy,62525,0.0001208,1032738051
1783990940786,buy,62524.2,0.00001606,1032738050
1783990940786,buy,62521.8,0.00001606,1032738049
1783990940784,buy,62520.3,0.00041979,1032738048
1783990940784,buy,62520.3,0.03346624,1032738047
1783990939514,buy,62519.2,0.00046015,1032738046
1783990939511,buy,62517.1,0.00561887,1032738045
1783990939511,buy,62517.1,0.01748311,1032738044
1783990939511,buy,62517.1,0.00485983,1032738043
1783990939511,buy,62517.1,0.0426,1032738042
1783990939511,buy,62517.1,0.04295325,1032738041
1783990939511,buy,62517.1,0.03244344,1032738040
1783990934064,buy,62516.4,0.10189737,1032738039
1783990934064,buy,62516.4,0.00041987,1032738038
1783990934064,buy,62516.4,0.04164498,1032738037
1783990933054,sell,62516.3,0.029976,1032738036
1783990932389,buy,62516.4,0.00001279,1032738035
1783990930897,buy,62516.2,0.0125,1032738034
1783990930091,buy,62511.8,0.00030714,1032738033
1783990930071,buy,62511.8,0.00001608,1032738032
1783990929809,buy,62507.8,0.00116736,1032738031
1783990928867,buy,62507.8,0.00034,1032738030
1783990925018,sell,62508.8,0.000015,1032738029
1783990925015,sell,62512.4,0.00001607,1032738028
1783990925011,sell,62515,0.01332342,1032738027
1783990925011,sell,62515,0.0657,1032738026
1783990922229,buy,62514.7,0.00001606,1032738025
1783990922229,buy,62512.3,0.00001606,1032738024
1783990922181,buy,62507.6,0.01,1032738023
1783990922181,buy,62507.5,0.01,1032738022
1783990922181,buy,62507.4,0.00999001,1032738021
1783990920735,buy,62507.4,0.00000999,1032738020
1783990920699,buy,62505.4,0.00328995,1032738019
1783990920699,buy,62505.2,0.00001607,1032738018
1783990920678,buy,62502,0.00801082,1032738017
1783990920676,sell,62501.9,0.0000703,1032738016
1783990920670,buy,62501,0.01122711,1032738015
1783990920670,buy,62501,0.06715201,1032738014
1783990920540,buy,62501,0.00004799,1032738013
1783990919982,buy,62500.4,0.00001607,1032738012
1783990919410,buy,62493.1,0.0056,1032738011
1783990919164,buy,62492.5,0.00001,1032738010
1783990918555,sell,62492.4,0.00039972,1032738009
1783990918555,sell,62492.4,0.00004585,1032738008
1783990918555,sell,62492.4,0.00050555,1032738007
1783990918555,sell,62492.4,0.00050555,1032738006
1783990918555,sell,62492.4,0.00036164,1032738005
1783990917321,sell,62492.4,0.00014391,1032738004
1783990916503,buy,62492.5,0.0000128,1032738003
1783990913770,buy,62492.5,0.00160018,1032738002
1783990913770,buy,62492.5,0.00000001,1032738001
1783991015582,sell,62486,0.0001586,1032738224
1783991011278,buy,62482.1,0.01277966,1032738223
1783991010893,sell,62482,0.00001606,1032738222
1783991010893,sell,62482,0.00008397,1032738221
1783991010887,sell,62483.3,0.00010519,1032738220
1783991010887,sell,62483.9,0.00001605,1032738219
1783991010887,sell,62484.4,0.00595116,1032738218
1783991010887,sell,62484.9,0.02,1032738217
1783991010884,sell,62484.9,0.08,1032738216
1783991010884,sell,62484.9,0.04,1032738215
1783991009059,sell,62484.9,0.08,1032738214
1783991009059,sell,62484.9,0.04,1032738213
1783991005184,buy,62485,0.00001,1032738212
1783991004950,buy,62485,0.02089883,1032738211
1783991004950,buy,62485,0.01591,1032738210
1783991004329,sell,62484.9,0.08,1032738209
1783991004329,sell,62484.9,0.04,1032738208
1783991002960,sell,62486,0.00011367,1032738207
1783991002960,sell,62487.6,0.00004652,1032738206
1783991002740,buy,62487.7,0.00010402,1032738205
1783991000526,buy,62485,0.00012803,1032738204
1783990999978,sell,62484.9,0.08,1032738203
1783990999978,sell,62484.9,0.04,1032738202
1783990993829,buy,62485,0.00321259,1032738201
1783990991808,sell,62485.6,0.0015,1032738200
1783990991808,sell,62485.7,0.00010781,1032738199
1783990991808,sell,62486.6,0.00009143,1032738198
1783990991808,sell,62486.6,0.00008031,1032738197
1783990991808,sell,62487,0.00001605,1032738196
1783990991808,sell,62487.8,0.00595111,1032738195
1783990991808,sell,62488.9,0.00030476,1032738194
1783990991808,sell,62489.3,0.00001767,1032738193
1783990991808,sell,62489.5,0.00002713,1032738192
1783990991808,sell,62489.5,0.00128901,1032738191
1783990991808,sell,62489.5,0.00013536,1032738190
1783990991795,sell,62489.7,0.00001005,1032738189
1783990991795,sell,62489.7,0.00033669,1032738188
1783990991795,sell,62489.7,0.00083683,1032738187
1783990991795,sell,62489.7,0.0003359,1032738186
1783990991795,sell,62489.7,0.00083861,1032738185
1783990991795,sell,62490.1,0.0001292,1032738184
1783990991795,sell,62490.2,0.00001003,1032738183
1783990991777,sell,62490.7,0.00034809,1032738182
1783990991777,sell,62490.9,0.00016005,1032738181
1783990991777,sell,62491,0.00595111,1032738180
1783990991769,sell,62491.5,0.00004969,1032738179
1783990991769,sell,62492.2,0.00051307,1032738178
1783990991769,sell,62492.2,0.00051307,1032738177
1783990991769,sell,62492.2,0.00029999,1032738176
1783990991769,sell,62492.2,0.00069999,1032738175
1783990991766,sell,62494.2,0.00595111,1032738174
1783990991766,sell,62494.3,0.00054884,1032738173
1783990991766,sell,62494.3,0.08810871,1032738172
1783990991763,sell,62494.3,0.20381508,1032738171
1783990990447,sell,62494.3,0.00001277,1032738170
1783990988390,sell,62494.3,0.00031512,1032738169
1783990988186,sell,62495.8,0.00001607,1032738168
1783990988186,sell,62497.4,0.00595111,1032738167
1783990987675,sell,62499.2,0.00046015,1032738166
1783990987675,sell,62500,0.00049999,1032738165
1783990987675,sell,62500,0.0001208,1032738164
1783990987672,sell,62500.5,0.00001607,1032738163
1783990987672,sell,62500.6,0.00595111,1032738162
1783990987672,sell,62501,0.00116736,1032738161
1783990987672,sell,62501,0.08926409,1032738160
1783990987672,sell,62501,0.04,1032738159
1783990987672,sell,62501,0.08,1032738158
1783990987672,sell,62501,0.34295793,1032738157
1783990987643,sell,62501,0.0089,1032738156
1783990987604,sell,62501,0.04,1032738155
1783990987576,sell,62501,0.0056,1032738154
1783990987574,sell,62501,0.0214,1032738153
1783990987563,sell,62501,0.0537,1032738152
1783990987184,sell,62501,0.001,1032738151
1783990987181,sell,62501,0.046,1032738150
1783990987181,sell,62501,0.039,1032738149
1783990987181,sell,62501,0.034,1032738148
1783990987172,sell,62502.6,0.01,1032738147
1783990987172,sell,62502.7,0.01,1032738146
1783990987172,sell,62502.8,0.0095962,1032738145
1783990987125,sell,62502.8,0.0004038,1032738144
1783990987125,sell,62502.9,0.00001607,1032738143
1783990987125,sell,62503.8,0.00595111,1032738142
1783990987097,sell,62507,0.00041987,1032738141
1783990987097,sell,62507,0.00595111,1032738140
1783990985016,sell,62507.6,0.00001607,1032738139
1783990985016,sell,62509.3,0.00003199,1032738138
1783990985016,sell,62510,0.00001607,1032738137
1783990985016,sell,62510.2,0.00595111,1032738136
1783990985016,sell,62512.4,0.00001607,1032738135
1783990985016,sell,62513.4,0.00595111,1032738134
1783990984990,sell,62514.8,0.00001607,1032738133
1783990984990,sell,62515.6,0.00029999,1032738132
1783990984989,sell,62516.3,0.00610224,1032738131
1783990983732,buy,62516.4,0.00092455,1032738130
1783990983126,sell,62516.3,0.00694918,1032738129
1783990983126,sell,62516.3,0.00041979,1032738128
1783990983126,sell,62516.3,0.00123996,1032738127
1783990983126,sell,62516.3,0.01551702,1032738126
1783990979906,buy,62517.7,0.00087953,1032738125
1783991069643,buy,62473.9,0.00159266,1032738331
1783991066369,buy,62472.5,0.01332207,1032738330
1783991066369,buy,62472.5,0.08667792,1032738329
1783991066369,buy,62472.5,0.00000001,1032738328
1783991066247,sell,62472.4,0.03765741,1032738327
1783991066247,sell,62472.4,0.0015,1032738326
1783991066244,sell,62472.5,0.00049508,1032738325
1783991066244,sell,62472.6,0.00037532,1032738324
1783991066244,sell,62474.4,0.00001607,1032738323
1783991066145,sell,62477.2,0.00004603,1032738322
1783991060436,buy,62476.8,0.00000001,1032738321
1783991060436,buy,62476.8,0.0012,1032738320
1783991060433,buy,62477.3,0.00000001,1032738319
1783991060433,buy,62476.8,0.00056196,1032738318
1783991060433,buy,62476.7,0.00001607,1032738317
1783991060403,buy,62473.5,0.0012,1032738316
1783991059394,sell,62474.4,0.00001607,1032738315
1783991058357,sell,62476.7,0.00069871,1032738314
1783991057783,sell,62479.1,0.00001607,1032738313
1783991057357,buy,62481.4,0.01044323,1032738312
1783991057139,sell,62481.3,0.00619013,1032738311
1783991051707,sell,62481.5,0.00001607,1032738310
1783991051707,sell,62484.3,0.00827428,1032738309
1783991050940,buy,62484.4,0.00016003,1032738308
1783991045527,sell,62484.3,0.00091866,1032738307
1783991044804,buy,62483.4,0.00011064,1032738306
1783991044804,buy,62483.4,0.00129999,1032738305
1783991043482,buy,62483.4,0.00000001,1032738304
1783991043482,buy,62483.4,0.00069871,1032738303
1783991043328,buy,62476.7,0.00001608,1032738302
1783991043315,buy,62476.7,0.00000001,1032738301
1783991043315,buy,62476.7,0.00001607,1032738300
1783991043312,buy,62474,0.0012,1032738299
1783991043306,buy,62472.9,0.00010908,1032738298
1783991042349,buy,62472.9,0.00032009,1032738297
1783991041187,sell,62472.9,0.0125,1032738296
1783991040857,sell,62473.5,0.00016932,1032738295
1783991040857,sell,62473.5,0.0002669,1032738294
1783991040857,sell,62473.5,0.00002242,1032738293
1783991040857,sell,62473.6,0.0004239,1032738292
1783991040857,sell,62473.9,0.00001113,1032738291
1783991040847,sell,62474.8,0.00595111,1032738290
1783991040846,sell,62475,0.00001501,1032738289
1783991040846,sell,62475,0.0001208,1032738288
1783991040846,sell,62475.1,0.00008053,1032738287
1783991040846,sell,62475.4,0.0001715,1032738286
1783991040037,sell,62476.5,0.00003095,1032738285
1783991040037,sell,62476.5,0.00001042,1032738284
1783991040037,sell,62476.8,0.00001605,1032738283
1783991040037,sell,62478,0.00268139,1032738282
1783991040037,sell,62478,0.00004583,1032738281
1783991040037,sell,62478,0.00595111,1032738280
1783991040037,sell,62478,0.00036,1032738279
1783991039547,sell,62478.3,0.00322922,1032738278
1783991039416,sell,62478.3,0.00007989,1032738277
1783991038487,sell,62478.7,0.00001217,1032738276
1783991038487,sell,62478.7,0.000132,1032738275
1783991038487,sell,62479,0.00799,1032738274
1783991038487,sell,62479,0.0015,1032738273
1783991038487,sell,62479,0.00036,1032738272
1783991038487,sell,62479,0.00036,1032738271
1783991038130,sell,62479.2,0.00002152,1032738270
1783991038130,sell,62479.2,0.00046015,1032738269
1783991038117,sell,62480,0.00006529,1032738268
1783991038117,sell,62480,0.00003413,1032738267
1783991038117,sell,62480,0.00002297,1032738266
1783991038117,sell,62480.5,0.00005042,1032738265
1783991038117,sell,62481.2,0.00595111,1032738264
1783991036555,sell,62481.3,0.00031504,1032738263
1783991035663,sell,62481.5,0.00001607,1032738262
1783991035428,sell,62483.3,0.0232846,1032738261
1783991035428,sell,62483.4,0.0167154,1032738260
1783991035427,sell,62483.4,0.06330586,1032738259
1783991035427,sell,62483.9,0.00001607,1032738258
1783991035427,sell,62488.6,0.01667807,1032738257
1783991032640,sell,62488.6,0.00129492,1032738256
1783991032538,sell,62488.6,0.00002,1032738255
1783991032017,sell,62494.5,0.03153496,1032738254
1783991032017,sell,62495.8,0.00001607,1032738253
1783991032017,sell,62496.2,0.00001501,1032738252
1783991032017,sell,62498.1,0.00004803,1032738251
1783991032017,sell,62498.1,0.00001607,1032738250
1783991032017,sell,62498.3,0.00836986,1032738249
1783991032017,sell,62498.3,0.07163232,1032738248
1783991032017,sell,62502.9,0.00836768,1032738247
1783991029794,sell,62502.9,0.00034437,1032738246
1783991029794,sell,62502.9,0.00000001,1032738245
1783991026368,buy,62502.8,0.00001607,1032738244
1783991026368,buy,62501.3,0.000015,1032738243
1783991026368,buy,62500.4,0.00001607,1032738242
1783991026368,buy,62498,0.00001607,1032738241
1783991026080,sell,62497,0.00024265,1032738240
1783991022953,buy,62497.1,0.0875,1032738239
1783991022953,buy,62497.1,0.0125,1032738238
1783991022530,buy,62495.7,0.00001607,1032738237
1783991022530,buy,62495.6,0.04,1032738236
1783991022530,buy,62495.5,0.08755,1032738235
1783991022530,buy,62495,0.02153577,1032738234
1783991022530,buy,62493.3,0.00001607,1032738233
1783991022530,buy,62492.7,0.04005264,1032738232
1783991125817,sell,62474.8,0.00595111,1032738399
1783991125816,sell,62475,0.0001208,1032738398
1783991125797,sell,62476.8,0.00001607,1032738397
1783991125797,sell,62478,0.00595111,1032738396
1783991125777,sell,62479.2,0.00046015,1032738395
1783991125777,sell,62481.2,0.00595111,1032738394
1783991125774,sell,62481.5,0.00004634,1032738393
1783991125771,sell,62484.3,0.00631625,1032738392
1783991125771,sell,62484.3,0.01499453,1032738391
1783991123640,sell,62484.3,0.00101063,1032738390
1783991122607,buy,62484.4,0.01328,1032738389
1783991121169,buy,62484.4,0.03313136,1032738388
1783991121169,buy,62484.4,0.0012,1032738387
1783991121169,buy,62484.4,0.0013,1032738386
1783991121169,buy,62484.4,0.00032238,1032738385
1783991121169,buy,62484.4,0.00584229,1032738384
1783991114120,buy,62484.4,0.00010882,1032738383
1783991110747,sell,62484.3,0.00023,1032738382
1783991108854,buy,62481.3,0.00032244,1032738381
1783991107928,sell,62481.2,0.00027791,1032738380
1783991106097,sell,62481.2,0.03115512,1032738379
1783991106097,sell,62481.2,0.00595111,1032738378
1783991106085,sell,62482.1,0.00043476,1032738377
1783991104647,sell,62487.8,0.00004582,1032738376
1783991104647,sell,62487.8,0.00043466,1032738375
1783991104189,sell,62487.8,0.00051755,1032738374
1783991100382,sell,62482.1,0.00031534,1032738373
1783991100357,sell,62485,0.04,1032738372
1783991100357,sell,62485,0.08,1032738371
1783991100350,sell,62486.6,0.04,1032738370
1783991099473,sell,62490.1,0.00003109,1032738369
1783991099471,sell,62491,0.00001607,1032738368
1783991098720,sell,62495.8,0.00001607,1032738367
1783991098718,sell,62498.1,0.00001607,1032738366
1783991098718,sell,62499.4,0.00004846,1032738365
1783991096382,sell,62501.8,0.00056148,1032738364
1783991096382,sell,62501.8,0.00054614,1032738363
1783991094880,sell,62501.8,0.00155596,1032738362
1783991092328,buy,62501.9,0.03589673,1032738361
1783991091063,buy,62501.9,0.0063918,1032738360
1783991090213,buy,62501.9,0.00001608,1032738359
1783991090208,buy,62500,0.0001208,1032738358
1783991090208,buy,62499.2,0.00046015,1032738357
1783991090074,buy,62498.5,0.00956534,1032738356
1783991090074,buy,62498.5,0.00043466,1032738355
1783991085357,buy,62495.7,0.00001607,1032738354
1783991085357,buy,62491.4,0.00043476,1032738353
1783991085357,buy,62491.4,0.00985921,1032738352
1783991085353,buy,62491.4,0.00264079,1032738351
1783991084821,buy,62490.9,0.00001607,1032738350
1783991084821,buy,62488.5,0.00001607,1032738349
1783991084821,buy,62486.2,0.00001607,1032738348
1783991084821,buy,62484.4,0.00032566,1032738347
1783991084817,buy,62484.4,0.01736764,1032738346
1783991078083,buy,62483.9,0.00000001,1032738345
1783991078083,buy,62483.8,0.00001607,1032738344
1783991078083,buy,62482.4,0.00001501,1032738343
1783991078083,buy,62481.4,0.00001607,1032738342
1783991078036,sell,62478.5,0.00025641,1032738341
1783991075767,buy,62476.7,0.0000128,1032738340
1783991075066,sell,62476.6,0.00032095,1032738339
1783991074480,sell,62476.8,0.00001607,1032738338
1783991074227,sell,62481.3,0.00652078,1032738337
1783991073981,sell,62481.3,0.00162942,1032738336
1783991071429,sell,62481.3,0.00175721,1032738335
1783991071426,buy,62481.4,0.00000001,1032738334
1783991071426,buy,62481.4,0.00001607,1032738333
1783991071423,buy,62476.7,0.00001607,1032738332
1784002348746,buy,62568.1,0.00161104,1032760071
1784002345979,sell,62568,0.00062106,1032760070
1784002341159,buy,62568.1,0.00062172,1032760069
1784002335361,buy,62568.1,0.00014544,1032760068
1784002334925,buy,62568.1,0.00004794,1032760067
1784002334402,sell,62568,0.00103,1032760066
1784002334020,buy,62568.1,0.00473404,1032760065
1784002329837,buy,62568.1,0.00502042,1032760064
1784002326152,buy,62566.9,0.00001605,1032760063
1784002326151,buy,62564.6,0.00001605,1032760062
1784002326151,buy,62563.6,0.00001597,1032760061
1784002326138,buy,62562.7,0.00001501,1032760060
1784002326138,buy,62562.6,0.00025323,1032760059
1784002322204,buy,62562.6,0.00047951,1032760058
1784002321832,buy,62559.5,0.0125,1032760057
1784002321832,buy,62559.5,0.00004613,1032760056
1784002321748,buy,62558.5,0.00006331,1032760055
1784002321704,buy,62558.5,0.0001787,1032760054
1784002321175,buy,62558.5,0.00017182,1032760053
1784002316578,sell,62558.4,0.00705517,1032760052
1784002315091,sell,62558.4,0.01131413,1032760051
1784002310945,buy,62558.5,0.00212275,1032760050
1784002306372,buy,62557.4,0.00001605,1032760049
1784002306372,buy,62555.1,0.00004894,1032760048
1784002306370,buy,62554.4,0.00006331,1032760047
1784002306370,buy,62554.4,0.00082051,1032760046
1784002305608,sell,62553.2,0.00002236,1032760045
1784002305585,buy,62553.3,0.00322445,1032760044
1784002305154,sell,62554.3,0.02699595,1032760043
1784002303489,sell,62554.3,0.00015749,1032760042
1784002301910,buy,62554.4,0.3326051,1032760041
1784002301726,buy,62554.4,0.00002238,1032760040
1784002301464,sell,62554.3,0.01139346,1032760039
1784002301464,sell,62554.3,0.00521963,1032760038
1784002299910,buy,62554.4,0.00095378,1032760037
1784002299306,sell,62554.3,0.00168803,1032760036
1784002298781,buy,62554.4,0.00848497,1032760035
1784002297508,buy,62554.4,0.00212614,1032760034
1784002296923,sell,62554.3,0.00002234,1032760033
1784002292524,buy,62554.4,0.00168972,1032760032
1784002292077,buy,62554.4,0.00453685,1032760031
1784002285912,buy,62553.1,0.00037022,1032760030
1784002283842,sell,62553,0.00069935,1032760029
1784002280312,buy,62553.1,0.00000999,1032760028
1784002280312,buy,62553.1,0.00000001,1032760027
1784002280188,sell,62555.2,0.00001605,1032760026
1784002280188,sell,62556.3,0.00003057,1032760025
1784002280188,sell,62557.5,0.00001605,1032760024
1784002280188,sell,62558.4,0.00069158,1032760023
1784002279770,sell,62559.9,0.00001605,1032760022
1784002279770,sell,62562.3,0.00001605,1032760021
1784002279768,sell,62564.7,0.0000523,1032760020
1784002279768,sell,62564.7,0.00001605,1032760019
1784002279768,sell,62566.5,0.03871319,1032760018
1784002279768,sell,62566.5,0.00003311,1032760017
1784002279768,sell,62567,0.03869922,1032760016
1784002279767,sell,62567,0.00001397,1032760015
1784002279767,sell,62567,0.00000104,1032760014
1784002279767,sell,62567,0.00001501,1032760013
1784002279767,sell,62568.6,0.03463686,1032760012
1784002279767,sell,62568.6,0.00001501,1032760011
1784002279767,sell,62568.6,0.00001501,1032760010
1784002279767,sell,62568.6,0.00001501,1032760009
1784002279767,sell,62568.6,0.00001501,1032760008
1784002279514,sell,62568.6,0.0037,1032760007
1784002276604,sell,62568.6,0.00015831,1032760006
1784002275383,sell,62568.6,0.00170989,1032760005
1784002273919,sell,62570.2,0.03901747,1032760004
1784002273919,sell,62570.2,0.00124763,1032760003
1784002273919,sell,62570.2,0.00003603,1032760002
1784002273919,sell,62572.2,0.00001634,1032760001
1784002273918,sell,62572.2,0.04024876,1032760000
1784002273918,sell,62572.2,0.00055385,1032759999
1784002273918,sell,62572.2,0.00949739,1032759998
1784002273507,sell,62572.2,0.00015747,1032759997
1784002272491,buy,62572.3,0.00171161,1032759996
1784002271272,buy,62572.3,0.00002237,1032759995
1784002268385,buy,62571.7,0.00001605,1032759994
1784002268385,buy,62569.3,0.00001605,1032759993
1784002268385,buy,62566.8,0.0000519,1032759992
1784002268383,buy,62565.8,0.0125,1032759991
1784002268383,buy,62565.8,0.03571717,1032759990
1784002261258,buy,62564.7,0.00027469,1032759989
1784002256168,sell,62564.6,0.00041,1032759988
1784002255593,sell,62564.6,0.00041,1032759987
1784002254589,buy,62564.6,0.00001605,1032759986
1784002254575,buy,62562.7,0.00001501,1032759985
1784002254572,buy,62559.8,0.00001605,1032759984
1784002254546,buy,62554.9,0.0013,1032759983
1784002254541,buy,62554.5,0.08823,1032759982
1784002254541,buy,62553.4,0.02400349,1032759981
1784002254541,buy,62553.3,0.08693,1032759980
1784002254541,buy,62553.3,0.0013,1032759979
1784002254540,buy,62552.2,0.03739472,1032759978
1784002254540,buy,62552.2,0.00475844,1032759977
1784002254539,buy,62552,0.04335013,1032759976
1784002254539,buy,62552,0.0017,1032759975
1784002254538,buy,62552,0.1347,1032759974
1784002254538,buy,62552,0.00576346,1032759973
1784002254538,buy,62550.3,0.0125,1032759972
1784002404577,buy,62549.7,0.00007993,1032760132
1784002402262,buy,62549.7,0.00003197,1032760131
1784002402099,buy,62549.7,0.00031174,1032760130
1784002400601,buy,62549.7,0.00001,1032760129
1784002396606,buy,62544.9,0.00003626,1032760128
1784002396606,buy,62543.7,0.0001149,1032760127
1784002396430,sell,62543.7,0.00001501,1032760126
1784002396430,sell,62545.6,0.00001606,1032760125
1784002396426,sell,62548.5,0.00002439,1032760124
1784002396382,sell,62550.4,0.01585903,1032760123
1784002396372,sell,62550.4,0.01118027,1032760122
1784002396372,sell,62550.4,0.00001605,1032760121
1784002396372,sell,62550.5,0.0270393,1032760120
1784002396372,sell,62550.5,0.00002508,1032760119
1784002396372,sell,62551.6,0.0417393,1032760118
1784002396372,sell,62551.6,0.0129607,1032760117
1784002396372,sell,62551.6,0.0270393,1032760116
1784002395754,sell,62556.4,0.00002456,1032760115
1784002395754,sell,62557.4,0.00000078,1032760114
1784002395751,sell,62557.4,0.07999922,1032760113
1784002395751,sell,62557.4,0.1845,1032760112
1784002395751,sell,62557.4,0.0125,1032760111
1784002395751,sell,62557.4,0.221668,1032760110
1784002395751,sell,62557.4,0.02964,1032760109
1784002395751,sell,62557.4,0.0547,1032760108
1784002395751,sell,62557.4,0.2155,1032760107
1784002395751,sell,62557.4,0.02794837,1032760106
1784002395751,sell,62557.4,0.00005337,1032760105
1784002395751,sell,62557.4,0.49482436,1032760104
1784002395751,sell,62557.4,0.07363668,1032760103
1784002393879,sell,62557.4,0.0237839,1032760102
1784002392626,sell,62557.4,0.00160942,1032760101
1784002390300,sell,62557.4,0.00097,1032760100
1784002385904,sell,62557.5,0.00001605,1032760099
1784002385904,sell,62559.9,0.00001605,1032760098
1784002385904,sell,62560,0.00110334,1032760097
1784002385904,sell,62562.3,0.00006086,1032760096
1784002385898,sell,62564.7,0.00001605,1032760095
1784002385895,sell,62566.1,0.11101192,1032760094
1784002385895,sell,62566.4,0.04410572,1032760093
1784002385895,sell,62567,0.04410572,1032760092
1784002385895,sell,62567,0.00001662,1032760091
1784002385895,sell,62568,0.04544935,1032760090
1784002385895,sell,62568,0.00675124,1032760089
1784002385767,sell,62568,0.04,1032760088
1784002385130,sell,62568,0.00224505,1032760087
1784002384925,sell,62568,0.0121,1032760086
1784002384582,sell,62568,0.00168766,1032760085
1784002384370,sell,62568,0.0168,1032760084
1784002384369,sell,62568,0.0141,1032760083
1784002381377,buy,62568.1,0.00080167,1032760082
1784002381377,buy,62568.1,0.00025318,1032760081
1784002373653,buy,62568.1,0.00605269,1032760080
1784002371567,buy,62568.1,0.00168935,1032760079
1784002369346,sell,62568,0.00216,1032760078
1784002369329,sell,62568,0.01996617,1032760077
1784002369262,sell,62568,0.01816007,1032760076
1784002369262,sell,62568,0.0547,1032760075
1784002369262,sell,62568,0.02707993,1032760074
1784002366611,sell,62568,0.00019855,1032760073
1784002353805,sell,62568,0.00034088,1032760072
1784002461794,sell,62587.1,0.00066398,1032760204
1784002459060,buy,62587.2,0.00170322,1032760203
1784002458203,buy,62587.2,0.00003195,1032760202
1784002454126,buy,62587.2,0.00015977,1032760201
1784002451247,buy,62587.2,0.05853752,1032760200
1784002450558,sell,62587.8,0.0316857,1032760199
1784002450203,buy,62587.9,0.00140602,1032760198
1784002447003,buy,62587.9,0.00011184,1032760197
1784002446442,buy,62587.9,0.07705098,1032760196
1784002446438,buy,62587.8,0.00008,1032760195
1784002446438,buy,62586.1,0.00029828,1032760194
1784002446438,buy,62586,0.00001605,1032760193
1784002446438,buy,62585.8,0.00008,1032760192
1784002445991,buy,62584.3,0.00089324,1032760191
1784002445542,buy,62583.7,0.07727005,1032760190
1784002445541,buy,62583.7,0.00000001,1032760189
1784002445541,buy,62583.7,0.00008,1032760188
1784002445537,buy,62581.6,0.00008,1032760187
1784002444746,buy,62581.1,0.00185359,1032760186
1784002443594,sell,62581,0.00015743,1032760185
1784002442216,sell,62581,0.02630892,1032760184
1784002442210,sell,62581,0.01137994,1032760183
1784002442210,sell,62581,0.00629006,1032760182
1784002442039,buy,62579.5,0.00008,1032760181
1784002442039,buy,62579.2,0.00046015,1032760180
1784002442039,buy,62578.8,0.00001605,1032760179
1784002442039,buy,62577.4,0.00008,1032760178
1784002442039,buy,62575.6,0.00002874,1032760177
1784002442027,buy,62575.3,0.00008,1032760176
1784002442020,buy,62575,0.0001208,1032760175
1784002441123,sell,62574.1,0.00170671,1032760174
1784002441123,sell,62574.1,0.00000001,1032760173
1784002438944,buy,62574.2,0.00073033,1032760172
1784002434956,buy,62574.1,0.00001605,1032760171
1784002434954,buy,62573.3,0.00002965,1032760170
1784002434202,buy,62572,0.01269903,1032760169
1784002434191,buy,62572,0.03167471,1032760168
1784002434105,buy,62572,0.00170843,1032760167
1784002432819,buy,62572,0.00000001,1032760166
1784002432819,buy,62571.6,0.00003058,1032760165
1784002432742,buy,62570.3,0.04608419,1032760164
1784002431542,buy,62568.4,0.04609201,1032760163
1784002431542,buy,62568.1,0.00810541,1032760162
1784002431542,buy,62566.9,0.00001605,1032760161
1784002431541,buy,62565.7,0.00003156,1032760160
1784002428368,buy,62564.5,0.00001606,1032760159
1784002428365,buy,62561.1,0.00008404,1032760158
1784002428365,buy,62560.9,0.00003263,1032760157
1784002428362,buy,62559.7,0.0125,1032760156
1784002428362,buy,62559.7,0.00073714,1032760155
1784002426461,buy,62559.7,0.00287245,1032760154
1784002423772,buy,62559.7,0.00161445,1032760153
1784002421300,buy,62559.7,0.00259885,1032760152
1784002421055,sell,62559.6,0.00080526,1032760151
1784002421004,sell,62559.6,0.01631451,1032760150
1784002420652,sell,62559.6,0.01717,1032760149
1784002420502,buy,62557.4,0.00001606,1032760148
1784002420502,buy,62556.8,0.00003368,1032760147
1784002420502,buy,62555.5,0.0125,1032760146
1784002419884,sell,62555.4,0.00001593,1032760145
1784002418052,sell,62555.4,0.00130803,1032760144
1784002418052,sell,62555.4,0.00005124,1032760143
1784002417419,buy,62555.1,0.00001606,1032760142
1784002417419,buy,62552.7,0.00001606,1032760141
1784002417419,buy,62550.9,0.00003517,1032760140
1784002417417,buy,62549.7,0.00141932,1032760139
1784002417417,buy,62549.7,0.07865,1032760138
1784002412573,buy,62549.6,0.0031301,1032760137
1784002409281,sell,62549.5,0.01103429,1032760136
1784002408722,sell,62549.6,0.00025318,1032760135
1784002408722,sell,62549.6,0.00920557,1032760134
1784002408712,sell,62549.6,0.04037024,1032760133
1784002518035,sell,62555.1,0.03285398,1032760271
1784002518035,sell,62555.1,0.03453982,1032760270
1784002516577,buy,62555.2,0.00023978,1032760269
1784002515026,sell,62555.1,0.00212159,1032760268
1784002512221,sell,62555.2,0.00001605,1032760267
1784002512221,sell,62556.3,0.00001501,1032760266
1784002512221,sell,62556.5,0.000015,1032760265
1784002512221,sell,62557.5,0.00001605,1032760264
1784002512221,sell,62558.6,0.00083835,1032760263
1784002512219,sell,62558.6,0.15364776,1032760262
1784002512219,sell,62559.2,0.00046015,1032760261
1784002512219,sell,62559.9,0.00001605,1032760260
1784002512219,sell,62560.2,0.10299074,1032760259
1784002512219,sell,62562.3,0.00001605,1032760258
1784002512219,sell,62562.6,0.00004611,1032760257
1784002512219,sell,62562.6,0.00029999,1032760256
1784002512219,sell,62564.7,0.03290222,1032760255
1784002512219,sell,62564.7,0.00001605,1032760254
1784002512219,sell,62565.9,0.0371774,1032760253
1784002512219,sell,62565.9,0.0000591,1032760252
1784002512219,sell,62566,0.03432199,1032760251
1784002506740,buy,62566.1,0.00031806,1032760250
1784002505972,sell,62566.1,0.0181889,1032760249
1784002504340,buy,62566.2,0.00001,1032760248
1784002502647,sell,62566.1,0.01613309,1032760247
1784002501102,sell,62567.5,0.00754876,1032760246
1784002501094,sell,62567.5,0.0304,1032760245
1784002500825,sell,62567.5,0.0096,1032760244
1784002499887,buy,62567.6,0.00033343,1032760243
1784002499887,buy,62567.6,0.0013,1032760242
1784002497793,buy,62567.6,0.00068106,1032760241
1784002497793,buy,62567.6,0.00000001,1032760240
1784002496384,sell,62567.5,0.00001606,1032760239
1784002496381,sell,62567.8,0.00006096,1032760238
1784002496381,sell,62567.8,0.00004386,1032760237
1784002496252,sell,62571.8,0.00005089,1032760236
1784002496252,sell,62573.9,0.01816907,1032760235
1784002496251,sell,62573.9,0.00090661,1032760234
1784002496248,sell,62573.9,0.00637086,1032760233
1784002496248,sell,62573.9,0.00006842,1032760232
1784002496248,sell,62573.9,0.00004793,1032760231
1784002496235,sell,62574.2,0.02544654,1032760230
1784002496218,sell,62575.5,0.02544654,1032760229
1784002496218,sell,62575.5,0.03567214,1032760228
1784002496212,sell,62575.5,0.00001501,1032760227
1784002496212,sell,62575.5,0.00001501,1032760226
1784002496212,sell,62575.5,0.00001501,1032760225
1784002484192,sell,62575.9,0.00005298,1032760224
1784002484192,sell,62575.9,0.0125,1032760223
1784002483740,sell,62575.9,0.00336039,1032760222
1784002483729,sell,62578.1,0.0043576,1032760221
1784002483728,sell,62578.9,0.00001605,1032760220
1784002483725,sell,62583.7,0.0000608,1032760219
1784002483725,sell,62583.7,0.04087245,1032760218
1784002483712,sell,62585.9,0.03500702,1032760217
1784002483712,sell,62585.9,0.00001498,1032760216
1784002483712,sell,62585.9,0.00007166,1032760215
1784002483712,sell,62585.9,0.00012218,1032760214
1784002483712,sell,62586.6,0.02358727,1032760213
1784002481044,sell,62586.6,0.00161283,1032760212
1784002477492,sell,62587.1,0.0020727,1032760211
1784002469499,sell,62587.1,0.02560013,1032760210
1784002469383,buy,62587.2,0.00297185,1032760209
1784002467336,sell,62587.1,0.00164738,1032760208
1784002467003,buy,62587.2,0.00015977,1032760207
1784002465857,buy,62587.2,0.00001,1032760206
1784002464088,sell,62587.1,0.00170151,1032760205
1784002574125,buy,62587.7,0.00031955,1032760316
1784002573340,buy,62587.7,0.00004793,1032760315
1784002570250,sell,62587.6,0.1,1032760314
1784002565296,buy,62586.1,0.0002999,1032760313
1784002565296,buy,62586,0.00001605,1032760312
1784002565296,buy,62583.6,0.00001605,1032760311
1784002565296,buy,62582.2,0.0003358,1032760310
1784002559221,sell,62582.1,0.07326,1032760309
1784002559221,sell,62582.1,0.02674,1032760308
1784002557605,sell,62582.1,0.00169261,1032760307
1784002557242,buy,62582.2,0.07717397,1032760306
1784002557242,buy,62582.2,0.00004,1032760305
1784002557238,buy,62581.6,0.00001501,1032760304
1784002557236,buy,62581.5,0.00885492,1032760303
1784002557236,buy,62581.2,0.00001605,1032760302
1784002557236,buy,62580.1,0.00004,1032760301
1784002557236,buy,62579.2,0.00046015,1032760300
1784002557236,buy,62577.9,0.00004,1032760299
1784002557236,buy,62576.3,0.00033588,1032760298
1784002556272,buy,62575.9,0.00004,1032760297
1784002556270,buy,62573.8,0.00004,1032760296
1784002556224,buy,62571.7,0.00004,1032760295
1784002556217,buy,62569.6,0.00004,1032760294
1784002556163,buy,62569.3,0.00001605,1032760293
1784002556163,buy,62567.6,0.0005648,1032760292
1784002556150,buy,62567.4,0.00004,1032760291
1784002556147,buy,62565.3,0.00004,1032760290
1784002556147,buy,62564.6,0.00001605,1032760289
1784002556145,buy,62563.4,0.02399783,1032760288
1784002556145,buy,62562.1,0.15752494,1032760287
1784002553958,sell,62562,0.00026904,1032760286
1784002547573,buy,62562.1,0.00169431,1032760285
1784002546106,buy,62562.1,0.00146734,1032760284
1784002544965,buy,62562.1,0.00004155,1032760283
1784002539298,buy,62562.1,0.12494455,1032760282
1784002535021,sell,62562,0.00209926,1032760281
1784002533799,sell,62562,0.1373801,1032760280
1784002533799,sell,62562,0.07985454,1032760279
1784002533799,sell,62562,0.07985454,1032760278
1784002530717,buy,62562.1,0.00086314,1032760277
1784002525048,buy,62560.6,0.01598309,1032760276
1784002524695,buy,62559.8,0.00001605,1032760275
1784002524021,sell,62558.7,0.16646761,1032760274
1784002522125,buy,62555.2,0.00159858,1032760273
1784002519539,buy,62555.2,0.00013765,1032760272
1784010450388,sell,62683.6,0.00001602,1032775621
1784010450388,sell,62684.5,0.00080132,1032775620
1784010450380,sell,62685.8,0.11036036,1032775619
1784010450380,sell,62686.1,0.04454681,1032775618
1784010450380,sell,62686.2,0.00005052,1032775617
1784010450380,sell,62686.2,0.04860843,1032775616
1784010450380,sell,62686.8,0.04435825,1032775615
1784010446738,buy,62686.9,0.01276105,1032775614
1784010446355,buy,62686.9,0.00203684,1032775613
1784010446243,buy,62686.9,0.00274,1032775612
1784010445411,sell,62686.8,0.00018856,1032775611
1784010445411,sell,62686.8,0.0000512,1032775610
1784010442204,buy,62686.9,0.00023928,1032775609
1784010442139,buy,62686.9,0.00011964,1032775608
1784010439192,buy,62686.9,0.00066389,1032775607
1784010436253,sell,62686.8,0.00160131,1032775606
1784010435758,buy,62686.9,0.00015952,1032775605
1784010433237,sell,62686.8,0.0000207,1032775604
1784010431486,sell,62688.4,0.00001602,1032775603
1784010431486,sell,62690,0.0125,1032775602
1784010431486,sell,62690,0.00282476,1032775601
1784010431380,sell,62693.2,0.00005504,1032775600
1784010431380,sell,62693.2,0.00001602,1032775599
1784010431378,sell,62696,0.15,1032775598
1784010431377,sell,62697.5,0.03028976,1032775597
1784010431377,sell,62697.5,0.00065818,1032775596
1784010431376,sell,62698,0.00479233,1032775595
1784010431376,sell,62698,0.04641655,1032775594
1784010431376,sell,62698.1,0.04240048,1032775593
1784010431075,buy,62698.2,0.00160291,1032775592
1784010427468,buy,62698.2,0.00014354,1032775591
1784010423779,buy,62698.2,0.00015949,1032775590
1784010423490,buy,62698.2,0.00209096,1032775589
1784010421707,buy,62698.2,0.00002073,1032775588
1784010415524,sell,62698.1,0.00031421,1032775587
1784010412066,sell,62698.3,0.00641655,1032775586
1784010412064,buy,62698.4,0.00093518,1032775585
1784010412064,buy,62698.4,0.00093518,1032775584
1784010412064,buy,62698.4,0.00093518,1032775583
1784010412064,buy,62698.4,0.00093518,1032775582
1784010412064,buy,62698.4,0.00093518,1032775581
1784010412064,buy,62698.4,0.00093518,1032775580
1784010412064,buy,62698.4,0.00093518,1032775579
1784010412064,buy,62698.4,0.00093518,1032775578
1784010412064,buy,62698.4,0.00093518,1032775577
1784010412064,buy,62698.4,0.00093518,1032775576
1784010412064,buy,62698.4,0.00093518,1032775575
1784010412064,buy,62698.4,0.00093518,1032775574
1784010412064,buy,62698.4,0.00093518,1032775573
1784010412064,buy,62698.4,0.00093518,1032775572
1784010412058,sell,62698.3,0.04,1032775571
1784010411238,buy,62698.4,0.00159495,1032775570
1784010403252,buy,62698.4,0.00159493,1032775569
1784010400846,sell,62698.3,0.00072462,1032775568
1784010397564,sell,62698.3,0.00015713,1032775567
1784010386831,sell,62697.5,0.00024518,1032775566
1784010386323,sell,62697.5,0.01038225,1032775565
1784010386323,sell,62697.5,0.0000389,1032775564
1784010380900,sell,62698.4,0.022844,1032775563
1784010380900,sell,62698.4,0.03453391,1032775562
1784010378343,sell,62698.4,0.00181162,1032775561
1784010378000,sell,62698.4,0.00806081,1032775560
1784010374581,buy,62698.5,0.00181344,1032775559
1784010374505,sell,62698.4,0.00048135,1032775558
1784010369545,sell,62698.4,0.00239743,1032775557
1784010365616,buy,62695.2,0.0125,1032775556
1784010362958,sell,62695.1,0.0002082,1032775555
1784010361306,sell,62695.1,0.00023891,1032775554
1784010361303,sell,62695.1,0.00160939,1032775553
1784010360428,buy,62695.2,0.00003987,1032775552
1784010357520,sell,62695.1,0.00049516,1032775551
1784010353232,buy,62695.2,0.00001603,1032775550
1784010353232,buy,62695.2,0.0012,1032775549
1784010353228,buy,62693.3,0.0001014,1032775548
1784010353228,buy,62693.3,0.00003666,1032775547
1784010353228,buy,62693.1,0.00001602,1032775546
1784010353228,buy,62691.6,0.04140917,1032775545
1784010352799,buy,62691.6,0.00005582,1032775544
1784010352616,sell,62691.5,0.00008,1032775543
1784010352126,sell,62691.5,0.00901437,1032775542
1784010346009,buy,62691.6,0.00637086,1032775541
1784010345023,sell,62691.5,0.00136638,1032775540
1784010343351,buy,62691.6,0.0015,1032775539
1784010337206,sell,62691.5,0.0000442,1032775538
1784010336372,buy,62690.1,0.0000105,1032775537
1784010336372,buy,62690.1,0.0001024,1032775536
1784010336372,buy,62690.1,0.00003788,1032775535
1784010333683,sell,62689.6,0.00069405,1032775534
1784010333592,buy,62689.7,0.00015079,1032775533
1784010332791,sell,62688.2,0.00157561,1032775532
1784010330483,buy,62688.8,0.00000001,1032775531
1784010330483,buy,62688.3,0.00001602,1032775530
1784010330481,buy,62686.3,0.00010331,1032775529
1784010330481,buy,62686.3,0.00003915,1032775528
1784010330481,buy,62686.3,0.00001626,1032775527
1784010327799,buy,62684.6,0.00001595,1032775526
1784010326208,sell,62684.5,0.00167304,1032775525
1784010324816,sell,62686.1,0.08606553,1032775524
1784010324816,sell,62686.1,0.0013,1032775523
1784010324816,sell,62686.1,0.0125,1032775522
1784010504525,buy,62672.6,0.00004786,1032775662
1784010502355,buy,62672.6,0.00002233,1032775661
1784010498791,sell,62672.5,0.00264092,1032775660
1784010498676,sell,62672.5,0.04,1032775659
1784010494885,sell,62672.5,0.006554,1032775658
1784010493190,buy,62672.6,0.00529278,1032775657
1784010493190,buy,62672.6,0.00001501,1032775656
1784010486752,sell,62672.5,0.01746435,1032775655
1784010486283,sell,62675,0.0001208,1032775654
1784010486275,sell,62677.3,0.15716009,1032775653
1784010486274,sell,62677.3,0.00001501,1032775652
1784010486274,sell,62677.3,0.00001501,1032775651
1784010486274,sell,62677.3,0.00001501,1032775650
1784010486274,sell,62677.3,0.00001501,1032775649
1784010486274,sell,62677.3,0.00001501,1032775648
1784010486274,sell,62678.3,0.21805554,1032775647
1784010486274,sell,62678.3,0.00001501,1032775646
1784010486274,sell,62678.3,0.02152383,1032775645
1784010486274,sell,62678.9,0.00001602,1032775644
1784010486274,sell,62679.2,0.00046015,1032775643
1784010486274,sell,62679.8,0.000015,1032775642
1784010486274,sell,62680.2,0.00029999,1032775641
1784010486273,sell,62681.3,0.00001602,1032775640
1784010486273,sell,62681.6,0.00035942,1032775639
1784010486273,sell,62682.6,0.00005175,1032775638
1784010486273,sell,62682.6,0.04366605,1032775637
1784010486171,sell,62683.9,0.04855719,1032775636
1784010486171,sell,62684,0.0348018,1032775635
1784010475591,sell,62686.1,0.029409,1032775634
1784010475237,buy,62686.2,0.00468535,1032775633
1784010467536,sell,62686.1,0.00047198,1032775632
1784010464789,buy,62686.2,0.00015952,1032775631
1784010460070,sell,62686.1,0.0012278,1032775630
1784010456189,buy,62686.2,0.0810059,1032775629
1784010455926,sell,62687.1,0.00604,1032775628
1784010455269,buy,62686.8,0.00001603,1032775627
1784010455266,buy,62683.5,0.00457,1032775626
1784010455247,buy,62682.7,0.00008592,1032775625
1784010455247,buy,62682.7,0.00006553,1032775624
1784010453519,sell,62681.6,0.00031421,1032775623
1784010451075,sell,62681.6,0.00012709,1032775622
1784010560792,sell,62684.8,0.00006448,1032775706
1784010558591,buy,62684.9,0.00318577,1032775705
1784010554762,sell,62684.8,0.018325,1032775704
1784010554762,sell,62684.9,0.00254291,1032775703
1784010554762,sell,62684.9,0.13913209,1032775702
1784010554762,sell,62684.9,0.03387686,1032775701
1784010554762,sell,62684.9,0.04612314,1032775700
1784010549016,buy,62685,0.00020738,1032775699
1784010545378,buy,62685,0.00015952,1032775698
1784010543482,sell,62684.9,0.00041283,1032775697
1784010541495,buy,62685,0.00039732,1032775696
1784010541226,buy,62684.1,0.00006329,1032775695
1784010541226,buy,62683.2,0.0012,1032775694
1784010541226,buy,62683.2,0.0125,1032775693
1784010541226,buy,62683.2,0.00010199,1032775692
1784010540677,sell,62683.1,0.00629999,1032775691
1784010540677,sell,62683.1,0.00000001,1032775690
1784010540005,buy,62683.2,0.00477959,1032775689
1784010539782,buy,62683.2,0.00075,1032775688
1784010538215,buy,62681.2,0.00011738,1032775687
1784010538215,buy,62681.2,0.00006477,1032775686
1784010538215,buy,62681.2,0.00001602,1032775685
1784010538215,buy,62680.4,0.000102,1032775684
1784010532530,buy,62680.4,0.00017549,1032775683
1784010530920,sell,62680.3,0.00032012,1032775682
1784010530610,sell,62680.3,0.02935869,1032775681
1784010527306,buy,62679.8,0.00012098,1032775680
1784010527306,buy,62679.8,0.00006676,1032775679
1784010527306,buy,62679,0.0125,1032775678
1784010527216,buy,62678.8,0.00001602,1032775677
1784010527216,buy,62676.4,0.00001602,1032775676
1784010527216,buy,62675.6,0.00012037,1032775675
1784010527216,buy,62675.6,0.00006815,1032775674
1784010527216,buy,62674.7,0.00010201,1032775673
1784010521869,buy,62674.7,0.00478662,1032775672
1784010520938,sell,62674.6,0.00048017,1032775671
1784010519409,sell,62674.6,0.00475888,1032775670
1784010519409,sell,62674.6,0.00000001,1032775669
1784010516389,buy,62673.3,0.00006686,1032775668
1784010516389,buy,62673.3,0.0001048,1032775667
1784010516389,buy,62672.6,0.00105423,1032775666
1784010507852,buy,62672.6,0.00191311,1032775665
1784010507346,buy,62672.6,0.00022816,1032775664
1784010506203,buy,62672.6,0.00007977,1032775663
1784010614126,buy,62695.5,0.00007975,1032775734
1784010608054,sell,62695.5,0.15842863,1032775733
1784010608054,sell,62695.5,0.0013,1032775732
1784010608054,sell,62695.5,0.0471671,1032775731
1784010599739,sell,62695.5,0.00001911,1032775730
1784010594526,sell,62696.2,0.03117446,1032775729
1784010594490,sell,62696.2,0.01597358,1032775728
1784010593316,buy,62696.3,0.00877244,1032775727
1784010590980,buy,62696.3,0.00009729,1032775726
1784010589548,buy,62696.3,0.00023556,1032775725
1784010587163,sell,62696.2,0.00003817,1032775724
1784010586078,buy,62696.3,0.00092262,1032775723
1784010586078,buy,62696.3,0.00118087,1032775722
1784010585382,buy,62696.3,0.00001913,1032775721
1784010583160,buy,62695.5,0.00001602,1032775720
1784010583002,buy,62692.5,0.00001501,1032775719
1784010582997,buy,62690.4,0.08,1032775718
1784010582990,buy,62688.3,0.00001602,1032775717
1784010582988,buy,62685.1,0.03720967,1032775716
1784010582988,buy,62685,0.36982678,1032775715
1784010581718,sell,62684.9,0.02074522,1032775714
1784010581718,sell,62684.9,0.00000001,1032775713
1784010577560,buy,62684.9,0.00080004,1032775712
1784010577560,buy,62684.9,0.00008742,1032775711
1784010569471,buy,62684.9,0.00809126,1032775710
1784010567726,buy,62684.9,0.00047858,1032775709
1784010564738,sell,62684.8,0.00153,1032775708
1784010563754,buy,62684.9,0.00015314,1032775707
1784010670967,sell,62692.4,0.00001501,1032775824
1784010670967,sell,62693.2,0.00001602,1032775823
1784010670967,sell,62694.5,0.00006088,1032775822
1784010670965,sell,62696.9,0.00010641,1032775821
1784010670965,sell,62696.9,0.00004559,1032775820
1784010670965,sell,62696.9,0.00001595,1032775819
1784010670965,sell,62697.9,0.02959432,1032775818
1784010670840,sell,62700.4,0.02959432,1032775817
1784010670840,sell,62700.4,0.0001104,1032775816
1784010670840,sell,62700.4,0.00004728,1032775815
1784010670840,sell,62700.4,0.00001656,1032775814
1784010670736,sell,62701.4,0.03407553,1032775813
1784010670236,sell,62702.6,0.03407553,1032775812
1784010670236,sell,62702.6,0.00011618,1032775811
1784010670236,sell,62702.6,0.00004972,1032775810
1784010670236,sell,62702.6,0.00001749,1032775809
1784010670132,sell,62703.6,0.03407553,1032775808
1784010670132,sell,62703.6,0.0000652,1032775807
1784010669170,sell,62703.6,0.00824292,1032775806
1784010669169,sell,62703.6,0.0366805,1032775805
1784010668531,sell,62703.6,0.00031422,1032775804
1784010668222,sell,62709,0.00000001,1032775803
1784010668222,sell,62709,0.00001815,1032775802
1784010668222,sell,62709,0.00005152,1032775801
1784010668222,sell,62709,0.00012043,1032775800
1784010667799,buy,62707.4,0.00001602,1032775799
1784010667796,buy,62705,0.00001602,1032775798
1784010667796,buy,62703.8,0.0002999,1032775797
1784010667796,buy,62700.2,0.009992,1032775796
1784010667794,buy,62700,0.0001208,1032775795
1784010667794,buy,62700,0.00122329,1032775794
1784010667792,buy,62699.2,0.00046015,1032775793
1784010667792,buy,62698.4,0.00004595,1032775792
1784010667792,buy,62698.4,0.01351979,1032775791
1784010667792,buy,62698.4,0.35103581,1032775790
1784010667792,buy,62698.4,0.58763581,1032775789
1784010667792,buy,62698.4,0.058,1032775788
1784010664774,sell,62698.3,0.0077724,1032775787
1784010664352,sell,62698.3,0.00015,1032775786
1784010663925,buy,62698.4,0.00176608,1032775785
1784010661679,buy,62698.4,0.00041309,1032775784
1784010659264,buy,62698.4,0.00019139,1032775783
1784010656091,sell,62698.3,0.00649,1032775782
1784010654533,sell,62698.3,0.01169022,1032775781
1784010654085,sell,62698.3,0.00015799,1032775780
1784010653755,sell,62698.3,0.00031422,1032775779
1784010650618,buy,62698.4,0.00328876,1032775778
1784010649950,sell,62698.3,0.0006904,1032775777
1784010644766,buy,62697.8,0.00001602,1032775776
1784010644766,buy,62696.3,0.01594991,1032775775
1784010644766,buy,62696.3,0.0000874,1032775774
1784010644766,buy,62696.2,0.00001413,1032775773
1784010644766,buy,62695.5,0.00001602,1032775772
1784010644764,buy,62694.7,0.00008624,1032775771
1784010642070,sell,62693.6,0.00011505,1032775770
1784010642070,sell,62693.6,0.00000001,1032775769
1784010639162,buy,62693.1,0.00001602,1032775768
1784010639162,buy,62691.2,0.00008848,1032775767
1784010639162,buy,62691.2,0.00004146,1032775766
1784010639162,buy,62690.7,0.00001602,1032775765
1784010637728,buy,62690,0.00001595,1032775764
1784010635471,sell,62689.9,0.00007015,1032775763
1784010635471,sell,62689.9,0.00000001,1032775762
1784010633845,buy,62687.3,0.00012128,1032775761
1784010633845,buy,62687.3,0.00009054,1032775760
1784010632905,buy,62685.9,0.00801184,1032775759
1784010631195,buy,62685.9,0.11869974,1032775758
1784010630691,buy,62685.9,0.00030628,1032775757
1784010630430,buy,62685.9,0.00923812,1032775756
1784010629546,sell,62685.8,0.00031426,1032775755
1784010629546,sell,62685.8,0.00000001,1032775754
1784010627005,buy,62685.9,0.00017228,1032775753
1784010626851,buy,62683.5,0.00012371,1032775752
1784010626851,buy,62683.5,0.00009293,1032775751
1784010625501,buy,62682.3,0.00002712,1032775750
1784010624540,buy,62682.3,0.00006381,1032775749
1784010623432,sell,62682.2,0.00157407,1032775748
1784010623286,sell,62683.6,0.00001602,1032775747
1784010623284,sell,62686.1,0.00001501,1032775746
1784010623276,sell,62688.2,0.0125,1032775745
1784010623276,sell,62688.2,0.00338947,1032775744
1784010623276,sell,62688.2,0.0012898,1032775743
1784010623207,sell,62690.8,0.0000672,1032775742
1784010623207,sell,62690.8,0.00001602,1032775741
1784010623198,sell,62693.2,0.04,1032775740
1784010623157,sell,62695.1,0.04413838,1032775739
1784010623157,sell,62695.2,0.03298085,1032775738
1784010623157,sell,62695.4,0.04665618,1032775737
1784010616522,sell,62695.4,0.00015714,1032775736
1784010616175,sell,62695.4,0.00037289,1032775735
1784018276951,buy,62700,0.0149,1032790151
1784018275895,buy,62700,0.6059,1032790150
1784018275895,buy,62700,0.2852554,1032790149
1784018275649,buy,62700,0.0149,1032790148
1784018274335,buy,62700,0.0111186,1032790147
1784018274335,buy,62700,0.0037814,1032790146
1784018273728,sell,62699.9,0.02445151,1032790145
1784018273038,buy,62700,0.01216756,1032790144
1784018273038,buy,62700,0.00283244,1032790143
1784018271712,sell,62699.9,0.00082433,1032790142
1784018271707,buy,62700,0.00089897,1032790141
1784018271707,buy,62700,0.00017561,1032790140
1784018271707,buy,62700,0.00003181,1032790139
1784018271707,buy,62700,0.00001001,1032790138
1784018271707,buy,62700,0.00323739,1032790137
1784018271707,buy,62700,0.01042541,1032790136
1784018271707,buy,62700,0.0001208,1032790135
1784018271119,buy,62699.2,0.00046015,1032790134
1784018271119,buy,62698.3,0.00001,1032790133
1784018271117,buy,62697.8,0.00001604,1032790132
1784018271117,buy,62697.4,0.00001011,1032790131
1784018271117,buy,62697.4,0.00004304,1032790130
1784018271117,buy,62696.9,0.00050529,1032790129
1784018271117,buy,62696.9,0.00050529,1032790128
1784018271117,buy,62696.9,0.00041238,1032790127
1784018271117,buy,62695.9,0.00049984,1032790126
1784018271117,buy,62695.7,0.00063395,1032790125
1784018270392,buy,62695.6,0.0149,1032790124
1784018269994,buy,62695.6,0.00702554,1032790123
1784018268636,buy,62695.6,0.015,1032790122
1784018267968,sell,62695.5,0.00015713,1032790121
1784018267807,buy,62695.6,0.01597081,1032790120
1784018266606,sell,62695.5,0.00031425,1032790119
1784018265862,buy,62695.6,0.0149,1032790118
1784018264517,buy,62695.6,0.015,1032790117
1784018263711,buy,62695.6,0.01504389,1032790116
1784018262560,sell,62695.5,0.00175315,1032790115
1784018258247,sell,62695.5,0.00181488,1032790114
1784018257291,sell,62695.5,0.0016268,1032790113
1784018253995,buy,62695.6,0.015,1032790112
1784018252669,buy,62695.6,0.01091525,1032790111
1784018252669,buy,62695.6,0.0015,1032790110
1784018252669,buy,62695.6,0.00093794,1032790109
1784018252669,buy,62695.6,0.00174681,1032790108
1784018251719,buy,62695.4,0.00001,1032790107
1784018251719,buy,62695.3,0.00003369,1032790106
1784018251719,buy,62694.5,0.00015979,1032790105
1784018251719,buy,62693.9,0.00004494,1032790104
1784018251713,buy,62693.2,0.0000105,1032790103
1784018251713,buy,62693.1,0.00001333,1032790102
1784018251369,buy,62692.9,0.0051,1032790101
1784018251369,buy,62692.9,0.01,1032790100
1784018250990,buy,62692.7,0.00008598,1032790099
1784018250990,buy,62692.6,0.00057021,1032790098
1784018250990,buy,62692.6,0.00141746,1032790097
1784018250990,buy,62692.6,0.00020347,1032790096
1784018250951,buy,62692.6,0.00466304,1032790095
1784018249673,sell,62692.5,0.00095436,1032790094
1784018249450,sell,62692.5,0.00576147,1032790093
1784018245167,buy,62692.6,0.0000638,1032790092
1784018243751,buy,62692.6,0.0002087,1032790091
1784018241403,buy,62692.6,0.0001595,1032790090
1784018239124,buy,62692.6,0.00033177,1032790089
1784018235528,sell,62692.5,0.03189482,1032790088
1784018235520,sell,62692.5,0.03348651,1032790087
1784018235520,sell,62692.5,0.04682513,1032790086
1784018234706,sell,62692.5,0.00012371,1032790085
1784018233903,buy,62692.6,0.00586404,1032790084
1784018232221,buy,62692.6,0.00160584,1032790083
1784018231531,buy,62692.6,0.00047852,1032790082
1784018229055,buy,62692.6,0.0178,1032790081
1784018227426,buy,62692.6,0.00037474,1032790080
1784018227237,sell,62692.5,0.01205237,1032790079
1784018226107,sell,62692.5,0.05791416,1032790078
1784018226107,sell,62692.5,0.25739,1032790077
1784018226107,sell,62692.5,0.17229861,1032790076
1784018226107,sell,62692.5,0.01009861,1032790075
1784018226107,sell,62692.5,0.17229861,1032790074
1784018226107,sell,62692.5,0.00000001,1032790073
1784018223320,buy,62692.6,0.0222,1032790072
1784018222949,buy,62692.6,0.00020449,1032790071
1784018222949,buy,62692.6,0.00001,1032790070
1784018222949,buy,62692.6,0.00052951,1032790069
1784018222947,buy,62692.3,0.00027594,1032790068
1784018222947,buy,62692.1,0.00015978,1032790067
1784018222947,buy,62691.2,0.00001426,1032790066
1784018222947,buy,62690.9,0.00001137,1032790065
1784018222947,buy,62690.7,0.00001604,1032790064
1784018222947,buy,62690,0.00003079,1032790063
1784018222947,buy,62690,0.00001015,1032790062
1784018222947,buy,62690,0.00010805,1032790061
1784018222947,buy,62689.9,0.00012367,1032790060
1784018222947,buy,62689.8,0.00002422,1032790059
1784018222940,buy,62688.4,0.16405638,1032790058
1784018222940,buy,62688.4,0.018,1032790057
1784018222299,sell,62688.3,0.03189497,1032790056
1784018222297,sell,62688.9,0.02465443,1032790055
1784018217969,sell,62688.9,0.00031439,1032790054
1784018216615,sell,62688.9,0.0001572,1032790053
1784018215959,buy,62689,0.0278,1032790052
1784018330330,sell,62740.9,0.00160009,1032790577
1784018329405,sell,62740.9,0.0042919,1032790576
1784018329405,sell,62740.9,0.00000001,1032790575
1784018329363,buy,62740.7,0.00001601,1032790574
1784018329360,buy,62738.4,0.00001601,1032790573
1784018329360,buy,62734.4,0.0125,1032790572
1784018329360,buy,62734.4,0.00076306,1032790571
1784018326009,buy,62734.4,0.00014546,1032790570
1784018325503,sell,62736.6,0.00005351,1032790569
1784018325503,sell,62736.6,0.04685447,1032790568
1784018324596,sell,62736.6,0.00001187,1032790567
1784018324596,sell,62736.6,0.00004375,1032790566
1784018323080,sell,62738.5,0.0125,1032790565
1784018322883,sell,62738.5,0.00001602,1032790564
1784018322883,sell,62738.5,0.00020699,1032790563
1784018322883,sell,62738.5,0.00001601,1032790562
1784018322880,sell,62739.6,0.07482,1032790561
1784018322879,sell,62740.8,0.00001601,1032790560
1784018322879,sell,62742.5,0.00169677,1032790559
1784018322878,sell,62742.5,0.00102669,1032790558
1784018322876,sell,62742.5,0.03939507,1032790557
1784018322865,sell,62744.1,0.04702974,1032790556
1784018322856,sell,62745.6,0.00005529,1032790555
1784018322856,sell,62745.6,0.00004375,1032790554
1784018322856,sell,62745.6,0.04702974,1032790553
1784018321862,buy,62745.7,0.0016017,1032790552
1784018321242,sell,62747.5,0.00006429,1032790551
1784018321242,sell,62747.5,0.00004374,1032790550
1784018321242,sell,62747.5,0.04702974,1032790549
1784018321242,sell,62747.5,0.01236439,1032790548
1784018321225,sell,62747.5,0.00013561,1032790547
1784018320552,buy,62747.6,0.00299603,1032790546
1784018320483,sell,62747.8,0.03584244,1032790545
1784018320483,sell,62748.3,0.0000688,1032790544
1784018320483,sell,62748.3,0.00003408,1032790543
1784018320483,sell,62749.5,0.0125,1032790542
1784018320483,sell,62749.5,0.11155468,1032790541
1784018320086,sell,62750.4,0.00001601,1032790540
1784018320078,sell,62753.7,0.0294815,1032790539
1784018320010,sell,62754.5,0.02252348,1032790538
1784018320001,sell,62754.5,0.01665893,1032790537
1784018320001,sell,62754.6,0.03918241,1032790536
1784018320001,sell,62754.6,0.00001313,1032790535
1784018320001,sell,62754.6,0.026,1032790534
1784018314020,buy,62754.6,0.01436765,1032790533
1784018313910,buy,62754.4,0.00001058,1032790532
1784018313910,buy,62754.1,0.00003128,1032790531
1784018313909,buy,62754,0.00002922,1032790530
1784018313909,buy,62754,0.00005481,1032790529
1784018313909,buy,62754,0.00005016,1032790528
1784018313909,buy,62752.9,0.00002846,1032790527
1784018313909,buy,62752.8,0.00003762,1032790526
1784018313909,buy,62752.8,0.00002753,1032790525
1784018313909,buy,62752.8,0.00005542,1032790524
1784018313909,buy,62752.8,0.0000184,1032790523
1784018313909,buy,62752.7,0.00003229,1032790522
1784018313909,buy,62752.7,0.00008212,1032790521
1784018313909,buy,62752.5,0.00001037,1032790520
1784018313909,buy,62752.5,0.00075616,1032790519
1784018313909,buy,62752.5,0.00075396,1032790518
1784018313909,buy,62752.5,0.00034234,1032790517
1784018313909,buy,62752,0.0015,1032790516
1784018313909,buy,62752,0.00006673,1032790515
1784018313909,buy,62752,0.00004101,1032790514
1784018313908,buy,62751.9,0.00011936,1032790513
1784018313695,buy,62751.9,0.036972,1032790512
1784018313071,buy,62751.9,0.001346,1032790511
1784018309395,sell,62751.8,0.00012802,1032790510
1784018307004,buy,62751.9,0.00015935,1032790509
1784018306674,sell,62751.8,0.00114456,1032790508
1784018305679,sell,62751.8,0.00794001,1032790507
1784018303970,sell,62751.8,0.00080242,1032790506
1784018303960,buy,62751.8,0.00001602,1032790505
1784018303960,buy,62751.6,0.00001069,1032790504
1784018303960,buy,62751.5,0.00042647,1032790503
1784018303960,buy,62751,0.00029999,1032790502
1784018303960,buy,62750.4,0.00108,1032790501
1784018303960,buy,62750.3,0.00001602,1032790500
1784018303960,buy,62750.1,0.00002201,1032790499
1784018303960,buy,62750,0.00009311,1032790498
1784018303960,buy,62750,0.00019997,1032790497
1784018303960,buy,62750,0.00037001,1032790496
1784018303960,buy,62750,0.00003348,1032790495
1784018303960,buy,62750,0.00005296,1032790494
1784018303960,buy,62750,0.00002069,1032790493
1784018303960,buy,62750,0.00003463,1032790492
1784018303960,buy,62750,0.00002504,1032790491
1784018303960,buy,62750,0.00007975,1032790490
1784018303960,buy,62750,0.00080543,1032790489
1784018303960,buy,62750,0.00001353,1032790488
1784018303960,buy,62750,0.00006638,1032790487
1784018303960,buy,62750,0.0003227,1032790486
1784018303960,buy,62750,0.00014926,1032790485
1784018303960,buy,62750,0.00003425,1032790484
1784018303960,buy,62750,0.00004231,1032790483
1784018303960,buy,62750,0.0000185,1032790482
1784018303960,buy,62750,0.00001108,1032790481
1784018303960,buy,62750,0.00001029,1032790480
1784018303960,buy,62750,0.00001916,1032790479
1784018303960,buy,62750,0.00002075,1032790478
1784018387839,sell,62744,0.01431531,1032790670
1784018387149,buy,62744.1,0.03396994,1032790669
1784018386863,buy,62744.1,0.00206116,1032790668
1784018386840,sell,62745.6,0.04309854,1032790667
1784018386840,sell,62745.6,0.00004565,1032790666
1784018386833,sell,62746.8,0.02468712,1032790665
1784018386833,sell,62746.8,0.01098288,1032790664
1784018386833,sell,62747,0.03227049,1032790663
1784018386796,sell,62747,0.00339951,1032790662
1784018386141,sell,62748.6,0.00000001,1032790661
1784018386139,sell,62748.6,0.74227375,1032790660
1784018386139,sell,62748.6,0.03463525,1032790659
1784018384713,buy,62748.7,0.01876692,1032790658
1784018374500,buy,62747.9,0.000016,1032790657
1784018374500,buy,62744.7,0.00567006,1032790656
1784018374500,buy,62744.7,0.00176002,1032790655
1784018374500,buy,62744.7,0.00095133,1032790654
1784018373726,buy,62744,0.00022709,1032790653
1784018373459,sell,62743.9,0.00651165,1032790652
1784018373127,buy,62744,0.00163202,1032790651
1784018372918,buy,62744,0.00114114,1032790650
1784018372787,sell,62743.9,0.01106911,1032790649
1784018372787,sell,62743.9,0.0013,1032790648
1784018372787,sell,62743.9,0.00050597,1032790647
1784018372787,sell,62743.9,0.03496349,1032790646
1784018371445,buy,62744,0.00011156,1032790645
1784018369082,sell,62744.6,0.00050584,1032790644
1784018369082,sell,62744.6,0.03332689,1032790643
1784018368743,sell,62744.6,0.0016366,1032790642
1784018368299,buy,62744.7,0.00011153,1032790641
1784018368299,buy,62744.7,0.00000001,1032790640
1784018367857,sell,62748,0.00050571,1032790639
1784018367857,sell,62748,0.00004613,1032790638
1784018367857,sell,62748,0.00009751,1032790637
1784018367844,sell,62748,0.04783521,1032790636
1784018367740,buy,62748.1,0.00015936,1032790635
1784018365869,sell,62748.8,0.00014738,1032790634
1784018365867,sell,62748.8,0.04778534,1032790633
1784018365867,sell,62748.8,0.00004873,1032790632
1784018365809,sell,62749.9,0.00041291,1032790631
1784018365687,sell,62749.9,0.04764297,1032790630
1784018365687,sell,62749.9,0.0001911,1032790629
1784018365522,sell,62749.9,0.04774162,1032790628
1784018365522,sell,62749.9,0.00009245,1032790627
1784018363378,buy,62750,0.00163824,1032790626
1784018363165,sell,62752.2,0.000223,1032790625
1784018363165,sell,62752.2,0.00000001,1032790624
1784018363165,sell,62752.8,0.000016,1032790623
1784018363163,sell,62755.7,0.23933786,1032790622
1784018363160,sell,62756.3,0.02663458,1032790621
1784018363155,sell,62756.4,0.04634247,1032790620
1784018363155,sell,62756.8,0.03884,1032790619
1784018363155,sell,62756.8,0.00009244,1032790618
1784018363155,sell,62756.8,0.03605494,1032790617
1784018362321,sell,62756.8,0.00132851,1032790616
1784018357076,sell,62756.8,0.00297057,1032790615
1784018354522,buy,62756.9,0.00168719,1032790614
1784018353081,sell,62756.8,0.00273036,1032790613
1784018350007,sell,62756.8,0.00039364,1032790612
1784018350007,sell,62756.8,0.00005351,1032790611
1784018346933,buy,62756.9,0.0016,1032790610
1784018345795,buy,62756.9,0.00039995,1032790609
1784018342928,buy,62756.9,0.00012728,1032790608
1784018342928,buy,62756.9,0.00003206,1032790607
1784018342810,buy,62756.7,0.00031063,1032790606
1784018342810,buy,62756.7,0.00001008,1032790605
1784018342810,buy,62756.7,0.00013033,1032790604
1784018342810,buy,62756.7,0.00118338,1032790603
1784018342810,buy,62756.4,0.00001317,1032790602
1784018342810,buy,62755.5,0.00005272,1032790601
1784018342810,buy,62755.5,0.00002105,1032790600
1784018342810,buy,62755.4,0.00002334,1032790599
1784018342810,buy,62755.4,0.00003175,1032790598
1784018342810,buy,62755.4,0.00002141,1032790597
1784018342810,buy,62755.1,0.00001014,1032790596
1784018342810,buy,62755.1,0.00024338,1032790595
1784018342810,buy,62754.8,0.0015,1032790594
1784018342810,buy,62754.8,0.00001003,1032790593
1784018342810,buy,62754.7,0.00007389,1032790592
1784018342810,buy,62754.7,0.00002165,1032790591
1784018342810,buy,62754.6,0.00718382,1032790590
1784018342696,buy,62753.2,0.0008656,1032790589
1784018340121,buy,62753.2,0.0004108,1032790588
1784018338668,sell,62753.1,0.00177183,1032790587
1784018338640,sell,62753.1,0.00138822,1032790586
1784018338640,sell,62753.1,0.00000001,1032790585
1784018335672,buy,62753.2,0.00039838,1032790584
1784018335044,buy,62753.2,0.00177361,1032790583
1784018334289,buy,62752.9,0.00001501,1032790582
1784018334289,buy,62752.7,0.00001601,1032790581
1784018334289,buy,62750.3,0.00001601,1032790580
1784018333061,buy,62746.6,0.00001501,1032790579
1784018333061,buy,62745.5,0.00001601,1032790578
1784018443595,sell,62747.5,0.00162175,1032790702
1784018442035,buy,62747.6,0.00011793,1032790701
1784018439483,buy,62747.6,0.00039842,1032790700
1784018429980,sell,62747.5,0.00163693,1032790699
1784018429034,sell,62747.5,0.0017044,1032790698
1784018428270,buy,62746.6,0.00001501,1032790697
1784018427163,buy,62740.7,0.00001601,1032790696
1784018423655,buy,62737.6,0.03167918,1032790695
1784018420368,buy,62737.6,0.00163857,1032790694
1784018418315,sell,62739.3,0.00003816,1032790693
1784018418315,sell,62739.4,0.00004787,1032790692
1784018418315,sell,62740.8,0.00001601,1032790691
1784018418313,sell,62742.7,0.03164789,1032790690
1784018418312,sell,62743.8,0.03164789,1032790689
1784018418312,sell,62743.9,0.03164789,1032790688
1784018418312,sell,62743.9,0.0005113,1032790687
1784018416521,buy,62744,0.00008413,1032790686
1784018402986,sell,62745.6,0.00052731,1032790685
1784018402986,sell,62745.6,0.000727,1032790684
1784018402986,sell,62745.6,0.000016,1032790683
1784018402234,sell,62748.6,0.03101186,1032790682
1784018402234,sell,62748.7,0.02625285,1032790681
1784018402232,sell,62749.9,0.02625285,1032790680
1784018401239,sell,62749.9,0.00719679,1032790679
1784018396340,buy,62748.7,0.00146526,1032790678
1784018396337,buy,62747.9,0.000016,1032790677
1784018396333,buy,62744.5,0.15401159,1032790676
1784018396333,buy,62744.2,0.00044199,1032790675
1784018396333,buy,62744.1,0.00097525,1032790674
1784018396333,buy,62744.1,0.02032,1032790673
1784018396333,buy,62744.1,0.0561,1032790672
1784018388738,sell,62744,0.00003,1032790671
1784018498233,sell,62786.5,0.01154367,1032791107
1784018497509,buy,62786.6,0.0000175,1032791106
1784018497509,buy,62786.6,0.00000001,1032791105
1784018493845,sell,62786.6,0.00001501,1032791104
1784018493841,sell,62788.5,0.000016,1032791103
1784018493841,sell,62790.9,0.00001599,1032791102
1784018493390,sell,62795.7,0.0125,1032791101
1784018493390,sell,62795.7,0.02303817,1032791100
1784018493380,sell,62795.7,0.02571725,1032791099
1784018493375,sell,62799.7,0.02571725,1032791098
1784018493375,sell,62799.8,0.01299352,1032791097
1784018493375,sell,62799.8,0.0013,1032791096
1784018492937,sell,62799.8,0.01142373,1032791095
1784018492769,sell,62799.9,0.74228241,1032791094
1784018492769,sell,62799.9,0.02571725,1032791093
1784018492769,sell,62799.9,0.02384057,1032791092
1784018492184,sell,62799.9,0.00015943,1032791091
1784018492179,buy,62800,0.00047157,1032791090
1784018492179,buy,62800,0.0001208,1032791089
1784018492064,sell,62799.9,0.00666051,1032791088
1784018492064,sell,62799.9,0.00000001,1032791087
1784018490850,buy,62799.9,0.0003889,1032791086
1784018490850,buy,62799.9,0.0000778,1032791085
1784018490850,buy,62799.9,0.00001006,1032791084
1784018490850,buy,62799.9,0.0002537,1032791083
1784018490850,buy,62799.9,0.00008698,1032791082
1784018490850,buy,62799.9,0.000014,1032791081
1784018490850,buy,62799.9,0.00042258,1032791080
1784018490850,buy,62799.9,0.00003109,1032791079
1784018490850,buy,62799.9,0.00126734,1032791078
1784018490850,buy,62799.9,0.00023331,1032791077
1784018490850,buy,62799.9,0.00010772,1032791076
1784018490850,buy,62799.9,0.00002686,1032791075
1784018490850,buy,62799.9,0.0000973,1032791074
1784018490848,buy,62799.8,0.0000101,1032791073
1784018490848,buy,62799.2,0.00046015,1032791072
1784018490814,buy,62799.1,0.0005,1032791071
1784018490814,buy,62799.1,0.00086415,1032791070
1784018490814,buy,62798.7,0.00003092,1032791069
1784018490814,buy,62798.7,0.00001041,1032791068
1784018490814,buy,62798.6,0.00001004,1032791067
1784018490814,buy,62798.5,0.00001042,1032791066
1784018490814,buy,62798.3,0.00029999,1032791065
1784018490814,buy,62798.3,0.00001777,1032791064
1784018490814,buy,62798.2,0.00002924,1032791063
1784018490814,buy,62798.2,0.000017,1032791062
1784018490814,buy,62798,0.00001601,1032791061
1784018490814,buy,62798,0.00017136,1032791060
1784018490814,buy,62797.8,0.00013338,1032791059
1784018490814,buy,62796.9,0.00001124,1032791058
1784018490814,buy,62796.8,0.00001498,1032791057
1784018490814,buy,62796.8,0.00001631,1032791056
1784018490814,buy,62796.6,0.00002727,1032791055
1784018490814,buy,62796.6,0.00004965,1032791054
1784018490814,buy,62796.3,0.00001644,1032791053
1784018490814,buy,62795.8,0.00001121,1032791052
1784018490814,buy,62795.8,0.00001417,1032791051
1784018490814,buy,62795.7,0.00023487,1032791050
1784018490814,buy,62795.5,0.00001137,1032791049
1784018490814,buy,62794.9,0.0000644,1032791048
1784018490814,buy,62794.6,0.00020984,1032791047
1784018490814,buy,62794.5,0.00021763,1032791046
1784018490814,buy,62794.3,0.00009956,1032791045
1784018490814,buy,62794.3,0.00059969,1032791044
1784018490814,buy,62793.9,0.00004753,1032791043
1784018490810,buy,62793.4,0.00075144,1032791042
1784018490809,buy,62793.2,0.00001601,1032791041
1784018490809,buy,62793.2,0.00034781,1032791040
1784018490809,buy,62792.9,0.00086246,1032791039
1784018490809,buy,62792.7,0.00002975,1032791038
1784018490809,buy,62792.5,0.00001137,1032791037
1784018490809,buy,62792.2,0.00037501,1032791036
1784018490809,buy,62792.1,0.00109376,1032791035
1784018490809,buy,62792,0.00004874,1032791034
1784018490809,buy,62791.8,0.0006,1032791033
1784018490809,buy,62791.8,0.000067,1032791032
1784018490806,buy,62791.7,0.00070316,1032791031
1784018490806,buy,62791.7,0.00070317,1032791030
1784018490806,buy,62791.7,0.00013797,1032791029
1784018490806,buy,62791.7,0.16739944,1032791028
1784018490200,buy,62791.7,0.08,1032791027
1784018490079,buy,62791.7,0.0018803,1032791026
1784018490077,buy,62791.7,0.0993803,1032791025
1784018489917,buy,62791.7,0.14953749,1032791024
1784018487804,buy,62791.7,0.0000637,1032791023
1784018487751,buy,62791.7,0.00173877,1032791022
1784018486702,sell,62791.6,0.00001137,1032791021
1784018485881,sell,62791.6,0.00162344,1032791020
1784018485796,sell,62791.6,0.01176,1032791019
1784018485400,buy,62791.3,0.00001663,1032791018
1784018485400,buy,62791.1,0.0000973,1032791017
1784018485400,buy,62790.9,0.00001005,1032791016
1784018485400,buy,62790.9,0.00382938,1032791015
1784018485314,buy,62790.9,0.00023411,1032791014
1784018485303,sell,62790.8,0.03889268,1032791013
1784018485303,sell,62790.8,0.00074297,1032791012
1784018485295,buy,62790.8,0.00002086,1032791011
1784018485295,buy,62790.8,0.00001601,1032791010
1784018485295,buy,62790.5,0.00023469,1032791009
1784018485295,buy,62790.3,0.00001078,1032791008
1784024662327,buy,62691.4,0.00023926,1032799889
1784024661627,sell,62691.3,0.00317691,1032799888
1784024661044,sell,62691.3,0.00063555,1032799887
1784024660528,buy,62691.4,0.00436742,1032799886
1784024655008,sell,62691.3,0.0016445,1032799885
1784024654838,sell,62691.3,0.0032,1032799884
1784024654267,buy,62691.4,0.00006858,1032799883
1784024653125,buy,62691.4,0.00161106,1032799882
1784024648918,buy,62691.4,0.00010687,1032799881
1784024648749,sell,62691.3,0.00160944,1032799880
1784024648409,sell,62691.3,0.00167328,1032799879
1784024647736,sell,62691.3,0.00006878,1032799878
1784024647117,sell,62691.3,0.00657154,1032799877
1784024645449,sell,62691.3,0.00041742,1032799876
1784024645449,sell,62691.3,0.0012,1032799875
1784024645260,buy,62691.4,0.00090661,1032799874
1784024640189,buy,62691.4,0.00161904,1032799873
1784024638796,buy,62691.4,0.00161106,1032799872
1784024638550,buy,62691.4,0.00164615,1032799871
1784024638378,buy,62691.4,0.00001595,1032799870
1784024638062,buy,62691.4,0.00011091,1032799869
1784024634456,sell,62691.3,0.00167964,1032799868
1784024633668,buy,62689.5,0.00140029,1032799867
1784024630375,buy,62688.5,0.001651,1032799866
1784024630375,buy,62688.5,0.00003032,1032799865
1784024627367,sell,62688.4,0.008,1032799864
1784024625793,sell,62688.4,0.00160952,1032799863
1784024623887,sell,62688.4,0.00001143,1032799862
1784024619748,buy,62688.5,0.042805,1032799861
1784024616167,sell,62688.4,0.00157108,1032799860
1784024615970,buy,62688.5,0.00161114,1032799859
1784024615025,sell,62688.4,0.00140049,1032799858
1784024613120,sell,62688.4,0.00001143,1032799857
1784024611347,sell,62688.4,0.00668402,1032799856
1784024611347,sell,62688.4,0.00001602,1032799855
1784024611347,sell,62688.5,0.03070236,1032799854
1784024611347,sell,62689.1,0.000223,1032799853
1784024611347,sell,62689.1,0.04199243,1032799852
1784024611072,sell,62689.1,0.00580611,1032799851
1784024607870,sell,62689.1,0.00014599,1032799850
1784024607513,buy,62689.2,0.01474295,1032799849
1784024607513,buy,62689.2,0.00805975,1032799848
1784024607004,buy,62689.2,0.00085578,1032799847
1784024604886,sell,62689.4,0.0012,1032799846
1784024604886,sell,62689.4,0.0125,1032799845
1784024604886,sell,62689.4,0.00022298,1032799844
1784024604886,sell,62689.4,0.00391049,1032799843
1784024604884,sell,62689.4,0.07608951,1032799842
1784024604884,sell,62689.4,0.00002637,1032799841
1784024604884,sell,62689.4,0.04714507,1032799840
1784024601786,sell,62689.4,0.00079946,1032799839
1784024597147,buy,62689.5,0.00161111,1032799838
1784024594021,sell,62689.4,0.00039314,1032799837
1784024591410,sell,62689.4,0.0044,1032799836
1784024590437,buy,62689.5,0.00008135,1032799835
1784024589642,buy,62689.5,0.0000319,1032799834
1784024588039,sell,62689.4,0.00032,1032799833
1784024587403,sell,62689.4,0.00008,1032799832
1784024585108,sell,62689.4,0.00070596,1032799831
1784024583305,sell,62689.4,0.00325418,1032799830
1784024582994,buy,62689.5,0.00031903,1032799829
1784024582151,sell,62689.4,0.00705481,1032799828
1784024579328,sell,62689.4,0.00743709,1032799827
1784024578662,sell,62689.7,0.00015075,1032799826
1784024578662,sell,62690.8,0.00001602,1032799825
1784024578662,sell,62693.2,0.00004969,1032799824
1784024578662,sell,62693.2,0.00001602,1032799823
1784024578662,sell,62695.6,0.00001602,1032799822
1784024578662,sell,62696.9,0.01321852,1032799821
1784024578651,sell,62699.5,0.04388623,1032799820
1784024578651,sell,62699.6,0.03694152,1032799819
1784024578651,sell,62699.9,0.02070117,1032799818
1784024577110,sell,62699.9,0.01779002,1032799817
1784024575466,buy,62700,0.00079076,1032799816
1784024575320,sell,62699.9,0.00673872,1032799815
1784024569713,buy,62700,0.12766048,1032799814
1784024569713,buy,62700,0.03991545,1032799813
1784024569713,buy,62700,0.18842088,1032799812
1784024566708,sell,62699.9,0.00164276,1032799811
1784024565832,sell,62699.9,0.00160922,1032799810
1784024565541,buy,62700,0.03057917,1032799809
1784024564566,buy,62700,0.00259734,1032799808
1784024562213,sell,62699.9,0.00159382,1032799807
1784024561410,buy,62700,0.00161084,1032799806
1784024560388,buy,62700,0.00524,1032799805
1784024559452,buy,62700,0.00085805,1032799804
1784024559122,buy,62700,0.00033492,1032799803
1784024558292,buy,62700,0.01018,1032799802
1784024556253,sell,62699.9,0.00407248,1032799801
1784024555357,sell,62699.9,0.00557161,1032799800
1784024553453,sell,62699.9,0.00020612,1032799799
1784024552616,buy,62700,0.00351674,1032799798
1784024552606,buy,62700,0.00764274,1032799797
1784024549864,buy,62700,0.00079744,1032799796
1784024549098,buy,62700,0.01722169,1032799795
1784024547163,buy,62700,0.00110047,1032799794
1784024545233,buy,62700,0.00034968,1032799793
1784024544916,buy,62700,0.01670479,1032799792
1784024543726,buy,62700,0.00003189,1032799791
1784024542972,buy,62697,0.00140625,1032799790
1784024717629,buy,62720.1,0.00003188,1032800069
1784024717537,buy,62720.1,0.00067982,1032800068
1784024717114,sell,62720,0.01185775,1032800067
1784024710417,sell,62720,0.0016386,1032800066
1784024709629,sell,62720,0.00493351,1032800065
1784024706593,buy,62720.1,0.03010753,1032800064
1784024706593,buy,62720.1,0.03010753,1032800063
1784024706593,buy,62720.1,0.03010752,1032800062
1784024706593,buy,62720.1,0.00000001,1032800061
1784024706590,sell,62721.8,0.00001601,1032800060
1784024706590,sell,62722.3,0.00001501,1032800059
1784024706590,sell,62724.2,0.00001601,1032800058
1784024705706,sell,62726.5,0.00000001,1032800057
1784024705706,sell,62726.5,0.00005227,1032800056
1784024705702,sell,62728.9,0.00001601,1032800055
1784024705701,sell,62733.7,0.04623432,1032800054
1784024705566,sell,62733.8,0.02923433,1032800053
1784024705560,sell,62733.8,0.01699999,1032800052
1784024705397,buy,62733.9,0.03393265,1032800051
1784024705393,sell,62733.9,0.04623432,1032800050
1784024704142,buy,62734,0.00079701,1032800049
1784024704118,buy,62734,0.00324863,1032800048
1784024703427,buy,62734,0.00003188,1032800047
1784024702747,buy,62734,0.00103834,1032800046
1784024701396,buy,62734,0.00164025,1032800045
1784024699278,buy,62734,0.00008,1032800044
1784024697991,buy,62734,0.00008129,1032800043
1784024692917,buy,62734,0.00164663,1032800042
1784024692781,sell,62733.9,0.00047915,1032800041
1784024691535,sell,62733.9,0.00015,1032800040
1784024691304,sell,62733.9,0.00124312,1032800039
1784024691168,sell,62733.9,0.06383071,1032800038
1784024691086,sell,62733.9,0.21804663,1032800037
1784024691086,sell,62733.9,0.05748442,1032800036
1784024691086,sell,62733.9,0.2842,1032800035
1784024691086,sell,62733.9,0.0013,1032800034
1784024691086,sell,62733.9,0.0438,1032800033
1784024691086,sell,62733.9,0.0012,1032800032
1784024691086,sell,62733.9,0.13398175,1032800031
1784024691046,sell,62733.9,0.06383071,1032800030
1784024690978,sell,62733.9,0.00263163,1032800029
1784024690853,sell,62733.9,0.00367991,1032800028
1784024690853,sell,62733.9,0.026102,1032800027
1784024690853,sell,62733.9,0.02,1032800026
1784024690849,buy,62733.7,0.11433773,1032800025
1784024690849,buy,62733.6,0.00001601,1032800024
1784024690849,buy,62733.3,0.08422215,1032800023
1784024690849,buy,62732.3,0.00002,1032800022
1784024690849,buy,62732,0.09761975,1032800021
1784024690849,buy,62732,0.00001501,1032800020
1784024690849,buy,62731.9,0.00001137,1032800019
1784024690849,buy,62731.2,0.00001601,1032800018
1784024690849,buy,62730.1,0.09388073,1032800017
1784024690849,buy,62730,0.02802818,1032800016
1784024690849,buy,62727.8,0.001594,1032800015
1784024690849,buy,62727.8,0.07978559,1032800014
1784024690784,buy,62727.7,0.00000001,1032800013
1784024690784,buy,62727.4,0.001594,1032800012
1784024690784,buy,62727.4,0.0002999,1032800011
1784024690728,sell,62726.1,0.03805118,1032800010
1784024690629,buy,62726.2,0.0775,1032800009
1784024690629,buy,62726.2,0.0012,1032800008
1784024690629,buy,62726.2,0.0013,1032800007
1784024690625,buy,62727.2,0.00722426,1032800006
1784024690625,buy,62727,0.03277574,1032800005
1784024690624,buy,62727,0.08,1032800004
1784024690624,buy,62727,0.02687888,1032800003
1784024690624,buy,62727,0.00001,1032800002
1784024690624,buy,62726.4,0.00001601,1032800001
1784024690624,buy,62726.3,0.00030147,1032800000
1784024690624,buy,62726.2,0.00999606,1032799999
1784024690624,buy,62726.2,0.0001093,1032799998
1784024690624,buy,62726.2,0.00268828,1032799997
1784024690623,buy,62726.2,0.01050291,1032799996
1784024690623,buy,62726.2,0.00823095,1032799995
1784024690623,buy,62726.2,0.01264304,1032799994
1784024690623,buy,62725.7,0.00001501,1032799993
1784024690623,buy,62725,0.0001208,1032799992
1784024690623,buy,62724.1,0.00001601,1032799991
1784024690623,buy,62722.4,0.00001137,1032799990
1784024690623,buy,62722.4,0.00001137,1032799989
1784024690623,buy,62722.4,0.00001137,1032799988
1784024690623,buy,62722,0.01,1032799987
1784024690623,buy,62720.8,0.00001137,1032799986
1784024690623,buy,62720.7,0.00012266,1032799985
1784024690623,buy,62720.6,0.03830314,1032799984
1784024690620,buy,62720.6,0.2842,1032799983
1784024690620,buy,62720.6,0.10065686,1032799982
1784024690620,buy,62720.5,0.00001137,1032799981
1784024690620,buy,62720.5,0.00001137,1032799980
1784024690620,buy,62720.5,0.00001137,1032799979
1784024690620,buy,62720.5,0.00001137,1032799978
1784024690620,buy,62719.4,0.00001501,1032799977
1784024690620,buy,62719.3,0.00001601,1032799976
1784024690620,buy,62719.2,0.00046015,1032799975
1784024690620,buy,62718.8,0.05880649,1032799974
1784024690620,buy,62718.8,0.0752,1032799973
1784024690619,buy,62718.8,0.0013,1032799972
1784024690619,buy,62718.6,0.13967332,1032799971
1784024690619,buy,62717.4,0.03990594,1032799970
1784024771242,buy,62709.7,0.00031892,1032800106
1784024767817,sell,62709.6,0.0003667,1032800105
1784024766933,sell,62709.6,0.000083,1032800104
1784024766933,sell,62709.6,0.00014021,1032800103
1784024765128,sell,62709.6,0.00001143,1032800102
1784024764916,buy,62709.7,0.0001,1032800101
1784024760746,sell,62709.6,0.00033481,1032800100
1784024758619,sell,62709.6,0.00029552,1032800099
1784024756559,sell,62709.6,0.00184645,1032800098
1784024754366,sell,62709.6,0.00014451,1032800097
1784024754366,sell,62709.6,0.00028619,1032800096
1784024754366,sell,62709.6,0.00003108,1032800095
1784024753005,buy,62709.7,0.00001302,1032800094
1784024741161,sell,62709.6,0.00075776,1032800093
1784024740921,sell,62709.6,0.00160949,1032800092
1784024740594,sell,62709.6,0.00164498,1032800091
1784024738100,sell,62709.6,0.02873242,1032800090
1784024733061,sell,62709.6,0.00098131,1032800089
1784024732733,sell,62709.6,0.008,1032800088
1784024732488,sell,62709.6,0.00101636,1032800087
1784024731922,sell,62709.6,0.00094148,1032800086
1784024729839,sell,62709.6,0.00001143,1032800085
1784024726309,buy,62709.7,0.0009823,1032800084
1784024726124,buy,62709.7,0.00101738,1032800083
1784024725493,buy,62709.7,0.00094243,1032800082
1784024725020,sell,62709.6,0.00214743,1032800081
1784024722972,sell,62709.9,0.00001601,1032800080
1784024722972,sell,62712.2,0.00001601,1032800079
1784024722971,sell,62714.1,0.00006304,1032800078
1784024722971,sell,62714.1,0.00005094,1032800077
1784024722971,sell,62714.6,0.00001601,1032800076
1784024722969,sell,62719.4,0.0367455,1032800075
1784024722969,sell,62719.4,0.00001601,1032800074
1784024722969,sell,62719.9,0.0367455,1032800073
1784024722969,sell,62720,0.00022304,1032800072
1784024722969,sell,62720,0.01763564,1032800071
1784024721262,sell,62720,0.00068,1032800070
1784024827529,buy,62681.8,0.0376716,1032800190
1784024827527,sell,62681.7,0.0145251,1032800189
1784024827527,sell,62681.7,0.0654749,1032800188
1784024827523,sell,62681.7,0.04,1032800187
1784024827522,sell,62681.7,0.00620044,1032800186
1784024827522,sell,62683.6,0.00001602,1032800185
1784024827522,sell,62686,0.00001602,1032800184
1784024827522,sell,62687.2,0.01,1032800183
1784024827522,sell,62687.3,0.01,1032800182
1784024827522,sell,62687.4,0.04376752,1032800181
1784024827522,sell,62687.4,0.01,1032800180
1784024827522,sell,62689.5,0.04376752,1032800179
1784024827522,sell,62689.5,0.00050222,1032800178
1784024827522,sell,62689.9,0.04376752,1032800177
1784024827522,sell,62689.9,0.44,1032800176
1784024827522,sell,62689.9,0.08,1032800175
1784024827522,sell,62689.9,0.04,1032800174
1784024827458,sell,62689.9,0.16,1032800173
1784024827458,sell,62689.9,0.0759,1032800172
1784024827458,sell,62689.9,0.04,1032800171
1784024827147,buy,62690,0.00791992,1032800170
1784024822075,sell,62689.9,0.0041,1032800169
1784024821981,sell,62689.9,0.0347,1032800168
1784024821865,sell,62689.9,0.1253,1032800167
1784024821862,sell,62690.8,0.0287312,1032800166
1784024821855,sell,62692.3,0.02532022,1032800165
1784024821705,sell,62693,0.21871,1032800164
1784024821704,sell,62693,0.12347,1032800163
1784024821704,sell,62693,0.08744,1032800162
1784024821571,sell,62693,0.02477679,1032800161
1784024821571,sell,62693,0.02012321,1032800160
1784024820655,sell,62693,0.00191051,1032800159
1784024820655,sell,62693,0.00230623,1032800158
1784024820655,sell,62693,0.00098027,1032800157
1784024819380,buy,62693.1,0.00088047,1032800156
1784024816024,buy,62693.1,0.00001008,1032800155
1784024812866,sell,62694.5,0.0009805,1032800154
1784024812866,sell,62694.5,0.00292916,1032800153
1784024812681,sell,62694.5,0.01579018,1032800152
1784024810365,buy,62694.6,0.00398758,1032800151
1784024805556,sell,62694.5,0.00483448,1032800150
1784024805552,sell,62694.5,0.0017664,1032800149
1784024805552,sell,62694.5,0.0007336,1032800148
1784024803622,sell,62694.5,0.00288519,1032800147
1784024803132,buy,62694.6,0.00039182,1032800146
1784024803132,buy,62694.6,0.00099853,1032800145
1784024803132,buy,62694.6,0.00099853,1032800144
1784024803132,buy,62694.6,0.00099853,1032800143
1784024800122,sell,62695.6,0.00001602,1032800142
1784024800122,sell,62697.9,0.00001602,1032800141
1784024800122,sell,62699.2,0.00046015,1032800140
1784024800122,sell,62700,0.0001208,1032800139
1784024800122,sell,62700.3,0.02434135,1032800138
1784024800018,buy,62700.4,0.02738059,1032800137
1784024800011,sell,62700.3,0.01390876,1032800136
1784024800011,sell,62700.3,0.00001601,1032800135
1784024800011,sell,62703.8,0.03777524,1032800134
1784024800011,sell,62703.8,0.00029999,1032800133
1784024800011,sell,62703.9,0.00073333,1032800132
1784024800011,sell,62703.9,0.0092321,1032800131
1784024800009,sell,62703.9,0.028,1032800130
1784024799902,sell,62704.6,0.02371,1032800129
1784024799358,buy,62704,0.00140014,1032800128
1784024798074,sell,62703.9,0.00054314,1032800127
1784024798074,sell,62703.9,0.00031789,1032800126
1784024794646,sell,62703.9,0.00022323,1032800125
1784024794386,buy,62704,0.00095381,1032800124
1784024794025,sell,62703.9,0.00013459,1032800123
1784024790038,sell,62703.9,0.00358252,1032800122
1784024789323,buy,62704,0.0079628,1032800121
1784024788635,sell,62703.9,0.00353672,1032800120
1784024786248,sell,62703.9,0.02410411,1032800119
1784024782965,sell,62703.9,0.03359724,1032800118
1784024780519,buy,62704,0.01783156,1032800117
1784024779912,buy,62704,0.00041305,1032800116
1784024778527,sell,62705.1,0.00001601,1032800115
1784024778517,sell,62707.6,0.00003199,1032800114
1784024778515,sell,62707.6,0.044968,1032800113
1784024778515,sell,62708,0.000132,1032800112
1784024778514,sell,62708.4,0.04028325,1032800111
1784024778513,sell,62709.4,0.0267339,1032800110
1784024778512,sell,62709.6,0.00053944,1032800109
1784024778512,sell,62709.6,0.04080726,1032800108
1784024773685,sell,62709.6,0.00007,1032800107
1784024881872,sell,62681.3,0.00398071,1032800234
1784024881868,sell,62681.3,0.00361498,1032800233
1784024881316,sell,62681.3,0.00207072,1032800232
1784024880319,buy,62681.4,0.03140019,1032800231
1784024880316,sell,62685.5,0.03246245,1032800230
1784024880314,sell,62685.6,0.04990537,1032800229
1784024880210,buy,62685.7,0.00002568,1032800228
1784024874973,sell,62686,0.01951537,1032800227
1784024874973,sell,62686,0.0142399,1032800226
1784024872552,sell,62686,0.00447744,1032800225
1784024866908,buy,62686.1,0.040757,1032800224
1784024865026,sell,62686,0.0019775,1032800223
1784024860473,buy,62686.1,0.01162253,1032800222
1784024860026,sell,62686,0.00200073,1032800221
1784024856695,sell,62686,0.00001501,1032800220
1784024856695,sell,62686,0.00001501,1032800219
1784024856695,sell,62686,0.00001501,1032800218
1784024854468,buy,62686.1,0.00004785,1032800217
1784024852123,sell,62686,0.00276014,1032800216
1784024851450,buy,62686.1,0.00056258,1032800215
1784024848849,sell,62686,0.00165591,1032800214
1784024848675,sell,62686,0.0053058,1032800213
1784024844383,sell,62686,0.00424763,1032800212
1784024842127,buy,62686.1,0.00023928,1032800211
1784024841928,sell,62686,0.00018138,1032800210
1784024839078,sell,62686,0.00001007,1032800209
1784024838407,sell,62685.4,0.00001603,1032800208
1784024838407,sell,62685.4,0.00020698,1032800207
1784024838407,sell,62686,0.00001602,1032800206
1784024838400,sell,62689.9,0.00000001,1032800205
1784024838400,sell,62689.9,0.0012,1032800204
1784024837084,buy,62681.8,0.045,1032800203
1784024837084,buy,62681.8,0.02,1032800202
1784024837084,buy,62681.8,0.01126806,1032800201
1784024837084,buy,62681.8,0.0114,1032800200
1784024837084,buy,62681.8,0.00124041,1032800199
1784024837084,buy,62681.8,0.00131043,1032800198
1784024836756,buy,62681.8,0.00017481,1032800197
1784024835251,buy,62681.8,0.00165757,1032800196
1784024833011,sell,62681.7,0.0087,1032800195
1784024833010,sell,62681.7,0.00674984,1032800194
1784024831996,buy,62681.8,0.00107691,1032800193
1784024829610,buy,62681.8,0.00031907,1032800192
1784024829157,sell,62681.7,0.00859509,1032800191
1784030066534,sell,62882.1,0.00193166,1032810853
1784030066534,sell,62882.5,0.00376834,1032810852
1784030066534,sell,62882.5,0.0343,1032810851
1784030066197,sell,62882.5,0.04,1032810850
1784030065525,sell,62883.8,0.00822587,1032810849
1784030065522,sell,62883.8,0.00427413,1032810848
1784030065522,sell,62883.8,0.00006757,1032810847
1784030065522,sell,62883.8,0.0326106,1032810846
1784030065522,sell,62883.8,0.0030477,1032810845
1784030064249,buy,62883.9,0.00025077,1032810844
1784030057491,sell,62885.5,0.04,1032810843
1784030057491,sell,62885.5,0.08,1032810842
1784030057447,buy,62885.6,0.00015901,1032810841
1784030056245,sell,62885.5,0.02426768,1032810840
1784030056245,sell,62885.5,0.01573232,1032810839
1784030056114,buy,62885.6,0.0049423,1032810838
1784030055022,sell,62885.5,0.0020062,1032810837
1784030053523,sell,62885.5,0.030536,1032810836
1784030052040,buy,62885.6,0.00025921,1032810835
1784030051435,sell,62885.6,0.00242793,1032810834
1784030051429,buy,62885.7,0.03716572,1032810833
1784030051424,sell,62885.6,0.03074532,1032810832
1784030051424,sell,62885.7,0.00925468,1032810831
1784030051366,sell,62885.7,0.0236,1032810830
1784030049241,sell,62885.7,0.00011479,1032810829
1784030048558,sell,62885.7,0.0164,1032810828
1784030041189,buy,62885.8,0.00538637,1032810827
1784030028959,buy,62885.8,0.00031562,1032810826
1784030027295,buy,62885.8,0.00010772,1032810825
1784030027295,buy,62885.8,0.00011916,1032810824
1784030027295,buy,62885.8,0.00011916,1032810823
1784030027295,buy,62885.8,0.00011916,1032810822
1784030027295,buy,62885.8,0.00011916,1032810821
1784030027295,buy,62885.8,0.00011916,1032810820
1784030017826,sell,62885.7,0.00162035,1032810819
1784030011071,buy,62885.8,0.00984185,1032810818
1784030011071,buy,62885.8,0.00751523,1032810817
1784030009687,buy,62885.8,0.00162198,1032810816
1784030007519,sell,62885.7,0.00023388,1032810815
1784030005832,sell,62885.7,0.00114545,1032810814
1784030005058,sell,62885.7,0.00205975,1032810813
1784030001943,buy,62885.8,0.0000477,1032810812
1784029996209,buy,62885.8,0.00002,1032810811
1784029994943,buy,62885.8,0.00079509,1032810810
1784029993235,buy,62885.8,0.00706518,1032810809
1784029992238,buy,62885.8,0.01465295,1032810808
1784029992238,buy,62885.8,0.00422094,1032810807
1784029991975,buy,62885.8,0.0000159,1032810806
1784029991727,buy,62885.8,0.00041948,1032810805
1784029991727,buy,62885.8,0.00005757,1032810804
1784029990721,buy,62885.8,0.00001,1032810803
1784029981572,sell,62885.7,0.00160606,1032810802
1784029980078,sell,62885.7,0.01337264,1032810801
1784029980078,sell,62885.7,0.00000001,1032810800
1784029975535,buy,62885.8,0.00408349,1032810799
1784029974219,buy,62885.8,0.00048558,1032810798
1784029974219,buy,62885.8,0.00112209,1032810797
1784029974010,buy,62885.8,0.00007791,1032810796
1784029972271,buy,62884.6,0.00001501,1032810795
1784029972271,buy,62882.1,0.00007997,1032810794
1784029972234,buy,62880.2,0.00006758,1032810793
1784029969186,sell,62880.1,0.00010064,1032810792
1784029968415,buy,62879.2,0.00046015,1032810791
1784029968415,buy,62878.5,0.009,1032810790
1784029968415,buy,62878.5,0.00349065,1032810789
1784029968414,buy,62878.4,0.00006758,1032810788
1784029966715,sell,62878.3,0.00031526,1032810787
1784029966138,buy,62878.4,0.02814352,1032810786
1784029966138,buy,62878.4,0.00874673,1032810785
1784029961202,sell,62878.3,0.00037724,1032810784
1784029957816,sell,62878.3,0.00132039,1032810783
1784029957269,buy,62878.4,0.00012086,1032810782
1784029956922,buy,62878.4,0.00113241,1032810781
1784029954566,buy,62877.9,0.0053,1032810780
1784029954565,buy,62877.5,0.0079,1032810779
1784029954436,sell,62877.4,0.00077864,1032810778
1784029954436,sell,62877.4,0.00000001,1032810777
1784029952847,buy,62877,0.00025106,1032810776
1784029951940,buy,62873.7,0.00001,1032810775
1784029951940,buy,62873.4,0.009,1032810774
1784029951940,buy,62873.3,0.0073,1032810773
1784029951940,buy,62873.3,0.13451513,1032810772
1784029951940,buy,62873.3,0.02651775,1032810771
1784029951939,buy,62873.3,0.0013,1032810770
1784029951939,buy,62873.3,0.0704,1032810769
1784029951939,buy,62873.3,0.22122216,1032810768
1784029951939,buy,62873.3,0.0713,1032810767
1784029951939,buy,62873.3,0.0602,1032810766
1784029951939,buy,62873.3,0.05643917,1032810765
1784029951939,buy,62873.3,0.04066083,1032810764
1784029949889,sell,62873.2,0.00295918,1032810763
1784029948858,sell,62873.2,0.001,1032810762
1784029948109,buy,62873.3,0.00031129,1032810761
1784029942754,sell,62873.2,0.00011252,1032810760
1784029942563,buy,62873.3,0.00072393,1032810759
1784029942147,buy,62873.3,0.00002,1032810758
1784029940679,buy,62873.3,0.015905,1032810757
1784029940276,buy,62873.3,0.00029353,1032810756
1784029939513,buy,62873.3,0.00187997,1032810755
1784029937121,buy,62873.3,0.00168356,1032810754
1784030123205,sell,62878.2,0.00001501,1032810915
1784030123193,sell,62879.9,0.02984174,1032810914
1784030123193,sell,62881.6,0.00008201,1032810913
1784030123193,sell,62882.1,0.00001597,1032810912
1784030123193,sell,62884.6,0.01006028,1032810911
1784030123191,sell,62884.6,0.01668709,1032810910
1784030123031,sell,62884.6,0.00846942,1032810909
1784030123031,sell,62884.6,0.00001597,1032810908
1784030123031,sell,62888.2,0.00431461,1032810907
1784030123030,sell,62888.2,0.00998632,1032810906
1784030123029,sell,62888.2,0.0111067,1032810905
1784030123029,sell,62888.3,0.0160933,1032810904
1784030120942,sell,62888.3,0.00056662,1032810903
1784030118066,sell,62888.3,0.00874771,1032810902
1784030116210,buy,62888.4,0.00019193,1032810901
1784030115904,sell,62889.2,0.00816517,1032810900
1784030115901,sell,62889.2,0.0012,1032810899
1784030115895,sell,62889.2,0.01604246,1032810898
1784030115895,sell,62889.2,0.02395754,1032810897
1784030112045,sell,62889.2,0.00004246,1032810896
1784030111491,buy,62885.8,0.00006355,1032810895
1784030111491,buy,62885.3,0.00010619,1032810894
1784030109032,sell,62885.2,0.0009779,1032810893
1784030108244,sell,62885.2,0.00280481,1032810892
1784030108244,sell,62885.2,0.00000001,1032810891
1784030107708,buy,62884.5,0.00001597,1032810890
1784030107706,buy,62882.6,0.00009171,1032810889
1784030107672,buy,62881.3,0.0005008,1032810888
1784030107665,buy,62880.9,0.00113,1032810887
1784030107654,buy,62880.1,0.00000055,1032810886
1784030107650,buy,62880.1,0.00138479,1032810885
1784030107650,buy,62880.1,0.02388121,1032810884
1784030106340,buy,62879.1,0.01579728,1032810883
1784030106340,buy,62879.1,0.0008917,1032810882
1784030106340,buy,62879.1,0.00011927,1032810881
1784030106340,buy,62879.1,0.009,1032810880
1784030106093,sell,62879,0.00146052,1032810879
1784030100907,sell,62879,0.0002,1032810878
1784030097995,buy,62879.1,0.01429727,1032810877
1784030097461,buy,62879.1,0.00094467,1032810876
1784030092474,sell,62880,0.0066832,1032810875
1784030092474,sell,62880,0.02810689,1032810874
1784030092474,sell,62880,0.00520991,1032810873
1784030090569,sell,62880,0.02290624,1032810872
1784030087565,buy,62880.1,0.00001,1032810871
1784030086999,sell,62880,0.01,1032810870
1784030086738,buy,62880.1,0.00393129,1032810869
1784030083060,buy,62880.1,0.00049008,1032810868
1784030081401,sell,62880,0.0002344,1032810867
1784030080856,buy,62880.1,0.00037772,1032810866
1784030079633,sell,62880,0.005,1032810865
1784030077811,sell,62880,0.04,1032810864
1784030077421,buy,62880.1,0.00205947,1032810863
1784030075442,sell,62880,0.0006995,1032810862
1784030075274,sell,62880,0.00072335,1032810861
1784030070457,sell,62880,0.0095,1032810860
1784030070332,sell,62880,0.0101,1032810859
1784030070315,sell,62881.2,0.01124228,1032810858
1784030070308,sell,62881.2,0.0299,1032810857
1784030069426,sell,62881.2,0.00089,1032810856
1784030068495,sell,62881.2,0.00386332,1032810855
1784030068495,sell,62882.1,0.03613668,1032810854
1784030173221,buy,62866.6,0.00017967,1032810963
1784030170340,buy,62866.6,0.00158653,1032810962
1784030169393,buy,62866.6,0.00198833,1032810961
1784030168374,sell,62866.5,0.00163197,1032810960
1784030167747,buy,62866.6,0.00003181,1032810959
1784030165985,sell,62866.5,0.00001143,1032810958
1784030165252,buy,62866.6,0.00003181,1032810957
1784030163893,buy,62866.6,0.00004772,1032810956
1784030163730,buy,62866.6,0.00163361,1032810955
1784030161946,sell,62866.5,0.0034701,1032810954
1784030160164,sell,62866.5,0.0065,1032810953
1784030160150,sell,62868.1,0.04,1032810952
1784030160149,sell,62868.1,0.01158695,1032810951
1784030160149,sell,62869.9,0.03841305,1032810950
1784030160075,sell,62870.7,0.01433926,1032810949
1784030160072,sell,62870.7,0.02840944,1032810948
1784030160072,sell,62870.7,0.00159056,1032810947
1784030159389,sell,62874.3,0.02356941,1032810946
1784030159262,sell,62874.3,0.00178698,1032810945
1784030159224,buy,62874.4,0.05709275,1032810944
1784030158233,sell,62874.6,0.03616877,1032810943
1784030157785,sell,62874.8,0.00971812,1032810942
1784030157775,sell,62874.8,0.04,1032810941
1784030155693,buy,62874.9,0.00072524,1032810940
1784030150751,buy,62874.9,0.00031,1032810939
1784030146147,sell,62874.8,0.00009533,1032810938
1784030145776,buy,62874.9,0.01160558,1032810937
1784030145014,buy,62874.9,0.00180517,1032810936
1784030144188,buy,62874.9,0.00515468,1032810935
1784030141821,sell,62874.8,0.01771795,1032810934
1784030141770,sell,62874.8,0.08,1032810933
1784030141770,sell,62874.8,0.07532797,1032810932
1784030141770,sell,62874.8,0.04467203,1032810931
1784030139712,sell,62874.8,0.00035,1032810930
1784030138232,buy,62874.9,0.00068081,1032810929
1784030138232,buy,62874.9,0.00288449,1032810928
1784030137016,sell,62874.8,0.00388744,1032810927
1784030136385,buy,62874.9,0.00013518,1032810926
1784030131865,sell,62874.8,0.04,1032810925
1784030131865,sell,62874.8,0.08,1032810924
1784030131865,sell,62874.8,0.07620095,1032810923
1784030131865,sell,62874.8,0.0012,1032810922
1784030131865,sell,62874.8,0.039555,1032810921
1784030131865,sell,62874.8,0.04304405,1032810920
1784030126881,sell,62876.9,0.0012,1032810919
1784030126881,sell,62876.9,0.00311333,1032810918
1784030126840,sell,62876.9,0.03993072,1032810917
1784030126840,sell,62876.9,0.00006928,1032810916
1784030233789,buy,62842.5,0.0012143,1032811073
1784030231858,sell,62842.4,0.00165347,1032811072
1784030231858,sell,62842.4,0.00006758,1032811071
1784030229584,buy,62842.5,0.00003182,1032811070
1784030227166,sell,62842.4,0.00023522,1032811069
1784030226482,sell,62842.4,0.00163339,1032811068
1784030226186,sell,62842.4,0.04,1032811067
1784030226186,sell,62842.4,0.0117,1032811066
1784030225747,sell,62842.4,0.00015113,1032811065
1784030224825,sell,62842.4,0.00997985,1032811064
1784030222685,sell,62842.4,0.08,1032811063
1784030222685,sell,62842.4,0.0165912,1032811062
1784030222685,sell,62842.4,0.05735701,1032811061
1784030222685,sell,62842.4,0.00009171,1032811060
1784030222685,sell,62842.4,0.00596008,1032811059
1784030222099,sell,62842.4,0.00001589,1032811058
1784030220712,buy,62842.5,0.00159923,1032811057
1784030216504,sell,62842.4,0.01908613,1032811056
1784030216504,sell,62842.4,0.02361387,1032811055
1784030216504,sell,62842.4,0.03373973,1032811054
1784030216504,sell,62842.4,0.04626027,1032811053
1784030215453,buy,62842.5,0.00001591,1032811052
1784030215402,sell,62842.4,0.009,1032811051
1784030215398,sell,62842.4,0.0054,1032811050
1784030215394,sell,62842.4,0.0073,1032811049
1784030213514,sell,62842.4,0.0045,1032811048
1784030212921,sell,62842.4,0.0067,1032811047
1784030211095,sell,62842.4,0.0045,1032811046
1784030209484,sell,62842.4,0.0501,1032811045
1784030209447,sell,62842.4,0.00003973,1032811044
1784030209178,sell,62842.4,0.0299,1032811043
1784030208400,sell,62842.4,0.0058,1032811042
1784030208393,sell,62842.4,0.0073,1032811041
1784030207951,sell,62842.4,0.0035,1032811040
1784030207905,sell,62842.4,0.01,1032811039
1784030207520,sell,62842.4,0.0077,1032811038
1784030207293,sell,62842.4,0.0099,1032811037
1784030207241,sell,62842.4,0.0304,1032811036
1784030205513,buy,62842.5,0.0016422,1032811035
1784030205430,sell,62842.4,0.0053,1032811034
1784030204237,sell,62842.4,0.00160542,1032811033
1784030204059,sell,62842.9,0.00001598,1032811032
1784030204055,sell,62845.1,0.06332826,1032811031
1784030204055,sell,62845.1,0.0125,1032811030
1784030204047,sell,62845.1,0.04,1032811029
1784030204012,sell,62845.1,0.04,1032811028
1784030204012,sell,62845.1,0.08,1032811027
1784030203849,sell,62845.1,0.01710384,1032811026
1784030203849,sell,62845.7,0.05733855,1032811025
1784030203849,sell,62845.7,0.00029999,1032811024
1784030203849,sell,62846.7,0.00525762,1032811023
1784030203849,sell,62846.7,0.039985,1032811022
1784030203849,sell,62846.7,0.000015,1032811021
1784030203400,sell,62847.2,0.00115848,1032811020
1784030203374,sell,62847.2,0.04,1032811019
1784030203374,sell,62847.2,0.05323286,1032811018
1784030203374,sell,62847.2,0.02676714,1032811017
1784030201691,sell,62847.2,0.0052,1032811016
1784030201640,sell,62847.2,0.00852991,1032811015
1784030201640,sell,62847.8,0.0012,1032811014
1784030201640,sell,62847.8,0.03027009,1032811013
1784030201632,sell,62847.8,0.0015,1032811012
1784030201618,sell,62847.8,0.0024,1032811011
1784030201569,sell,62847.8,0.0132,1032811010
1784030201465,sell,62848.7,0.00821454,1032811009
1784030200351,sell,62848.7,0.0244,1032811008
1784030199892,buy,62848.8,0.00160703,1032811007
1784030199527,sell,62848.7,0.00298233,1032811006
1784030199527,sell,62850,0.0013,1032811005
1784030199527,sell,62850,0.03559687,1032811004
1784030199527,sell,62850,0.0001208,1032811003
1784030198174,buy,62850.1,0.00001909,1032811002
1784030196968,buy,62850.1,0.01157441,1032811001
1784030196875,sell,62850.3,0.00809687,1032811000
1784030196868,sell,62850.3,0.0275,1032810999
1784030196868,sell,62850.3,0.0125,1032810998
1784030196113,buy,62850.4,0.00003977,1032810997
1784030195652,buy,62850.4,0.00116114,1032810996
1784030195241,buy,62850.4,0.00692756,1032810995
1784030195026,sell,62850.3,0.00142202,1032810994
1784030195012,sell,62852.7,0.00001598,1032810993
1784030195012,sell,62853,0.000015,1032810992
1784030195010,sell,62857.3,0.00001815,1032810991
1784030195010,sell,62858,0.00005582,1032810990
1784030195010,sell,62858,0.03266979,1032810989
1784030195010,sell,62858,0.00001,1032810988
1784030195010,sell,62859.2,0.03266979,1032810987
1784030195010,sell,62859.2,0.00046015,1032810986
1784030195009,sell,62860.1,0.03954059,1032810985
1784030192189,sell,62862.5,0.03954059,1032810984
1784030192187,sell,62864.9,0.03415793,1032810983
1784030192187,sell,62864.9,0.01816123,1032810982
1784030191727,buy,62865,0.00358349,1032810981
1784030191727,buy,62865,0.00003263,1032810980
1784030189251,sell,62864.9,0.00023877,1032810979
1784030189169,sell,62864.9,0.0002,1032810978
1784030189153,sell,62864.9,0.0014,1032810977
1784030189151,sell,62865,0.01696737,1032810976
1784030189148,sell,62865,0.0143,1032810975
1784030189105,sell,62865,0.00289056,1032810974
1784030287538,sell,62860.9,0.00317308,1032811136
1784030282994,buy,62861,0.00007954,1032811135
1784030280293,sell,62860.9,0.000408,1032811134
1784030280145,buy,62858.2,0.0125,1032811133
1784030279706,buy,62857,0.00073022,1032811132
1784030277974,sell,62856.9,0.00567699,1032811131
1784030275512,buy,62857,0.00011454,1032811130
1784030274943,sell,62856.9,0.00196916,1032811129
1784030273570,buy,62857,0.000778,1032811128
1784030273090,sell,62856.9,0.001259,1032811127
1784030270478,sell,62856.9,0.01438,1032811126
1784030269908,buy,62857,0.00067114,1032811125
1784030269908,buy,62857,0.0013,1032811124
1784030267300,buy,62852.5,0.0014174,1032811123
1784030267300,buy,62850,0.00795544,1032811122
1784030267300,buy,62848.7,0.00640616,1032811121
1784030267297,buy,62848.5,0.009,1032811120
1784030266684,buy,62848.4,0.00016,1032811119
1784030266010,buy,62848.4,0.00894911,1032811118
1784030265701,sell,62848.3,0.01990917,1032811117
1784030261561,sell,62848.3,0.00039606,1032811116
1784030258440,buy,62848.4,0.00003023,1032811115
1784030258248,sell,62848.3,0.00473381,1032811114
1784030255370,sell,62848.3,0.01401092,1032811113
1784030255021,sell,62848.3,0.00143343,1032811112
1784030253604,sell,62845.1,0.03221782,1032811111
1784030253604,sell,62845.1,0.02113912,1032811110
1784030253596,buy,62843.5,0.1102,1032811109
1784030253596,buy,62843.5,0.02539619,1032811108
1784030253596,buy,62843.5,0.2207488,1032811107
1784030253596,buy,62843.5,0.00007956,1032811106
1784030251848,sell,62843.4,0.00468014,1032811105
1784030250383,buy,62843.5,0.00305202,1032811104
1784030250148,buy,62843.5,0.00303293,1032811103
1784030249865,sell,62843.4,0.00028676,1032811102
1784030249813,buy,62843.5,0.00022387,1032811101
1784030249545,buy,62842.5,0.06332826,1032811100
1784030249545,buy,62842.5,0.00140031,1032811099
1784030249545,buy,62842.5,0.005,1032811098
1784030249545,buy,62842.5,0.00199717,1032811097
1784030249450,buy,62842.5,0.00022477,1032811096
1784030248722,sell,62842.4,0.0002856,1032811095
1784030248448,buy,62842.5,0.00022387,1032811094
1784030247729,buy,62842.5,0.00632942,1032811093
1784030247582,sell,62842.4,0.00876203,1032811092
1784030246218,buy,62842.5,0.00022477,1032811091
1784030246213,sell,62842.4,0.00028676,1032811090
1784030245678,sell,62842.4,0.00144579,1032811089
1784030244837,sell,62842.4,0.0002856,1032811088
1784030244784,buy,62842.5,0.00022387,1032811087
1784030244779,buy,62842.5,0.00011147,1032811086
1784030244724,sell,62842.4,0.00015242,1032811085
1784030244724,sell,62842.4,0.00006758,1032811084
1784030241551,buy,62842.5,0.00003182,1032811083
1784030241483,buy,62842.5,0.00165459,1032811082
1784030241483,buy,62842.5,0.00470893,1032811081
1784030240594,buy,62842.5,0.00047738,1032811080
1784030238687,buy,62842.5,0.00205034,1032811079
1784030238174,sell,62842.4,0.04,1032811078
1784030237120,sell,62842.4,0.0004013,1032811077
1784030237120,sell,62842.4,0.0395987,1032811076
1784030236050,sell,62842.4,0.00003105,1032811075
1784030234964,buy,62842.5,0.00018299,1032811074
1784036762853,sell,63832.9,0.00001575,1032886317
1784036762853,sell,63834,0.00114367,1032886316
1784036762848,sell,63834.1,0.00115942,1032886315
1784036762842,sell,63835.9,0.00001574,1032886314
1784036762841,sell,63837.2,0.00114367,1032886313
1784036762840,sell,63838.9,0.008235,1032886312
1784036762840,sell,63838.9,0.03786516,1032886311
1784036762840,sell,63839,0.00851481,1032886310
1784036762840,sell,63839,0.03758535,1032886309
1784036762835,sell,63839.9,0.04073394,1032886308
1784036762831,sell,63839.9,0.00536622,1032886307
1784036762822,sell,63839.9,0.05199026,1032886306
1784036762822,sell,63839.9,0.03028663,1032886305
1784036762784,sell,63840.9,0.00001573,1032886304
1784036762110,buy,63845.8,0.00003033,1032886303
1784036762110,buy,63843.6,0.014199,1032886302
1784036762102,buy,63843.3,0.0025,1032886301
1784036762101,buy,63843.3,0.00000001,1032886300
1784036762101,buy,63843.3,0.00031219,1032886299
1784036761867,sell,63843.2,0.002,1032886298
1784036760986,buy,63843.3,0.00003034,1032886297
1784036760982,buy,63844.7,0.00004607,1032886296
1784036760982,buy,63843.3,0.00001573,1032886295
1784036759070,sell,63840,0.02536862,1032886294
1784036759060,sell,63840.9,0.02536862,1032886293
1784036758995,sell,63842.9,0.02536862,1032886292
1784036758995,sell,63842.9,0.00050609,1032886291
1784036758995,sell,63842.9,0.0125,1032886290
1784036758928,buy,63843,0.00018351,1032886289
1784036757740,buy,63843,0.00003132,1032886288
1784036757558,sell,63843,0.00000001,1032886287
1784036757558,sell,63846.2,0.001566,1032886286
1784036757508,sell,63846.2,0.00093939,1032886285
1784036757466,sell,63846.2,0.00003147,1032886284
1784036757456,sell,63848.3,0.03613698,1032886283
1784036757456,sell,63848.3,0.02984745,1032886282
1784036757456,sell,63848.5,0.03,1032886281
1784036757456,sell,63848.5,0.04760047,1032886280
1784036757456,sell,63848.5,0.00050596,1032886279
1784036757456,sell,63848.6,0.04108311,1032886278
1784036757456,sell,63848.6,0.09084256,1032886277
1784036757456,sell,63850.5,0.00006117,1032886276
1784036757456,sell,63850.5,0.58011486,1032886275
1784036757456,sell,63850.5,0.02457889,1032886274
1784036757456,sell,63850.5,0.01835255,1032886273
1784036757455,sell,63850.5,0.1879,1032886272
1784036757455,sell,63850.5,0.03075378,1032886271
1784036757455,sell,63850.5,0.03039055,1032886270
1784036757455,sell,63850.5,0.05950945,1032886269
1784036757455,sell,63850.5,0.05705258,1032886268
1784036757455,sell,63850.5,0.1203,1032886267
1784036757455,sell,63850.5,0.02420054,1032886266
1784036757224,sell,63850.5,0.00010743,1032886265
1784036751011,sell,63850.8,0.00001573,1032886264
1784036750971,sell,63855.1,0.00048292,1032886263
1784036750808,sell,63855.1,0.0006868,1032886262
1784036750525,buy,63855.2,0.0005217,1032886261
1784036750523,buy,63855.2,0.00001574,1032886260
1784036750523,buy,63855.2,0.00050596,1032886259
1784036747712,sell,63852.2,0.09760057,1032886258
1784036747712,sell,63852.2,0.03297407,1032886257
1784036746970,sell,63855.1,0.03297407,1032886256
1784036746970,sell,63855.1,0.00256605,1032886255
1784036746970,sell,63855.1,0.00678856,1032886254
1784036745060,buy,63856.1,0.11249955,1032886253
1784036745060,buy,63855.2,0.025697,1032886252
1784036745058,buy,63854.8,0.00001575,1032886251
1784036745058,buy,63853.2,0.00001575,1032886250
1784036745058,buy,63850.8,0.00011034,1032886249
1784036745058,buy,63850,0.00050609,1032886248
1784036744737,sell,63849.9,0.00007,1032886247
1784036744139,buy,63850,0.0225,1032886246
1784036744138,buy,63850,0.00861574,1032886245
1784036744138,buy,63850,0.00128426,1032886244
1784036744131,buy,63850,0.00001574,1032886243
1784036744131,buy,63850,0.0001208,1032886242
1784036744131,buy,63848.2,0.00001575,1032886241
1784036744131,buy,63845.8,0.00001574,1032886240
1784036744122,buy,63843.1,0.09070826,1032886239
1784036744093,buy,63843.1,0.0054,1032886238
1784036744093,buy,63843.1,0.04,1032886237
1784036744087,buy,63843.1,0.03,1032886236
1784036744087,buy,63843.1,0.0065,1032886235
1784036744083,buy,63843.1,0.08,1032886234
1784036744083,buy,63843.1,0.08,1032886233
1784036744051,buy,63843.1,0.004,1032886232
1784036744012,buy,63843.1,0.00020049,1032886231
1784036743107,buy,63843.1,0.0195,1032886230
1784036742489,buy,63843.1,0.000747,1032886229
1784036741571,buy,63843,0.03670485,1032886228
1784036741571,buy,63842.6,0.00007913,1032886227
1784036741571,buy,63842.4,0.00001575,1032886226
1784036741571,buy,63840.8,0.00001575,1032886225
1784036741571,buy,63840.3,0.07521943,1032886224
1784036741571,buy,63840,0.04796509,1032886223
1784036741571,buy,63840,0.08,1032886222
1784036741571,buy,63840,0.03949378,1032886221
1784036741571,buy,63840,0.00050622,1032886220
1784036738346,sell,63839.9,0.00007812,1032886219
1784036736901,sell,63839.9,0.04523377,1032886218
1784036817777,buy,63803.8,0.000235,1032886823
1784036817330,buy,63802,0.0125,1032886822
1784036817170,buy,63798.2,0.00333,1032886821
1784036817170,buy,63796.8,0.012,1032886820
1784036817170,buy,63795.4,0.00001124,1032886819
1784036817155,buy,63792.5,0.4948777,1032886818
1784036817155,buy,63792.5,0.03755445,1032886817
1784036817041,buy,63792.5,0.00005919,1032886816
1784036815901,buy,63791.5,0.007379,1032886815
1784036815901,buy,63791.5,0.008119,1032886814
1784036815310,sell,63789.4,0.00001501,1032886813
1784036815308,sell,63792.3,0.00114367,1032886812
1784036815308,sell,63793.6,0.00001574,1032886811
1784036815306,sell,63795.4,0.07537386,1032886810
1784036815306,sell,63795.5,0.00114367,1032886809
1784036815268,sell,63796.1,0.00001573,1032886808
1784036815268,sell,63797.4,0.00015676,1032886807
1784036815266,sell,63798.6,0.00001574,1032886806
1784036815266,sell,63798.7,0.00114367,1032886805
1784036815266,sell,63799.3,0.00046015,1032886804
1784036815266,sell,63800,0.0001208,1032886803
1784036815265,sell,63801.1,0.004317,1032886802
1784036815265,sell,63801.1,0.006885,1032886801
1784036815265,sell,63801.1,0.17085261,1032886800
1784036815265,sell,63801.1,0.12418405,1032886799
1784036815265,sell,63801.1,0.02775184,1032886798
1784036815265,sell,63801.1,0.01210552,1032886797
1784036815265,sell,63801.1,0.0002,1032886796
1784036815265,sell,63801.1,0.01048298,1032886795
1784036815265,sell,63801.1,0.0002,1032886794
1784036815172,sell,63801.1,0.046773,1032886793
1784036815172,sell,63801.1,0.086227,1032886792
1784036815171,sell,63801.1,0.019,1032886791
1784036815171,sell,63801.1,0.02,1032886790
1784036815171,sell,63801.1,0.032,1032886789
1784036815169,sell,63801.1,0.126973,1032886788
1784036815169,sell,63801.1,0.0012,1032886787
1784036815169,sell,63801.1,0.067827,1032886786
1784036815150,sell,63801.9,0.0012,1032886785
1784036815150,sell,63801.9,0.00114367,1032886784
1784036815134,sell,63803.5,0.00001574,1032886783
1784036815132,sell,63805.1,0.00114367,1032886782
1784036815132,sell,63806.3,0.0006,1032886781
1784036815132,sell,63806.3,0.00050622,1032886780
1784036815132,sell,63806.3,0.00646407,1032886779
1784036815089,sell,63806.3,0.08,1032886778
1784036815089,sell,63806.3,0.04,1032886777
1784036815087,sell,63806.3,0.08,1032886776
1784036815087,sell,63806.3,0.04,1032886775
1784036814778,sell,63806.3,0.00872238,1032886774
1784036814778,sell,63808,0.00001,1032886773
1784036814778,sell,63808.1,0.00029762,1032886772
1784036814778,sell,63808.3,0.0011437,1032886771
1784036814778,sell,63808.6,0.000015,1032886770
1784036814778,sell,63809.1,0.0015,1032886769
1784036814778,sell,63810.1,0.0683113,1032886768
1784036814777,sell,63810.1,0.0243287,1032886767
1784036814777,sell,63810.9,0.0156713,1032886766
1784036814776,sell,63811.1,0.04,1032886765
1784036814776,sell,63811.1,0.08,1032886764
1784036814772,sell,63811.6,0.00114367,1032886763
1784036814772,sell,63811.7,0.09264,1032886762
1784036814772,sell,63812.3,0.01148862,1032886761
1784036814772,sell,63813.3,0.09264,1032886760
1784036814772,sell,63813.3,0.14027815,1032886759
1784036814772,sell,63813.4,0.2021778,1032886758
1784036814772,sell,63814.8,0.00114367,1032886757
1784036814772,sell,63814.8,0.00001501,1032886756
1784036814772,sell,63814.9,0.07841703,1032886755
1784036814772,sell,63815,0.000015,1032886754
1784036814772,sell,63815.7,0.14936266,1032886753
1784036814772,sell,63816,0.00001574,1032886752
1784036814772,sell,63816.2,0.00049535,1032886751
1784036814772,sell,63816.3,0.14027815,1032886750
1784036814772,sell,63816.4,0.00285748,1032886749
1784036814772,sell,63817.1,0.03300701,1032886748
1784036814772,sell,63817.1,0.0693481,1032886747
1784036814772,sell,63817.3,0.000079,1032886746
1784036814772,sell,63818,0.00114367,1032886745
1784036814772,sell,63818.5,0.00001572,1032886744
1784036814772,sell,63819.3,0.00046015,1032886743
1784036814772,sell,63821.2,0.00114367,1032886742
1784036814772,sell,63821.4,0.00001501,1032886741
1784036814772,sell,63823.4,0.00001574,1032886740
1784036814772,sell,63824.4,0.00114367,1032886739
1784036814772,sell,63824.8,0.5,1032886738
1784036814772,sell,63824.9,0.03541239,1032886737
1784036814772,sell,63825,0.03247627,1032886736
1784036814772,sell,63825,0.0001208,1032886735
1784036814772,sell,63825.3,0.00004827,1032886734
1784036814772,sell,63825.3,0.00031219,1032886733
1784036814772,sell,63825.3,0.03722632,1032886732
1784036812710,sell,63827.6,0.00031215,1032886731
1784036812710,sell,63827.6,0.0308203,1032886730
1784036811596,sell,63827.6,0.00165597,1032886729
1784036810522,sell,63827.6,0.0608206,1032886728
1784036810522,sell,63827.6,0.0125,1032886727
1784036810522,sell,63827.6,0.00074292,1032886726
1784036810337,buy,63827.7,0.00279,1032886725
1784036809841,buy,63827.7,0.00015796,1032886724
1784036873315,buy,63724.2,0.17517824,1032887613
1784036873315,buy,63724.2,0.14308,1032887612
1784036873315,buy,63724.2,0.0013,1032887611
1784036873315,buy,63724.2,0.0012,1032887610
1784036873315,buy,63724.2,0.3248,1032887609
1784036873315,buy,63724.2,0.13120276,1032887608
1784036873021,sell,63724.1,0.0006,1032887607
1784036872817,sell,63724.1,0.00999556,1032887606
1784036872647,buy,63724.2,0.00001569,1032887605
1784036871950,sell,63728.9,0.00074659,1032887604
1784036871950,sell,63728.9,0.04186014,1032887603
1784036871947,buy,63729,0.00391815,1032887602
1784036871944,sell,63728.9,0.00342806,1032887601
1784036871944,sell,63728.9,0.07555,1032887600
1784036869432,sell,63728.9,0.00762871,1032887599
1784036869186,sell,63728.9,0.00235394,1032887598
1784036869030,sell,63728.9,0.00025398,1032887597
1784036868237,sell,63728.9,0.0825571,1032887596
1784036865348,sell,63725.9,0.0057,1032887595
1784036865348,sell,63725.9,0.0013,1032887594
1784036865015,sell,63725.9,0.02751903,1032887593
1784036864772,buy,63726,0.0020353,1032887592
1784036863728,buy,63722.9,0.04170242,1032887591
1784036863727,buy,63722.7,0.27260066,1032887590
1784036863726,buy,63722.7,0.1121,1032887589
1784036863726,buy,63721.5,0.09602227,1032887588
1784036863600,buy,63719.5,0.00159746,1032887587
1784036863331,buy,63719.2,0.0002354,1032887586
1784036861840,buy,63718.7,0.00785736,1032887585
1784036861642,sell,63718.6,0.0103,1032887584
1784036861365,sell,63718.6,0.00731589,1032887583
1784036859304,sell,63717.1,0.00079016,1032887582
1784036859250,sell,63717.1,0.00063658,1032887581
1784036859190,buy,63716.4,0.00001576,1032887580
1784036859190,buy,63713.9,0.0125,1032887579
1784036858486,buy,63712,0.04235225,1032887578
1784036858252,sell,63711.9,0.00125669,1032887577
1784036858252,sell,63711.9,0.00154682,1032887576
1784036858252,sell,63711.9,0.00001067,1032887575
1784036855426,sell,63712,0.22093109,1032887574
1784036855426,sell,63712,0.00067447,1032887573
1784036855426,sell,63712,0.04123144,1032887572
1784036854942,buy,63712.1,0.0023472,1032887571
1784036854942,buy,63712.1,0.0012,1032887570
1784036853311,sell,63712,0.00369924,1032887569
1784036853311,sell,63712,0.00085047,1032887568
1784036853311,sell,63712,0.00045029,1032887567
1784036851450,sell,63719.4,0.04018063,1032887566
1784036851450,sell,63719.4,0.00013032,1032887565
1784036851450,sell,63719.4,0.00010299,1032887564
1784036851445,sell,63719.5,0.03918274,1032887563
1784036851164,sell,63719.5,0.00084034,1032887562
1784036850911,sell,63719.5,0.00015755,1032887561
1784036850710,buy,63719.6,0.00200407,1032887560
1784036849501,sell,63719.5,0.00426692,1032887559
1784036848039,buy,63719.6,0.00079096,1032887558
1784036847215,sell,63719.5,0.000219,1032887557
1784036847212,sell,63719.5,0.000219,1032887556
1784036847199,sell,63719.5,0.000219,1032887555
1784036847151,sell,63719.5,0.000219,1032887554
1784036847127,sell,63719.5,0.000219,1032887553
1784036847075,sell,63719.5,0.000219,1032887552
1784036847065,sell,63719.5,0.000219,1032887551
1784036847053,sell,63719.5,0.000219,1032887550
1784036847050,sell,63719.5,0.000219,1032887549
1784036847048,sell,63719.5,0.000219,1032887548
1784036847040,sell,63719.5,0.000219,1032887547
1784036847034,sell,63719.5,0.000219,1032887546
1784036847030,sell,63719.5,0.000219,1032887545
1784036847027,sell,63719.5,0.000219,1032887544
1784036847019,sell,63719.5,0.000219,1032887543
1784036847016,sell,63719.5,0.000219,1032887542
1784036847010,sell,63719.5,0.000219,1032887541
1784036847008,sell,63719.5,0.000219,1032887540
1784036846981,sell,63719.5,0.000219,1032887539
1784036846975,sell,63719.5,0.000219,1032887538
1784036846972,sell,63719.5,0.000219,1032887537
1784036846969,sell,63719.5,0.000219,1032887536
1784036846966,sell,63719.5,0.000219,1032887535
1784036846961,sell,63719.5,0.000219,1032887534
1784036846958,sell,63719.5,0.000219,1032887533
1784036846946,sell,63719.5,0.000219,1032887532
1784036846912,sell,63719.5,0.000219,1032887531
1784036846905,sell,63719.5,0.000219,1032887530
1784036846895,sell,63719.5,0.000219,1032887529
1784036846878,sell,63719.5,0.000219,1032887528
1784036846858,sell,63719.5,0.000219,1032887527
1784036846841,sell,63719.5,0.000219,1032887526
1784036846814,sell,63719.5,0.000219,1032887525
1784036846742,sell,63719.5,0.000219,1032887524
1784036846738,sell,63719.5,0.000219,1032887523
1784036846734,sell,63719.5,0.000219,1032887522
1784036846729,sell,63719.5,0.000219,1032887521
1784036846712,sell,63719.5,0.000219,1032887520
1784036846707,sell,63719.5,0.000219,1032887519
1784036846703,sell,63719.5,0.000219,1032887518
1784036846698,sell,63719.5,0.000219,1032887517
1784036846689,sell,63719.5,0.000219,1032887516
1784036846686,sell,63719.5,0.000219,1032887515
1784036846680,sell,63719.5,0.000219,1032887514
1784036928640,buy,63715.8,0.00015694,1032888070
1784036928570,buy,63715.6,0.0008875,1032888069
1784036924868,sell,63713.3,0.000549,1032888068
1784036923390,buy,63709.3,0.0125,1032888067
1784036923390,buy,63709.3,0.00784992,1032888066
1784036923183,sell,63707.2,0.0001,1032888065
1784036922977,sell,63707.2,0.00076,1032888064
1784036922674,buy,63707.3,0.00001,1032888063
1784036922216,buy,63706.7,0.00047947,1032888062
1784036922216,buy,63706.7,0.0012,1032888061
1784036921399,sell,63706.6,0.00006744,1032888060
1784036921129,buy,63706.7,0.00018679,1032888059
1784036920099,buy,63706.7,0.00005184,1032888058
1784036919648,sell,63707.3,0.0005552,1032888057
1784036919648,sell,63707.3,0.00114367,1032888056
1784036919648,sell,63707.3,0.00390353,1032888055
1784036919134,sell,63708.1,0.00256234,1032888054
1784036919131,sell,63708.3,0.00017561,1032888053
1784036919131,sell,63708.3,0.0000882,1032888052
1784036919131,sell,63708.3,0.0000147,1032888051
1784036919131,sell,63708.3,0.00000005,1032888050
1784036919129,sell,63708.3,0.00001044,1032888049
1784036919129,sell,63708.3,0.0012169,1032888048
1784036919126,sell,63708.3,0.00253163,1032888047
1784036919125,sell,63708.3,0.00017022,1032888046
1784036919115,sell,63708.4,0.00108,1032888045
1784036919115,sell,63708.4,0.00170224,1032888044
1784036919115,sell,63708.7,0.00021936,1032888043
1784036919115,sell,63708.7,0.00002526,1032888042
1784036919115,sell,63708.7,0.00001004,1032888041
1784036919115,sell,63708.8,0.00001217,1032888040
1784036919115,sell,63708.8,0.000132,1032888039
1784036919115,sell,63709,0.0000102,1032888038
1784036919115,sell,63709.1,0.00011231,1032888037
1784036919115,sell,63709.3,0.00001079,1032888036
1784036919113,sell,63709.5,0.00034809,1032888035
1784036919113,sell,63709.6,0.00001025,1032888034
1784036919113,sell,63709.6,0.01067508,1032888033
1784036919113,sell,63709.7,0.0000108,1032888032
1784036919113,sell,63709.8,0.00034652,1032888031
1784036919113,sell,63709.9,0.33131937,1032888030
1784036919112,sell,63709.9,0.0013,1032888029
1784036919110,sell,63709.9,0.00560783,1032888028
1784036919107,sell,63709.9,0.08,1032888027
1784036919107,sell,63709.9,0.04,1032888026
1784036919103,sell,63709.9,0.00590828,1032888025
1784036919101,sell,63709.9,0.03586452,1032888024
1784036919050,sell,63710.1,0.0015,1032888023
1784036919050,sell,63710.5,0.02921883,1032888022
1784036919050,sell,63710.5,0.00029999,1032888021
1784036919050,sell,63710.5,0.00114367,1032888020
1784036919050,buy,63710.6,0.02742721,1032888019
1784036919045,sell,63713.7,0.04254952,1032888018
1784036919045,sell,63713.7,0.00114367,1032888017
1784036919045,sell,63714,0.00003527,1032888016
1784036919045,sell,63714,0.00215689,1032888015
1784036919045,sell,63714,0.00063092,1032888014
1784036919045,sell,63714,0.01996372,1032888013
1784036919038,sell,63714,0.021,1032888012
1784036918599,sell,63714,0.0015858,1032888011
1784036917393,sell,63715.8,0.00013635,1032888010
1784036917393,sell,63715.8,0.04254952,1032888009
1784036917393,sell,63715.8,0.00027033,1032888008
1784036915458,sell,63716.9,0.00114367,1032888007
1784036915458,sell,63719.3,0.00046015,1032888006
1784036915458,sell,63720.1,0.00114367,1032888005
1784036915349,sell,63721.5,0.00001576,1032888004
1784036915349,sell,63723.3,0.00114367,1032888003
1784036915349,sell,63723.6,0.00004986,1032888002
1784036915349,sell,63723.6,0.00214843,1032888001
1784036915347,sell,63725.3,0.00027045,1032888000
1784036915347,sell,63725.3,0.0125,1032887999
1784036915263,buy,63725.4,0.00080411,1032887998
1784036915235,sell,63725.3,0.00000001,1032887997
1784036915235,sell,63725.9,0.00001501,1032887996
1784036915235,sell,63726.4,0.00001576,1032887995
1784036915235,sell,63726.5,0.00114367,1032887994
1784036915233,sell,63729.7,0.00114367,1032887993
1784036915233,sell,63729.7,0.00027027,1032887992
1784036915204,sell,63730,0.04,1032887991
1784036915204,sell,63730,0.07429935,1032887990
1784036915204,sell,63730,0.00570065,1032887989
1784036915199,sell,63730,0.01159988,1032887988
1784036915199,sell,63732.3,0.00001501,1032887987
1784036915199,sell,63732.6,0.02838511,1032887986
1784036915198,sell,63732.6,0.01171212,1032887985
1784036915198,sell,63733.9,0.05191788,1032887984
1784036915198,sell,63734.2,0.01637,1032887983
1784036915195,sell,63739.8,0.00064644,1032887982
1784036915195,sell,63739.8,0.0117,1032887981
1784036915195,sell,63739.8,0.0117,1032887980
1784036915008,buy,63739.9,0.00036573,1032887979
1784036915008,buy,63739.9,0.0012,1032887978
1784036914824,buy,63738.8,0.00001576,1032887977
1784036914822,buy,63733.1,0.1766999,1032887976
1784036914822,buy,63732.9,0.59771786,1032887975
1784036914819,buy,63732.9,0.0252208,1032887974
1784036914817,buy,63732.9,0.02011914,1032887973
1784036914814,buy,63732.9,0.11423475,1032887972
1784036914814,buy,63732.9,0.21300728,1032887971
1784036983831,buy,63816.6,0.00202583,1032888415
1784036983831,buy,63816.6,0.0015,1032888414
1784036983312,buy,63816.4,0.00285576,1032888413
1784036983312,buy,63816.2,0.00049248,1032888412
1784036982349,buy,63813.4,0.00001574,1032888411
1784036982349,buy,63813.3,0.0015,1032888410
1784036982349,buy,63813.3,0.00019187,1032888409
1784036981179,sell,63813.1,0.00158785,1032888408
1784036981173,buy,63810.8,0.00031342,1032888407
1784036981173,buy,63810.7,0.00001142,1032888406
1784036981020,buy,63808.1,0.00029121,1032888405
1784036981020,buy,63807.3,0.0125,1032888404
1784036980400,buy,63803.5,0.01143673,1032888403
1784036980397,buy,63803.4,0.00001576,1032888402
1784036980397,buy,63803.2,0.0000118,1032888401
1784036980395,buy,63800,0.02211271,1032888400
1784036980395,buy,63800,0.09531142,1032888399
1784036980147,buy,63800,0.02888709,1032888398
1784036980124,buy,63800,0.01665662,1032888397
1784036980124,buy,63800,0.0011792,1032888396
1784036980124,buy,63800,0.0001208,1032888395
1784036979777,buy,63799.4,0.00001222,1032888394
1784036979777,buy,63799.3,0.00046015,1032888393
1784036979777,buy,63799.1,0.00001576,1032888392
1784036979777,buy,63798.5,0.00001576,1032888391
1784036979777,buy,63796.6,0.00003332,1032888390
1784036979775,buy,63796.6,0.00031992,1032888389
1784036979775,buy,63796.5,0.00053722,1032888388
1784036979775,buy,63796.5,0.00012487,1032888387
1784036978892,buy,63796.5,0.00660724,1032888386
1784036978892,buy,63796,0.00001576,1032888385
1784036978892,buy,63793.9,0.0015,1032888384
1784036978819,buy,63790.7,0.00001259,1032888383
1784036978763,buy,63786.2,0.00000001,1032888382
1784036978763,buy,63786,0.00001576,1032888381
1784036978763,buy,63783.6,0.00029111,1032888380
1784036978710,buy,63781,0.00001575,1032888379
1784036978708,buy,63780.1,0.00001304,1032888378
1784036978704,buy,63779.3,0.00046015,1032888377
1784036977650,buy,63776.7,0.01266857,1032888376
1784036977650,buy,63776.1,0.00001575,1032888375
1784036977650,buy,63775.5,0.00069934,1032888374
1784036977650,buy,63775.5,0.00049232,1032888373
1784036977650,buy,63775,0.0001208,1032888372
1784036977650,buy,63774.4,0.00008108,1032888371
1784036977650,buy,63773.6,0.00001575,1032888370
1784036977650,buy,63771.4,0.01143673,1032888369
1784036977631,buy,63771.2,0.00001344,1032888368
1784036977628,buy,63771,0.00001345,1032888367
1784036977628,buy,63770.4,0.00108,1032888366
1784036977470,buy,63768.6,0.14415188,1032888365
1784036977470,buy,63768.6,0.00001577,1032888364
1784036977466,buy,63766.4,0.00008438,1032888363
1784036977466,buy,63765.2,0.00001386,1032888362
1784036977463,buy,63762.7,0.04815554,1032888361
1784036977462,buy,63762.7,0.02726981,1032888360
1784036977355,buy,63761.1,0.00206128,1032888359
1784036977353,buy,63760,0.01221836,1032888358
1784036977353,buy,63759.9,0.20400612,1032888357
1784036977353,buy,63759.3,0.00046015,1032888356
1784036977352,buy,63759.2,0.00029101,1032888355
1784036977352,buy,63758.9,0.00001434,1032888354
1784036977352,buy,63758.9,0.20250957,1032888353
1784036976349,buy,63756.2,0.00001575,1032888352
1784036976349,buy,63755,0.00001496,1032888351
1784036976349,buy,63754.6,0.00651252,1032888350
1784036976349,buy,63753.7,0.00001575,1032888349
1784036976349,buy,63752.8,0.00050198,1032888348
1784036973840,buy,63751.6,0.00001542,1032888347
1784036973839,buy,63750,0.0001208,1032888346
1784036973762,buy,63748.7,0.00001601,1032888345
1784036973279,buy,63746.7,0.009,1032888344
1784036972535,sell,63746.6,0.01254968,1032888343
1784036972250,buy,63746.2,0.00001576,1032888342
1784036972250,buy,63746,0.00366162,1032888341
1784036972250,buy,63743.7,0.00001576,1032888340
1784036972250,buy,63741.3,0.00001576,1032888339
1784036972232,buy,63740.5,0.04,1032888338
1784036972229,buy,63739.9,0.00085015,1032888337
1784036972229,buy,63739.3,0.00046015,1032888336
1784036972229,buy,63739.1,0.1098227,1032888335
1784036972229,buy,63738.9,0.08,1032888334
1784036972229,buy,63738.8,0.04,1032888333
1784036972229,buy,63738.8,0.00001576,1032888332
1784036972229,buy,63737.4,0.00457468,1032888331
1784036972229,buy,63736.3,0.00001576,1032888330
1784036972223,buy,63736.2,0.00001577,1032888329
1784036972223,buy,63736.2,0.00001657,1032888328
1784036972220,buy,63734.2,0.26213163,1032888327
1784036971391,buy,63734.2,0.01504744,1032888326
1784036971339,sell,63734.1,0.0005422,1032888325
1784036971258,buy,63731.3,0.00001576,1032888324
1784036971258,buy,63729.8,0.00001726,1032888323
1784036968667,buy,63726.3,0.00001576,1032888322
1784036968667,buy,63726,0.00001828,1032888321
1784036968658,buy,63723.6,0.01569279,1032888320
1784036968658,buy,63723.6,0.01569279,1032888319
1784036968658,buy,63723.6,0.2455661,1032888318
1784036968658,buy,63723.6,0.0011878,1032888317
1784036968658,buy,63723.6,0.89462906,1032888316
1784041978532,sell,64256.9,0.00066745,1032924611
1784041975969,buy,64257,0.01617548,1032924610
1784041975735,buy,64257,0.00249345,1032924609
1784041975192,buy,64257,0.00197799,1032924608
1784041975065,buy,64257,0.00365096,1032924607
1784041972421,sell,64256.9,0.00070016,1032924606
1784041971884,sell,64256.9,0.00236297,1032924605
1784041968971,sell,64256.9,0.00127469,1032924604
1784041968394,buy,64257,0.00026456,1032924603
1784041968332,sell,64256.9,0.01013345,1032924602
1784041968332,sell,64256.9,0.00031367,1032924601
1784041967436,sell,64256.9,0.00061221,1032924600
1784041967154,buy,64257,0.00114496,1032924599
1784041966530,buy,64257,0.00159432,1032924598
1784041963194,sell,64256.9,0.00027412,1032924597
1784041958883,buy,64257,0.0378487,1032924596
1784041958782,buy,64257,0.00182561,1032924595
1784041957388,sell,64256.9,0.00017475,1032924594
1784041956886,sell,64256.9,0.00073902,1032924593
1784041954745,sell,64256.9,0.0002,1032924592
1784041953095,buy,64253.6,0.00003918,1032924591
1784041953095,buy,64252.9,0.00001563,1032924590
1784041953093,buy,64251.3,0.08309283,1032924589
1784041953092,buy,64251.3,0.11690717,1032924588
1784041953078,sell,64251.2,0.00802466,1032924587
1784041952028,buy,64251.3,0.00255403,1032924586
1784041951646,sell,64251.2,0.00472704,1032924585
1784041951609,sell,64251.2,0.07126578,1032924584
1784041949389,buy,64251.3,0.00001751,1032924583
1784041949389,buy,64251.3,0.00001751,1032924582
1784041949389,buy,64251.3,0.00001751,1032924581
1784041949389,buy,64251.3,0.00001751,1032924580
1784041949389,buy,64251.3,0.00001751,1032924579
1784041949389,buy,64251.3,0.00001751,1032924578
1784041949389,buy,64251.3,0.00001751,1032924577
1784041949389,buy,64251.3,0.00001751,1032924576
1784041949389,buy,64251.3,0.00001751,1032924575
1784041949389,buy,64251.3,0.00001751,1032924574
1784041949389,buy,64251.3,0.00001751,1032924573
1784041949389,buy,64251.3,0.00001751,1032924572
1784041949389,buy,64251.3,0.00001751,1032924571
1784041949389,buy,64251.3,0.00001751,1032924570
1784041949389,buy,64251.3,0.00001751,1032924569
1784041949389,buy,64251.3,0.00001751,1032924568
1784041949389,buy,64251.3,0.00001751,1032924567
1784041949389,buy,64251.3,0.00001751,1032924566
1784041949389,buy,64251.3,0.00001751,1032924565
1784041949389,buy,64251.3,0.00001751,1032924564
1784041949389,buy,64251.3,0.00001751,1032924563
1784041949389,buy,64251.3,0.00001751,1032924562
1784041949389,buy,64251.3,0.00001751,1032924561
1784041949389,buy,64251.3,0.00001751,1032924560
1784041949389,buy,64251.3,0.00001751,1032924559
1784041949389,buy,64251.3,0.00001751,1032924558
1784041949389,buy,64251.3,0.00001751,1032924557
1784041949389,buy,64251.3,0.00001751,1032924556
1784041949135,sell,64251.2,0.00155639,1032924555
1784041945348,buy,64249.1,0.00004042,1032924554
1784041945348,buy,64246.9,0.016,1032924553
1784041943890,buy,64246.9,0.0001,1032924552
1784041943828,sell,64248,0.00001562,1032924551
1784041943828,sell,64249.1,0.00117368,1032924550
1784041943828,sell,64250,0.00001,1032924549
1784041943828,sell,64250,0.00003112,1032924548
1784041943828,sell,64250,0.0001208,1032924547
1784041943828,sell,64250.2,0.0003,1032924546
1784041943828,sell,64250.5,0.00001563,1032924545
1784041943828,sell,64250.8,0.00029979,1032924544
1784041943828,sell,64250.9,0.00008438,1032924543
1784041943828,sell,64252.3,0.00117368,1032924542
1784041943828,sell,64253,0.00001562,1032924541
1784041943828,sell,64255.5,0.00117368,1032924540
1784041943828,sell,64255.5,0.00001562,1032924539
1784041943828,sell,64256.1,0.00004092,1032924538
1784041943828,sell,64256.9,0.03392892,1032924537
1784041943807,sell,64257.7,0.02650935,1032924536
1784041943807,sell,64257.7,0.0003,1032924535
1784041943807,sell,64257.9,0.00008462,1032924534
1784041943807,sell,64257.9,0.00052292,1032924533
1784041943807,sell,64257.9,0.00052292,1032924532
1784041943807,sell,64257.9,0.02149314,1032924531
1784041943521,buy,64258,0.00100687,1032924530
1784041943304,sell,64257.9,0.00483161,1032924529
1784041943171,sell,64257.9,0.0001846,1032924528
1784041941926,buy,64258,0.0002,1032924527
1784041941462,buy,64258,0.00596959,1032924526
1784041941462,buy,64258,0.04553994,1032924525
1784041939088,sell,64257.9,0.02714681,1032924524
1784041938349,buy,64258,0.00916006,1032924523
1784041938349,buy,64258,0.0012,1032924522
1784041938349,buy,64258,0.0052022,1032924521
1784041936142,buy,64258,0.00006224,1032924520
1784041936132,buy,64258,0.00001556,1032924519
1784041933365,sell,64257.9,0.00275429,1032924518
1784041933365,sell,64257.9,0.06724571,1032924517
1784041933360,sell,64257.9,0.10495528,1032924516
1784041933360,sell,64258,0.00001563,1032924515
1784041933360,sell,64258.3,0.001556,1032924514
1784041933360,sell,64258.7,0.00117368,1032924513
1784041933360,sell,64259.4,0.00046015,1032924512
1784042033248,sell,64226.1,0.00014546,1032924924
1784042033248,sell,64226.1,0.03993272,1032924923
1784042032901,sell,64226.1,0.00028902,1032924922
1784042032901,sell,64226.1,0.00049999,1032924921
1784042032901,sell,64226.1,0.00029999,1032924920
1784042032898,sell,64226.5,0.00117368,1032924919
1784042032898,sell,64227.6,0.00001562,1032924918
1784042032898,sell,64228.2,0.00002406,1032924917
1784042032898,sell,64228.2,0.00004258,1032924916
1784042032898,sell,64228.3,0.00008032,1032924915
1784042032898,sell,64228.9,0.00015569,1032924914
1784042032898,sell,64229.7,0.00117373,1032924913
1784042032898,sell,64229.9,0.00029121,1032924912
1784042032894,sell,64230.6,0.007159,1032924911
1784042032894,sell,64230.6,0.00178322,1032924910
1784042032894,sell,64230.6,0.00081644,1032924909
1784042032738,sell,64230.6,0.00039638,1032924908
1784042032238,sell,64232.9,0.0001557,1032924907
1784042032238,sell,64233.1,0.00117368,1032924906
1784042032238,sell,64233.6,0.0015,1032924905
1784042032238,sell,64234.3,0.00069999,1032924904
1784042032238,sell,64234.9,0.00004416,1032924903
1784042032238,sell,64234.9,0.00002496,1032924902
1784042032238,sell,64234.9,0.00001034,1032924901
1784042032238,sell,64235.5,0.02408135,1032924900
1784042032227,sell,64235.5,0.01299149,1032924899
1784042032227,sell,64235.5,0.00001562,1032924898
1784042032227,sell,64236.3,0.00004825,1032924897
1784042032227,sell,64236.3,0.03707284,1032924896
1784042032227,sell,64236.3,0.00117368,1032924895
1784042032226,sell,64237.2,0.03037641,1032924894
1784042031491,sell,64237.2,0.00669643,1032924893
1784042031491,sell,64237.2,0.00028649,1032924892
1784042030455,sell,64237.2,0.00052961,1032924891
1784042029368,sell,64237.8,0.00050394,1032924890
1784042029368,sell,64238.8,0.001557,1032924889
1784042029368,sell,64239.1,0.00007783,1032924888
1784042029368,sell,64239.4,0.00046015,1032924887
1784042029368,sell,64239.5,0.00117368,1032924886
1784042029368,sell,64240,0.00001562,1032924885
1784042029368,sell,64240.5,0.00001562,1032924884
1784042029368,sell,64240.5,0.00108,1032924883
1784042029368,sell,64242.7,0.00117368,1032924882
1784042029368,sell,64243,0.00001562,1032924881
1784042029368,sell,64243.9,0.00002586,1032924880
1784042029368,sell,64243.9,0.0000107,1032924879
1784042029368,sell,64243.9,0.00004574,1032924878
1784042029368,sell,64244.8,0.00825698,1032924877
1784042029365,sell,64244.8,0.04025862,1032924876
1784042029365,sell,64244.8,0.03879075,1032924875
1784042028861,sell,64244.8,0.00055172,1032924874
1784042028698,sell,64245.2,0.04541832,1032924873
1784042028698,sell,64245.2,0.00108,1032924872
1784042028698,sell,64245.9,0.0340834,1032924871
1784042028188,sell,64245.9,0.00358614,1032924870
1784042028188,sell,64245.9,0.00117368,1032924869
1784042028132,sell,64246.1,0.03615789,1032924868
1784042027035,sell,64246.1,0.00151165,1032924867
1784042027035,sell,64246.1,0.00002716,1032924866
1784042027035,sell,64246.1,0.00001118,1032924865
1784042027035,sell,64246.1,0.00004801,1032924864
1784042026814,buy,64246.2,0.00010519,1032924863
1784042026088,sell,64248,0.03766954,1032924862
1784042024366,buy,64248.1,0.02162291,1032924861
1784042024228,buy,64248.1,0.00075903,1032924860
1784042024228,buy,64248.1,0.00004566,1032924859
1784042020084,sell,64248.1,0.00001751,1032924858
1784042020084,sell,64249.1,0.00117368,1032924857
1784042020084,sell,64249.6,0.001556,1032924856
1784042020084,sell,64250,0.0001208,1032924855
1784042020083,sell,64250.5,0.00001563,1032924854
1784042020083,sell,64250.8,0.00029999,1032924853
1784042020083,sell,64252.3,0.00117368,1032924852
1784042020083,sell,64253,0.00890881,1032924851
1784042020081,sell,64255.2,0.00001165,1032924850
1784042020081,sell,64255.2,0.00002839,1032924849
1784042020081,sell,64255.2,0.00005016,1032924848
1784042020081,sell,64255.5,0.00117368,1032924847
1784042020081,sell,64255.5,0.00001563,1032924846
1784042020079,sell,64256.5,0.03523507,1032924845
1784042020079,sell,64256.9,0.03523507,1032924844
1784042020079,sell,64256.9,0.0000196,1032924843
1784042020079,sell,64257,0.00094692,1032924842
1784042020079,sell,64257,0.03523507,1032924841
1784042019682,buy,64257.1,0.001,1032924840
1784042019682,buy,64257.1,0.001,1032924839
1784042019680,buy,64257.1,0.001,1032924838
1784042019680,buy,64257.1,0.001,1032924837
1784042019662,buy,64257.1,0.001,1032924836
1784042019662,buy,64257.1,0.001,1032924835
1784042019662,buy,64257.1,0.001,1032924834
1784042019662,buy,64257.1,0.001,1032924833
1784042019662,buy,64257.1,0.001,1032924832
1784042019661,buy,64257.1,0.001,1032924831
1784042019658,buy,64257.1,0.001,1032924830
1784042019275,buy,64257.1,0.001,1032924829
1784042019275,buy,64257.1,0.001,1032924828
1784042019251,buy,64257.1,0.001,1032924827
1784042019180,buy,64257.1,0.001,1032924826
1784042019180,buy,64257.1,0.001,1032924825
1784042088271,buy,64210.3,0.00101629,1032925245
1784042087167,buy,64210.3,0.00002959,1032925244
1784042084083,buy,64207.8,0.00001564,1032925243
1784042084083,buy,64205.3,0.00001564,1032925242
1784042084080,buy,64201.3,0.14819031,1032925241
1784042081900,sell,64201.2,0.00016873,1032925240
1784042081182,sell,64201.2,0.0080739,1032925239
1784042080694,sell,64201.2,0.0225549,1032925238
1784042076415,sell,64204.3,0.00005187,1032925237
1784042076415,sell,64205.4,0.00001564,1032925236
1784042076415,sell,64205.7,0.00001501,1032925235
1784042076415,sell,64206.1,0.0015,1032925234
1784042076415,sell,64207.9,0.00001564,1032925233
1784042076415,sell,64210.4,0.00001564,1032925232
1784042076413,sell,64211.9,0.04959891,1032925231
1784042076413,sell,64211.9,0.00002837,1032925230
1784042076413,sell,64211.9,0.00005141,1032925229
1784042076413,sell,64211.9,0.00001013,1032925228
1784042076368,sell,64214.1,0.0428176,1032925227
1784042076368,sell,64214.4,0.00079552,1032925226
1784042076368,sell,64214.4,0.0197491,1032925225
1784042076131,sell,64214.4,0.00161628,1032925224
1784042076090,buy,64214.5,0.00016023,1032925223
1784042075177,buy,64214.5,0.00018315,1032925222
1784042075026,sell,64214.4,0.00145222,1032925221
1784042073517,sell,64214.4,0.02,1032925220
1784042072496,sell,64215.2,0.0428176,1032925219
1784042072403,sell,64215.2,0.08,1032925218
1784042072403,sell,64215.2,0.12419233,1032925217
1784042072369,sell,64215.2,0.00001501,1032925216
1784042072369,sell,64215.2,0.00001501,1032925215
1784042072369,sell,64215.2,0.00001501,1032925214
1784042072369,sell,64215.2,0.00001501,1032925213
1784042072369,sell,64215.2,0.00001501,1032925212
1784042072369,sell,64215.2,0.00001501,1032925211
1784042070586,buy,64215.3,0.00444738,1032925210
1784042069763,buy,64216.7,0.00000001,1032925209
1784042069763,buy,64215.3,0.00001564,1032925208
1784042069758,buy,64212.9,0.00001501,1032925207
1784042069757,sell,64212.8,0.00076681,1032925206
1784042069753,buy,64210.3,0.00001564,1032925205
1784042069751,buy,64208.2,0.00199241,1032925204
1784042069751,buy,64208.1,0.032348,1032925203
1784042069751,buy,64208.1,0.18382044,1032925202
1784042069708,buy,64208,0.0000939,1032925201
1784042069708,buy,64208,0.00186655,1032925200
1784042066927,buy,64208,0.00015574,1032925199
1784042066832,buy,64206.2,0.02262124,1032925198
1784042066832,buy,64206.2,0.00779499,1032925197
1784042066832,buy,64206.2,0.014,1032925196
1784042066832,buy,64206.2,0.05768377,1032925195
1784042066832,buy,64206.2,0.07457867,1032925194
1784042065758,buy,64206.2,0.00001,1032925193
1784042064926,sell,64206.1,0.00047911,1032925192
1784042064527,sell,64206.1,0.00528178,1032925191
1784042064156,sell,64206.1,0.0004896,1032925190
1784042064023,buy,64206.2,0.00900814,1032925189
1784042061818,sell,64206.1,0.00281036,1032925188
1784042060977,sell,64208.1,0.01375123,1032925187
1784042060137,sell,64208.1,0.02161854,1032925186
1784042059945,buy,64208.2,0.00008957,1032925185
1784042058228,sell,64208.1,0.00013549,1032925184
1784042058126,buy,64208.2,0.00003114,1032925183
1784042057508,sell,64208.1,0.00003314,1032925182
1784042057508,sell,64208.1,0.00002727,1032925181
1784042056253,sell,64208.1,0.00063857,1032925180
1784042055228,sell,64208.1,0.00053416,1032925179
1784042054583,buy,64208.2,0.00069661,1032925178
1784042054193,buy,64208.2,0.00015574,1032925177
1784042054132,buy,64208.2,0.00003114,1032925176
1784042052690,buy,64208.2,0.00046723,1032925175
1784042051761,sell,64208.1,0.00477139,1032925174
1784042049388,sell,64208.1,0.00068423,1032925173
1784042049388,sell,64208.1,0.0012,1032925172
1784042049388,sell,64208.1,0.0547,1032925171
1784042049388,sell,64208.1,0.00070895,1032925170
1784042049388,sell,64208.1,0.00006897,1032925169
1784042049388,sell,64208.1,0.0015,1032925168
1784042049388,sell,64208.1,0.02113785,1032925167
1784042047853,sell,64208.1,0.00007942,1032925166
1784042046514,sell,64208.1,0.0001175,1032925165
1784042046481,sell,64208.1,0.00393797,1032925164
1784042046481,sell,64208.1,0.00014549,1032925163
1784042044640,sell,64208.1,0.2,1032925162
1784042044252,sell,64208.1,0.04150618,1032925161
1784042044106,sell,64208.1,0.00012173,1032925160
1784042042676,buy,64208.2,0.01341844,1032925159
1784042042676,buy,64208.2,0.00008051,1032925158
1784042042543,sell,64210.4,0.00001564,1032925157
1784042042541,sell,64213.7,0.0000805,1032925156
1784042042541,sell,64213.8,0.00014175,1032925155
1784042042541,sell,64214.5,0.00014547,1032925154
1784042042541,sell,64215.6,0.00051272,1032925153
1784042042541,sell,64215.6,0.00051272,1032925152
1784042042541,sell,64215.8,0.02514956,1032925151
1784042042541,sell,64215.8,0.00003971,1032925150
1784042042541,sell,64215.8,0.00002243,1032925149
1784042042541,sell,64217.8,0.04483067,1032925148
1784042042541,sell,64218.6,0.0015,1032925147
1784042042541,sell,64218.6,0.04327817,1032925146
1784042145135,sell,64213.8,0.00044739,1032925412
1784042145135,sell,64213.8,0.00001548,1032925411
1784042145135,sell,64213.8,0.00007983,1032925410
1784042145135,sell,64213.8,0.00001736,1032925409
1784042144072,sell,64215.1,0.00043161,1032925408
1784042144072,sell,64215.1,0.02981919,1032925407
1784042142140,sell,64215.1,0.00879287,1032925406
1784042141125,sell,64215.1,0.00022157,1032925405
1784042140522,buy,64215.2,0.00001622,1032925404
1784042140522,buy,64215.2,0.00001622,1032925403
1784042140522,buy,64215.2,0.00001622,1032925402
1784042140522,buy,64215.2,0.00001622,1032925401
1784042140522,buy,64215.2,0.00001622,1032925400
1784042140522,buy,64215.2,0.00001622,1032925399
1784042140522,buy,64215.2,0.00001622,1032925398
1784042140522,buy,64215.2,0.00001622,1032925397
1784042140522,buy,64215.2,0.00001622,1032925396
1784042140522,buy,64215.2,0.00001622,1032925395
1784042140522,buy,64215.2,0.00001622,1032925394
1784042140522,buy,64215.2,0.00001622,1032925393
1784042140522,buy,64215.2,0.00001622,1032925392
1784042140522,buy,64215.2,0.00001622,1032925391
1784042140522,buy,64215.2,0.00001622,1032925390
1784042140522,buy,64215.2,0.00001622,1032925389
1784042140522,buy,64215.2,0.00001622,1032925388
1784042140522,buy,64215.2,0.00001622,1032925387
1784042139903,sell,64215.1,0.00071427,1032925386
1784042139849,sell,64215.1,0.00079,1032925385
1784042139162,sell,64215.1,0.00500555,1032925384
1784042137839,sell,64215.1,0.00030679,1032925383
1784042137224,sell,64215.1,0.00062292,1032925382
1784042136074,sell,64215.1,0.00019999,1032925381
1784042136074,sell,64215.1,0.00000001,1032925380
1784042135609,buy,64213.5,0.00140036,1032925379
1784042135452,sell,64211.1,0.06955966,1032925378
1784042134149,buy,64211.2,0.00028889,1032925377
1784042132888,sell,64211.1,0.00002704,1032925376
1784042132224,sell,64211.1,0.00079293,1032925375
1784042131447,buy,64209.9,0.00009323,1032925374
1784042130727,buy,64208.1,0.01555566,1032925373
1784042124696,buy,64208.1,0.00001,1032925372
1784042123896,buy,64208.1,0.00010902,1032925371
1784042123611,buy,64207.8,0.00001564,1032925370
1784042123611,buy,64206.5,0.000015,1032925369
1784042123607,buy,64205.3,0.00001564,1032925368
1784042123607,buy,64202.8,0.00001564,1032925367
1784042123153,sell,64198,0.000284,1032925366
1784042122319,buy,64198.1,0.00018687,1032925365
1784042122196,sell,64198,0.00105,1032925364
1784042120205,sell,64198.7,0.03824498,1032925363
1784042120205,sell,64199.3,0.0015,1032925362
1784042120205,sell,64199.3,0.00001501,1032925361
1784042120205,sell,64199.4,0.00046015,1032925360
1784042120205,sell,64199.8,0.03685523,1032925359
1784042120205,sell,64200,0.0001208,1032925358
1784042120205,sell,64200,0.00005451,1032925357
1784042120205,sell,64200.4,0.00001564,1032925356
1784042120205,sell,64200.9,0.00117368,1032925355
1784042120205,sell,64201.2,0.00004005,1032925354
1784042120205,sell,64201.3,0.00029999,1032925353
1784042120205,sell,64202.9,0.00001564,1032925352
1784042120205,sell,64204.1,0.00117368,1032925351
1784042120205,sell,64205.4,0.00001564,1032925350
1784042120205,sell,64205.7,0.000015,1032925349
1784042120204,sell,64207.3,0.00117368,1032925348
1784042120204,sell,64207.9,0.00001564,1032925347
1784042120204,sell,64208.1,0.02918261,1032925346
1784042120204,sell,64208.1,0.00496881,1032925345
1784042120204,sell,64208.7,0.01149798,1032925344
1784042120204,sell,64208.7,0.01768463,1032925343
1784042120204,sell,64208.7,0.00001461,1032925342
1784042120204,sell,64208.7,0.00007759,1032925341
1784042120204,sell,64208.7,0.00001506,1032925340
1784042120204,sell,64210.2,0.01470588,1032925339
1784042120204,sell,64210.2,0.01447673,1032925338
1784042120204,sell,64210.2,0.0000436,1032925337
1784042120204,sell,64210.2,0.08561745,1032925336
1784042120203,sell,64210.2,0.07612688,1032925335
1784042120203,sell,64210.2,0.10015512,1032925334
1784042120203,sell,64210.2,0.05338135,1032925333
1784042120203,sell,64210.2,0.00639958,1032925332
1784042120203,sell,64210.2,0.17522858,1032925331
1784042120071,sell,64210.2,0.161164,1032925330
1784042119506,sell,64210.2,0.004,1032925329
1784042119506,sell,64210.2,0.035,1032925328
1784042119368,sell,64210.5,0.00117368,1032925327
1784042119368,sell,64211.9,0.00001534,1032925326
1784042119368,sell,64211.9,0.00001498,1032925325
1784042119368,sell,64211.9,0.00007969,1032925324
1784042119368,sell,64212.1,0.000051,1032925323
1784042119368,sell,64212.1,0.01553391,1032925322
1784042119358,sell,64212.1,0.01269448,1032925321
1784042119358,sell,64213.4,0.00007713,1032925320
1784042119358,sell,64213.4,0.02822839,1032925319
1784042119251,buy,64213.5,0.00001401,1032925318
1784042116530,buy,64213.5,0.00023359,1032925317
1784042116187,sell,64213.4,0.00485986,1032925316
1784042114781,sell,64213.4,0.00125293,1032925315
1784042114663,sell,64213.4,0.0007475,1032925314
1784042114003,buy,64213.5,0.0155528,1032925313
1784042199098,buy,64219,0.01513415,1032925515
1784042196763,sell,64218.9,0.00813461,1032925514
1784042196763,sell,64218.9,0.00005536,1032925513
1784042196763,sell,64218.9,0.00335038,1032925512
1784042196763,sell,64218.9,0.06631834,1032925511
1784042196429,sell,64218.9,0.00028166,1032925510
1784042196429,sell,64218.9,0.00001,1032925509
1784042195990,sell,64218.9,0.00496483,1032925508
1784042195444,buy,64219,0.07000004,1032925507
1784042194862,sell,64218.9,0.00163005,1032925506
1784042193936,sell,64218.9,0.00198664,1032925505
1784042193900,buy,64219,0.00020819,1032925504
1784042193668,buy,64219,0.03264448,1032925503
1784042193665,sell,64220.4,0.00001564,1032925502
1784042193664,sell,64224.6,0.00007873,1032925501
1784042193664,sell,64224.6,0.00001852,1032925500
1784042193664,sell,64224.6,0.00001564,1032925499
1784042193662,sell,64225.2,0.03629026,1032925498
1784042193662,sell,64225.3,0.04585755,1032925497
1784042193662,sell,64225.4,0.00008398,1032925496
1784042193662,sell,64225.4,0.02146278,1032925495
1784042193662,sell,64225.4,0.00026275,1032925494
1784042193662,sell,64225.4,0.001557,1032925493
1784042193662,sell,64225.4,0.02792445,1032925492
1784042193660,sell,64225.4,0.00003914,1032925491
1784042193660,sell,64225.4,0.00126086,1032925490
1784042190129,sell,64225.4,0.01050958,1032925489
1784042189829,buy,64225.5,0.00003114,1032925488
1784042189647,sell,64225.4,0.0098,1032925487
1784042186112,buy,64225.5,0.00097649,1032925486
1784042186112,buy,64225.5,0.00059609,1032925485
1784042183184,sell,64225.4,0.00028084,1032925484
1784042181006,buy,64225.5,0.00019,1032925483
1784042180392,sell,64225.4,0.02201525,1032925482
1784042179981,sell,64225.4,0.00072354,1032925481
1784042179981,sell,64225.4,0.0000987,1032925480
1784042179738,sell,64225.4,0.15862334,1032925479
1784042179738,sell,64225.4,0.11187373,1032925478
1784042179277,buy,64225.5,0.00030984,1032925477
1784042178005,sell,64225.4,0.00009573,1032925476
1784042175595,buy,64225.5,0.00003114,1032925475
1784042174990,buy,64225.5,0.0020442,1032925474
1784042173972,sell,64225.4,0.033838,1032925473
1784042173342,buy,64225.5,0.00004671,1032925472
1784042171599,sell,64225.4,0.00198401,1032925471
1784042171596,sell,64225.4,0.0032,1032925470
1784042171570,buy,64225.5,0.00009342,1032925469
1784042170495,buy,64225.5,0.00012456,1032925468
1784042168737,sell,64225.4,0.00873213,1032925467
1784042168342,sell,64225.4,0.0002,1032925466
1784042167951,sell,64225.4,0.00086981,1032925465
1784042167542,sell,64225.4,0.00086,1032925464
1784042166952,sell,64225.4,0.0120175,1032925463
1784042166087,sell,64225.4,0.00021199,1032925462
1784042165786,buy,64225.5,0.0008112,1032925461
1784042165556,buy,64225.5,0.02310608,1032925460
1784042163829,buy,64225.5,0.00000555,1032925459
1784042163829,buy,64225.5,0.00030585,1032925458
1784042162528,buy,64225.5,0.00089415,1032925457
1784042161974,sell,64225.4,0.0832371,1032925456
1784042161372,sell,64225.4,0.00242,1032925455
1784042160875,sell,64225.4,0.00201,1032925454
1784042160046,buy,64225.5,0.00000001,1032925453
1784042160046,buy,64225.3,0.00001564,1032925452
1784042160046,buy,64225,0.0001208,1032925451
1784042160046,buy,64222.8,0.00001564,1032925450
1784042160044,buy,64219.4,0.00046015,1032925449
1784042160044,buy,64219,0.00001119,1032925448
1784042159997,buy,64217.7,0.00001,1032925447
1784042159940,buy,64217.7,0.00069602,1032925446
1784042159940,buy,64217.7,0.00069602,1032925445
1784042159940,buy,64217.7,0.00069602,1032925444
1784042159940,buy,64217.7,0.00069602,1032925443
1784042159940,buy,64217.7,0.00069602,1032925442
1784042159940,buy,64217.7,0.00069602,1032925441
1784042159940,buy,64217.7,0.00069602,1032925440
1784042159940,buy,64217.7,0.00069602,1032925439
1784042159940,buy,64217.7,0.00069602,1032925438
1784042159940,buy,64217.7,0.00069602,1032925437
1784042159940,buy,64217.7,0.00069602,1032925436
1784042159919,buy,64213.9,0.00085375,1032925435
1784042159916,buy,64212.8,0.15577321,1032925434
1784042159916,buy,64212.8,0.00058061,1032925433
1784042159916,buy,64212.8,0.07627,1032925432
1784042159406,sell,64212.7,0.00868,1032925431
1784042157201,sell,64212.7,0.03213822,1032925430
1784042157201,sell,64212.7,0.00256144,1032925429
1784042153879,sell,64212.7,0.01339766,1032925428
1784042153642,sell,64212.7,0.0064,1032925427
1784042153589,sell,64212.7,0.00020255,1032925426
1784042153108,sell,64212.7,0.00552152,1032925425
1784042153108,sell,64212.7,0.00001552,1032925424
1784042153108,sell,64212.7,0.00001788,1032925423
1784042153108,sell,64212.7,0.00007916,1032925422
1784042152305,sell,64213.8,0.001557,1032925421
1784042152305,sell,64213.8,0.00012345,1032925420
1784042152282,sell,64213.8,0.04164899,1032925419
1784042152282,sell,64213.8,0.03424601,1032925418
1784042151256,sell,64213.8,0.00001594,1032925417
1784042148654,sell,64213.8,0.00532997,1032925416
1784047191704,sell,64839.5,0.00043631,1032977128
1784047190933,buy,64839.6,0.00024761,1032977127
1784047190681,sell,64841.3,0.04849546,1032977126
1784047190681,sell,64841.3,0.00116541,1032977125
1784047190651,sell,64843.4,0.001542,1032977124
1784047190651,sell,64843.4,0.00009768,1032977123
1784047190651,sell,64843.4,0.04849546,1032977122
1784047190651,sell,64843.4,0.06709,1032977121
1784047189924,buy,64843.5,0.00296743,1032977120
1784047188335,sell,64844.5,0.00116541,1032977119
1784047188331,sell,64847.1,0.00001549,1032977118
1784047188330,sell,64847.7,0.00116541,1032977117
1784047188328,sell,64850,0.0001208,1032977116
1784047188328,sell,64850.8,0.03386683,1032977115
1784047188328,sell,64850.8,0.00029999,1032977114
1784047188328,sell,64850.9,0.01174923,1032977113
1784047188328,sell,64850.9,0.0013,1032977112
1784047188327,sell,64850.9,0.0208176,1032977111
1784047188327,sell,64850.9,0.00116541,1032977110
1784047188327,sell,64851.7,0.00019489,1032977109
1784047188327,sell,64851.7,0.03386683,1032977108
1784047183663,sell,64851.7,0.00286043,1032977107
1784047183310,sell,64851.7,0.00014204,1032977106
1784047182674,sell,64854.1,0.00116541,1032977105
1784047182672,sell,64854.7,0.00001549,1032977104
1784047182669,sell,64857.3,0.00116541,1032977103
1784047182669,sell,64857.9,0.00004825,1032977102
1784047182667,sell,64861,0.03291261,1032977101
1784047182665,sell,64861.1,0.02721261,1032977100
1784047182665,sell,64861.1,0.0057,1032977099
1784047182663,sell,64861.7,0.01234258,1032977098
1784047182660,sell,64861.7,0.0045,1032977097
1784047182659,sell,64861.7,0.0160121,1032977096
1784047182659,sell,64861.7,0.0169879,1032977095
1784047182658,sell,64861.7,0.0013,1032977094
1784047182655,sell,64861.7,0.01462471,1032977093
1784047182655,sell,64861.7,0.00017421,1032977092
1784047182655,sell,64861.7,0.001542,1032977091
1784047180960,sell,64861.7,0.00146537,1032977090
1784047180249,sell,64861.7,0.03548475,1032977089
1784047179336,sell,64861.7,0.00301176,1032977088
1784047179161,sell,64861.7,0.0827441,1032977087
1784047179134,sell,64861.7,0.12848417,1032977086
1784047178556,sell,64861.7,0.00091581,1032977085
1784047178445,sell,64861.7,0.01568766,1032977084
1784047178435,sell,64861.7,0.00635128,1032977083
1784047178415,sell,64861.7,0.01859786,1032977082
1784047178401,sell,64861.7,0.11479788,1032977081
1784047178395,sell,64861.7,0.01849389,1032977080
1784047178375,sell,64861.7,0.01408644,1032977079
1784047178375,sell,64861.7,0.00451142,1032977078
1784047178361,sell,64861.7,0.11479788,1032977077
1784047178355,sell,64861.7,0.01849389,1032977076
1784047178321,sell,64861.7,0.00027673,1032977075
1784047176678,sell,64861.7,0.00303662,1032977074
1784047173489,buy,64861.8,0.00153747,1032977073
1784047172785,sell,64861.9,0.00005063,1032977072
1784047172785,sell,64862.3,0.00001549,1032977071
1784047172785,sell,64864.8,0.00001549,1032977070
1784047172782,sell,64867.1,0.02759147,1032977069
1784047172777,sell,64869,0.001542,1032977068
1784047172777,sell,64869,0.04372498,1032977067
1784047172775,sell,64869.7,0.00001067,1032977066
1784047172775,sell,64869.7,0.02525859,1032977065
1784047172005,sell,64869.7,0.00154155,1032977064
1784047171760,buy,64869.8,0.00699246,1032977063
1784047171628,sell,64869.7,0.00019982,1032977062
1784047170853,sell,64869.7,0.00643428,1032977061
1784047170853,sell,64869.7,0.00059472,1032977060
1784047170853,sell,64869.9,0.00004211,1032977059
1784047170853,sell,64869.9,0.001542,1032977058
1784047170853,sell,64869.9,0.03343424,1032977057
1784047170853,sell,64869.9,0.05785265,1032977056
1784047170625,buy,64870,0.00301176,1032977055
1784047167994,buy,64870,0.00696315,1032977054
1784047167794,sell,64869.9,0.00770772,1032977053
1784047167743,buy,64870,0.00015415,1032977052
1784047166627,buy,64870,0.00007707,1032977051
1784047164975,sell,64869.9,0.00009249,1032977050
1784047163985,buy,64870,0.058975,1032977049
1784047161013,sell,64869.9,0.00088178,1032977048
1784047158556,sell,64869.9,0.00055436,1032977047
1784047155874,buy,64870,0.001,1032977046
1784047155500,sell,64869.9,0.00031189,1032977045
1784047154251,buy,64870,0.02055341,1032977044
1784047154165,sell,64869.9,0.02550618,1032977043
1784047152393,buy,64870,0.000464,1032977042
1784047152092,buy,64870,0.00659979,1032977041
1784047151543,sell,64869.9,0.00001007,1032977040
1784047151262,buy,64870,0.00005395,1032977039
1784047146995,buy,64870,0.01539539,1032977038
1784047146995,buy,64870,0.00000001,1032977037
1784047146618,sell,64869.9,0.0755664,1032977036
1784047146618,sell,64869.9,0.00092997,1032977035
1784047146618,sell,64869.9,0.00157794,1032977034
1784047146470,sell,64870,0.00005461,1032977033
1784047146468,sell,64872.4,0.00001548,1032977032
1784047146468,sell,64874.5,0.01240656,1032977031
1784047146463,sell,64874.5,0.01335056,1032977030
1784047146462,sell,64875.3,0.01460852,1032977029
1784047244231,buy,64842.1,0.00287992,1032977194
1784047242306,buy,64842.1,0.02154044,1032977193
1784047241115,sell,64842,0.00002,1032977192
1784047240912,sell,64842,0.00065786,1032977191
1784047240177,buy,64842.1,0.00001079,1032977190
1784047236592,buy,64842.1,0.00065852,1032977189
1784047233780,sell,64842,0.00146604,1032977188
1784047233053,sell,64842,0.01165988,1032977187
1784047232581,buy,64842.1,0.00007711,1032977186
1784047232483,buy,64842.1,0.00099656,1032977185
1784047232249,sell,64842,0.01016779,1032977184
1784047231358,sell,64842,0.00300311,1032977183
1784047230803,sell,64842.1,0.00005074,1032977182
1784047230803,sell,64842.1,0.00004264,1032977181
1784047230801,sell,64843.5,0.00001038,1032977180
1784047230801,sell,64843.5,0.00675531,1032977179
1784047229747,sell,64843.5,0.02319109,1032977178
1784047229308,sell,64843.5,0.01117884,1032977177
1784047227047,buy,64843.6,0.00023172,1032977176
1784047226503,sell,64843.5,0.01082715,1032977175
1784047225388,sell,64843.5,0.00016798,1032977174
1784047224626,sell,64843.5,0.00317821,1032977173
1784047224096,sell,64843.5,0.08007857,1032977172
1784047222754,sell,64843.5,0.00222,1032977171
1784047222016,sell,64843.5,0.0058717,1032977170
1784047221923,sell,64843.5,0.00030031,1032977169
1784047221428,buy,64839.6,0.00001193,1032977168
1784047221403,buy,64839.6,0.04,1032977167
1784047221383,sell,64839.5,0.01392473,1032977166
1784047220611,buy,64839.6,0.00001,1032977165
1784047220561,buy,64839.6,0.00001,1032977164
1784047220491,buy,64839.6,0.00001,1032977163
1784047220488,buy,64839.6,0.00001,1032977162
1784047220441,buy,64839.6,0.00001,1032977161
1784047220152,buy,64839.6,0.000396,1032977160
1784047220091,buy,64839.6,0.001946,1032977159
1784047220027,buy,64839.6,0.00292323,1032977158
1784047217261,sell,64839.5,0.002,1032977157
1784047215454,sell,64839.5,0.00034895,1032977156
1784047213515,buy,64839.6,0.000662,1032977155
1784047213441,buy,64839.6,0.001566,1032977154
1784047210066,buy,64839.6,0.00015422,1032977153
1784047210007,sell,64839.5,0.00193976,1032977152
1784047209767,buy,64839.6,0.00016988,1032977151
1784047208114,buy,64839.6,0.00016944,1032977150
1784047205006,buy,64839.6,0.00020357,1032977149
1784047204511,sell,64839.5,0.00037435,1032977148
1784047203798,buy,64839.6,0.00217865,1032977147
1784047203627,sell,64839.5,0.00214136,1032977146
1784047203627,sell,64839.5,0.00082602,1032977145
1784047203273,buy,64839.6,0.0006,1032977144
1784047201829,buy,64839.6,0.00194171,1032977143
1784047201390,buy,64839.6,0.00047193,1032977142
1784047200921,sell,64840.4,0.01,1032977141
1784047200921,sell,64844.4,0.01620905,1032977140
1784047200917,sell,64845,0.00004496,1032977139
1784047200914,sell,64846.9,0.0666,1032977138
1784047200254,buy,64844.5,0.0054,1032977137
1784047200251,buy,64844.5,0.0041,1032977136
1784047200251,buy,64844.5,0.0043,1032977135
1784047200232,buy,64844.5,0.0155,1032977134
1784047200230,buy,64844.5,0.0152,1032977133
1784047200215,buy,64841.2,0.00003254,1032977132
1784047200215,buy,64840,0.00074154,1032977131
1784047200213,buy,64840,0.0008,1032977130
1784047196725,sell,64839.5,0.00019861,1032977129
1784047303337,sell,64857.5,0.00012134,1032977365
1784047303237,sell,64857.5,0.00319764,1032977364
1784047301460,buy,64857.6,0.00003471,1032977363
1784047301460,buy,64857.6,0.00003471,1032977362
1784047301460,buy,64857.6,0.00003471,1032977361
1784047301460,buy,64857.6,0.00003471,1032977360
1784047301460,buy,64857.6,0.00003471,1032977359
1784047301460,buy,64857.6,0.00003471,1032977358
1784047301460,buy,64857.6,0.00003471,1032977357
1784047301460,buy,64857.6,0.00003471,1032977356
1784047301460,buy,64857.6,0.00003471,1032977355
1784047301460,buy,64857.6,0.00003471,1032977354
1784047301460,buy,64857.6,0.00003471,1032977353
1784047301460,buy,64857.6,0.00003471,1032977352
1784047301460,buy,64857.6,0.00003471,1032977351
1784047301460,buy,64857.6,0.00003471,1032977350
1784047301460,buy,64857.6,0.00003471,1032977349
1784047301460,buy,64857.6,0.00003471,1032977348
1784047301460,buy,64857.6,0.00003471,1032977347
1784047301460,buy,64857.6,0.00003471,1032977346
1784047301460,buy,64857.6,0.00003471,1032977345
1784047301460,buy,64857.6,0.00003471,1032977344
1784047301459,buy,64857.6,0.00003471,1032977343
1784047301459,buy,64857.6,0.00003471,1032977342
1784047301459,buy,64857.6,0.00003471,1032977341
1784047301459,buy,64857.6,0.00003471,1032977340
1784047301459,buy,64857.6,0.00003471,1032977339
1784047301459,buy,64857.6,0.00003471,1032977338
1784047301306,sell,64857.5,0.00102,1032977337
1784047301036,sell,64857.5,0.00168817,1032977336
1784047299675,buy,64857.6,0.04667918,1032977335
1784047299673,sell,64857.5,0.0030016,1032977334
1784047298640,sell,64857.5,0.00078733,1032977333
1784047298467,sell,64857.5,0.0009925,1032977332
1784047296985,sell,64857.5,0.00156802,1032977331
1784047296643,sell,64857.5,0.0028362,1032977330
1784047292469,buy,64857.6,0.00156959,1032977329
1784047291001,sell,64857.5,0.0033165,1032977328
1784047287726,buy,64857.6,0.00006167,1032977327
1784047287664,sell,64857.5,0.00770864,1032977326
1784047287093,buy,64857.6,0.00003083,1032977325
1784047286858,buy,64857.6,0.00151117,1032977324
1784047286858,buy,64857.6,0.00000001,1032977323
1784047286759,sell,64857.5,0.00685678,1032977322
1784047285919,sell,64857.5,0.00405553,1032977321
1784047285080,sell,64857.5,0.00030381,1032977320
1784047284083,sell,64857.9,0.00001501,1032977319
1784047283881,sell,64859.8,0.00001549,1032977318
1784047283881,sell,64860.6,0.00005294,1032977317
1784047283881,sell,64862.3,0.00001549,1032977316
1784047283881,sell,64864.4,0.00279945,1032977315
1784047283881,sell,64864.4,0.00093981,1032977314
1784047283881,sell,64864.4,0.00154349,1032977313
1784047283876,sell,64865.3,0.03588411,1032977312
1784047283876,sell,64865.3,0.00006074,1032977311
1784047283876,sell,64865.3,0.0000759,1032977310
1784047283869,sell,64866,0.02616669,1032977309
1784047283833,sell,64866.9,0.00028699,1032977308
1784047283832,sell,64866.9,0.00072014,1032977307
1784047283832,sell,64866.9,0.03588411,1032977306
1784047282493,buy,64867,0.00015416,1032977305
1784047282151,sell,64866.9,0.00999949,1032977304
1784047281289,sell,64866.9,0.00030833,1032977303
1784047281144,sell,64867,0.0026399,1032977302
1784047281144,sell,64867,0.02616669,1032977301
1784047281144,sell,64867,0.00001,1032977300
1784047281144,sell,64867,0.06638725,1032977299
1784047280906,sell,64867,0.00021275,1032977298
1784047279637,buy,64867.1,0.00283619,1032977297
1784047278545,sell,64867,0.00032821,1032977296
1784047277385,sell,64867,0.00001,1032977295
1784047275819,sell,64867,0.00009249,1032977294
1784047274994,buy,64867.1,0.00770806,1032977293
1784047274929,buy,64867.1,0.00007708,1032977292
1784047274590,sell,64867,0.0000339,1032977291
1784047272683,buy,64864.5,0.035,1032977290
1784047272683,buy,64864.5,0.005,1032977289
1784047272675,buy,64859.4,0.00046015,1032977288
1784047272675,buy,64859.1,0.14565056,1032977287
1784047272553,sell,64859,0.0466639,1032977286
1784047272064,buy,64859.1,0.03147672,1032977285
1784047272064,buy,64859.1,0.00852328,1032977284
1784047272029,sell,64859,0.13160242,1032977283
1784047271872,buy,64859.1,0.0008,1032977282
1784047271819,buy,64857.3,0.03914244,1032977281
1784047271819,buy,64857.3,0.0058,1032977280
1784047271421,buy,64851.7,0.00041115,1032977279
1784047271421,buy,64851.7,0.03204537,1032977278
1784047271409,buy,64851.7,0.04,1032977277
1784047270121,buy,64851.7,0.00001,1032977276
1784047270106,buy,64851.7,0.00001,1032977275
1784047270101,buy,64851.7,0.000019,1032977274
1784047270074,buy,64851.7,0.00001,1032977273
1784047270071,buy,64851.7,0.00001,1032977272
1784047270045,buy,64851.7,0.000086,1032977271
1784047269987,buy,64851.7,0.000484,1032977270
1784047269519,buy,64851.7,0.001551,1032977269
1784047269519,buy,64851.7,0.00122,1032977268
1784047269497,buy,64851.7,0.02667279,1032977267
1784047269496,buy,64851.7,0.000275,1032977266
1784047358750,buy,64825.3,0.00128168,1032977570
1784047356442,sell,64825.2,0.01541064,1032977569
1784047356421,sell,64825.2,0.01541064,1032977568
1784047356383,sell,64825.2,0.01541064,1032977567
1784047356379,sell,64825.2,0.01541064,1032977566
1784047356346,buy,64825.3,0.01542607,1032977565
1784047356307,buy,64825.3,0.01542607,1032977564
1784047356302,buy,64825.3,0.01542607,1032977563
1784047356298,buy,64825.3,0.01542607,1032977562
1784047356038,buy,64825.3,0.00260392,1032977561
1784047355769,sell,64825.2,0.0002235,1032977560
1784047354786,buy,64823.6,0.01541,1032977559
1784047353123,sell,64823.5,0.00040577,1032977558
1784047350771,sell,64823.5,0.01541105,1032977557
1784047350764,sell,64823.5,0.01541105,1032977556
1784047350763,sell,64823.5,0.01541105,1032977555
1784047350762,sell,64823.5,0.01541105,1032977554
1784047350683,buy,64823.6,0.01542648,1032977553
1784047350683,buy,64823.6,0.01542648,1032977552
1784047350682,buy,64823.6,0.01542648,1032977551
1784047350680,buy,64823.6,0.01542648,1032977550
1784047350432,buy,64823.6,0.00070807,1032977549
1784047348294,buy,64823.6,0.03154112,1032977548
1784047348294,buy,64823.6,0.00226224,1032977547
1784047348294,buy,64823.6,0.02927888,1032977546
1784047348294,buy,64823.6,0.02542112,1032977545
1784047348294,buy,64823.6,0.0013,1032977544
1784047348294,buy,64823.6,0.00482,1032977543
1784047348241,sell,64824.4,0.0000155,1032977542
1784047348241,sell,64824.6,0.00116607,1032977541
1784047348241,sell,64825,0.0001208,1032977540
1784047348241,sell,64825.1,0.00017271,1032977539
1784047348241,sell,64825.6,0.00029999,1032977538
1784047348241,sell,64826.9,0.00008622,1032977537
1784047348241,sell,64826.9,0.00005391,1032977536
1784047348241,sell,64826.9,0.00203252,1032977535
1784047348241,sell,64826.9,0.00001549,1032977534
1784047348241,sell,64828.3,0.00116604,1032977533
1784047348241,sell,64828.5,0.00001,1032977532
1784047348078,sell,64829.4,0.00001549,1032977531
1784047348078,sell,64829.7,0.00004783,1032977530
1784047348078,sell,64831.5,0.00116604,1032977529
1784047348078,sell,64833.8,0.00005641,1032977528
1784047348078,sell,64833.8,0.0000101,1032977527
1784047348078,sell,64833.8,0.00008837,1032977526
1784047348076,sell,64834.4,1.43919276,1032977525
1784047348041,sell,64834.7,0.02109557,1032977524
1784047348038,sell,64834.7,0.0110332,1032977523
1784047348038,sell,64834.7,0.00116604,1032977522
1784047348035,sell,64835.4,0.04398934,1032977521
1784047348035,sell,64835.5,0.00111055,1032977520
1784047348035,sell,64835.5,0.02101207,1032977519
1784047347827,sell,64835.5,0.0001828,1032977518
1784047346517,sell,64835.5,0.00782006,1032977517
1784047346517,sell,64835.5,0.00148078,1032977516
1784047346028,buy,64835.6,0.00004616,1032977515
1784047345681,sell,64835.5,0.01540819,1032977514
1784047345680,sell,64835.5,0.01540819,1032977513
1784047345679,sell,64835.5,0.00474453,1032977512
1784047345679,sell,64835.5,0.0013,1032977511
1784047345679,sell,64835.5,0.00005424,1032977510
1784047345679,sell,64835.5,0.001542,1032977509
1784047345679,sell,64835.5,0.00776742,1032977508
1784047345678,sell,64835.5,0.01540819,1032977507
1784047345470,buy,64835.6,0.01542362,1032977506
1784047345470,buy,64835.6,0.01542362,1032977505
1784047345469,buy,64835.6,0.01542362,1032977504
1784047345469,buy,64835.6,0.01542362,1032977503
1784047344936,buy,64835.6,0.00001015,1032977502
1784047344936,buy,64835.6,0.00001015,1032977501
1784047344936,buy,64835.6,0.00001015,1032977500
1784047344936,buy,64835.6,0.00001015,1032977499
1784047344936,buy,64835.6,0.00001015,1032977498
1784047344936,buy,64835.6,0.00001015,1032977497
1784047344936,buy,64835.6,0.00001015,1032977496
1784047344936,buy,64835.6,0.00001015,1032977495
1784047344936,buy,64835.6,0.00001015,1032977494
1784047344936,buy,64835.6,0.00001015,1032977493
1784047344936,buy,64835.6,0.00001015,1032977492
1784047344936,buy,64835.6,0.00001015,1032977491
1784047344936,buy,64835.6,0.00001015,1032977490
1784047344936,buy,64835.6,0.00001015,1032977489
1784047344928,buy,64835.6,0.01031025,1032977488
1784047343860,buy,64835.6,0.01535456,1032977487
1784047341628,buy,64835.6,0.00289964,1032977486
1784047341457,buy,64835.6,0.00007057,1032977485
1784047341447,sell,64835.5,0.00039064,1032977484
1784047340916,buy,64835.6,0.00001093,1032977483
1784047340916,buy,64835.6,0.00001093,1032977482
1784047340916,buy,64835.6,0.00001093,1032977481
1784047340916,buy,64835.6,0.00001093,1032977480
1784047340916,buy,64835.6,0.00001093,1032977479
1784047340916,buy,64835.6,0.00001093,1032977478
1784047340916,buy,64835.6,0.00001093,1032977477
1784047340916,buy,64835.6,0.00001093,1032977476
1784047340916,buy,64835.6,0.00001093,1032977475
1784047340916,buy,64835.6,0.00001093,1032977474
1784047340916,buy,64835.6,0.00001093,1032977473
1784047340916,buy,64835.6,0.00001093,1032977472
1784047340916,buy,64835.6,0.00001093,1032977471
1784047413388,buy,64829,0.00009211,1032977693
1784047413088,sell,64828.9,0.00116506,1032977692
1784047409103,buy,64829,0.00002468,1032977691
1784047407277,sell,64828.9,0.002,1032977690
1784047406927,buy,64829,0.00077125,1032977689
1784047406627,buy,64829,0.0012612,1032977688
1784047404871,sell,64828.9,0.00063796,1032977687
1784047404065,sell,64828.9,0.00081999,1032977686
1784047403515,buy,64829,0.00067676,1032977685
1784047402716,sell,64828.9,0.22304179,1032977684
1784047402716,sell,64828.9,0.001543,1032977683
1784047402716,sell,64828.9,0.02770411,1032977682
1784047401997,sell,64828.9,0.0000617,1032977681
1784047400389,buy,64829,0.0006386,1032977680
1784047398650,buy,64829,0.00115688,1032977679
1784047398209,buy,64829,0.00003157,1032977678
1784047398209,buy,64829,0.00003157,1032977677
1784047398209,buy,64829,0.00003157,1032977676
1784047398209,buy,64829,0.00003157,1032977675
1784047398209,buy,64829,0.00003157,1032977674
1784047398209,buy,64829,0.00003157,1032977673
1784047398209,buy,64829,0.00003157,1032977672
1784047398209,buy,64829,0.00003157,1032977671
1784047398209,buy,64829,0.00003157,1032977670
1784047398209,buy,64829,0.00003157,1032977669
1784047398209,buy,64829,0.00003157,1032977668
1784047398209,buy,64829,0.00003157,1032977667
1784047398209,buy,64829,0.00003157,1032977666
1784047398209,buy,64829,0.00003157,1032977665
1784047398209,buy,64829,0.00003157,1032977664
1784047398209,buy,64829,0.00003157,1032977663
1784047398209,buy,64829,0.00003157,1032977662
1784047398209,buy,64829,0.00003157,1032977661
1784047398209,buy,64829,0.00003157,1032977660
1784047398209,buy,64829,0.00003157,1032977659
1784047398209,buy,64829,0.00003157,1032977658
1784047398209,buy,64829,0.00003157,1032977657
1784047398209,buy,64829,0.00003157,1032977656
1784047398209,buy,64829,0.00003157,1032977655
1784047398209,buy,64829,0.00003157,1032977654
1784047398209,buy,64829,0.00003157,1032977653
1784047397857,buy,64829,0.00002667,1032977652
1784047397857,buy,64829,0.00002667,1032977651
1784047397857,buy,64829,0.00002667,1032977650
1784047397857,buy,64829,0.00002667,1032977649
1784047397857,buy,64829,0.00002667,1032977648
1784047397857,buy,64829,0.00002667,1032977647
1784047397857,buy,64829,0.00002667,1032977646
1784047397857,buy,64829,0.00002667,1032977645
1784047397857,buy,64829,0.00002667,1032977644
1784047397857,buy,64829,0.00002667,1032977643
1784047397857,buy,64829,0.00002667,1032977642
1784047397857,buy,64829,0.00002667,1032977641
1784047397857,buy,64829,0.00002667,1032977640
1784047397857,buy,64829,0.00002667,1032977639
1784047397857,buy,64829,0.00002667,1032977638
1784047397857,buy,64829,0.00002667,1032977637
1784047397857,buy,64829,0.00002667,1032977636
1784047397857,buy,64829,0.00002667,1032977635
1784047397857,buy,64829,0.00002667,1032977634
1784047397857,buy,64829,0.00002667,1032977633
1784047397856,buy,64829,0.00002667,1032977632
1784047397856,buy,64829,0.00002667,1032977631
1784047397856,buy,64829,0.00002667,1032977630
1784047397856,buy,64829,0.00002667,1032977629
1784047397856,buy,64829,0.00002667,1032977628
1784047397856,buy,64829,0.00002667,1032977627
1784047395910,sell,64828.9,0.00015193,1032977626
1784047392745,buy,64829,0.0003085,1032977625
1784047392310,sell,64828.9,0.00015926,1032977624
1784047391192,sell,64828.9,0.00015549,1032977623
1784047389993,buy,64829,0.0000617,1032977622
1784047387689,sell,64828.9,0.004244,1032977621
1784047386774,sell,64828.9,0.00019811,1032977620
1784047386731,buy,64829,0.00154251,1032977619
1784047385580,buy,64829,0.00517392,1032977618
1784047385376,sell,64828.9,0.00925565,1032977617
1784047385216,sell,64828.9,0.01381634,1032977616
1784047383721,sell,64828.9,0.00002,1032977615
1784047381140,buy,64829,0.00045529,1032977614
1784047377425,sell,64828.9,0.036,1032977613
1784047377346,sell,64828.9,0.00002,1032977612
1784047376089,buy,64829,0.00008,1032977611
1784047373939,buy,64829,0.00019744,1032977610
1784047372665,sell,64828.9,0.2385095,1032977609
1784047372304,sell,64828.9,0.02314287,1032977608
1784047370694,sell,64828.9,0.02264483,1032977607
1784047370318,buy,64829,0.00471085,1032977606
1784047370148,buy,64829,0.05353106,1032977605
1784047370148,buy,64827.8,0.0039,1032977604
1784047370148,buy,64827.4,0.10797904,1032977603
1784047370148,buy,64827.3,0.03339589,1032977602
1784047370148,buy,64826.8,0.00001549,1032977601
1784047370148,buy,64825.3,0.04443913,1032977600
1784047370148,buy,64825.3,0.03634479,1032977599
1784047370148,buy,64825.3,0.0689,1032977598
1784047370148,buy,64825.3,0.01532952,1032977597
1784047370148,buy,64825.3,0.01535559,1032977596
1784047370148,buy,64825.3,0.00118166,1032977595
1784047370148,buy,64825.3,0.01536334,1032977594
1784051265783,buy,64511.1,0.00011935,1032998989
1784051264307,sell,64511,0.00151576,1032998988
1784051263044,sell,64511,0.0007099,1032998987
1784051261574,sell,64511,0.00022361,1032998986
1784051257126,sell,64511,0.00012413,1032998985
1784051257126,sell,64511,0.00002248,1032998984
1784051257126,sell,64511,0.00003219,1032998983
1784051255104,buy,64511.1,0.00154091,1032998982
1784051252244,sell,64512.7,0.15365623,1032998981
1784051252243,sell,64512.7,0.03322351,1032998980
1784051252243,sell,64512.7,0.0013,1032998979
1784051252243,sell,64512.7,0.2842,1032998978
1784051252243,sell,64512.7,0.0012,1032998977
1784051252243,sell,64512.7,0.0145938,1032998976
1784051252024,sell,64512.7,0.02205312,1032998975
1784051252024,sell,64512.8,0.00004274,1032998974
1784051252024,sell,64512.8,0.01590414,1032998973
1784051249374,buy,64512.9,0.0000217,1032998972
1784051246774,sell,64512.8,0.00661774,1032998971
1784051246436,sell,64512.8,0.0001,1032998970
1784051246366,sell,64512.8,0.00180627,1032998969
1784051245312,sell,64512.8,0.0001,1032998968
1784051244231,sell,64512.8,0.0001,1032998967
1784051243304,sell,64512.8,0.00871421,1032998966
1784051242890,sell,64512.8,0.00330456,1032998965
1784051242890,sell,64512.8,0.00002068,1032998964
1784051242890,sell,64512.8,0.000028,1032998963
1784051242615,sell,64514.7,0.01626376,1032998962
1784051242615,sell,64514.7,0.00247102,1032998961
1784051242591,sell,64514.7,0.00310006,1032998960
1784051242488,sell,64514.7,0.0001,1032998959
1784051242452,buy,64514.8,0.00026499,1032998958
1784051237245,sell,64514.7,0.03097584,1032998957
1784051236850,buy,64514.8,0.00013,1032998956
1784051235533,buy,64514.8,0.00066207,1032998955
1784051231484,buy,64512,0.0052,1032998954
1784051231484,buy,64511.9,0.0053,1032998953
1784051231456,sell,64511.8,0.0001,1032998952
1784051230334,buy,64511.9,0.00000001,1032998951
1784051230334,buy,64511.5,0.00001557,1032998950
1784051230326,buy,64507,0.04467336,1032998949
1784051230325,buy,64506,0.02136656,1032998948
1784051230325,buy,64506,0.16442363,1032998947
1784051228506,sell,64506.1,0.00116523,1032998946
1784051228501,sell,64509.3,0.00155105,1032998945
1784051228501,sell,64509.3,0.00116523,1032998944
1784051228498,sell,64509.8,0.00001501,1032998943
1784051228498,sell,64511.6,0.00001557,1032998942
1784051228498,sell,64512.5,0.00116523,1032998941
1784051228498,sell,64514.1,0.00001557,1032998940
1784051228498,sell,64515.7,0.00116523,1032998939
1784051228496,sell,64518.1,0.03756056,1032998938
1784051228496,sell,64518.1,0.00002324,1032998937
1784051228496,sell,64518.2,0.0307815,1032998936
1784051228496,sell,64518.2,0.00001793,1032998935
1784051228494,sell,64518.9,0.00013538,1032998934
1784051228494,sell,64518.9,0.02479128,1032998933
1784051226359,sell,64518.9,0.00599022,1032998932
1784051226359,sell,64518.9,0.00027867,1032998931
1784051226134,sell,64518.9,0.00078656,1032998930
1784051224601,sell,64518.9,0.0001,1032998929
1784051224079,sell,64519.2,0.00032051,1032998928
1784051224079,sell,64519.2,0.01434314,1032998927
1784051224077,sell,64519.2,0.0135,1032998926
1784051223703,buy,64519.3,0.00015499,1032998925
1784051223454,sell,64519.4,0.00042737,1032998924
1784051223454,sell,64519.4,0.01151697,1032998923
1784051223452,sell,64519.4,0.01569238,1032998922
1784051223452,sell,64519.4,0.00046015,1032998921
1784051223400,buy,64519.5,0.0009087,1032998920
1784051223293,buy,64519.5,0.00003099,1032998919
1784051222583,sell,64519.8,0.00021393,1032998918
1784051222583,sell,64519.8,0.00079026,1032998917
1784051222583,sell,64519.8,0.01856989,1032998916
1784051222481,sell,64519.8,0.00045,1032998915
1784051222128,sell,64519.8,0.00049403,1032998914
1784051221845,sell,64519.8,0.00769543,1032998913
1784051221444,buy,64519.9,0.00086866,1032998912
1784051221329,sell,64519.8,0.00659747,1032998911
1784051221325,sell,64519.8,0.00082864,1032998910
1784051221325,sell,64519.8,0.00011489,1032998909
1784051221325,sell,64519.8,0.00004647,1032998908
1784051218886,sell,64519.8,0.00049932,1032998907
1784051218886,sell,64519.8,0.00044068,1032998906
1784051217435,buy,64519.9,0.00003099,1032998905
1784051216215,buy,64519.9,0.05017,1032998904
1784051214715,sell,64519.8,0.00075932,1032998903
1784051214273,buy,64519.9,0.00078734,1032998902
1784051214273,buy,64519.9,0.00000001,1032998901
1784051213934,sell,64520.3,0.00036,1032998900
1784051213931,sell,64521.7,0.00001557,1032998899
1784051213931,sell,64522.1,0.00116523,1032998898
1784051213931,sell,64522.9,0.00037,1032998897
1784051213931,sell,64525.3,0.00116523,1032998896
1784051213929,sell,64525.5,0.00037,1032998895
1784051213929,sell,64525.6,0.00127653,1032998894
1784051213929,sell,64526.7,0.00001557,1032998893
1784051213929,sell,64528.1,0.00037,1032998892
1784051213929,sell,64528.5,0.00116523,1032998891
1784051213926,sell,64530.7,0.03023182,1032998890
1784051326159,sell,64524,0.00007314,1032999045
1784051326159,sell,64524,0.0012,1032999044
1784051325606,buy,64524.1,0.0007749,1032999043
1784051323897,buy,64523.3,0.08,1032999042
1784051323873,buy,64523.3,0.00001557,1032999041
1784051323871,buy,64522,0.00001501,1032999040
1784051323871,buy,64521.6,0.00001556,1032999039
1784051323854,buy,64520,0.04,1032999038
1784051323854,buy,64520,0.00128839,1032999037
1784051323854,buy,64519.9,0.06343432,1032999036
1784051323854,buy,64519.1,0.00001557,1032999035
1784051323854,buy,64517.2,0.013,1032999034
1784051323854,buy,64514.7,0.00056406,1032999033
1784051323854,buy,64514.7,0.00169766,1032999032
1784051323852,buy,64513.8,0.00377956,1032999031
1784051323852,buy,64513.8,0.0163185,1032999030
1784051323852,buy,64513.8,0.07441694,1032999029
1784051323846,buy,64512.8,0.00148228,1032999028
1784051323842,buy,64512.8,0.00851555,1032999027
1784051320381,sell,64512.7,0.0368301,1032999026
1784051320381,sell,64512.7,0.17574568,1032999025
1784051320070,sell,64512.7,0.00016632,1032999024
1784051320021,buy,64511.1,0.00020623,1032999023
1784051320021,buy,64511.1,0.00155578,1032999022
1784051320021,buy,64511.1,0.00155887,1032999021
1784051320021,buy,64511.1,0.00156042,1032999020
1784051320021,buy,64511.1,0.00156361,1032999019
1784051320021,buy,64511.1,0.00257056,1032999018
1784051320021,buy,64511.1,0.0014981,1032999017
1784051320021,buy,64511.1,0.0014981,1032999016
1784051320021,buy,64511.1,0.0014981,1032999015
1784051320021,buy,64511.1,0.00229427,1032999014
1784051320021,buy,64511.1,0.00157437,1032999013
1784051320021,buy,64511.1,0.00007149,1032999012
1784051318247,sell,64511,0.00149809,1032999011
1784051315668,buy,64511.1,0.00108353,1032999010
1784051314548,sell,64511,0.16544364,1032999009
1784051314548,sell,64511,0.01455636,1032999008
1784051310464,sell,64511,0.000031,1032999007
1784051302710,sell,64511,0.0054675,1032999006
1784051296646,buy,64511.1,0.00004,1032999005
1784051295938,buy,64511.1,0.00011935,1032999004
1784051295007,sell,64511,0.00156823,1032999003
1784051293159,sell,64511,0.00429665,1032999002
1784051292389,buy,64511.1,0.00022631,1032999001
1784051292323,buy,64511.1,0.01558318,1032999000
1784051287826,buy,64511.1,0.0001054,1032998999
1784051286690,sell,64511,0.00086983,1032998998
1784051282686,buy,64511.1,0.0000527,1032998997
1784051282258,buy,64511.1,0.00004495,1032998996
1784051281474,sell,64511,0.00078456,1032998995
1784051281402,buy,64511.1,0.00088246,1032998994
1784051278268,buy,64511.1,0.0000155,1032998993
1784051276751,buy,64511.1,0.00038063,1032998992
1784051275461,sell,64511,0.00011923,1032998991
1784051275055,sell,64511,0.0007343,1032998990
1784051379925,buy,64505.1,0.00002864,1032999144
1784051379838,buy,64503.7,0.00002946,1032999143
1784051379572,buy,64502.8,0.00079066,1032999142
1784051377612,buy,64502.8,0.01963964,1032999141
1784051377612,buy,64502.8,0.00033936,1032999140
1784051373328,buy,64502.8,0.00077981,1032999139
1784051370110,sell,64502.7,0.00029996,1032999138
1784051369633,buy,64502.8,0.00020901,1032999137
1784051368057,buy,64502.8,0.00010436,1032999136
1784051368057,buy,64502.8,0.00001501,1032999135
1784051366647,buy,64502.7,0.02072,1032999134
1784051366647,buy,64501.4,0.00001,1032999133
1784051366603,buy,64500.2,0.00002928,1032999132
1784051366603,buy,64499.2,0.00116523,1032999131
1784051365884,buy,64499.1,0.00015504,1032999130
1784051365420,sell,64499,0.00018027,1032999129
1784051365420,sell,64499,0.00000001,1032999128
1784051365410,buy,64498.7,0.00003017,1032999127
1784051365366,sell,64497.5,0.00022354,1032999126
1784051365366,sell,64497.5,0.00000001,1032999125
1784051365361,buy,64497.1,0.00003079,1032999124
1784051365344,buy,64496.7,0.0000308,1032999123
1784051365342,buy,64496.1,0.013,1032999122
1784051365072,sell,64496,0.049,1032999121
1784051364855,sell,64496,0.002,1032999120
1784051364679,sell,64496,0.001,1032999119
1784051364228,sell,64496,0.00077412,1032999118
1784051363711,sell,64496,0.00483084,1032999117
1784051363711,sell,64496,0.00116523,1032999116
1784051362558,sell,64496.9,0.03573203,1032999115
1784051362558,sell,64497,0.04896329,1032999114
1784051362491,sell,64499.2,0.00064635,1032999113
1784051362491,sell,64499.2,0.03751909,1032999112
1784051362451,sell,64499.2,0.00001501,1032999111
1784051362451,sell,64499.2,0.00001501,1032999110
1784051362451,sell,64499.2,0.00001501,1032999109
1784051362451,sell,64499.2,0.00001501,1032999108
1784051362451,sell,64499.2,0.00001501,1032999107
1784051362451,sell,64499.2,0.00001501,1032999106
1784051361041,sell,64499.2,0.000387,1032999105
1784051359947,sell,64499.2,0.00015268,1032999104
1784051359735,buy,64499.3,0.00078133,1032999103
1784051359707,buy,64499.3,0.00022666,1032999102
1784051359707,buy,64499.3,0.00000001,1032999101
1784051356321,sell,64499.2,0.01081446,1032999100
1784051356321,sell,64499.2,0.00116525,1032999099
1784051355334,sell,64499.4,0.00046015,1032999098
1784051355334,sell,64499.5,0.00029979,1032999097
1784051355334,sell,64500,0.0001208,1032999096
1784051355334,sell,64501.6,0.00001557,1032999095
1784051355334,sell,64502.9,0.00116523,1032999094
1784051355334,sell,64504.1,0.00001557,1032999093
1784051355276,sell,64505.4,0.03097727,1032999092
1784051355266,sell,64505.5,0.00006508,1032999091
1784051355261,sell,64508.7,0.02592512,1032999090
1784051355261,sell,64509.1,0.04074187,1032999089
1784051355261,sell,64509.2,0.02592512,1032999088
1784051355261,sell,64509.2,0.00005204,1032999087
1784051355261,sell,64509.2,0.0666,1032999086
1784051355261,sell,64509.2,0.00001,1032999085
1784051353012,sell,64509.2,0.00461854,1032999084
1784051353012,sell,64509.2,0.00155,1032999083
1784051352901,sell,64514.6,0.00050092,1032999082
1784051352901,sell,64514.6,0.01478335,1032999081
1784051352593,buy,64514.7,0.000031,1032999080
1784051352348,sell,64514.6,0.00802685,1032999079
1784051351626,sell,64514.6,0.00044727,1032999078
1784051348938,sell,64514.6,0.00136472,1032999077
1784051347472,sell,64514.6,0.00514371,1032999076
1784051346221,buy,64514.7,0.0000775,1032999075
1784051344787,sell,64514.6,0.0008,1032999074
1784051343088,sell,64514.6,0.01272545,1032999073
1784051343088,sell,64514.8,0.00034832,1032999072
1784051343088,sell,64514.8,0.04269465,1032999071
1784051341983,buy,64514.9,0.0001,1032999070
1784051340599,sell,64515.5,0.00015413,1032999069
1784051340599,sell,64515.5,0.01548041,1032999068
1784051339416,buy,64515.6,0.00066931,1032999067
1784051339276,buy,64515.6,0.00000155,1032999066
1784051337517,buy,64515.6,0.00301,1032999065
1784051336951,sell,64515.5,0.00270023,1032999064
1784051335817,buy,64515.6,0.00774231,1032999063
1784051332956,sell,64515.5,0.00030538,1032999062
1784051332256,sell,64515.5,0.00407569,1032999061
1784051331727,sell,64515.5,0.00058523,1032999060
1784051330280,sell,64515.5,0.000031,1032999059
1784051329245,sell,64515.5,0.0078895,1032999058
1784051329122,sell,64515.5,0.00011923,1032999057
1784051327927,sell,64516.3,0.008358,1032999056
1784051327927,sell,64516.3,0.00001,1032999055
1784051327914,sell,64516.7,0.00001557,1032999054
1784051327914,sell,64519.2,0.00001557,1032999053
1784051327911,sell,64522.3,0.04028357,1032999052
1784051327911,sell,64523.4,0.04028357,1032999051
1784051327911,sell,64523.4,0.00001211,1032999050
1784051327911,sell,64524,0.00001047,1032999049
1784051327911,sell,64524,0.01999196,1032999048
1784051327883,sell,64524,0.00284716,1032999047
1784051327317,sell,64524,0.01744445,1032999046
1784051436751,buy,64561.5,0.00001006,1032999458
1784051436751,buy,64561.3,0.00000495,1032999457
1784051436751,buy,64561.3,0.00001501,1032999456
1784051436751,buy,64561.3,0.00001501,1032999455
1784051436751,buy,64561.3,0.00001501,1032999454
1784051436751,buy,64561.3,0.00001501,1032999453
1784051436751,buy,64561.3,0.00000501,1032999452
1784051436751,buy,64560.5,0.00001,1032999451
1784051436751,buy,64560.2,0.00022499,1032999450
1784051436751,buy,64560.2,0.00001501,1032999449
1784051436750,buy,64559.5,0.01165232,1032999448
1784051436750,buy,64559.4,0.00046015,1032999447
1784051436750,buy,64559.3,0.00019,1032999446
1784051436750,buy,64559.2,0.10842762,1032999445
1784051436750,buy,64559.2,0.00001336,1032999444
1784051436750,buy,64559.1,0.00001,1032999443
1784051436750,buy,64558.7,0.00001,1032999442
1784051436750,buy,64558.4,0.00023,1032999441
1784051436750,buy,64557.8,0.00012488,1032999440
1784051436750,buy,64557.8,0.00037496,1032999439
1784051436750,buy,64557.6,0.00055623,1032999438
1784051436750,buy,64557.6,0.00094377,1032999437
1784051436750,buy,64557.6,0.00057592,1032999436
1784051436750,buy,64557.6,0.00745527,1032999435
1784051436750,buy,64557.6,0.13217496,1032999434
1784051436750,buy,64557.6,0.01107496,1032999433
1784051436750,buy,64557.6,0.00891474,1032999432
1784051436750,buy,64557.6,0.0666,1032999431
1784051436750,buy,64557.6,0.00001,1032999430
1784051435724,buy,64557.6,0.26172834,1032999429
1784051435719,buy,64556.9,0.00001,1032999428
1784051435719,buy,64556.8,0.00001558,1032999427
1784051435719,buy,64556,0.00006,1032999426
1784051435719,buy,64555.9,0.00001379,1032999425
1784051435719,buy,64555.7,0.00013,1032999424
1784051435719,buy,64555.6,0.00001,1032999423
1784051435719,buy,64555.2,0.00007,1032999422
1784051435622,buy,64554,0.00002751,1032999421
1784051435622,buy,64553.9,0.00001,1032999420
1784051435622,buy,64553.6,0.00001443,1032999419
1784051435622,buy,64553.4,0.00004,1032999418
1784051435622,buy,64553.2,0.00021,1032999417
1784051435622,buy,64552.9,0.00026,1032999416
1784051435622,buy,64552.7,0.00007767,1032999415
1784051435622,buy,64552.3,0.00021127,1032999414
1784051435622,buy,64552.2,0.00057609,1032999413
1784051435239,buy,64552.2,0.00001028,1032999412
1784051435239,buy,64552.2,0.00001028,1032999411
1784051435239,buy,64552.2,0.00001028,1032999410
1784051435239,buy,64552.2,0.00001028,1032999409
1784051435239,buy,64552.2,0.00001028,1032999408
1784051435239,buy,64552.2,0.00001028,1032999407
1784051435239,buy,64552.2,0.00001028,1032999406
1784051435239,buy,64552.2,0.00001028,1032999405
1784051435239,buy,64552.2,0.00001028,1032999404
1784051435239,buy,64552.2,0.00001028,1032999403
1784051435239,buy,64552.2,0.00001028,1032999402
1784051435239,buy,64552.2,0.00001028,1032999401
1784051435239,buy,64552.2,0.00001028,1032999400
1784051435239,buy,64552.2,0.00001028,1032999399
1784051435239,buy,64552.2,0.00001028,1032999398
1784051435239,buy,64552.2,0.00001028,1032999397
1784051435239,buy,64552.2,0.00001028,1032999396
1784051435239,buy,64552.2,0.00001028,1032999395
1784051435239,buy,64552.2,0.00001028,1032999394
1784051435239,buy,64552.2,0.00001028,1032999393
1784051435239,buy,64552.2,0.00001028,1032999392
1784051435239,buy,64552.2,0.00001028,1032999391
1784051435239,buy,64552.2,0.00001028,1032999390
1784051435239,buy,64552.2,0.00001028,1032999389
1784051435239,buy,64552.2,0.00001028,1032999388
1784051435239,buy,64552.2,0.00001028,1032999387
1784051435239,buy,64552.2,0.00001028,1032999386
1784051435239,buy,64552.2,0.00001028,1032999385
1784051435239,buy,64552.2,0.00001028,1032999384
1784051435239,buy,64552.2,0.00001028,1032999383
1784051434297,buy,64552.2,0.00056253,1032999382
1784051434291,buy,64552.2,0.00000001,1032999381
1784051434291,buy,64552.2,0.00001558,1032999380
1784051434291,buy,64552,0.00003,1032999379
1784051434291,buy,64551.5,0.00003,1032999378
1784051434291,buy,64551.2,0.00025,1032999377
1784051434291,buy,64551.1,0.00003,1032999376
1784051434291,buy,64551,0.0000149,1032999375
1784051434291,buy,64550.6,0.00102516,1032999374
1784051434289,buy,64550.6,0.00047484,1032999373
1784051434289,buy,64550.6,0.00004,1032999372
1784051434289,buy,64550.2,0.00004,1032999371
1784051434289,buy,64550,0.0001208,1032999370
1784051434289,buy,64549.7,0.00015519,1032999369
1784051434289,buy,64549.6,0.15408878,1032999368
1784051434026,buy,64549.4,0.00029991,1032999367
1784051434026,buy,64549.3,0.00001558,1032999366
1784051434026,buy,64549.1,0.00014,1032999365
1784051434026,buy,64548.7,0.00015519,1032999364
1784051434026,buy,64548.5,0.00001554,1032999363
1784051434026,buy,64548.4,0.00006,1032999362
1784051434026,buy,64547.9,0.00001,1032999361
1784051434026,buy,64547.7,0.05073137,1032999360
1784051433648,buy,64547.2,0.00057618,1032999359
1784051491835,buy,64629.2,0.0015,1032999953
1784051491831,buy,64629.1,0.00001194,1032999952
1784051491831,buy,64629.1,0.00072305,1032999951
1784051491815,sell,64629,0.00004806,1032999950
1784051490663,buy,64629.1,0.04767969,1032999949
1784051490663,buy,64629.1,0.0012,1032999948
1784051486745,sell,64629,0.03709573,1032999947
1784051486494,sell,64629,0.02102,1032999946
1784051486015,sell,64633.7,0.12124455,1032999945
1784051485953,buy,64638.2,0.0017154,1032999944
1784051485950,buy,64638.2,0.00691278,1032999943
1784051485950,buy,64637.9,0.15308722,1032999942
1784051485950,buy,64637.9,0.03676196,1032999941
1784051485950,buy,64637.9,0.00002662,1032999940
1784051485950,buy,64637.4,0.00001556,1032999939
1784051485950,buy,64636.8,0.0000183,1032999938
1784051485950,buy,64636.3,0.00002182,1032999937
1784051485950,buy,64636.3,0.00001967,1032999936
1784051485950,buy,64636.3,0.00001386,1032999935
1784051485950,buy,64636.3,0.00093151,1032999934
1784051485950,buy,64635.8,0.00001039,1032999933
1784051485950,buy,64635.8,0.00001873,1032999932
1784051485950,buy,64635.8,0.00001069,1032999931
1784051485950,buy,64635.2,0.00002846,1032999930
1784051485950,buy,64634.9,0.00001556,1032999929
1784051485950,buy,64634.6,0.00010075,1032999928
1784051485950,buy,64633.6,0.00001258,1032999927
1784051485950,buy,64633.3,0.00023513,1032999926
1784051485950,buy,64633,0.00009196,1032999925
1784051485950,buy,64632.2,0.0013547,1032999924
1784051485950,buy,64631.4,0.00031175,1032999923
1784051485950,buy,64631.4,0.07708677,1032999922
1784051485950,buy,64630.6,0.00007197,1032999921
1784051485950,buy,64630.6,0.0000139,1032999920
1784051485950,buy,64630.6,0.0000102,1032999919
1784051485950,buy,64630.5,0.00004494,1032999918
1784051485950,buy,64630.4,0.00266193,1032999917
1784051485950,buy,64630.3,0.00001154,1032999916
1784051485950,buy,64629.7,0.00009875,1032999915
1784051485939,buy,64629.6,0.00012585,1032999914
1784051485939,buy,64629.6,0.00001383,1032999913
1784051485939,buy,64629.6,0.00006317,1032999912
1784051485936,buy,64629,0.00044028,1032999911
1784051485936,buy,64628.5,0.00071863,1032999910
1784051485936,buy,64628.4,0.00004267,1032999909
1784051485936,buy,64628.4,0.00001007,1032999908
1784051485936,buy,64628.4,0.00001014,1032999907
1784051485936,buy,64628.4,0.0002201,1032999906
1784051485936,buy,64628.4,0.00002192,1032999905
1784051485936,buy,64627.4,0.00001556,1032999904
1784051485936,buy,64627.1,0.00004965,1032999903
1784051485936,buy,64626.2,0.00001251,1032999902
1784051485936,buy,64626,0.0000452,1032999901
1784051485936,buy,64625.1,0.00006885,1032999900
1784051485936,buy,64625,0.00506031,1032999899
1784051485936,buy,64625,0.00399258,1032999898
1784051485936,buy,64625,0.0001208,1032999897
1784051485936,buy,64624.8,0.00001556,1032999896
1784051485936,buy,64624.5,0.00029999,1032999895
1784051485936,buy,64624.5,0.01165232,1032999894
1784051485936,buy,64624.5,0.00002526,1032999893
1784051485936,buy,64622.7,0.00004118,1032999892
1784051485936,buy,64622.7,0.00001292,1032999891
1784051485936,buy,64622.7,0.00159365,1032999890
1784051485199,buy,64622.6,0.00009275,1032999889
1784051485199,buy,64622.5,0.00004111,1032999888
1784051485199,buy,64622.5,0.00001093,1032999887
1784051485199,buy,64622.3,0.00001555,1032999886
1784051485199,buy,64621.8,0.00002914,1032999885
1784051485199,buy,64621.8,0.00003582,1032999884
1784051485199,buy,64621.6,0.00056162,1032999883
1784051485199,buy,64621.2,0.00015518,1032999882
1784051485199,buy,64620.9,0.0015,1032999881
1784051485199,buy,64620.9,0.00001005,1032999880
1784051485199,buy,64620.8,0.00010404,1032999879
1784051485199,buy,64620.7,0.00001083,1032999878
1784051485186,buy,64618.2,0.01829978,1032999877
1784051484113,buy,64618.2,0.00063617,1032999876
1784051483376,sell,64618.1,0.08603698,1032999875
1784051483376,sell,64618.1,0.02718749,1032999874
1784051483352,sell,64618.1,0.00081,1032999873
1784051482814,buy,64618.2,0.00005982,1032999872
1784051482117,buy,64618.2,0.00010832,1032999871
1784051480850,sell,64618.1,0.00056,1032999870
1784051480529,buy,64618.2,0.00023213,1032999869
1784051478943,buy,64618.2,0.00003095,1032999868
1784051478623,sell,64618.1,0.01066277,1032999867
1784051477464,buy,64618.2,0.00061429,1032999866
1784051477273,buy,64618.2,0.00037,1032999865
1784051473825,sell,64618.1,0.00031,1032999864
1784051472730,sell,64618.1,0.00014076,1032999863
1784051472398,sell,64620.7,0.00037208,1032999862
1784051472398,sell,64620.7,0.03967102,1032999861
1784051471700,sell,64620.7,0.313725,1032999860
1784051469818,buy,64620.7,0.00001217,1032999859
1784051469818,buy,64620.2,0.00001343,1032999858
1784051469818,buy,64620.2,0.00001148,1032999857
1784051469818,buy,64620,0.01231264,1032999856
1784051469818,buy,64620,0.00001008,1032999855
1784051469818,buy,64620,0.000097,1032999854
1784055258787,sell,64581.6,0.00090599,1033009031
1784055258517,buy,64581.7,0.00715,1033009030
1784055256833,buy,64581.7,0.01307,1033009029
1784055255365,buy,64581.7,0.00040124,1033009028
1784055255310,buy,64581.7,0.01315,1033009027
1784055254385,buy,64581.7,0.04371656,1033009026
1784055253555,buy,64581.7,0.02522,1033009025
1784055252003,buy,64581.7,0.02125,1033009024
1784055251930,sell,64581.6,0.00295855,1033009023
1784055246406,buy,64581.7,0.02104,1033009022
1784055246093,buy,64581.7,0.00002996,1033009021
1784055245803,buy,64581.7,0.04752232,1033009020
1784055243231,sell,64581.6,0.00683198,1033009019
1784055243231,sell,64582.3,0.0002499,1033009018
1784055243231,sell,64582.3,0.03286585,1033009017
1784055241842,buy,64582.4,0.00004259,1033009016
1784055241719,buy,64582.4,0.0284,1033009015
1784055240976,buy,64582.4,0.00015,1033009014
1784055240638,sell,64582.3,0.00181436,1033009013
1784055240075,buy,64582.4,0.02025,1033009012
1784055240046,buy,64582.4,0.00008,1033009011
1784055239838,buy,64582.4,0.00015,1033009010
1784055239510,sell,64585.5,0.02991198,1033009009
1784055239510,sell,64585.6,0.0013096,1033009008
1784055239510,sell,64585.6,0.03268353,1033009007
1784055238708,buy,64585.7,0.00015,1033009006
1784055238687,buy,64585.7,0.0212,1033009005
1784055238437,sell,64585.6,0.00008,1033009004
1784055238136,buy,64585.7,0.00015,1033009003
1784055237827,sell,64585.6,0.00008,1033009002
1784055237562,buy,64585.7,0.00015,1033009001
1784055236993,buy,64585.7,0.00247173,1033009000
1784055236993,buy,64585.7,0.00467827,1033008999
1784055236896,sell,64585.9,0.00039828,1033008998
1784055236896,sell,64585.9,0.00895845,1033008997
1784055236832,sell,64585.9,0.02095353,1033008996
1784055236832,sell,64585.9,0.00481,1033008995
1784055236483,buy,64586,0.00015,1033008994
1784055235706,buy,64586,0.00913,1033008993
1784055235436,buy,64586,0.00015,1033008992
1784055234826,buy,64586,0.00015,1033008991
1784055234215,buy,64586,0.008402,1033008990
1784055234215,buy,64586,0.001548,1033008989
1784055234215,buy,64586,0.0032,1033008988
1784055233595,buy,64586,0.00015,1033008987
1784055233095,buy,64586,0.01315,1033008986
1784055233061,buy,64586,0.0273,1033008985
1784055233034,buy,64586,0.02725,1033008984
1784055233026,buy,64586,0.02835,1033008983
1784055233021,buy,64586,0.02025,1033008982
1784055232920,buy,64586,0.00715,1033008981
1784055232886,buy,64586,0.00502467,1033008980
1784055232886,buy,64586,0.00212533,1033008979
1784055232883,buy,64586,0.0296,1033008978
1784055232869,buy,64586,0.01289406,1033008977
1784055232869,buy,64586,0.00135594,1033008976
1784055232378,buy,64586,0.00015,1033008975
1784055232024,sell,64585.9,0.041694,1033008974
1784055230413,buy,64586,0.00014863,1033008973
1784055226272,sell,64585.9,0.00175597,1033008972
1784055223301,buy,64586,0.03861521,1033008971
1784055222876,buy,64586,0.00181618,1033008970
1784055222845,sell,64585.9,0.00017063,1033008969
1784055221142,sell,64585.9,0.00031195,1033008968
1784055220549,buy,64586,0.01141583,1033008967
1784055220444,sell,64585.9,0.00002166,1033008966
1784055219072,buy,64586,0.01315,1033008965
1784055218156,sell,64585.9,0.00001238,1033008964
1784055217625,buy,64586,0.00715,1033008963
1784055217520,sell,64585.9,0.04286057,1033008962
1784055217520,sell,64585.9,0.11918198,1033008961
1784055217520,sell,64585.9,0.00006346,1033008960
1784055217520,sell,64585.9,0.02288229,1033008959
1784055216404,buy,64586,0.00715,1033008958
1784055214812,buy,64586,0.00715,1033008957
1784055213964,sell,64585.9,0.00111771,1033008956
1784055213964,sell,64585.9,0.136897,1033008955
1784055213964,sell,64585.9,0.26198529,1033008954
1784055213232,buy,64586,0.01321999,1033008953
1784055212399,buy,64586,0.00110202,1033008952
1784055212399,buy,64586,0.00045503,1033008951
1784055211845,buy,64586,0.00955,1033008950
1784055210329,buy,64586,0.01315,1033008949
1784055209398,buy,64586,0.00282835,1033008948
1784055209303,sell,64585.9,0.0007842,1033008947
1784055208728,buy,64586,0.01315,1033008946
1784055207319,buy,64586,0.0131,1033008945
1784055205999,buy,64586,0.0131,1033008944
1784055204546,buy,64586,0.0131,1033008943
1784055204335,sell,64585.9,0.00002166,1033008942
1784055202403,buy,64586,0.00078499,1033008941
1784055201536,buy,64586,0.01315,1033008940
1784055201104,sell,64585.9,0.00720885,1033008939
1784055201104,sell,64585.9,0.0024087,1033008938
1784055200840,buy,64584.5,0.00001556,1033008937
1784055200840,buy,64581.3,0.00001045,1033008936
1784055200840,buy,64581.3,0.00002744,1033008935
1784055200840,buy,64581.3,0.00001,1033008934
1784055200840,buy,64580.9,0.00414771,1033008933
1784055200840,buy,64580.9,0.00058514,1033008932
1784055314676,sell,64570.9,0.05524949,1033009115
1784055314676,sell,64570.9,0.00180325,1033009114
1784055313536,buy,64571,0.0000573,1033009113
1784055312705,buy,64571,0.00015613,1033009112
1784055312618,sell,64570.9,0.00158438,1033009111
1784055310989,buy,64571,0.00425398,1033009110
1784055309179,buy,64569.4,0.00001555,1033009109
1784055309179,buy,64566,0.00268282,1033009108
1784055309164,buy,64566,0.01099538,1033009107
1784055308333,buy,64566,0.00007,1033009106
1784055307549,buy,64566,0.00158597,1033009105
1784055305863,buy,64566,0.05274498,1033009104
1784055305768,buy,64566,0.06463995,1033009103
1784055305768,buy,64566,0.02228866,1033009102
1784055305729,buy,64566,0.02233922,1033009101
1784055305729,buy,64566,0.01482751,1033009100
1784055305729,buy,64566,0.00717249,1033009099
1784055304486,sell,64565.9,0.00202556,1033009098
1784055300452,buy,64566,0.00015486,1033009097
1784055298512,buy,64566,0.02756,1033009096
1784055297275,sell,64565.9,0.00590957,1033009095
1784055297275,sell,64565.9,0.0013,1033009094
1784055297043,buy,64566,0.01015015,1033009093
1784055295694,buy,64566,0.00556752,1033009092
1784055291871,sell,64565.9,0.01130617,1033009091
1784055291871,sell,64566.5,0.02869383,1033009090
1784055291871,sell,64566.5,0.05728617,1033009089
1784055291871,sell,64567,0.00001556,1033009088
1784055291871,sell,64567.4,0.00001501,1033009087
1784055291871,sell,64569.5,0.00001556,1033009086
1784055291871,sell,64571.7,0.0226677,1033009085
1784055291871,sell,64571.7,0.04,1033009084
1784055291871,sell,64571.7,0.04573893,1033009083
1784055291871,sell,64572,0.00586398,1033009082
1784055291871,sell,64572,0.00006007,1033009081
1784055291871,sell,64572,0.00001556,1033009080
1784055291871,sell,64575.1,0.02832146,1033009079
1784055291864,sell,64577.2,0.0257236,1033009078
1784055291864,sell,64577.4,0.00015229,1033009077
1784055291864,sell,64577.4,0.03625837,1033009076
1784055291864,sell,64577.4,0.00058514,1033009075
1784055291864,sell,64577.4,0.08889876,1033009074
1784055291862,sell,64577.4,0.08,1033009073
1784055290831,buy,64577.5,0.02796,1033009072
1784055290168,sell,64577.4,0.05679024,1033009071
1784055289461,buy,64577.5,0.00015949,1033009070
1784055289243,buy,64577.5,0.00337338,1033009069
1784055287445,buy,64577.5,0.03760825,1033009068
1784055286386,sell,64577.4,0.00277149,1033009067
1784055286262,buy,64577.5,0.08975132,1033009066
1784055286126,buy,64577.5,0.04324897,1033009065
1784055285950,buy,64577.5,0.01315,1033009064
1784055284752,buy,64577.5,0.0131,1033009063
1784055283100,buy,64577.5,0.01315,1033009062
1784055281511,buy,64577.5,0.01336364,1033009061
1784055281511,buy,64577.5,0.00688636,1033009060
1784055280103,buy,64577.5,0.00829,1033009059
1784055279780,sell,64577.4,0.00010827,1033009058
1784055278661,sell,64581.4,0.00300264,1033009057
1784055278660,sell,64581.4,0.0048364,1033009056
1784055278658,sell,64581.4,0.03207057,1033009055
1784055278658,sell,64581.4,0.0000213,1033009054
1784055278649,sell,64581.5,0.03001311,1033009053
1784055278637,sell,64581.6,0.00045503,1033009052
1784055278637,sell,64581.6,0.01956736,1033009051
1784055277807,sell,64581.6,0.01266846,1033009050
1784055275802,buy,64581.7,0.00010838,1033009049
1784055273784,buy,64581.7,0.02735,1033009048
1784055273538,sell,64581.6,0.00008551,1033009047
1784055272133,buy,64581.7,0.01905,1033009046
1784055271477,buy,64581.7,0.00003966,1033009045
1784055270562,buy,64581.7,0.00595,1033009044
1784055269445,buy,64581.7,0.00298831,1033009043
1784055268919,buy,64581.7,0.01425,1033009042
1784055268002,sell,64581.6,0.00030502,1033009041
1784055267519,buy,64581.7,0.0071,1033009040
1784055266612,sell,64581.6,0.00017602,1033009039
1784055266611,sell,64581.6,0.00001609,1033009038
1784055266152,buy,64581.7,0.00829,1033009037
1784055263251,buy,64581.7,0.0131,1033009036
1784055261685,sell,64581.6,0.00281893,1033009035
1784055261685,buy,64581.7,0.00715,1033009034
1784055260443,buy,64581.7,0.03459971,1033009033
1784055260043,buy,64581.7,0.00715,1033009032
1784055369393,buy,64570.8,0.00193585,1033009188
1784055368965,buy,64570.8,0.0131,1033009187
1784055368200,buy,64570.8,0.000216,1033009186
1784055368199,buy,64570.8,0.0001358,1033009185
1784055368199,buy,64569.4,0.00001555,1033009184
1784055368199,buy,64566.9,0.00001555,1033009183
1784055368197,buy,64564.6,0.00013579,1033009182
1784055368197,buy,64564.5,0.02620957,1033009181
1784055368197,buy,64564.5,0.01316979,1033009180
1784055368101,buy,64561.6,0.26376402,1033009179
1784055368101,buy,64561.6,0.01423193,1033009178
1784055363208,sell,64561.5,0.01179356,1033009177
1784055363184,sell,64561.5,0.00977584,1033009176
1784055363177,sell,64561.5,0.02217782,1033009175
1784055363149,sell,64561.5,0.00162825,1033009174
1784055363147,sell,64562,0.00901007,1033009173
1784055363134,sell,64562,0.02103734,1033009172
1784055363134,sell,64562,0.00001556,1033009171
1784055363134,sell,64563.6,0.01707853,1033009170
1784055363132,sell,64563.6,0.00295423,1033009169
1784055363131,sell,64563.6,0.00035884,1033009168
1784055363130,sell,64563.6,0.00372671,1033009167
1784055363129,sell,64563.6,0.01060068,1033009166
1784055363129,sell,64563.6,0.00007102,1033009165
1784055363129,sell,64563.6,0.0000259,1033009164
1784055363123,sell,64564.5,0.00138565,1033009163
1784055363123,sell,64564.5,0.0346432,1033009162
1784055362073,sell,64564.5,0.00007579,1033009161
1784055360129,buy,64564.6,0.0071,1033009160
1784055356804,sell,64564.5,0.00160512,1033009159
1784055353853,buy,64564.6,0.00407,1033009158
1784055351924,buy,64564.6,0.04761608,1033009157
1784055349343,buy,64564.6,0.01180699,1033009156
1784055349343,buy,64564.6,0.0013,1033009155
1784055348193,sell,64564.5,0.00254396,1033009154
1784055347633,sell,64564.5,0.00206353,1033009153
1784055343985,buy,64564.6,0.00005925,1033009152
1784055343737,sell,64570,0.01244668,1033009151
1784055343736,sell,64570,0.00324905,1033009150
1784055343735,sell,64570,0.01609395,1033009149
1784055343735,sell,64570,0.00007442,1033009148
1784055343735,sell,64570,0.00002752,1033009147
1784055343728,sell,64570.2,0.02567012,1033009146
1784055343720,sell,64570.9,0.00054884,1033009145
1784055343720,sell,64570.9,0.00053806,1033009144
1784055343720,sell,64570.9,0.0380789,1033009143
1784055343719,sell,64570.9,0.00001501,1033009142
1784055343719,sell,64570.9,0.00001501,1033009141
1784055343719,sell,64570.9,0.00001501,1033009140
1784055343718,sell,64570.9,0.00001501,1033009139
1784055343718,sell,64570.9,0.00001501,1033009138
1784055343717,sell,64570.9,0.00001501,1033009137
1784055343519,buy,64571,0.00296578,1033009136
1784055342883,buy,64571,0.00030527,1033009135
1784055340233,buy,64571,0.00001,1033009134
1784055338959,sell,64570.9,0.01616718,1033009133
1784055338959,sell,64570.9,0.03221142,1033009132
1784055338437,sell,64570.9,0.00026624,1033009131
1784055338170,buy,64571,0.00001497,1033009130
1784055337302,buy,64571,0.0272,1033009129
1784055334267,sell,64570.9,0.0115965,1033009128
1784055331573,sell,64570.9,0.00001548,1033009127
1784055329359,buy,64571,0.00949212,1033009126
1784055324938,buy,64571,0.0071,1033009125
1784055323530,buy,64571,0.01186853,1033009124
1784055323430,buy,64571,0.0071,1033009123
1784055322098,buy,64571,0.0071,1033009122
1784055320595,buy,64571,0.0058,1033009121
1784055320595,buy,64571,0.0013,1033009120
1784055320153,sell,64570.9,0.00052205,1033009119
1784055319155,buy,64571,0.01074616,1033009118
1784055318005,sell,64570.9,0.00030511,1033009117
1784055315269,sell,64570.9,0.01548371,1033009116
1784055423156,buy,64588.5,0.00202203,1033009238
1784055423091,sell,64588.4,0.04724836,1033009237
1784055421525,buy,64587,0.00001556,1033009236
1784055421522,buy,64584.2,0.00269635,1033009235
1784055421087,buy,64584.2,0.00420712,1033009234
1784055420935,sell,64584.1,0.00031187,1033009233
1784055415672,buy,64584.2,0.0131,1033009232
1784055414055,buy,64584.1,0.00001797,1033009231
1784055413934,buy,64584.1,0.0201,1033009230
1784055413180,buy,64581.9,0.014,1033009229
1784055412547,sell,64578.7,0.03671837,1033009228
1784055412547,sell,64578.7,0.11827974,1033009227
1784055412547,sell,64578.7,0.00000001,1033009226
1784055412016,buy,64577.5,0.0010654,1033009225
1784055412016,buy,64577,0.00001555,1033009224
1784055412010,buy,64575.7,0.03547559,1033009223
1784055412007,buy,64575.6,0.00270165,1033009222
1784055406190,buy,64574.5,0.00001555,1033009221
1784055406190,buy,64571.9,0.00001555,1033009220
1784055406188,buy,64571,0.00023223,1033009219
1784055406188,buy,64570.8,0.00361957,1033009218
1784055403996,sell,64570.7,0.01550705,1033009217
1784055403588,buy,64570.8,0.00916562,1033009216
1784055402145,buy,64570.8,0.0000254,1033009215
1784055402047,sell,64570.7,0.00007066,1033009214
1784055401438,buy,64570.8,0.00145019,1033009213
1784055401155,buy,64570.8,0.0000854,1033009212
1784055400453,sell,64570.7,0.00822046,1033009211
1784055397915,sell,64570.7,0.0321115,1033009210
1784055397394,sell,64570.7,0.00232626,1033009209
1784055392622,sell,64570.7,0.00153687,1033009208
1784055387091,buy,64570.8,0.00639058,1033009207
1784055386884,buy,64570.8,0.00019823,1033009206
1784055384364,buy,64570.8,0.00049131,1033009205
1784055380671,sell,64570.7,0.00689803,1033009204
1784055380632,buy,64570.8,0.00006,1033009203
1784055380396,sell,64570.7,0.02402843,1033009202
1784055379267,sell,64570.7,0.00271394,1033009201
1784055379051,sell,64570.7,0.00762728,1033009200
1784055376407,sell,64570.7,0.00238,1033009199
1784055376128,sell,64570.7,0.03564517,1033009198
1784055375794,buy,64570.8,0.00013938,1033009197
1784055373990,buy,64570.8,0.01309854,1033009196
1784055373011,buy,64570.8,0.00002013,1033009195
1784055372363,buy,64570.8,0.0071,1033009194
1784055372130,buy,64570.8,0.00004491,1033009193
1784055371273,sell,64570.7,0.00010849,1033009192
1784055371069,sell,64570.7,0.00236835,1033009191
1784055370891,buy,64570.8,0.0131,1033009190
1784055370807,buy,64570.8,0.05167246,1033009189
1784055480200,buy,64561.6,0.00064279,1033009330
1784055479832,sell,64561.5,0.00178562,1033009329
1784055479832,sell,64561.5,0.00039934,1033009328
1784055478160,buy,64561.6,0.00031494,1033009327
1784055477542,sell,64561.5,0.00168999,1033009326
1784055477540,sell,64562,0.00001555,1033009325
1784055477540,sell,64562.3,0.0044,1033009324
1784055477540,sell,64564.5,0.00001555,1033009323
1784055477540,sell,64568.9,0.01172311,1033009322
1784055477538,sell,64568.9,0.00151429,1033009321
1784055477526,sell,64568.9,0.00043928,1033009320
1784055477514,sell,64568.9,0.00610218,1033009319
1784055477513,sell,64568.9,0.03019261,1033009318
1784055477513,sell,64568.9,0.00002933,1033009317
1784055477513,sell,64569,0.04997147,1033009316
1784055477484,buy,64569.1,0.03232834,1033009315
1784055477480,sell,64570,0.000315,1033009314
1784055477480,sell,64570,0.04997147,1033009313
1784055473756,buy,64570.1,0.00225833,1033009312
1784055472904,buy,64570.1,0.00005026,1033009311
1784055472904,buy,64570.1,0.00005026,1033009310
1784055472904,buy,64570.1,0.00005026,1033009309
1784055472820,buy,64570.1,0.00155419,1033009308
1784055472820,buy,64570.1,0.00001,1033009307
1784055472158,sell,64573.4,0.00908696,1033009306
1784055472149,sell,64573.4,0.000216,1033009305
1784055472149,sell,64573.4,0.00003057,1033009304
1784055472149,sell,64574.6,0.00001555,1033009303
1784055472147,sell,64577.2,0.072789,1033009302
1784055472116,sell,64577.4,0.01220058,1033009301
1784055472116,sell,64577.4,0.00754829,1033009300
1784055472116,sell,64577.4,0.00005713,1033009299
1784055472104,sell,64579.6,0.00001555,1033009298
1784055472101,sell,64581.6,0.03184451,1033009297
1784055472101,sell,64581.6,0.00003032,1033009296
1784055472101,sell,64582.3,0.03243896,1033009295
1784055471966,buy,64582.4,0.02234408,1033009294
1784055471966,buy,64582.4,0.00716907,1033009293
1784055471962,sell,64582.7,0.00311465,1033009292
1784055471962,sell,64582.7,0.01122428,1033009291
1784055471914,sell,64582.7,0.01618782,1033009290
1784055471692,buy,64582.8,0.00156388,1033009289
1784055470882,buy,64582.8,0.00156388,1033009288
1784055470422,sell,64582.7,0.00502686,1033009287
1784055470422,sell,64582.7,0.00003267,1033009286
1784055465583,buy,64582.8,0.01545702,1033009285
1784055465583,buy,64582.8,0.00000994,1033009284
1784055463666,sell,64584,0.00000007,1033009283
1784055463664,sell,64584,0.03243889,1033009282
1784055463664,sell,64584,0.00306311,1033009281
1784055460267,buy,64582,0.00001555,1033009280
1784055451851,sell,64577.1,0.00003056,1033009279
1784055451850,sell,64577.1,0.000216,1033009278
1784055451850,sell,64577.1,0.06883082,1033009277
1784055451849,sell,64575.7,0.00001556,1033009276
1784055451849,sell,64575.7,0.00020045,1033009275
1784055451849,sell,64577.1,0.00001555,1033009274
1784055451847,sell,64580.2,0.000015,1033009273
1784055451826,sell,64582.1,0.00001555,1033009272
1784055451823,sell,64584.1,0.08,1033009271
1784055451823,sell,64584.2,0.0107,1033009270
1784055451822,sell,64584.5,0.0106,1033009269
1784055451822,sell,64584.6,0.00001555,1033009268
1784055451822,sell,64585.4,0.08075991,1033009267
1784055451822,sell,64585.4,0.03249333,1033009266
1784055451822,sell,64585.4,0.0000683,1033009265
1784055451822,sell,64586.4,0.10838196,1033009264
1784055451822,sell,64587.7,0.00004233,1033009263
1784055451821,sell,64588.4,0.00188589,1033009262
1784055451821,sell,64588.4,0.04056605,1033009261
1784055451821,sell,64588.5,0.03114434,1033009260
1784055451821,sell,64589,0.03114434,1033009259
1784055451821,sell,64589,0.10356874,1033009258
1784055451821,sell,64589,0.2036,1033009257
1784055443288,sell,64589,0.00201227,1033009256
1784055443271,buy,64589.1,0.0182719,1033009255
1784055440594,buy,64589.1,0.00046447,1033009254
1784055440582,buy,64589.1,0.00075709,1033009253
1784055438410,sell,64589,0.00352044,1033009252
1784055437212,sell,64589,0.00017,1033009251
1784055437155,sell,64589,0.00926163,1033009250
1784055434510,buy,64588.5,0.02401039,1033009249
1784055433095,buy,64588.5,0.51761209,1033009248
1784055433095,buy,64588.5,0.00269153,1033009247
1784055433095,buy,64588.5,0.00039934,1033009246
1784055433095,buy,64588.5,0.04643515,1033009245
1784055432565,sell,64588.4,0.00007,1033009244
1784055431633,buy,64588.5,0.00201429,1033009243
1784055430796,sell,64588.4,0.00062986,1033009242
1784055429863,sell,64588.4,0.00067883,1033009241
1784055429036,sell,64588.4,0.00015255,1033009240
1784055427519,sell,64588.4,0.00007656,1033009239
