timestamp_ms,side,price,size,trade_id
1785460255835,buy,65373.2,0.04953262,1037908633
1785460255835,buy,65371.8,0.00001501,1037908632
1785460255835,buy,65370,0.00006,1037908631
1785460255835,buy,65365.3,0.00001501,1037908630
1785460255835,buy,65364.6,0.07524563,1037908629
1785460255833,buy,65364.6,0.0013,1037908628
1785460255830,buy,65360,0.00006,1037908627
1785460255827,buy,65357.7,0.00571115,1037908626
1785460255827,buy,65355.5,0.00071222,1037908625
1785460255827,buy,65355.5,0.0074799,1037908624
1785460255827,buy,65355.5,0.10185647,1037908623
1785460255827,buy,65355.5,0.0947,1037908622
1785460255827,buy,65355.5,0.0597,1037908621
1785460255827,buy,65355.5,0.28169906,1037908620
1785460255827,buy,65355.5,0.46204447,1037908619
1785460255755,buy,65353.3,0.00773808,1037908618
1785460255725,sell,65353.2,0.02152,1037908617
1785460255657,buy,65353.3,0.00042902,1037908616
1785460255615,buy,65350.2,0.00800526,1037908615
1785460255615,buy,65350.2,0.82933278,1037908614
1785460255514,buy,65350.2,0.17066722,1037908613
1785460255512,buy,65349,0.07614626,1037908612
1785460255512,buy,65348.9,0.00592381,1037908611
1785460255512,buy,65348.1,0.00828154,1037908610
1785460255510,sell,65348,0.0001,1037908609
1785460255472,buy,65348.1,0.0015,1037908608
1785460255459,buy,65347,0.00856722,1037908607
1785460255356,buy,65347,0.1248,1037908606
1785460255356,buy,65347,0.0727,1037908605
1785460255356,buy,65347,0.0012,1037908604
1785460255356,buy,65347,0.0013,1037908603
1785460255302,sell,65352.2,0.00963265,1037908602
1785460255302,sell,65352.2,0.00696735,1037908601
1785460255236,sell,65352.2,0.0005,1037908600
1785460255085,buy,65350.3,0.0015,1037908599
1785460255081,buy,65348,0.12782852,1037908598
1785460255081,buy,65348,0.154934,1037908597
1785460255081,buy,65348,0.075441,1037908596
1785460255081,buy,65348,0.18385,1037908595
1785460255081,buy,65348,0.042381,1037908594
1785460255081,buy,65348,0.0727,1037908593
1785460255073,sell,65348.9,0.00071222,1037908592
1785460255071,sell,65349.9,0.0008,1037908591
1785460255071,sell,65350.1,0.00093287,1037908590
1785460255071,sell,65350.2,0.00720784,1037908589
1785460255071,sell,65350.2,0.05767,1037908588
1785460255040,buy,65350.3,0.02727456,1037908587
1785460255040,buy,65350.3,0.00332973,1037908586
1785460255034,sell,65351.2,0.0012,1037908585
1785460255034,sell,65351.2,0.00745627,1037908584
1785460255023,sell,65355.5,0.0512,1037908583
1785460255020,sell,65355.5,0.00938554,1037908582
1785460255020,sell,65355.5,0.0022938,1037908581
1785460255020,sell,65355.5,0.0002938,1037908580
1785460255020,sell,65355.5,0.00001286,1037908579
1785460255020,sell,65355.5,0.0077,1037908578
1785460255004,sell,65355.5,0.0013,1037908577
1785460254962,buy,65351.2,0.00015394,1037908576
1785460254960,buy,65350.2,0.02295314,1037908575
1785460254958,buy,65350.1,0.00785037,1037908574
1785460254958,buy,65350.1,0.00584746,1037908573
1785460254877,sell,65350,0.00023214,1037908572
1785460254854,buy,65350.1,0.00154399,1037908571
1785460254817,sell,65350.1,0.00770879,1037908570
1785460254693,buy,65350.2,0.06120868,1037908569
1785460254677,sell,65349.8,0.000101,1037908568
1785460254677,sell,65350,0.00006,1037908567
1785460254670,sell,65353.9,0.05,1037908566
1785460254670,sell,65354,0.06551737,1037908565
1785460254670,sell,65355.4,0.00978013,1037908564
1785460254670,sell,65355.5,0.00789448,1037908563
1785460254628,sell,65355.5,0.00007948,1037908562
1785460254628,sell,65355.5,0.01011736,1037908561
1785460254591,sell,65359.4,0.00001,1037908560
1785460254591,sell,65359.5,0.00046015,1037908559
1785460254591,sell,65360,0.00006,1037908558
1785460254589,sell,65365.8,0.01046499,1037908557
1785460254589,sell,65365.8,0.00772543,1037908556
1785460254589,sell,65365.8,0.00052225,1037908555
1785460254589,buy,65365.9,0.03710335,1037908554
1785460254571,sell,65365.8,0.00799186,1037908553
1785460254571,sell,65365.8,0.010826,1037908552
1785460254571,sell,65365.8,0.18918214,1037908551
1785460254564,sell,65365.8,0.00015473,1037908550
1785460254563,sell,65365.8,0.00183731,1037908549
1785460254563,sell,65367.2,0.00001535,1037908548
1785460254563,sell,65367.7,0.00249916,1037908547
1785460254561,sell,65369.4,0.00001535,1037908546
1785460254561,sell,65370,0.00006,1037908545
1785460254561,sell,65371.7,0.008048,1037908544
1785460254558,sell,65371.7,0.0578,1037908543
1785460254558,sell,65371.7,0.5035,1037908542
1785460254557,sell,65373.2,0.01,1037908541
1785460254557,sell,65373.3,0.01,1037908540
1785460254557,sell,65373.4,0.00681007,1037908539
1785460254557,sell,65379.5,0.01119786,1037908538
1785460254556,sell,65373.4,0.00318993,1037908537
1785460254556,sell,65376.4,0.0035347,1037908536
1785460254556,sell,65377.5,0.06557537,1037908535
1785460254555,sell,65377.5,0.01095516,1037908534
1785460311180,buy,65295.2,0.00142583,1037909623
1785460310616,sell,65295.1,0.00008283,1037909622
1785460309536,sell,65295.1,0.00746034,1037909621
1785460309415,sell,65295.1,0.00519099,1037909620
1785460309415,sell,65295.1,0.00479838,1037909619
1785460308287,sell,65295.1,0.00211218,1037909618
1785460308282,sell,65295.1,0.07142243,1037909617
1785460308282,sell,65295.1,0.00072,1037909616
1785460308282,sell,65295.1,0.00072,1037909615
1785460308282,sell,65295.1,0.00459418,1037909614
1785460306415,sell,65295.1,0.01610678,1037909613
1785460306052,buy,65295.2,0.00507906,1037909612
1785460306052,buy,65295.2,0.00628613,1037909611
1785460306052,buy,65295.2,0.00250148,1037909610
1785460305815,buy,65295.2,0.00621942,1037909609
1785460305320,sell,65295.1,0.00134978,1037909608
1785460304820,buy,65295.2,0.002,1037909607
1785460304648,buy,65295.2,0.00191954,1037909606
1785460303898,buy,65295.2,0.03115004,1037909605
1785460303898,buy,65295.1,0.02400996,1037909604
1785460303898,buy,65294.9,0.00072,1037909603
1785460303896,buy,65293,0.06947892,1037909602
1785460303896,buy,65293,0.06797782,1037909601
1785460303896,buy,65292.9,0.04103084,1037909600
1785460303896,buy,65292,0.05546204,1037909599
1785460303896,buy,65292,0.09453796,1037909598
1785460303896,buy,65292,0.08826431,1037909597
1785460303896,buy,65292,0.03329,1037909596
1785460303896,buy,65292,0.02844569,1037909595
1785460303896,buy,65292,0.00438941,1037909594
1785460303896,buy,65292,0.0038249,1037909593
1785460303896,buy,65292,0.00582614,1037909592
1785460303896,buy,65292,0.00191386,1037909591
1785460303415,sell,65291.9,0.00980156,1037909590
1785460302221,buy,65292,0.0002,1037909589
1785460302021,sell,65291.9,0.00731005,1037909588
1785460300978,sell,65291.9,0.04999999,1037909587
1785460300978,sell,65291.9,0.00000001,1037909586
1785460300229,buy,65292,0.0017089,1037909585
1785460300128,buy,65292,0.0022,1037909584
1785460299561,buy,65292,0.00063186,1037909583
1785460299561,buy,65292,0.00143991,1037909582
1785460299493,buy,65292,0.00805494,1037909581
1785460299396,buy,65292,0.00192886,1037909580
1785460299137,buy,65292,0.02720558,1037909579
1785460299040,buy,65291.9,0.0012,1037909578
1785460299040,buy,65291.9,0.0013,1037909577
1785460299040,buy,65291.9,0.00072,1037909576
1785460299034,buy,65291,0.00072,1037909575
1785460299034,buy,65291,0.00072,1037909574
1785460299034,buy,65291,0.00688419,1037909573
1785460299034,buy,65291,0.00018938,1037909572
1785460299034,buy,65291,0.01181773,1037909571
1785460299034,buy,65291,0.25705,1037909570
1785460299034,buy,65291,0.2662,1037909569
1785460299034,buy,65291,0.03,1037909568
1785460299034,buy,65291,0.091519,1037909567
1785460299034,buy,65291,0.19789687,1037909566
1785460299034,buy,65291,0.19949502,1037909565
1785460298853,buy,65291,0.00004593,1037909564
1785460298853,buy,65291,0.00000001,1037909563
1785460298664,sell,65291.2,0.00069999,1037909562
1785460298664,sell,65291.9,0.00072,1037909561
1785460298664,sell,65291.9,0.00022408,1037909560
1785460298661,sell,65293.4,0.00009412,1037909559
1785460298660,sell,65293.4,0.00175694,1037909558
1785460298657,sell,65293.4,0.00045212,1037909557
1785460298656,sell,65293.4,0.00056759,1037909556
1785460298656,sell,65293.4,0.00003087,1037909555
1785460298654,sell,65293.4,0.00071703,1037909554
1785460298652,sell,65293.4,0.00296976,1037909553
1785460298652,sell,65293.4,0.00060469,1037909552
1785460298645,sell,65293.4,0.07394396,1037909551
1785460298645,sell,65293.4,0.00380082,1037909550
1785460298615,sell,65293.4,0.00001501,1037909549
1785460298614,sell,65293.4,0.00001501,1037909548
1785460298614,sell,65293.4,0.00001501,1037909547
1785460296962,buy,65293.5,0.002717,1037909546
1785460295920,buy,65293.5,0.00217799,1037909545
1785460295920,buy,65293.5,0.00000001,1037909544
1785460295390,sell,65293.7,0.00001501,1037909543
1785460295390,sell,65294.9,0.00072,1037909542
1785460295390,sell,65297.9,0.00072,1037909541
1785460295390,sell,65300.9,0.00072,1037909540
1785460295389,sell,65301.9,0.00050501,1037909539
1785460295389,sell,65301.9,0.00050501,1037909538
1785460295389,sell,65301.9,0.00072,1037909537
1785460295389,sell,65301.9,0.00072,1037909536
1785460295389,sell,65301.9,0.00397744,1037909535
1785460294552,buy,65300.9,0.00072,1037909534
1785460294552,buy,65300,0.00326819,1037909533
1785460294550,buy,65300,0.00385227,1037909532
1785460294550,buy,65300,0.01172715,1037909531
1785460294354,buy,65297.9,0.00072,1037909530
1785460294351,buy,65295.1,0.0121321,1037909529
1785460294351,buy,65295.1,0.00736657,1037909528
1785460294338,buy,65295.1,0.04327997,1037909527
1785460294338,buy,65294.9,0.00072,1037909526
1785460294337,buy,65292,0.00762095,1037909525
1785460294337,buy,65292,0.01255079,1037909524
1785460366300,buy,65297.3,0.00000001,1037910388
1785460366300,buy,65297.3,0.00120715,1037910387
1785460366293,buy,65296.4,0.07662482,1037910386
1785460366293,buy,65295.3,0.02287251,1037910385
1785460366293,buy,65294.5,0.0011,1037910384
1785460366293,buy,65294.5,0.00050918,1037910383
1785460366293,buy,65294.5,0.080444,1037910382
1785460366293,buy,65294.5,0.00393547,1037910381
1785460366293,buy,65294.5,0.00793407,1037910380
1785460366242,buy,65294.5,0.21736018,1037910379
1785460366203,buy,65294.5,0.22202835,1037910378
1785460366203,buy,65294.5,0.00076362,1037910377
1785460366203,buy,65294.5,0.080444,1037910376
1785460366203,buy,65294.5,0.15890072,1037910375
1785460366203,buy,65294.5,0.00407123,1037910374
1785460366203,buy,65294.5,0.00820762,1037910373
1785460366203,buy,65294.5,0.0013,1037910372
1785460366203,buy,65294.5,0.0727,1037910371
1785460366043,buy,65294.5,0.00122081,1037910370
1785460366039,buy,65291.9,0.00000001,1037910369
1785460366039,buy,65291.7,0.0012,1037910368
1785460366034,buy,65301.9,0.08264292,1037910367
1785460366034,buy,65301.1,0.11421359,1037910366
1785460366034,buy,65301,0.22815737,1037910365
1785460366034,buy,65300.9,0.00072,1037910364
1785460366034,buy,65300.9,0.162,1037910363
1785460366034,buy,65300.8,0.12252753,1037910362
1785460366034,buy,65300,0.00006,1037910361
1785460366034,buy,65299.5,0.00046015,1037910360
1785460366034,buy,65299.1,0.00008611,1037910359
1785460366034,buy,65298.6,0.45896579,1037910358
1785460366034,buy,65298.5,0.00470101,1037910357
1785460366034,buy,65298,0.61224522,1037910356
1785460366034,buy,65297.9,0.00072,1037910355
1785460366034,buy,65297.8,0.33195304,1037910354
1785460366034,buy,65297.4,0.22833634,1037910353
1785460366034,buy,65297,0.007462,1037910352
1785460366034,buy,65296.3,0.1888835,1037910351
1785460366034,buy,65296.3,0.00001501,1037910350
1785460366034,buy,65296,0.00001538,1037910349
1785460366034,buy,65295.9,0.45896579,1037910348
1785460366034,buy,65295.7,0.05,1037910347
1785460366034,buy,65295.2,0.075,1037910346
1785460366034,buy,65295.2,0.075,1037910345
1785460366034,buy,65294.9,0.00072,1037910344
1785460366034,buy,65293.9,0.25553441,1037910343
1785460366034,buy,65293.8,0.61224522,1037910342
1785460366034,buy,65293.8,0.00001538,1037910341
1785460366034,buy,65292.5,0.45896579,1037910340
1785460366034,buy,65292.3,0.08276959,1037910339
1785460366034,buy,65292.1,0.019,1037910338
1785460366034,buy,65291.9,0.00072,1037910337
1785460366034,buy,65291.7,0.00001538,1037910336
1785460366034,buy,65291.4,0.07663068,1037910335
1785460366034,buy,65291,0.14084896,1037910334
1785460366034,buy,65291,0.32778717,1037910333
1785460366034,buy,65290.9,0.46,1037910332
1785460366034,buy,65290,0.00006,1037910331
1785460366034,buy,65289.8,0.00001501,1037910330
1785460366034,buy,65289.5,0.00001538,1037910329
1785460366034,buy,65289.1,0.0102916,1037910328
1785460366034,buy,65288.9,0.00071928,1037910327
1785460366034,buy,65285.9,0.00072,1037910326
1785460366034,buy,65284.3,0.28500853,1037910325
1785460366034,buy,65284.3,0.0727,1037910324
1785460366034,buy,65284.3,0.080444,1037910323
1785460366034,buy,65284.3,0.00421278,1037910322
1785460366034,buy,65284.3,0.00849187,1037910321
1785460366034,buy,65284.3,0.08573709,1037910320
1785460365377,buy,65284.3,0.00001531,1037910319
1785460365029,buy,65284.3,0.044,1037910318
1785460364954,buy,65284.3,0.03985729,1037910317
1785460364954,buy,65284.3,0.00435804,1037910316
1785460364954,buy,65284.3,0.00878467,1037910315
1785460364823,buy,65284.3,0.095,1037910314
1785460364269,buy,65284.3,0.11295416,1037910313
1785460364269,buy,65284.3,0.0045083,1037910312
1785460364269,buy,65284.3,0.00908757,1037910311
1785460363452,sell,65284.2,0.00015346,1037910310
1785460363133,buy,65284.3,0.0117,1037910309
1785460363133,buy,65284.3,0.08527247,1037910308
1785460363133,buy,65284.3,0.00466398,1037910307
1785460363133,buy,65284.3,0.00940077,1037910306
1785460363117,buy,65284.3,0.03112359,1037910305
1785460363117,buy,65284.3,0.0013,1037910304
1785460363117,buy,65284.3,0.04457631,1037910303
1785460363116,buy,65284.3,0.0769999,1037910302
1785460362748,buy,65284.3,0.08871764,1037910301
1785460362748,buy,65282.9,0.00072,1037910300
1785460362748,buy,65282.8,0.012,1037910299
1785460362748,buy,65281.5,0.2129397,1037910298
1785460362748,buy,65279.9,0.00072,1037910297
1785460362748,buy,65276.9,0.00072,1037910296
1785460362748,buy,65276.3,0.16963067,1037910295
1785460362748,buy,65274.5,0.00482575,1037910294
1785460362748,buy,65274.5,0.00972624,1037910293
1785460362652,buy,65274.5,0.13226381,1037910292
1785460362652,buy,65274.5,0.0100616,1037910291
1785460362652,buy,65274.5,0.022,1037910290
1785460362652,buy,65274.5,0.0765997,1037910289
1785460421269,sell,65211.2,0.00002759,1037911302
1785460421269,sell,65212.1,0.00001538,1037911301
1785460421269,sell,65212.4,0.00001066,1037911300
1785460421269,sell,65212.5,0.00009459,1037911299
1785460421269,sell,65212.5,0.00001041,1037911298
1785460421269,sell,65212.5,0.00001689,1037911297
1785460421269,sell,65213,0.00093275,1037911296
1785460421269,sell,65213,0.00004524,1037911295
1785460421269,sell,65213.1,0.000065,1037911294
1785460421269,sell,65213.1,0.00002561,1037911293
1785460421269,sell,65213.1,0.00007049,1037911292
1785460421269,sell,65213.1,0.00002925,1037911291
1785460421265,sell,65213.6,0.00053237,1037911290
1785460421265,sell,65213.6,0.00050302,1037911289
1785460421265,sell,65213.6,0.00243681,1037911288
1785460421262,sell,65213.6,0.00597963,1037911287
1785460421253,sell,65213.6,0.07721406,1037911286
1785460421116,sell,65213.6,0.00705113,1037911285
1785460421116,sell,65213.6,0.00001218,1037911284
1785460421116,sell,65213.6,0.00232807,1037911283
1785460419657,buy,65213.7,0.00230405,1037911282
1785460419056,sell,65213.9,0.00072,1037911281
1785460419056,sell,65214.1,0.00010962,1037911280
1785460419056,sell,65214.2,0.00003979,1037911279
1785460419056,sell,65214.2,0.00001538,1037911278
1785460419056,sell,65214.5,0.0000157,1037911277
1785460419056,sell,65214.7,0.00005624,1037911276
1785460419056,sell,65214.7,0.00008386,1037911275
1785460419054,sell,65215.8,0.00001278,1037911274
1785460419054,sell,65216,0.00007687,1037911273
1785460419054,sell,65216.1,0.00003305,1037911272
1785460419054,sell,65216.2,0.00093275,1037911271
1785460419054,sell,65216.9,0.00072,1037911270
1785460419054,sell,65217.3,0.00252037,1037911269
1785460419030,sell,65217.3,0.00299682,1037911268
1785460419029,sell,65217.3,0.02270604,1037911267
1785460418987,sell,65217.3,0.00000001,1037911266
1785460418987,sell,65217.3,0.0000298,1037911265
1785460418987,sell,65217.3,0.00001345,1037911264
1785460418987,sell,65217.3,0.00003295,1037911263
1785460418987,sell,65217.3,0.00001067,1037911262
1785460418983,sell,65217.8,0.00006096,1037911261
1785460418983,sell,65217.9,0.00005197,1037911260
1785460418983,sell,65217.9,0.00001016,1037911259
1785460418983,sell,65218.1,0.00001485,1037911258
1785460418983,sell,65218.1,0.00002327,1037911257
1785460418983,sell,65218.1,0.00002201,1037911256
1785460418983,sell,65218.1,0.00001002,1037911255
1785460418983,sell,65218.2,0.00001145,1037911254
1785460418983,sell,65218.3,0.00010575,1037911253
1785460418980,sell,65219.2,0.00001067,1037911252
1785460418980,sell,65219.4,0.00093275,1037911251
1785460418980,sell,65219.4,0.00001016,1037911250
1785460418980,sell,65219.4,0.00003082,1037911249
1785460418980,sell,65219.5,0.00023532,1037911248
1785460418980,sell,65219.5,0.00003181,1037911247
1785460418980,sell,65219.5,0.00046015,1037911246
1785460418980,sell,65219.6,0.00027199,1037911245
1785460418980,sell,65219.9,0.00072,1037911244
1785460418980,sell,65220,0.00006,1037911243
1785460418980,sell,65220.4,0.00087238,1037911242
1785460418980,sell,65220.8,0.00003209,1037911241
1785460418980,sell,65220.8,0.00001049,1037911240
1785460418975,sell,65221.2,0.00260682,1037911239
1785460418287,sell,65221.2,0.020077,1037911238
1785460418287,sell,65221.2,0.00269671,1037911237
1785460418245,sell,65221.2,0.01622368,1037911236
1785460418243,sell,65221.2,0.00001534,1037911235
1785460418243,sell,65221.2,0.00004258,1037911234
1785460418240,sell,65221.4,0.00026981,1037911233
1785460418240,sell,65222.2,0.0000143,1037911232
1785460418240,sell,65222.6,0.00093275,1037911231
1785460418240,sell,65222.7,0.00001066,1037911230
1785460418240,sell,65222.8,0.00001008,1037911229
1785460418240,sell,65222.8,0.00006482,1037911228
1785460418240,sell,65222.8,0.000322,1037911227
1785460418240,sell,65222.9,0.00072,1037911226
1785460418240,sell,65223,0.00025869,1037911225
1785460418238,sell,65223.4,0.00019415,1037911224
1785460418238,sell,65224,0.00001319,1037911223
1785460418238,sell,65224.4,0.00013041,1037911222
1785460418238,sell,65224.4,0.00001457,1037911221
1785460418238,sell,65224.4,0.00018171,1037911220
1785460418238,sell,65224.4,0.00099496,1037911219
1785460418238,sell,65225,0.00001538,1037911218
1785460418238,sell,65225.1,0.00001704,1037911217
1785460418238,sell,65225.6,0.00020867,1037911216
1785460418238,sell,65225.8,0.00093275,1037911215
1785460418238,sell,65225.8,0.00016642,1037911214
1785460418238,sell,65225.8,0.00050589,1037911213
1785460418238,sell,65225.8,0.00002289,1037911212
1785460418238,sell,65225.9,0.00072,1037911211
1785460418238,sell,65226,0.0000175,1037911210
1785460418238,sell,65226,0.0002532,1037911209
1785460418238,sell,65226.6,0.00001009,1037911208
1785460418238,sell,65227,0.00004072,1037911207
1785460418238,sell,65227.1,0.00001537,1037911206
1785460418238,sell,65227.5,0.0027888,1037911205
1785460417926,buy,65227.6,0.11792,1037911204
1785460417923,sell,65227.5,0.06507653,1037911203
1785460476404,sell,65217.9,0.00023484,1037911767
1785460474267,buy,65218,0.02415,1037911766
1785460474251,buy,65218,0.07219624,1037911765
1785460474251,buy,65218,0.00450012,1037911764
1785460472704,sell,65218.5,0.00001539,1037911763
1785460472704,sell,65219.9,0.00072,1037911762
1785460472704,sell,65220,0.00006,1037911761
1785460472704,sell,65221.2,0.00820749,1037911760
1785460471114,sell,65221.2,0.00929432,1037911759
1785460471019,sell,65222.4,0.00001501,1037911758
1785460471019,sell,65222.8,0.00001539,1037911757
1785460471019,sell,65222.9,0.00072,1037911756
1785460471019,sell,65225,0.00001539,1037911755
1785460471019,sell,65225.9,0.00072,1037911754
1785460471019,sell,65228.1,0.00003552,1037911753
1785460471019,sell,65228.9,0.00003539,1037911752
1785460471017,sell,65228.9,0.00068461,1037911751
1785460471017,sell,65229.3,0.00001539,1037911750
1785460471015,sell,65231.8,0.00072,1037911749
1785460471015,sell,65231.8,0.00072,1037911748
1785460471015,sell,65231.8,0.00072,1037911747
1785460471015,sell,65231.8,0.00848922,1037911746
1785460469922,sell,65231.8,0.00322402,1037911745
1785460469914,sell,65231.8,0.00383756,1037911744
1785460469904,sell,65231.8,0.00383381,1037911743
1785460469894,sell,65231.8,0.00362951,1037911742
1785460469882,sell,65231.8,0.07881139,1037911741
1785460465928,sell,65231.8,0.00024025,1037911740
1785460465689,buy,65231.9,0.07647236,1037911739
1785460465040,sell,65231.8,0.00100001,1037911738
1785460464013,sell,65231.8,0.06338913,1037911737
1785460464013,sell,65231.8,0.00511087,1037911736
1785460463886,buy,65231.9,0.001073,1037911735
1785460463886,buy,65231.9,0.00079895,1037911734
1785460463886,buy,65231.9,0.00072,1037911733
1785460463883,buy,65231.6,0.00029941,1037911732
1785460463883,buy,65231.6,0.00049953,1037911731
1785460463883,buy,65231.3,0.00001501,1037911730
1785460463883,buy,65230,0.00006,1037911729
1785460463883,buy,65228.9,0.00072,1037911728
1785460463883,buy,65228.5,0.00155317,1037911727
1785460463883,buy,65228.5,0.00707701,1037911726
1785460463870,buy,65228.4,0.07629894,1037911725
1785460463870,buy,65228.4,0.00016158,1037911724
1785460461693,buy,65228.4,0.00460228,1037911723
1785460460211,buy,65227.6,0.00732113,1037911722
1785460460211,buy,65227.6,0.00160682,1037911721
1785460460147,buy,65226.2,0.0016624,1037911720
1785460460147,buy,65226.2,0.00757373,1037911719
1785460459978,buy,65226.2,0.07642918,1037911718
1785460458132,buy,65226.2,0.00007665,1037911717
1785460456507,buy,65226.2,0.00350658,1037911716
1785460456507,buy,65226.2,0.00783488,1037911715
1785460456507,buy,65226.2,0.00171972,1037911714
1785460456507,buy,65226.2,0.063462,1037911713
1785460455594,sell,65226.1,0.01533128,1037911712
1785460454867,sell,65226.1,0.00041744,1037911711
1785460454867,sell,65226.1,0.00000001,1037911710
1785460454348,buy,65225.9,0.00072,1037911709
1785460454348,buy,65224.8,0.0000392,1037911708
1785460454347,buy,65224.8,0.00085875,1037911707
1785460454347,buy,65224.8,0.03069196,1037911706
1785460454347,buy,65224.8,0.00177918,1037911705
1785460454347,buy,65224.8,0.00810519,1037911704
1785460454145,buy,65224.8,0.07665795,1037911703
1785460454112,buy,65224.8,0.00015331,1037911702
1785460453945,buy,65224.8,0.03573978,1037911701
1785460453945,buy,65224.8,0.00184064,1037911700
1785460453945,buy,65224.8,0.00838465,1037911699
1785460453945,buy,65224.8,0.03069288,1037911698
1785460453745,buy,65224.8,0.01231318,1037911697
1785460453745,buy,65222.9,0.00072,1037911696
1785460453745,buy,65222.3,0.0019043,1037911695
1785460453745,buy,65222.3,0.00867407,1037911694
1785460453695,buy,65221.3,0.00897327,1037911693
1785460453695,buy,65221.3,0.00197008,1037911692
1785460453411,buy,65220,0.00006,1037911691
1785460453411,buy,65219.9,0.00072,1037911690
1785460453411,buy,65219.8,0.00179125,1037911689
1785460453411,buy,65219.8,0.00726958,1037911688
1785460453375,sell,65219.7,0.02089999,1037911687
1785460453316,buy,65219.8,0.00082606,1037911686
1785460453316,buy,65219.8,0.00024694,1037911685
1785460453314,buy,65219.8,0.00185301,1037911684
1785460453314,buy,65219.8,0.00011421,1037911683
1785460453313,buy,65219.8,0.001073,1037911682
1785460453311,buy,65219.8,0.00837478,1037911681
1785460453311,buy,65219.8,0.00217236,1037911680
1785460453311,buy,65219.8,0.0012,1037911679
1785460453311,buy,65219.8,0.00445286,1037911678
1785460453311,buy,65219.8,0.0231,1037911677
1785460453300,buy,65219.5,0.00046015,1037911676
1785460453297,buy,65218.4,0.00001539,1037911675
1785460453297,buy,65218.3,0.000015,1037911674
1785460453297,buy,65216.9,0.00072,1037911673
1785460453297,buy,65216.3,0.00001539,1037911672
1785460453297,buy,65214.1,0.00001539,1037911671
1785460453297,buy,65213.9,0.00072,1037911670
1785460453297,buy,65213.5,0.01355615,1037911669
1785460453297,buy,65213.4,0.07217646,1037911668
1785472990493,sell,64316.8,0.00171126,1037974143
1785472980939,sell,64316.8,0.00250963,1037974142
1785472978154,buy,64316.9,0.0001959,1037974141
1785472977804,sell,64316.8,0.00016531,1037974140
1785472973424,sell,64316.8,0.00082362,1037974139
1785472967649,sell,64316.8,0.08000558,1037974138
1785472962607,sell,64316.8,0.00097635,1037974137
1785472961215,sell,64316.8,0.00532426,1037974136
1785472960823,sell,64316.8,0.00002021,1037974135
1785472959733,sell,64316.8,0.14816486,1037974134
1785472959733,sell,64316.8,0.0908,1037974133
1785472959733,sell,64316.8,0.0012,1037974132
1785472959733,sell,64316.8,0.19483514,1037974131
1785472958656,sell,64316.8,0.00157176,1037974130
1785472958202,buy,64316.9,0.00190011,1037974129
1785472957769,buy,64316.9,0.00072001,1037974128
1785472957768,buy,64316.9,0.000368,1037974127
1785472957768,buy,64316.9,0.00072,1037974126
1785472957762,buy,64313.9,0.00072,1037974125
1785472957760,buy,64313.8,0.00647484,1037974124
1785472957760,buy,64313.8,0.00382397,1037974123
1785472957760,buy,64313.8,0.00852752,1037974122
1785472957760,buy,64313.8,0.02132239,1037974121
1785472957760,buy,64313.8,0.00867761,1037974120
1785472957741,buy,64313.8,0.03,1037974119
1785472957741,buy,64313.8,0.0074723,1037974118
1785472957741,buy,64313.8,0.0129572,1037974117
1785472957741,buy,64313.8,0.00669809,1037974116
1785472957741,buy,64313.8,0.00287241,1037974115
1785472957730,buy,64313.8,0.00395582,1037974114
1785472957730,buy,64313.8,0.00057303,1037974113
1785472957730,buy,64313.8,0.02547115,1037974112
1785472957730,buy,64313.8,0.03,1037974111
1785472957720,buy,64313.8,0.03,1037974110
1785472957720,buy,64313.8,0.00412885,1037974109
1785472957720,buy,64313.8,0.01735437,1037974108
1785472957720,buy,64313.8,0.00851678,1037974107
1785472957711,buy,64313.8,0.03,1037974106
1785472957700,buy,64313.8,0.00714042,1037974105
1785472957700,buy,64313.8,0.00692904,1037974104
1785472957700,buy,64313.8,0.00706367,1037974103
1785472957700,buy,64313.8,0.00886687,1037974102
1785472957700,buy,64313.8,0.02121515,1037974101
1785472957700,buy,64313.8,0.00878485,1037974100
1785472957690,buy,64313.8,0.01309717,1037974099
1785472957690,buy,64313.8,0.01690283,1037974098
1785472957690,buy,64313.8,0.03,1037974097
1785472957680,buy,64313.8,0.03,1037974096
1785472957680,buy,64313.8,0.01269717,1037974095
1785472957680,buy,64313.8,0.0084624,1037974094
1785472957680,buy,64313.8,0.00884043,1037974093
1785472957670,buy,64313.8,0.02994159,1037974092
1785472957670,buy,64313.8,0.00005841,1037974091
1785472957670,buy,64313.8,0.00608974,1037974090
1785472957670,buy,64313.8,0.00716796,1037974089
1785472957670,buy,64313.8,0.00730722,1037974088
1785472957670,buy,64313.8,0.00943508,1037974087
1785472957660,buy,64313.8,0.02047265,1037974086
1785472957660,buy,64313.8,0.00952735,1037974085
1785472957651,buy,64313.8,0.02198038,1037974084
1785472957651,buy,64313.8,0.00801962,1037974083
1785472957650,buy,64313.8,0.03,1037974082
1785472957640,buy,64313.8,0.03,1037974081
1785472957640,buy,64313.8,0.02158038,1037974080
1785472957640,buy,64313.8,0.00841962,1037974079
1785472957630,buy,64313.8,0.00608038,1037974078
1785472957630,buy,64313.8,0.02391962,1037974077
1785472957630,buy,64313.8,0.00615958,1037974076
1785472957630,buy,64313.8,0.00741511,1037974075
1785472957630,buy,64313.8,0.00755918,1037974074
1785472957630,buy,64313.8,0.00886613,1037974073
1785472957620,buy,64313.8,0.03,1037974072
1785472957610,buy,64313.8,0.02111307,1037974071
1785472957610,buy,64313.8,0.00888693,1037974070
1785472957610,buy,64313.8,0.00149227,1037974069
1785472957610,buy,64313.8,0.02850773,1037974068
1785472957600,buy,64313.8,0.03,1037974067
1785472957600,buy,64313.8,0.03,1037974066
1785472957590,buy,64313.8,0.00109227,1037974065
1785472957590,buy,64313.8,0.0006,1037974064
1785472957590,buy,64313.8,0.00781982,1037974063
1785472957590,buy,64313.8,0.00580871,1037974062
1785472957590,buy,64313.8,0.0146792,1037974061
1785472957590,buy,64313.8,0.03,1037974060
1785472957580,buy,64313.8,0.03,1037974059
1785472957580,buy,64313.8,0.03,1037974058
1785472957570,buy,64313.8,0.0104,1037974057
1785472957570,buy,64313.8,0.0196,1037974056
1785472957570,buy,64313.8,0.03,1037974055
1785472957560,buy,64313.8,0.03,1037974054
1785472957551,buy,64313.8,0.03,1037974053
1785472957551,buy,64313.8,0.03,1037974052
1785472957540,buy,64313.8,0.03,1037974051
1785472957540,buy,64313.8,0.03,1037974050
1785472957530,buy,64313.8,0.03,1037974049
1785472957530,buy,64313.8,0.03,1037974048
1785472957520,buy,64313.8,0.03,1037974047
1785472957520,buy,64313.8,0.03,1037974046
1785472957510,buy,64313.8,0.03,1037974045
1785472957510,buy,64313.8,0.03,1037974044
1785473048507,buy,64306.4,0.0000622,1037974194
1785473046714,sell,64306.3,0.0001957,1037974193
1785473043047,sell,64306.3,0.00160081,1037974192
1785473041652,buy,64306.4,0.0001555,1037974191
1785473041037,sell,64306.3,0.00160082,1037974190
1785473039047,sell,64306.3,0.00160207,1037974189
1785473038048,sell,64306.3,0.00063271,1037974188
1785473037194,buy,64306.4,0.00097308,1037974187
1785473028920,buy,64306.4,0.00062202,1037974186
1785473027125,sell,64306.3,0.00076575,1037974185
1785473026304,sell,64307.8,0.0069204,1037974184
1785473026304,sell,64307.8,0.00708368,1037974183
1785473025901,sell,64307.8,0.0358037,1037974182
1785473025901,sell,64307.8,0.0012,1037974181
1785473025901,sell,64307.8,0.00732795,1037974180
1785473025901,sell,64307.8,0.00404667,1037974179
1785473025901,sell,64307.8,0.00311236,1037974178
1785473025045,sell,64307.8,0.00107696,1037974177
1785473024538,sell,64307.9,0.00072,1037974176
1785473024538,sell,64308.2,0.00758058,1037974175
1785473024538,sell,64308.2,0.00740585,1037974174
1785473019400,sell,64308.2,0.00646465,1037974173
1785473019400,sell,64308.2,0.03,1037974172
1785473018908,sell,64308.8,0.00784191,1037974171
1785473018908,sell,64308.8,0.00766114,1037974170
1785473018832,sell,64308.9,0.00811231,1037974169
1785473018832,sell,64308.9,0.00792531,1037974168
1785473018767,sell,64309.6,0.0006757,1037974167
1785473018767,sell,64310.2,0.00001561,1037974166
1785473018767,sell,64310.9,0.00072,1037974165
1785473018767,sell,64312.4,0.00001561,1037974164
1785473018767,sell,64313.9,0.00072,1037974163
1785473018765,sell,64315,0.00839128,1037974162
1785473018765,sell,64315,0.00819783,1037974161
1785473016867,buy,64315.1,0.00013371,1037974160
1785473013128,buy,64315.1,0.01,1037974159
1785473012044,sell,64315.9,0.00868052,1037974158
1785473012044,sell,64315.9,0.0084804,1037974157
1785473011293,buy,64316,0.00002021,1037974156
1785473009208,sell,64316.5,0.00897978,1037974155
1785473009208,sell,64316.5,0.00877276,1037974154
1785473009078,sell,64316.8,0.00031096,1037974153
1785473009078,sell,64316.8,0.00072,1037974152
1785473009078,sell,64316.8,0.00072,1037974151
1785473009078,sell,64316.8,0.00071961,1037974150
1785473009078,sell,64316.8,0.00928939,1037974149
1785473009078,sell,64316.8,0.00907523,1037974148
1785473008067,sell,64316.8,0.0002976,1037974147
1785473007313,sell,64316.8,0.00030639,1037974146
1785473002302,buy,64316.9,0.00063124,1037974145
1785472995712,buy,64316.9,0.0015548,1037974144
1785473102605,buy,64306.4,0.0003511,1037974210
1785473101793,buy,64306.4,0.0002232,1037974209
1785473099881,buy,64306.4,0.00464453,1037974208
1785473099603,buy,64306.4,0.03510602,1037974207
1785473098065,sell,64306.3,0.00163961,1037974206
1785473097038,sell,64306.3,0.00160055,1037974205
1785473091823,buy,64306.4,0.0001555,1037974204
1785473088049,buy,64306.4,0.0002036,1037974203
1785473080748,sell,64306.3,0.00139275,1037974202
1785473080748,sell,64306.3,0.00063968,1037974201
1785473079856,sell,64306.3,0.00025866,1037974200
1785473076736,buy,64306.4,0.00018505,1037974199
1785473071376,sell,64306.3,0.00015945,1037974198
1785473067049,buy,64306.4,0.00019127,1037974197
1785473061296,buy,64306.4,0.00004279,1037974196
1785473060323,buy,64306.4,0.00108076,1037974195
1785473154738,sell,64327.8,0.00004212,1037974309
1785473153812,buy,64327.9,0.00047867,1037974308
1785473151566,sell,64328.3,0.0006757,1037974307
1785473151566,sell,64328.9,0.00072,1037974306
1785473151566,sell,64331.6,0.00890487,1037974305
1785473151566,sell,64331.6,0.00776709,1037974304
1785473151360,sell,64331.6,0.001,1037974303
1785473151326,sell,64331.6,0.000863,1037974302
1785473151324,sell,64331.6,0.00003121,1037974301
1785473151324,sell,64331.9,0.00072,1037974300
1785473151324,sell,64333,0.0016272,1037974299
1785473151321,sell,64334.1,0.03,1037974298
1785473151321,sell,64334.1,0.03,1037974297
1785473151321,sell,64334.8,0.00072,1037974296
1785473151321,sell,64334.8,0.00072,1037974295
1785473151321,sell,64334.8,0.00071936,1037974294
1785473151321,sell,64334.8,0.00906898,1037974293
1785473151321,sell,64334.8,0.00921151,1037974292
1785473150962,sell,64334.8,0.00009997,1037974291
1785473140238,buy,64334.9,0.00039869,1037974290
1785473140200,sell,64334.8,0.01485284,1037974289
1785473140200,sell,64334.8,0.00032819,1037974288
1785473136743,sell,64334.8,0.00206588,1037974287
1785473135746,buy,64334.9,0.00015543,1037974286
1785473133372,buy,64334.9,0.00140514,1037974285
1785473128769,buy,64334.9,0.00017613,1037974284
1785473127846,sell,64334.8,0.00010633,1037974283
1785473127492,sell,64334.8,0.00245181,1037974282
1785473127106,sell,64334.8,0.0008798,1037974281
1785473125225,buy,64334.9,0.01346202,1037974280
1785473125225,buy,64334.9,0.00012935,1037974279
1785473119346,sell,64334.8,0.00079197,1037974278
1785473118932,buy,64334.9,0.00059065,1037974277
1785473115198,buy,64332.7,0.00655079,1037974276
1785473115198,buy,64332.7,0.00669823,1037974275
1785473115075,buy,64331.9,0.00072,1037974274
1785473115075,buy,64331.1,0.00677686,1037974273
1785473115075,buy,64331.1,0.00605889,1037974272
1785473115005,buy,64331.1,0.00079277,1037974271
1785473114994,buy,64331.1,0.00007772,1037974270
1785473114680,buy,64330.8,0.00701056,1037974269
1785473114680,buy,64330.8,0.00716835,1037974268
1785473114670,buy,64330.8,0.03,1037974267
1785473114670,buy,64330.8,0.02230164,1037974266
1785473114670,buy,64330.8,0.00769836,1037974265
1785473114658,buy,64329.7,0.00725242,1037974264
1785473114658,buy,64329.7,0.00741565,1037974263
1785473113782,buy,64328.9,0.00072,1037974262
1785473113782,buy,64326.5,0.00767174,1037974261
1785473113782,buy,64326.5,0.00750289,1037974260
1785473113573,buy,64325.2,0.001088,1037974259
1785473113572,buy,64326.5,0.00025197,1037974258
1785473113572,buy,64325.9,0.00072,1037974257
1785473113572,buy,64325.2,0.00004794,1037974256
1785473113570,buy,64325.2,0.00025196,1037974255
1785473113570,buy,64325,0.0001208,1037974254
1785473113570,buy,64323,0.00599204,1037974253
1785473113570,buy,64323,0.0079367,1037974252
1785473113570,buy,64323,0.0001075,1037974251
1785473113570,buy,64323,0.0017,1037974250
1785473113567,buy,64323,0.00612551,1037974249
1785473113567,buy,64323,0.00821036,1037974248
1785473113567,buy,64323,0.00007313,1037974247
1785473113564,buy,64323,0.00820655,1037974246
1785473113564,buy,64323,0.00849345,1037974245
1785473112949,sell,64322.9,0.00018643,1037974244
1785473112949,sell,64322.9,0.00000001,1037974243
1785473107319,buy,64322.9,0.00072,1037974242
1785473107249,buy,64320.8,0.00001561,1037974241
1785473107249,buy,64319.9,0.00072,1037974240
1785473107249,buy,64319.4,0.00046015,1037974239
1785473107249,buy,64318.6,0.00001561,1037974238
1785473107249,buy,64317,0.00856591,1037974237
1785473107249,buy,64317,0.00842183,1037974236
1785473107244,buy,64317,0.00036522,1037974235
1785473107205,sell,64316.9,0.00017099,1037974234
1785473107205,sell,64316.9,0.00000001,1037974233
1785473107203,buy,64316.9,0.00025315,1037974232
1785473107203,buy,64316.9,0.00071961,1037974231
1785473107093,buy,64314.4,0.00001561,1037974230
1785473107093,buy,64313.9,0.00072,1037974229
1785473107093,buy,64312.3,0.00001561,1037974228
1785473107093,buy,64310.9,0.00072,1037974227
1785473107093,buy,64310.1,0.00001561,1037974226
1785473107093,buy,64307.9,0.00072,1037974225
1785473107089,buy,64306.5,0.00886066,1037974224
1785473107089,buy,64306.5,0.00870282,1037974223
1785473107086,buy,64306.4,0.00165331,1037974222
1785473107086,buy,64306.4,0.00906366,1037974221
1785473107086,buy,64306.4,0.29068283,1037974220
1785473107086,buy,64306.4,0.0190237,1037974219
1785473107086,buy,64306.4,0.0908,1037974218
1785473107086,buy,64306.4,0.07475318,1037974217
1785473107085,buy,64306.4,0.00532174,1037974216
1785473107084,buy,64306.4,0.01848174,1037974215
1785473107084,buy,64306.4,0.40964,1037974214
1785473107083,buy,64306.4,0.08936,1037974213
1785473107083,buy,64306.4,0.00072,1037974212
1785473107083,buy,64306.4,0.00072,1037974211
1785473214663,sell,64327.8,0.00097646,1037974329
1785473210563,sell,64327.8,0.00019087,1037974328
1785473209475,buy,64327.9,0.00003109,1037974327
1785473207019,sell,64327.8,0.0009939,1037974326
1785473202970,buy,64327.9,0.00015545,1037974325
1785473198331,buy,64327.9,0.00011814,1037974324
1785473197831,sell,64327.8,0.00085413,1037974323
1785473190720,buy,64327.9,0.0009949,1037974322
1785473186001,buy,64327.9,0.00085499,1037974321
1785473185047,sell,64327.8,0.00107473,1037974320
1785473177333,buy,64327.9,0.00003109,1037974319
1785473175069,sell,64327.8,0.00015564,1037974318
1785473174182,buy,64327.9,0.01554535,1037974317
1785473172219,sell,64327.8,0.0014634,1037974316
1785473165314,buy,64327.9,0.00310907,1037974315
1785473163174,sell,64327.8,0.00017607,1037974314
1785473163156,buy,64327.9,0.05399286,1037974313
1785473163156,buy,64327.9,0.00072,1037974312
1785473163156,buy,64327.9,0.00072,1037974311
1785473163156,buy,64327.9,0.4125165,1037974310
1785483458470,buy,63944.4,0.0054,1038007977
1785483458468,buy,63944.4,0.10887866,1038007976
1785483458468,buy,63944.4,0.00100034,1038007975
1785483458468,buy,63944.4,0.00072,1038007974
1785483458468,buy,63944.4,0.00072,1038007973
1785483458468,buy,63944.4,0.002281,1038007972
1785483458161,buy,63944.4,0.00441769,1038007971
1785483457162,buy,63944.4,0.07340606,1038007970
1785483456161,buy,63944.4,0.01155925,1038007969
1785483456161,buy,63944.4,0.05752569,1038007968
1785483455388,buy,63944.4,0.00001559,1038007967
1785483455161,buy,63944.4,0.09044502,1038007966
1785483454164,buy,63944.4,0.01411709,1038007965
1785483454164,buy,63944.4,0.03603734,1038007964
1785483453307,sell,63944.3,0.00067395,1038007963
1785483453161,buy,63944.4,0.11727793,1038007962
1785483452291,sell,63944.3,0.14713597,1038007961
1785483452291,sell,63944.3,0.0078158,1038007960
1785483452291,sell,63944.3,0.00785831,1038007959
1785483452161,buy,63944.4,0.02863969,1038007958
1785483452161,buy,63944.4,0.03949795,1038007957
1785483452024,sell,63944.3,0.08736699,1038007956
1785483452022,sell,63944.3,0.11210334,1038007955
1785483452015,sell,63944.3,0.06428187,1038007954
1785483452015,sell,63944.3,0.00148746,1038007953
1785483452015,sell,63944.3,0.01646262,1038007952
1785483452005,sell,63944.3,0.02032484,1038007951
1785483452005,sell,63944.3,0.00072,1038007950
1785483452005,sell,63944.3,0.00072,1038007949
1785483452005,sell,63944.3,0.00007769,1038007948
1785483452005,sell,63944.3,0.00535296,1038007947
1785483452005,sell,63944.3,0.00027933,1038007946
1785483452005,sell,63944.3,0.00027933,1038007945
1785483452005,sell,63944.3,0.04337933,1038007944
1785483452005,sell,63944.3,0.00592445,1038007943
1785483452005,sell,63944.3,0.00246175,1038007942
1785483451989,sell,63944.3,0.07269825,1038007941
1785483451989,sell,63944.3,0.00027933,1038007940
1785483451989,sell,63944.3,0.00027933,1038007939
1785483451989,sell,63944.3,0.00027933,1038007938
1785483451989,sell,63944.3,0.02277444,1038007937
1785483451884,sell,63944.3,0.15740489,1038007936
1785483451884,sell,63944.3,0.2471751,1038007935
1785483451162,buy,63944.4,0.0060606,1038007934
1785483450332,buy,63944.4,0.22268194,1038007933
1785483450332,buy,63944.4,0.00100032,1038007932
1785483450332,buy,63944.4,0.01563858,1038007931
1785483450309,buy,63944.4,0.1204961,1038007930
1785483450309,buy,63944.4,0.22583798,1038007929
1785483450275,buy,63944.4,0.02316202,1038007928
1785483450275,buy,63944.4,0.17528084,1038007927
1785483450160,buy,63944.4,0.07471916,1038007926
1785483450160,buy,63944.4,0.00089773,1038007925
1785483450160,buy,63944.4,0.00126028,1038007924
1785483449894,buy,63944.4,0.00015638,1038007923
1785483449436,buy,63944.4,0.0000688,1038007922
1785483449279,buy,63944.4,0.00156385,1038007921
1785483449160,buy,63944.4,0.00037269,1038007920
1785483449160,buy,63944.4,0.00072,1038007919
1785483449160,buy,63944.4,0.00072,1038007918
1785483449160,buy,63944.4,0.07563859,1038007917
1785483448160,buy,63944.4,0.07343516,1038007916
1785483447202,buy,63944.4,0.00031228,1038007915
1785483447162,buy,63944.4,0.05856062,1038007914
1785483446361,sell,63944.3,0.00017056,1038007913
1785483446226,buy,63944.4,0.00002777,1038007912
1785483446187,sell,63944.3,0.00303367,1038007911
1785483446187,sell,63944.3,0.0012,1038007910
1785483446187,sell,63944.3,0.00277633,1038007909
1785483446161,buy,63944.4,0.02607972,1038007908
1785483446161,buy,63944.4,0.05251158,1038007907
1785483445534,sell,63944.3,0.00553755,1038007906
1785483445534,sell,63944.3,0.00216086,1038007905
1785483445395,buy,63944.4,0.00015951,1038007904
1785483445161,buy,63944.4,0.01909607,1038007903
1785483444633,buy,63944.4,0.23820284,1038007902
1785483444633,buy,63944.4,0.07456888,1038007901
1785483443162,buy,63944.4,0.0944594,1038007900
1785483442162,buy,63944.4,0.12014936,1038007899
1785483441790,buy,63944.4,0.00015638,1038007898
1785483441394,buy,63944.4,0.00469157,1038007897
1785483441160,buy,63944.4,0.13550296,1038007896
1785483439162,buy,63944.4,0.08834308,1038007895
1785483439078,sell,63944.3,0.00612874,1038007894
1785483438161,buy,63944.4,0.08424427,1038007893
1785483437162,buy,63944.4,0.01535119,1038007892
1785483436164,buy,63944.4,0.06805666,1038007891
1785483436164,buy,63944.4,0.037048,1038007890
1785483435161,buy,63944.4,0.12078385,1038007889
1785483434445,sell,63944.9,0.00857538,1038007888
1785483434445,sell,63944.9,0.00860048,1038007887
1785483434445,sell,63944.9,0.0012,1038007886
1785483434445,sell,63944.9,0.00072,1038007885
1785483434160,buy,63945,0.04522275,1038007884
1785483434160,buy,63945,0.00000001,1038007883
1785483433792,sell,63947.9,0.00072,1038007882
1785483433792,sell,63949,0.00050844,1038007881
1785483433788,sell,63949.1,0.00889652,1038007880
1785483433788,sell,63949.1,0.00887055,1038007879
1785483433788,sell,63949.1,0.08542924,1038007878
1785483514160,buy,63971.7,0.03132204,1038008187
1785483514160,buy,63971.7,0.032986,1038008186
1785483513594,buy,63969.1,0.000059,1038008185
1785483513594,buy,63969.1,0.00072,1038008184
1785483513594,buy,63969.1,0.00072,1038008183
1785483513594,buy,63969.1,0.00599144,1038008182
1785483513594,buy,63969.1,0.00568429,1038008181
1785483513161,buy,63969.1,0.10304871,1038008180
1785483513161,buy,63969.1,0.02,1038008179
1785483512104,sell,63971.9,0.00072,1038008178
1785483512104,sell,63972.1,0.00997319,1038008177
1785483512104,sell,63972.1,0.01029094,1038008176
1785483512104,sell,63972.1,0.0755,1038008175
1785483512104,sell,63972.1,0.00563487,1038008174
1785483512099,sell,63972.1,0.09436513,1038008173
1785483512099,sell,63972.1,0.00072,1038008172
1785483512099,sell,63972.1,0.00072,1038008171
1785483512099,sell,63972.1,0.0106458,1038008170
1785483512099,sell,63972.1,0.01031709,1038008169
1785483511160,buy,63972.2,0.02618286,1038008168
1785483508532,buy,63972.2,0.00015631,1038008167
1785483507381,buy,63972.2,0.001093,1038008166
1785483507381,buy,63972.2,0.00072001,1038008165
1785483507379,buy,63971.9,0.00072,1038008164
1785483507379,buy,63971.2,0.00001501,1038008163
1785483507379,buy,63970.5,0.00549819,1038008162
1785483507379,buy,63970.5,0.00515816,1038008161
1785483507285,buy,63969.4,0.00001569,1038008160
1785483507285,buy,63968.9,0.00072,1038008159
1785483507282,buy,63967.3,0.00001569,1038008158
1785483507282,buy,63965.9,0.00072,1038008157
1785483507280,buy,63965.7,0.01563337,1038008156
1785483507280,buy,63963,0.00568872,1038008155
1785483507280,buy,63963,0.00533696,1038008154
1785483507280,buy,63962.9,0.09968,1038008153
1785483507280,buy,63962.9,0.0079236,1038008152
1785483507280,buy,63962.9,0.0888,1038008151
1785483507280,buy,63962.9,0.000089,1038008150
1785483507280,buy,63962.9,0.14975033,1038008149
1785483507280,buy,63962.9,0.04102699,1038008148
1785483507280,buy,63962.9,0.10920342,1038008147
1785483507279,buy,63962.9,0.03807774,1038008146
1785483507279,buy,63962.9,0.05243455,1038008145
1785483507279,buy,63962.9,0.0378,1038008144
1785483507279,buy,63962.9,0.0727,1038008143
1785483507279,buy,63962.9,0.0013,1038008142
1785483506141,buy,63962.9,0.09967339,1038008141
1785483504162,buy,63962.9,0.0888109,1038008140
1785483504162,buy,63962.9,0.00072,1038008139
1785483503479,buy,63962.7,0.00769836,1038008138
1785483503479,buy,63959.9,0.00072,1038008137
1785483503479,buy,63959.3,0.00552144,1038008136
1785483503479,buy,63959.3,0.00516532,1038008135
1785483503477,buy,63959.3,0.00072001,1038008134
1785483503477,buy,63959.3,0.00499181,1038008133
1785483503474,buy,63959.3,0.00072001,1038008132
1785483503474,buy,63959.3,0.00343303,1038008131
1785483503472,buy,63959.3,0.00265523,1038008130
1785483503472,buy,63959.3,0.00590876,1038008129
1785483503418,sell,63959.2,0.00016968,1038008128
1785483503366,sell,63958.3,0.00021394,1038008127
1785483503362,buy,63957.5,0.01,1038008126
1785483503362,buy,63957.4,0.01,1038008125
1785483503362,buy,63957.3,0.01,1038008124
1785483503361,buy,63956.9,0.00072,1038008123
1785483503361,buy,63956.7,0.00001569,1038008122
1785483503361,buy,63955.7,0.0037716,1038008121
1785483503361,buy,63954.6,0.0000157,1038008120
1785483503361,buy,63953.9,0.00072,1038008119
1785483503361,buy,63953.5,0.24946929,1038008118
1785483503361,buy,63953.5,0.12131743,1038008117
1785483503361,buy,63953.5,0.18701936,1038008116
1785483503361,buy,63953.5,0.06232706,1038008115
1785483503361,buy,63953.5,0.01563636,1038008114
1785483503361,buy,63953.5,0.00611323,1038008113
1785483503361,buy,63953.5,0.00629891,1038008112
1785483503361,buy,63953.5,0.02866511,1038008111
1785483503162,buy,63953.5,0.08212931,1038008110
1785483502415,buy,63953.5,0.00112629,1038008109
1785483502415,buy,63953.5,0.000134,1038008108
1785483502161,buy,63953.5,0.08822495,1038008107
1785483501307,buy,63953.5,0.0000469,1038008106
1785483501161,buy,63953.5,0.06716905,1038008105
1785483499794,buy,63953.5,0.00003909,1038008104
1785483499162,buy,63953.5,0.13450906,1038008103
1785483498161,buy,63953.5,0.06833821,1038008102
1785483497161,buy,63953.5,0.00257803,1038008101
1785483497161,buy,63953.5,0.00019808,1038008100
1785483497161,buy,63953.5,0.00632402,1038008099
1785483497161,buy,63953.5,0.0065161,1038008098
1785483497161,buy,63953.5,0.06572936,1038008097
1785483496161,buy,63953.5,0.08119849,1038008096
1785483495162,buy,63953.5,0.07140442,1038008095
1785483494162,buy,63953.5,0.06629702,1038008094
1785483494162,buy,63953.5,0.0002,1038008093
1785483494162,buy,63953.5,0.00023201,1038008092
1785483494162,buy,63953.5,0.00654207,1038008091
1785483494162,buy,63953.5,0.00674078,1038008090
1785483494162,buy,63953.5,0.03346151,1038008089
1785483493828,buy,63953.5,0.00022,1038008088
1785483568880,buy,63990.6,0.00159867,1038008454
1785483568498,sell,63990.5,0.0000779,1038008453
1785483568167,buy,63990.6,0.0007357,1038008452
1785483568166,buy,63990.6,0.001093,1038008451
1785483568164,buy,63990.5,0.00001569,1038008450
1785483568164,buy,63989.9,0.00072,1038008449
1785483568164,buy,63988.8,0.00100038,1038008448
1785483568164,buy,63988.8,0.00363915,1038008447
1785483568164,buy,63988.8,0.00362463,1038008446
1785483568164,buy,63988.8,0.00621139,1038008445
1785483568161,buy,63988.8,0.10595784,1038008444
1785483567163,buy,63988.8,0.02755954,1038008443
1785483567163,buy,63988.8,0.040712,1038008442
1785483566160,buy,63988.8,0.03986807,1038008441
1785483565616,buy,63988.8,0.00234416,1038008440
1785483565160,buy,63988.8,0.03138174,1038008439
1785483564765,sell,63988.7,0.0002834,1038008438
1785483564594,buy,63987.1,0.00376485,1038008437
1785483564594,buy,63987.1,0.00374982,1038008436
1785483564594,buy,63987.1,0.00072,1038008435
1785483564594,buy,63987.1,0.00072,1038008434
1785483563934,buy,63987.1,0.00050947,1038008433
1785483563567,sell,63988.7,0.00072,1038008432
1785483563567,sell,63988.7,0.00072,1038008431
1785483563567,sell,63988.7,0.06,1038008430
1785483563567,sell,63988.7,0.0122722,1038008429
1785483563567,sell,63988.7,0.17484084,1038008428
1785483563567,sell,63988.7,0.01228774,1038008427
1785483563567,sell,63988.7,0.00116379,1038008426
1785483563567,sell,63988.7,0.0033927,1038008425
1785483563567,sell,63988.7,0.00312861,1038008424
1785483563567,sell,63988.7,0.162,1038008423
1785483563567,sell,63988.7,0.0575,1038008422
1785483563567,sell,63988.7,0.55005631,1038008421
1785483563567,sell,63988.7,0.46871068,1038008420
1785483563567,sell,63988.7,0.0512,1038008419
1785483563567,sell,63988.7,0.0727,1038008418
1785483563567,sell,63988.7,0.0013,1038008417
1785483563567,sell,63988.7,0.0012,1038008416
1785483563567,sell,63988.7,0.25705,1038008415
1785483563567,sell,63988.7,0.04942,1038008414
1785483563567,sell,63988.7,0.026,1038008413
1785483563567,sell,63988.7,0.154342,1038008412
1785483563567,sell,63988.7,0.154313,1038008411
1785483563567,sell,63988.7,0.2471,1038008410
1785483563567,sell,63988.7,0.154342,1038008409
1785483563567,sell,63988.7,0.31517529,1038008408
1785483563567,sell,63988.7,0.321555,1038008407
1785483563567,sell,63988.7,0.00548113,1038008406
1785483563481,sell,63988.7,0.00016288,1038008405
1785483563438,buy,63988.4,0.00001569,1038008404
1785483563438,buy,63986.9,0.00072,1038008403
1785483563430,buy,63985.6,0.00017495,1038008402
1785483563430,buy,63985.6,0.00347167,1038008401
1785483563430,buy,63985.6,0.00345559,1038008400
1785483563197,sell,63985.5,0.00018791,1038008399
1785483563157,buy,63984.2,0.00001569,1038008398
1785483563157,buy,63983.9,0.00072,1038008397
1785483563157,buy,63983.1,0.00942908,1038008396
1785483563150,buy,63982,0.00359183,1038008395
1785483563150,buy,63982,0.15630707,1038008394
1785483563149,buy,63982,0.02009882,1038008393
1785483563149,buy,63982,0.00335718,1038008392
1785483563149,buy,63982,0.00005581,1038008391
1785483563149,buy,63982,0.0001622,1038008390
1785483563149,buy,63982,0.0000558,1038008389
1785483563147,buy,63982,0.24987947,1038008388
1785483563147,buy,63982,0.00020183,1038008387
1785483563147,buy,63982,0.2357187,1038008386
1785483563146,buy,63982,0.01386585,1038008385
1785483563146,buy,63982,0.00781417,1038008384
1785483563146,buy,63982,0.00369847,1038008383
1785483563146,buy,63982,0.00371567,1038008382
1785483563146,buy,63982,0.01562939,1038008381
1785483563146,buy,63982,0.11447645,1038008380
1785483562162,buy,63982,0.06985938,1038008379
1785483562162,buy,63982,0.00090242,1038008378
1785483562162,buy,63982,0.00787246,1038008377
1785483561952,sell,63981.9,0.04689537,1038008376
1785483561814,buy,63982,0.00013246,1038008375
1785483561160,buy,63982,0.0880884,1038008374
1785483560164,buy,63982,0.08217329,1038008373
1785483559323,sell,63981.9,0.003168,1038008372
1785483559160,buy,63982,0.03605247,1038008371
1785483559160,buy,63982,0.00384379,1038008370
1785483559160,buy,63982,0.00382599,1038008369
1785483559160,buy,63982,0.04481302,1038008368
1785483558628,sell,63981.9,0.00740419,1038008367
1785483558553,buy,63982,0.00015629,1038008366
1785483558161,buy,63982,0.08127985,1038008365
1785483557889,sell,63981.9,0.00558171,1038008364
1785483557407,sell,63981.9,0.00165593,1038008363
1785483557160,buy,63982,0.08603232,1038008362
1785483556620,buy,63982,0.00001673,1038008361
1785483555185,buy,63982,0.09636396,1038008360
1785483554160,buy,63982,0.0357695,1038008359
1785483553160,buy,63982,0.05710355,1038008358
1785483552217,buy,63982,0.00046481,1038008357
1785483552160,buy,63982,0.0551503,1038008356
1785483552160,buy,63982,0.00030288,1038008355
1785483625162,buy,63978.5,0.06023664,1038008688
1785483624572,sell,63978.4,0.01349685,1038008687
1785483624572,sell,63978.4,0.01065456,1038008686
1785483624572,sell,63978.4,0.0088646,1038008685
1785483624161,buy,63978.5,0.07414438,1038008684
1785483623189,sell,63978.4,0.00162398,1038008683
1785483623161,buy,63978.5,0.09507538,1038008682
1785483622162,buy,63978.5,0.12577183,1038008681
1785483621160,buy,63978.5,0.17315217,1038008680
1785483620692,buy,63978.5,0.00017193,1038008679
1785483620621,sell,63979.3,0.00046015,1038008678
1785483620621,sell,63980,0.00001569,1038008677
1785483620621,sell,63980.9,0.00072,1038008676
1785483620621,sell,63981.5,0.1,1038008675
1785483620621,sell,63981.5,0.01085,1038008674
1785483620621,sell,63981.5,0.01102171,1038008673
1785483620162,buy,63981.6,0.05502462,1038008672
1785483620162,buy,63981.6,0.23350355,1038008671
1785483619971,buy,63981.6,0.00188922,1038008670
1785483619313,buy,63981.6,0.00158639,1038008669
1785483619160,buy,63981.6,0.01012084,1038008668
1785483619008,sell,63981.5,0.03662713,1038008667
1785483619008,sell,63981.5,0.0009429,1038008666
1785483619008,sell,63982.1,0.00001569,1038008665
1785483619008,sell,63983.9,0.00072,1038008664
1785483619008,sell,63984.3,0.00001569,1038008663
1785483619008,sell,63984.7,0.0009429,1038008662
1785483619008,sell,63986.4,0.00001569,1038008661
1785483619008,sell,63986.9,0.00072,1038008660
1785483619006,sell,63987.9,0.1465635,1038008659
1785483619005,sell,63987.9,0.0534365,1038008658
1785483619005,sell,63989.5,0.00068004,1038008657
1785483619005,sell,63989.9,0.00072,1038008656
1785483619003,sell,63991.2,0.01122278,1038008655
1785483619003,sell,63991.2,0.0114004,1038008654
1785483619003,sell,63991.2,0.23476436,1038008653
1785483619002,sell,63991.2,0.06523564,1038008652
1785483619002,sell,63991.2,0.20833602,1038008651
1785483618969,sell,63991.2,0.01210699,1038008650
1785483618953,sell,63991.2,0.07955699,1038008649
1785483618898,sell,63992.7,0.00001569,1038008648
1785483618898,sell,63992.9,0.00006251,1038008647
1785483618898,sell,63992.9,0.00065749,1038008646
1785483618898,sell,63994.3,0.00004251,1038008645
1785483618896,sell,63994.3,0.00653839,1038008644
1785483618896,sell,63994.3,0.01160938,1038008643
1785483618896,sell,63994.3,0.00072,1038008642
1785483618896,sell,63994.3,0.00072,1038008641
1785483618896,sell,63994.3,0.1,1038008640
1785483618896,sell,63994.3,0.00521223,1038008639
1785483618161,buy,63994.4,0.08912443,1038008638
1785483617965,buy,63994.4,0.00023439,1038008637
1785483617161,buy,63994.4,0.07344873,1038008636
1785483616877,buy,63994.4,0.00062496,1038008635
1785483616753,buy,63994.4,0.00071568,1038008634
1785483616657,buy,63994.4,0.0000625,1038008633
1785483616160,buy,63994.4,0.09062599,1038008632
1785483615206,buy,63994.4,0.00031252,1038008631
1785483615160,buy,63994.4,0.05582462,1038008630
1785483614522,buy,63994.4,0.03447586,1038008629
1785483614522,buy,63994.4,0.04873414,1038008628
1785483614516,buy,63994.4,0.00062349,1038008627
1785483614160,buy,63994.4,0.08050604,1038008626
1785483613513,buy,63994.4,0.00204627,1038008625
1785483613205,sell,63994.3,0.00680782,1038008624
1785483613205,sell,63994.3,0.01089591,1038008623
1785483613161,buy,63994.4,0.02799837,1038008622
1785483612184,buy,63994.4,0.04892269,1038008621
1785483612184,buy,63994.4,0.0012,1038008620
1785483612184,buy,63994.4,0.02029562,1038008619
1785483611163,buy,63994.4,0.01361885,1038008618
1785483610180,buy,63994.4,0.07149724,1038008617
1785483610180,buy,63994.4,0.0078888,1038008616
1785483609400,sell,63994.3,0.00035185,1038008615
1785483609160,buy,63994.4,0.08492661,1038008614
1785483608162,buy,63994.4,0.08019399,1038008613
1785483607506,sell,63994.3,0.00058605,1038008612
1785483607161,buy,63994.4,0.03037832,1038008611
1785483607161,buy,63994.4,0.00072,1038008610
1785483607161,buy,63994.4,0.00072,1038008609
1785483607161,buy,63994.4,0.10916828,1038008608
1785483607014,buy,63994.4,0.00046362,1038008607
1785483606162,buy,63994.4,0.08273005,1038008606
1785483606091,sell,63994.3,0.0001759,1038008605
1785483605161,buy,63994.4,0.00400461,1038008604
1785483604162,buy,63994.4,0.091892,1038008603
1785483603160,buy,63994.4,0.02171144,1038008602
1785483603160,buy,63994.4,0.02365699,1038008601
1785483602160,buy,63994.4,0.11548926,1038008600
1785483601803,buy,63994.4,0.00001093,1038008599
1785483601161,buy,63994.4,0.11789282,1038008598
1785483601161,buy,63994.4,0.06822226,1038008597
1785483600161,buy,63994.4,0.03983469,1038008596
1785483599169,buy,63994.4,0.04661505,1038008595
1785483599169,buy,63994.4,0.13040748,1038008594
1785483598768,buy,63994.4,0.02451152,1038008593
1785483598768,buy,63994.4,0.000736,1038008592
1785483598208,sell,63995.9,0.00072,1038008591
1785483598205,sell,63997.6,0.01242342,1038008590
1785483598205,sell,63997.6,0.01243412,1038008589
1785483680160,buy,63979.2,0.07603712,1038008858
1785483679771,sell,63979.1,0.0077654,1038008857
1785483679189,sell,63979.1,0.01900434,1038008856
1785483679184,buy,63979.2,0.01099507,1038008855
1785483679184,buy,63979.2,0.06910533,1038008854
1785483679133,buy,63979.2,0.01369798,1038008853
1785483679030,sell,63979.1,0.0026915,1038008852
1785483679030,sell,63979.1,0.00289163,1038008851
1785483679030,sell,63979.1,0.00185104,1038008850
1785483679023,sell,63979.1,0.00278155,1038008849
1785483679023,sell,63979.1,0.00320179,1038008848
1785483679023,sell,63979.1,0.00311174,1038008847
1785483679023,sell,63979.1,0.00268151,1038008846
1785483679023,sell,63979.1,0.00271152,1038008845
1785483679023,sell,63979.1,0.02783595,1038008844
1785483679023,sell,63979.1,0.01164727,1038008843
1785483678161,buy,63979.2,0.07016553,1038008842
1785483678161,buy,63979.2,0.00429123,1038008841
1785483678161,buy,63979.2,0.00398217,1038008840
1785483677161,buy,63979.2,0.07610963,1038008839
1785483676928,buy,63979.2,0.00002188,1038008838
1785483676416,sell,63979.1,0.01071363,1038008837
1785483676162,buy,63979.2,0.07863313,1038008836
1785483675160,buy,63979.2,0.01176158,1038008835
1785483675160,buy,63979.2,0.05499042,1038008834
1785483675040,sell,63979.1,0.00092726,1038008833
1785483674906,buy,63979.2,0.00007815,1038008832
1785483674162,buy,63979.2,0.01529388,1038008831
1785483674107,buy,63979.2,0.00007815,1038008830
1785483673162,buy,63979.2,0.08460448,1038008829
1785483673029,buy,63979.2,0.02434264,1038008828
1785483673029,buy,63979.2,0.00411948,1038008827
1785483673029,buy,63979.2,0.00443919,1038008826
1785483672161,buy,63979.2,0.02415978,1038008825
1785483672161,buy,63979.2,0.0512,1038008824
1785483671162,buy,63979.2,0.07578008,1038008823
1785483670160,buy,63979.2,0.04929053,1038008822
1785483669669,buy,63979.2,0.00233513,1038008821
1785483669160,buy,63979.2,0.0302275,1038008820
1785483669160,buy,63979.2,0.08798873,1038008819
1785483668177,buy,63979.2,0.06644841,1038008818
1785483667162,buy,63979.2,0.01526581,1038008817
1785483666927,sell,63979.1,0.00016684,1038008816
1785483666161,buy,63979.2,0.07590191,1038008815
1785483665194,buy,63979.2,0.00114099,1038008814
1785483665160,buy,63979.2,0.07112204,1038008813
1785483665160,buy,63979.2,0.00459225,1038008812
1785483665160,buy,63979.2,0.00323892,1038008811
1785483664161,buy,63979.2,0.0010226,1038008810
1785483664161,buy,63979.2,0.07820862,1038008809
1785483663576,sell,63979.1,0.00781784,1038008808
1785483663170,buy,63978.8,0.00475065,1038008807
1785483663170,buy,63978.8,0.0044085,1038008806
1785483663162,buy,63978.8,0.0794388,1038008805
1785483662162,buy,63978.8,0.07989304,1038008804
1785483661611,buy,63978.5,0.00491449,1038008803
1785483661611,buy,63978.5,0.00456055,1038008802
1785483661160,buy,63978.5,0.06541466,1038008801
1785483661160,buy,63978.5,0.0012,1038008800
1785483661160,buy,63978.5,0.00508394,1038008799
1785483661160,buy,63978.5,0.0047178,1038008798
1785483660772,buy,63978.5,0.00199213,1038008797
1785483660772,buy,63978.5,0.00363683,1038008796
1785483660163,buy,63978.5,0.0016224,1038008795
1785483660163,buy,63978.5,0.00488047,1038008794
1785483659160,buy,63978.5,0.07814789,1038008793
1785483658768,sell,63978.4,0.00158872,1038008792
1785483658160,buy,63978.5,0.0068006,1038008791
1785483658160,buy,63978.5,0.00023328,1038008790
1785483658160,buy,63978.5,0.00934,1038008789
1785483658160,buy,63978.5,0.06297353,1038008788
1785483657162,buy,63978.5,0.01146647,1038008787
1785483657162,buy,63978.5,0.00079,1038008786
1785483657162,buy,63978.5,0.00544057,1038008785
1785483657162,buy,63978.5,0.00504874,1038008784
1785483657162,buy,63978.5,0.05665611,1038008783
1785483656658,buy,63978.5,0.00007815,1038008782
1785483656160,buy,63978.5,0.00845574,1038008781
1785483656160,buy,63978.5,0.01836,1038008780
1785483656160,buy,63978.5,0.05300261,1038008779
1785483655632,buy,63978.5,0.03130739,1038008778
1785483655632,buy,63978.5,0.07575957,1038008777
1785483655282,buy,63978.5,0.00568043,1038008776
1785483655161,buy,63978.5,0.07264334,1038008775
1785483654160,buy,63978.5,0.03103537,1038008774
1785483654160,buy,63978.5,0.04518101,1038008773
1785483653162,buy,63978.5,0.01144718,1038008772
1785483652290,sell,63978.4,0.00015488,1038008771
1785483652278,buy,63978.5,0.00038717,1038008770
1785483652161,buy,63978.5,0.01809464,1038008769
1785483652161,buy,63978.5,0.00162,1038008768
1785483652161,buy,63978.5,0.01019,1038008767
1785483652161,buy,63978.5,0.04878416,1038008766
1785483651160,buy,63978.5,0.03041584,1038008765
1785483651160,buy,63978.5,0.10561835,1038008764
1785483650829,buy,63978.5,0.00010472,1038008763
1785483650162,buy,63978.5,0.07174506,1038008762
1785483649160,buy,63978.5,0.07160526,1038008761
1785483649160,buy,63978.5,0.00934268,1038008760
1785483648160,buy,63978.5,0.07443827,1038008759
1785492932399,buy,63740.8,0.03,1038043799
1785492930341,buy,63740.8,0.0005839,1038043798
1785492928506,sell,63740.7,0.00071898,1038043797
1785492925043,sell,63740.7,0.00109626,1038043796
1785492924225,sell,63740.7,0.01,1038043795
1785492923444,sell,63740.7,0.00413102,1038043794
1785492923444,sell,63740.7,0.01091468,1038043793
1785492923444,sell,63740.7,0.0069543,1038043792
1785492920437,sell,63740.7,0.00407292,1038043791
1785492920437,sell,63740.7,0.00731708,1038043790
1785492920433,sell,63740.7,0.00397397,1038043789
1785492920433,sell,63740.7,0.00741603,1038043788
1785492920429,sell,63740.7,0.00399144,1038043787
1785492920429,sell,63740.7,0.00778456,1038043786
1785492920425,sell,63740.7,0.00389584,1038043785
1785492920425,sell,63740.7,0.00749416,1038043784
1785492920421,sell,63740.7,0.00430667,1038043783
1785492920421,sell,63740.7,0.00004316,1038043782
1785492920421,sell,63740.7,0.00014674,1038043781
1785492920421,sell,63740.7,0.00822743,1038043780
1785492920418,sell,63740.7,0.00385574,1038043779
1785492920418,sell,63740.7,0.01220775,1038043778
1785492920418,sell,63740.7,0.02711821,1038043777
1785492920123,sell,63740.7,0.0006411,1038043776
1785492917509,sell,63740.7,0.00308499,1038043775
1785492917412,buy,63740.8,0.00005,1038043774
1785492917357,buy,63740.8,0.00003673,1038043773
1785492916506,buy,63740.8,0.00023532,1038043772
1785492914644,sell,63740.7,0.00001224,1038043771
1785492913378,sell,63740.7,0.010963,1038043770
1785492910821,buy,63740.8,0.03,1038043769
1785492908417,buy,63740.8,0.00105655,1038043768
1785492907320,buy,63740.8,0.000114,1038043767
1785492906993,sell,63740.7,0.023,1038043766
1785492906986,sell,63740.7,0.022,1038043765
1785492906634,sell,63740.7,0.020488,1038043764
1785492905763,sell,63740.7,0.004,1038043763
1785492904844,buy,63740.8,0.00068558,1038043762
1785492904410,buy,63740.8,0.00004269,1038043761
1785492903519,buy,63740.8,0.00078442,1038043760
1785492902145,buy,63740.8,0.00132815,1038043759
1785492901625,buy,63740.8,0.00084374,1038043758
1785492901455,buy,63740.8,0.0007044,1038043757
1785492896753,buy,63740.8,0.23358519,1038043756
1785492896753,buy,63740.8,0.26792791,1038043755
1785492896753,buy,63740.8,0.26592,1038043754
1785492896753,buy,63740.8,0.67444557,1038043753
1785492895046,buy,63740.8,0.03953777,1038043752
1785492894828,buy,63740.8,0.01642609,1038043751
1785492894420,sell,63740.7,0.023,1038043750
1785492894325,sell,63740.7,0.02199336,1038043749
1785492893406,sell,63740.7,0.00058473,1038043748
1785492889139,buy,63740.8,0.00308541,1038043747
1785492889106,buy,63740.8,0.0065485,1038043746
1785492887543,sell,63740.8,0.00070436,1038043745
1785492887543,sell,63740.9,0.0000357,1038043744
1785492887543,sell,63740.9,0.00072,1038043743
1785492887543,sell,63743.4,0.00005543,1038043742
1785492887543,sell,63743.4,0.00072,1038043741
1785492887543,sell,63743.4,0.00072,1038043740
1785492887543,sell,63743.4,0.01238562,1038043739
1785492887543,sell,63743.4,0.00716855,1038043738
1785492885651,buy,63743.5,0.00166492,1038043737
1785492882918,buy,63743.5,0.00156878,1038043736
1785492882682,buy,63743.5,0.00497046,1038043735
1785492882682,buy,63743.5,0.02,1038043734
1785492882682,buy,63743.5,0.05959866,1038043733
1785492879596,buy,63743.5,0.66612337,1038043732
1785492879596,buy,63743.5,0.06,1038043731
1785492879596,buy,63743.5,0.0013,1038043730
1785492879596,buy,63743.5,0.0384,1038043729
1785492879596,buy,63743.5,0.00014674,1038043728
1785492879596,buy,63743.5,0.00330228,1038043727
1785492879596,buy,63743.5,0.0031689,1038043726
1785492879596,buy,63743.5,0.02924045,1038043725
1785492878970,sell,63743.4,0.00053505,1038043724
1785492878808,buy,63743.5,0.01725666,1038043723
1785492877465,buy,63743.5,0.00045075,1038043722
1785492874003,sell,63743.4,0.00418519,1038043721
1785492872161,sell,63743.4,0.00017082,1038043720
1785492869298,buy,63743.5,0.00017099,1038043719
1785492868518,buy,63743.5,0.00088532,1038043718
1785492865993,buy,63743.5,0.00460303,1038043717
1785492865294,sell,63743.4,0.0002871,1038043716
1785492862178,sell,63743.4,0.00017239,1038043715
1785492859246,buy,63743.5,0.00017256,1038043714
1785492858346,buy,63743.5,0.01642474,1038043713
1785492858295,buy,63743.5,0.11620635,1038043712
1785492858132,buy,63743.5,0.00003137,1038043711
1785492858132,buy,63743.5,0.00007843,1038043710
1785492857702,sell,63743.4,0.00087136,1038043709
1785492854943,sell,63743.4,0.0001724,1038043708
1785492854886,buy,63743.5,0.00031375,1038043707
1785492854755,sell,63743.4,0.00461462,1038043706
1785492854755,sell,63743.4,0.00540188,1038043705
1785492854112,buy,63743.5,0.00015687,1038043704
1785492853046,buy,63743.5,0.00087224,1038043703
1785492852399,buy,63743.5,0.00301849,1038043702
1785492852397,buy,63741.8,0.00004696,1038043701
1785492852397,buy,63741.8,0.00001576,1038043700
1785492988435,sell,63710.5,0.0007002,1038043982
1785492987634,buy,63710.6,0.00007,1038043981
1785492987282,sell,63710.5,0.0169,1038043980
1785492987282,sell,63710.5,0.1469,1038043979
1785492986033,sell,63710.5,0.0131,1038043978
1785492986033,sell,63710.5,0.0369,1038043977
1785492985995,sell,63710.5,0.0205,1038043976
1785492985710,sell,63710.5,0.0226,1038043975
1785492985463,buy,63710.6,0.10180501,1038043974
1785492985463,buy,63710.6,0.00680788,1038043973
1785492985427,sell,63710.5,0.022,1038043972
1785492985426,sell,63710.5,0.022,1038043971
1785492985047,sell,63710.5,0.00100085,1038043970
1785492981445,sell,63710.5,0.00013172,1038043969
1785492980698,sell,63710.5,0.00180186,1038043968
1785492979154,buy,63710.6,0.00047699,1038043967
1785492976302,sell,63710.5,0.00180194,1038043966
1785492975705,sell,63710.5,0.16,1038043965
1785492975705,sell,63710.5,0.04,1038043964
1785492975705,sell,63710.5,0.08,1038043963
1785492975108,sell,63710.5,0.0388,1038043962
1785492975106,sell,63710.5,0.1212,1038043961
1785492975048,sell,63710.5,0.00105928,1038043960
1785492974906,buy,63710.6,0.00003139,1038043959
1785492974600,sell,63710.5,0.01705,1038043958
1785492973644,sell,63710.5,0.1166,1038043957
1785492973618,sell,63710.5,0.00392399,1038043956
1785492973394,buy,63710.6,0.00004708,1038043955
1785492973180,sell,63710.5,0.012,1038043954
1785492973004,sell,63710.5,0.0314,1038043953
1785492972993,sell,63710.5,0.023,1038043952
1785492972340,sell,63710.5,0.00610282,1038043951
1785492972340,sell,63710.5,0.00663718,1038043950
1785492972340,sell,63710.5,0.01754,1038043949
1785492971979,sell,63710.5,0.006,1038043948
1785492971979,sell,63710.5,0.006,1038043947
1785492971979,sell,63710.5,0.006,1038043946
1785492971979,sell,63710.5,0.00772494,1038043945
1785492970994,buy,63710.6,0.00015695,1038043944
1785492969985,sell,63710.5,0.00360402,1038043943
1785492967773,buy,63710.6,0.00229475,1038043942
1785492966043,buy,63710.6,0.00052828,1038043941
1785492964932,buy,63710.6,0.02205928,1038043940
1785492963736,sell,63710.9,0.00072,1038043939
1785492963736,sell,63712.5,0.00001575,1038043938
1785492963736,sell,63712.6,0.0009429,1038043937
1785492963736,sell,63713.9,0.00072,1038043936
1785492963734,sell,63715.8,0.0009429,1038043935
1785492963734,sell,63716.1,0.00870046,1038043934
1785492963734,sell,63716.1,0.0086117,1038043933
1785492962914,sell,63716.9,0.00072,1038043932
1785492962906,sell,63718.4,0.03205909,1038043931
1785492962906,sell,63718.5,0.0089084,1038043930
1785492962906,sell,63718.5,0.00900023,1038043929
1785492962906,sell,63718.5,0.01983228,1038043928
1785492962900,sell,63718.5,0.03488009,1038043927
1785492962900,sell,63718.8,0.00001575,1038043926
1785492962900,sell,63719,0.0009429,1038043925
1785492962900,sell,63719.3,0.00046015,1038043924
1785492962900,sell,63719.9,0.00072,1038043923
1785492962900,sell,63720.2,0.00001501,1038043922
1785492962900,sell,63720.9,0.00001575,1038043921
1785492962900,sell,63722.2,0.0009429,1038043920
1785492962900,sell,63722.9,0.00072,1038043919
1785492962900,sell,63723,0.00001575,1038043918
1785492962900,sell,63723.2,0.00006733,1038043917
1785492962900,sell,63725,0.00021969,1038043916
1785492962900,sell,63725.1,0.00001575,1038043915
1785492962900,sell,63725.4,0.0009429,1038043914
1785492962900,sell,63725.8,0.00002603,1038043913
1785492962899,sell,63725.9,0.00921463,1038043912
1785492962899,sell,63725.9,0.00930962,1038043911
1785492962899,sell,63725.9,0.00072,1038043910
1785492962899,sell,63725.9,1.00687895,1038043909
1785492962899,sell,63725.9,0.05759584,1038043908
1785492962896,sell,63725.9,0.08,1038043907
1785492962896,sell,63725.9,0.16,1038043906
1785492962889,sell,63725.9,0.04,1038043905
1785492962889,sell,63725.9,0.08,1038043904
1785492962889,sell,63725.9,0.16,1038043903
1785492962873,sell,63725.9,0.52529319,1038043902
1785492962872,sell,63725.9,0.0054,1038043901
1785492962871,sell,63725.9,0.00735195,1038043900
1785492962798,sell,63725.9,0.00643158,1038043899
1785492962798,sell,63726.1,0.00003932,1038043898
1785492962798,sell,63726.1,0.00005698,1038043897
1785492962798,sell,63728.6,0.0009429,1038043896
1785492962798,sell,63728.9,0.00072,1038043895
1785492962798,sell,63729,0.00006194,1038043894
1785492962798,sell,63729.7,0.00953186,1038043893
1785492962798,sell,63729.7,0.00963012,1038043892
1785492962798,sell,63729.7,0.0125853,1038043891
1785492962760,sell,63729.7,0.05477745,1038043890
1785492962760,sell,63730.4,0.00986045,1038043889
1785492962760,sell,63730.4,0.0099621,1038043888
1785492962760,sell,63730.4,0.0054,1038043887
1785492962744,sell,63731.4,0.00001575,1038043886
1785492962744,sell,63731.8,0.0009429,1038043885
1785492962744,sell,63731.9,0.00072,1038043884
1785492962744,sell,63733.5,0.00001575,1038043883
1785493043638,sell,63710.5,0.00042968,1038044027
1785493039732,buy,63710.6,0.00004708,1038044026
1785493039228,sell,63710.5,0.009,1038044025
1785493038791,buy,63710.6,0.00026439,1038044024
1785493038097,buy,63710.6,0.00787947,1038044023
1785493035048,sell,63710.5,0.00112678,1038044022
1785493029261,buy,63710.6,0.00015695,1038044021
1785493029208,buy,63710.6,0.00018207,1038044020
1785493029185,buy,63710.6,0.00298066,1038044019
1785493025028,sell,63710.5,0.00159781,1038044018
1785493024385,buy,63710.6,0.00001,1038044017
1785493022770,sell,63710.5,0.00305289,1038044016
1785493022770,sell,63710.5,0.00235895,1038044015
1785493022770,sell,63710.5,0.00163155,1038044014
1785493022770,sell,63710.5,0.00093089,1038044013
1785493022770,sell,63710.5,0.00396375,1038044012
1785493022759,sell,63710.5,0.00343326,1038044011
1785493022759,sell,63710.5,0.00410389,1038044010
1785493022759,sell,63710.5,0.00282761,1038044009
1785493022759,sell,63710.5,0.00314179,1038044008
1785493021891,buy,63710.6,0.00233287,1038044007
1785493021748,sell,63710.5,0.00016,1038044006
1785493020745,sell,63710.5,0.00023352,1038044005
1785493018707,sell,63710.5,0.00058488,1038044004
1785493014317,buy,63710.6,0.00159941,1038044003
1785493013075,sell,63710.5,0.03933027,1038044002
1785493010817,buy,63710.6,0.00219429,1038044001
1785493009472,buy,63710.6,0.00018723,1038044000
1785493006043,sell,63710.5,0.00159781,1038043999
1785493005650,buy,63710.6,0.00220106,1038043998
1785493005528,buy,63710.6,0.00109871,1038043997
1785493000965,sell,63710.5,0.00106,1038043996
1785492999976,buy,63710.6,0.00017108,1038043995
1785492998630,buy,63710.6,0.00159941,1038043994
1785492997656,sell,63710.5,0.0069,1038043993
1785492996343,sell,63710.5,0.0162,1038043992
1785492995048,sell,63710.5,0.00100094,1038043991
1785492994813,sell,63710.5,0.00022747,1038043990
1785492994126,sell,63710.5,0.03267057,1038043989
1785492991753,buy,63710.6,0.000068,1038043988
1785492991633,buy,63710.6,0.04708792,1038043987
1785492991341,sell,63710.5,0.000346,1038043986
1785492990723,buy,63710.6,0.00018848,1038043985
1785492990016,buy,63710.6,0.00345084,1038043984
1785492989958,sell,63710.5,0.00054026,1038043983
1785493097949,buy,63737.9,0.001095,1038044153
1785493097949,buy,63737.9,0.00000001,1038044152
1785493097949,buy,63737.9,0.00072,1038044151
1785493097947,buy,63735,0.00104,1038044150
1785493097947,buy,63735,0.00532501,1038044149
1785493097947,buy,63735,0.00554572,1038044148
1785493097947,buy,63735,0.0066003,1038044147
1785493097678,sell,63734.9,0.00018024,1038044146
1785493097630,buy,63734.9,0.00072,1038044145
1785493097630,buy,63733.4,0.00001575,1038044144
1785493097630,buy,63731.9,0.00072,1038044143
1785493097630,buy,63731.3,0.00001575,1038044142
1785493097627,buy,63729.2,0.00001575,1038044141
1785493097627,buy,63728.9,0.00072,1038044140
1785493097627,buy,63727.8,0.00022727,1038044139
1785493097627,buy,63727.8,0.01045,1038044138
1785493097627,buy,63727.8,0.01464,1038044137
1785493097627,buy,63727.8,0.00573791,1038044136
1785493097627,buy,63727.8,0.00550959,1038044135
1785493095868,buy,63727.8,0.13166344,1038044134
1785493095868,buy,63727.7,0.00114853,1038044133
1785493095868,buy,63726.8,0.06,1038044132
1785493095868,buy,63726.6,0.06,1038044131
1785493095868,buy,63726.5,0.06,1038044130
1785493095868,buy,63726.2,0.04019673,1038044129
1785493095868,buy,63726.2,0.5,1038044128
1785493095868,buy,63726.2,0.06,1038044127
1785493095868,buy,63725.9,0.37140832,1038044126
1785493095868,buy,63725.9,0.00071983,1038044125
1785493095868,buy,63724.5,0.16500329,1038044124
1785493095868,buy,63724.5,0.00523,1038044123
1785493095868,buy,63724.5,0.00593616,1038044122
1785493095868,buy,63724.5,0.00569998,1038044121
1785493095600,buy,63724.5,0.001095,1038044120
1785493095600,buy,63724.5,0.00001576,1038044119
1785493095598,buy,63724.5,0.00640198,1038044118
1785493095598,buy,63722.9,0.00072,1038044117
1785493095598,buy,63721.5,0.00614118,1038044116
1785493095598,buy,63721.5,0.00589684,1038044115
1785493095592,buy,63721.4,0.03136,1038044114
1785493095592,buy,63721.4,0.00072,1038044113
1785493095592,buy,63721.4,0.00072,1038044112
1785493095592,buy,63721.4,0.00901352,1038044111
1785493094430,buy,63721.4,0.00298119,1038044110
1785493094241,sell,63721.3,0.00394724,1038044109
1785493084596,sell,63721.3,0.00015677,1038044108
1785493083677,sell,63721.3,0.00015676,1038044107
1785493083635,buy,63721.4,0.01938529,1038044106
1785493074299,buy,63721.4,0.00015693,1038044105
1785493072448,sell,63722.9,0.00072,1038044104
1785493072443,sell,63725.9,0.00313844,1038044103
1785493072443,sell,63725.9,0.00072,1038044102
1785493072443,sell,63726.1,0.00072,1038044101
1785493072443,sell,63726.1,0.00071983,1038044100
1785493072443,sell,63726.1,0.00988092,1038044099
1785493072443,sell,63726.1,0.00994864,1038044098
1785493071040,buy,63726.2,0.00015692,1038044097
1785493070454,buy,63726.2,0.00109844,1038044096
1785493070218,buy,63726.2,0.00023381,1038044095
1785493068474,buy,63726.2,0.00156921,1038044094
1785493067865,buy,63726.2,0.00230839,1038044093
1785493063382,sell,63726.1,0.00031384,1038044092
1785493060751,sell,63726.1,0.00016857,1038044091
1785493059880,sell,63726.1,0.00052803,1038044090
1785493059831,buy,63726.1,0.00601165,1038044089
1785493059831,buy,63726.1,0.0059416,1038044088
1785493059829,sell,63726,0.00056715,1038044087
1785493059815,buy,63726.1,0.001095,1038044086
1785493059815,buy,63726.1,0.00000001,1038044085
1785493059815,buy,63725.9,0.00072,1038044084
1785493059812,buy,63723.8,0.00621919,1038044083
1785493059812,buy,63723.8,0.00614673,1038044082
1785493059778,sell,63723.7,0.00090323,1038044081
1785493059727,buy,63722.9,0.00072,1038044080
1785493059727,buy,63722.8,0.00097014,1038044079
1785493059727,buy,63722.8,0.00635882,1038044078
1785493059727,buy,63722.8,0.00643378,1038044077
1785493056465,sell,63722.7,0.001042,1038044076
1785493056417,buy,63722.8,0.00215309,1038044075
1785493056414,buy,63720.8,0.00001575,1038044074
1785493056414,buy,63719.9,0.00072,1038044073
1785493056414,buy,63718.2,0.00068158,1038044072
1785493056414,buy,63717,0.00141548,1038044071
1785493056414,buy,63717,0.00665634,1038044070
1785493056414,buy,63717,0.00657879,1038044069
1785493056414,buy,63717,0.00402843,1038044068
1785493056413,buy,63717,0.0017,1038044067
1785493056412,buy,63717,0.0727,1038044066
1785493056398,buy,63717,0.0007,1038044065
1785493055722,sell,63716.9,0.00152033,1038044064
1785493055697,buy,63716.9,0.00042999,1038044063
1785493055696,buy,63716.9,0.00000001,1038044062
1785493055696,buy,63716.9,0.0031425,1038044061
1785493055696,buy,63716.9,0.00001,1038044060
1785493055691,buy,63716.9,0.00072001,1038044059
1785493055689,buy,63716.9,0.00406996,1038044058
1785493055689,buy,63716.9,0.00072,1038044057
1785493055689,buy,63716.7,0.0031425,1038044056
1785493055689,buy,63716.7,0.00001,1038044055
1785493055689,buy,63716.7,0.00688588,1038044054
1785493153864,buy,63731.1,0.00849088,1038044217
1785493153864,buy,63731.1,0.00496761,1038044216
1785493153864,buy,63731.1,0.00515391,1038044215
1785493153864,buy,63731.1,0.03763455,1038044214
1785493148782,sell,63731,0.00001546,1038044213
1785493148377,buy,63731.1,0.00201471,1038044212
1785493148240,buy,63731.1,0.0003045,1038044211
1785493148118,sell,63731,0.00297872,1038044210
1785493144532,buy,63731.1,0.00010356,1038044209
1785493143378,buy,63731.1,0.00907235,1038044208
1785493143378,buy,63731.1,0.00706696,1038044207
1785493142492,buy,63731.1,0.00884825,1038044206
1785493141194,buy,63731.1,0.01546479,1038044205
1785493141194,buy,63731.1,0.01453521,1038044204
1785493138277,buy,63731.1,0.00065431,1038044203
1785493136846,sell,63731,0.00158129,1038044202
1785493134626,buy,63731.1,0.00176366,1038044201
1785493134612,buy,63731.1,0.00156909,1038044200
1785493133992,buy,63731.1,0.00197541,1038044199
1785493133895,buy,63731.1,0.00156909,1038044198
1785493131650,buy,63731.1,0.00164754,1038044197
1785493128331,buy,63731.1,0.00766569,1038044196
1785493128331,buy,63731.1,0.0051389,1038044195
1785493128331,buy,63731.1,0.00533162,1038044194
1785493122844,buy,63731.1,0.02189706,1038044193
1785493120119,buy,63731,0.00531617,1038044192
1785493120119,buy,63731,0.00551554,1038044191
1785493120113,buy,63730.9,0.03138,1038044190
1785493120113,buy,63730.9,0.00806712,1038044189
1785493118275,buy,63730.9,0.00158288,1038044188
1785493116481,buy,63730.9,0.001095,1038044187
1785493116481,buy,63730.9,0.00265495,1038044186
1785493116479,buy,63730.9,0.00994506,1038044185
1785493116479,buy,63728.9,0.00072,1038044184
1785493116479,buy,63727.5,0.00570609,1038044183
1785493116479,buy,63727.5,0.00549985,1038044182
1785493116473,buy,63727.4,0.00071983,1038044181
1785493116473,buy,63727.4,0.00072,1038044180
1785493116473,buy,63727.4,0.03138,1038044179
1785493116473,buy,63727.4,0.01429099,1038044178
1785493116369,buy,63727.4,0.01708901,1038044177
1785493115871,sell,63728.6,0.0009429,1038044176
1785493115871,sell,63728.9,0.00072,1038044175
1785493115871,sell,63729.3,0.00001575,1038044174
1785493115871,sell,63731.4,0.00001575,1038044173
1785493115871,sell,63731.8,0.0009429,1038044172
1785493115871,sell,63731.9,0.00071983,1038044171
1785493115871,sell,63733.5,0.00001575,1038044170
1785493115871,sell,63734.9,0.00014676,1038044169
1785493115871,sell,63734.9,0.00072,1038044168
1785493115869,sell,63737.8,0.00705716,1038044167
1785493115869,sell,63737.8,0.00072,1038044166
1785493115869,sell,63737.8,0.00072,1038044165
1785493115869,sell,63737.8,0.00072,1038044164
1785493115869,sell,63737.8,0.01054212,1038044163
1785493115869,sell,63737.8,0.01032876,1038044162
1785493113006,sell,63737.8,0.00087647,1038044161
1785493111887,buy,63737.9,0.00015689,1038044160
1785493109180,buy,63737.9,0.00004706,1038044159
1785493107866,buy,63737.9,0.00466638,1038044158
1785493107822,sell,63737.8,0.23392058,1038044157
1785493104204,buy,63737.9,0.00323669,1038044156
1785493101248,buy,63737.9,0.0121651,1038044155
1785493101115,buy,63737.9,0.00849643,1038044154
1785500497837,buy,63752.8,0.00131445,1038061066
1785500497837,buy,63752.8,0.00118608,1038061065
1785500497504,buy,63752.8,0.00248952,1038061064
1785500497504,buy,63752.8,0.00368474,1038061063
1785500497504,buy,63752.8,0.00075249,1038061062
1785500494077,sell,63752.7,0.0001708,1038061061
1785500491423,sell,63752.7,0.00124083,1038061060
1785500488956,buy,63752.8,0.00017097,1038061059
1785500488912,buy,63752.8,0.00277807,1038061058
1785500488912,buy,63752.8,0.00381182,1038061057
1785500488912,buy,63752.8,0.00341011,1038061056
1785500488654,buy,63752.8,0.00039225,1038061055
1785500488025,buy,63752.8,0.02798997,1038061054
1785500486806,sell,63752.7,0.00006738,1038061053
1785500486550,sell,63752.7,0.00082736,1038061052
1785500485603,buy,63752.8,0.00118,1038061051
1785500482710,buy,63752.8,0.00082819,1038061050
1785500480260,sell,63752.7,0.0000111,1038061049
1785500480260,sell,63752.7,0.0000111,1038061048
1785500480260,sell,63752.7,0.0000111,1038061047
1785500480260,sell,63752.7,0.0000111,1038061046
1785500480259,sell,63752.7,0.0000111,1038061045
1785500480259,sell,63752.7,0.0000111,1038061044
1785500480259,sell,63752.7,0.0000111,1038061043
1785500480259,sell,63752.7,0.0000111,1038061042
1785500480259,sell,63752.7,0.0000111,1038061041
1785500480259,sell,63752.7,0.00011114,1038061040
1785500480259,sell,63752.7,0.0000111,1038061039
1785500480259,sell,63752.7,0.0000111,1038061038
1785500480259,sell,63752.7,0.0000111,1038061037
1785500480259,sell,63752.7,0.0000111,1038061036
1785500480259,sell,63752.7,0.0000111,1038061035
1785500480259,sell,63752.7,0.0000111,1038061034
1785500480259,sell,63752.7,0.0000111,1038061033
1785500480259,sell,63752.7,0.0000111,1038061032
1785500480259,sell,63752.7,0.0000111,1038061031
1785500480259,sell,63752.7,0.0000111,1038061030
1785500480259,sell,63752.7,0.0000111,1038061029
1785500480259,sell,63752.7,0.00006666,1038061028
1785500480259,sell,63752.7,0.0000111,1038061027
1785500480259,sell,63752.7,0.0000111,1038061026
1785500480259,sell,63752.7,0.0000111,1038061025
1785500480259,sell,63752.7,0.0000111,1038061024
1785500480259,sell,63752.7,0.0000111,1038061023
1785500480259,sell,63752.7,0.0000111,1038061022
1785500480259,sell,63752.7,0.0000111,1038061021
1785500480259,sell,63752.7,0.0000111,1038061020
1785500480259,sell,63752.7,0.0000111,1038061019
1785500480259,sell,63752.7,0.0000111,1038061018
1785500480259,sell,63752.7,0.0000111,1038061017
1785500480259,sell,63752.7,0.0000111,1038061016
1785500480259,sell,63752.7,0.0000111,1038061015
1785500480259,sell,63752.7,0.0000111,1038061014
1785500480259,sell,63752.7,0.0000111,1038061013
1785500480259,sell,63752.7,0.0000111,1038061012
1785500480259,sell,63752.7,0.0000111,1038061011
1785500480259,sell,63752.7,0.0000111,1038061010
1785500480259,sell,63752.7,0.0000111,1038061009
1785500480259,sell,63752.7,0.00011114,1038061008
1785500480259,sell,63752.7,0.0000111,1038061007
1785500480259,sell,63752.7,0.0000111,1038061006
1785500480259,sell,63752.7,0.0000111,1038061005
1785500480259,sell,63752.7,0.0000111,1038061004
1785500480259,sell,63752.7,0.0000111,1038061003
1785500480120,buy,63752.8,0.00357012,1038061002
1785500480120,buy,63752,0.00393355,1038061001
1785500480120,buy,63752,0.00394333,1038061000
1785500480120,buy,63751.9,0.01,1038060999
1785500480111,buy,63751.8,0.01,1038060998
1785500480111,buy,63751.7,0.01,1038060997
1785500480111,buy,63751.5,0.00406924,1038060996
1785500480111,buy,63751.5,0.00407937,1038060995
1785500479136,buy,63751.5,0.01771971,1038060994
1785500479136,buy,63751,0.05654025,1038060993
1785500479136,buy,63751,0.00004279,1038060992
1785500479136,buy,63751,0.00002894,1038060991
1785500479136,buy,63751,0.0042096,1038060990
1785500479136,buy,63751,0.00422007,1038060989
1785500478092,sell,63750.9,0.00097961,1038060988
1785500478063,sell,63750.9,0.00016625,1038060987
1785500474932,buy,63751,0.00031372,1038060986
1785500474927,buy,63751,0.00122821,1038060985
1785500473974,sell,63750.9,0.00011446,1038060984
1785500473974,sell,63750.9,0.00000001,1038060983
1785500473191,buy,63750.2,0.00001575,1038060982
1785500473191,buy,63750,0.0001208,1038060981
1785500473183,buy,63748.1,0.00001575,1038060980
1785500473183,buy,63746,0.00001575,1038060979
1785500473183,buy,63744.5,0.00004511,1038060978
1785500473183,buy,63744.5,0.00003023,1038060977
1785500473183,buy,63744,0.0005,1038060976
1785500473183,buy,63744,0.00039831,1038060975
1785500473180,buy,63744,0.2494188,1038060974
1785500473180,buy,63744,0.00436647,1038060973
1785500473180,buy,63744,0.00435564,1038060972
1785500473180,buy,63744,0.41685909,1038060971
1785500473032,buy,63744,0.08,1038060970
1785500473030,buy,63744,0.00001501,1038060969
1785500473030,buy,63744,0.00001501,1038060968
1785500473030,buy,63744,0.00001501,1038060967
1785500553530,buy,63753.3,0.00082662,1038061141
1785500552894,sell,63753.2,0.00012974,1038061140
1785500552148,sell,63753.2,0.00144224,1038061139
1785500550821,sell,63754.1,0.0001,1038061138
1785500550821,sell,63754.5,0.00001574,1038061137
1785500550819,sell,63759.1,0.01275339,1038061136
1785500550819,sell,63759.1,0.01277843,1038061135
1785500549347,buy,63759.1,0.00174163,1038061134
1785500549347,buy,63757.5,0.00300613,1038061133
1785500549347,buy,63757.5,0.00302204,1038061132
1785500549340,buy,63757.5,0.00001,1038061131
1785500549333,buy,63757.4,0.00006273,1038061130
1785500549331,buy,63757.3,0.00153203,1038061129
1785500549331,buy,63756.5,0.00001575,1038061128
1785500549331,buy,63756.2,0.00006249,1038061127
1785500549331,buy,63756.2,0.00004732,1038061126
1785500549331,buy,63754.5,0.00311011,1038061125
1785500549331,buy,63754.5,0.00313692,1038061124
1785500548421,buy,63754.5,0.00846863,1038061123
1785500547207,buy,63754.5,0.0076073,1038061122
1785500546916,buy,63754.5,0.00156851,1038061121
1785500546274,buy,63754.4,0.00001575,1038061120
1785500546274,buy,63753.5,0.00004079,1038061119
1785500546274,buy,63753.5,0.0000278,1038061118
1785500546274,buy,63752.8,0.0012,1038061117
1785500546274,buy,63752.8,0.00156619,1038061116
1785500546274,buy,63752.8,0.00324523,1038061115
1785500546274,buy,63752.8,0.0032175,1038061114
1785500545327,buy,63752.8,0.00001501,1038061113
1785500545327,buy,63752.8,0.00001501,1038061112
1785500545327,buy,63752.8,0.00001501,1038061111
1785500545327,buy,63752.8,0.00001501,1038061110
1785500545327,buy,63752.8,0.00001501,1038061109
1785500545327,buy,63752.8,0.00001501,1038061108
1785500544551,sell,63752.7,0.03754288,1038061107
1785500544551,sell,63752.7,0.03594012,1038061106
1785500543732,buy,63752.8,0.00003137,1038061105
1785500541611,buy,63752.8,0.00470567,1038061104
1785500540593,buy,63752.8,0.00003137,1038061103
1785500539634,sell,63752.7,0.0047,1038061102
1785500539421,buy,63752.8,0.00470965,1038061101
1785500539235,sell,63752.7,0.00098961,1038061100
1785500537521,buy,63752.8,0.00661931,1038061099
1785500536532,buy,63752.8,0.00003137,1038061098
1785500533892,buy,63752.8,0.00002195,1038061097
1785500532438,sell,63752.7,0.00158108,1038061096
1785500531711,buy,63752.8,0.00156855,1038061095
1785500527811,buy,63752.8,0.00158267,1038061094
1785500527426,buy,63752.8,0.00085522,1038061093
1785500527426,buy,63752.8,0.00332843,1038061092
1785500527426,buy,63752.8,0.00298936,1038061091
1785500526782,sell,63752.7,0.00038919,1038061090
1785500524388,buy,63752.8,0.00036776,1038061089
1785500524388,buy,63752.8,0.0012,1038061088
1785500522455,sell,63752.7,0.01663,1038061087
1785500522255,buy,63752.8,0.03775341,1038061086
1785500522255,buy,63752.8,0.05653391,1038061085
1785500522255,buy,63752.8,0.0034432,1038061084
1785500522255,buy,63752.8,0.00347287,1038061083
1785500518915,sell,63752.7,0.000922,1038061082
1785500513700,buy,63752.8,0.00610796,1038061081
1785500512529,buy,63752.8,0.0465,1038061080
1785500511488,buy,63752.8,0.00018979,1038061079
1785500510651,buy,63752.8,0.01,1038061078
1785500506909,buy,63752.8,0.09434574,1038061077
1785500506909,buy,63752.8,0.05653289,1038061076
1785500506909,buy,63752.8,0.00240654,1038061075
1785500506909,buy,63752.8,0.00356192,1038061074
1785500506909,buy,63752.8,0.00026663,1038061073
1785500506909,buy,63752.8,0.09479992,1038061072
1785500503292,buy,63752.8,0.39816671,1038061071
1785500503292,buy,63752.8,0.55003795,1038061070
1785500503292,buy,63752.8,0.0012,1038061069
1785500501682,sell,63752.7,0.00039185,1038061068
1785500498969,sell,63752.7,0.00015544,1038061067
1785500608824,buy,63724.1,0.01964053,1038061250
1785500608824,buy,63724.1,0.00043422,1038061249
1785500608824,buy,63724.1,0.00575875,1038061248
1785500608824,buy,63724.1,0.00557863,1038061247
1785500605785,buy,63724.1,0.00017104,1038061246
1785500601919,sell,63724,0.00059601,1038061245
1785500601904,buy,63722.9,0.00001575,1038061244
1785500601904,buy,63721.6,0.00595763,1038061243
1785500601904,buy,63721.6,0.00594824,1038061242
1785500601868,buy,63720.8,0.00001575,1038061241
1785500601868,buy,63717.6,0.00615385,1038061240
1785500601868,buy,63717.6,0.00616356,1038061239
1785500601868,buy,63717.6,0.0053667,1038061238
1785500601815,buy,63716.6,0.00001575,1038061237
1785500601815,buy,63714.5,0.00001575,1038061236
1785500601815,buy,63713.9,0.00001193,1038061235
1785500601815,buy,63713.9,0.00010073,1038061234
1785500601815,buy,63713.9,0.00005691,1038061233
1785500601812,buy,63711.7,0.00637683,1038061232
1785500601812,buy,63711.7,0.00636678,1038061231
1785500601812,buy,63711.7,0.17343575,1038061230
1785500601812,buy,63711.7,0.00896972,1038061229
1785500601812,buy,63711.7,0.04183168,1038061228
1785500601809,buy,63711.7,0.21053737,1038061227
1785500601808,buy,63711.7,0.06477278,1038061226
1785500601808,buy,63711.7,0.03923932,1038061225
1785500601808,buy,63711.7,0.00658631,1038061224
1785500601808,buy,63711.7,0.00628645,1038061223
1785500601764,buy,63711.7,0.00031025,1038061222
1785500590256,buy,63711.7,0.00093603,1038061221
1785500588171,buy,63711.7,0.00169984,1038061220
1785500587388,sell,63711.6,0.00077253,1038061219
1785500587143,buy,63711.7,0.00424579,1038061218
1785500587143,buy,63711.7,0.0013,1038061217
1785500586414,sell,63711.6,0.00108796,1038061216
1785500586414,sell,63712.5,0.00001575,1038061215
1785500586414,sell,63712.6,0.0009429,1038061214
1785500586414,sell,63713.6,0.00001501,1038061213
1785500586414,sell,63714.6,0.00001575,1038061212
1785500586414,sell,63715.8,0.0009429,1038061211
1785500586414,sell,63716.7,0.00001575,1038061210
1785500586414,sell,63717.5,0.00002753,1038061209
1785500586414,sell,63717.5,0.00942279,1038061208
1785500586414,sell,63717.5,0.00941203,1038061207
1785500585389,sell,63718.8,0.00001575,1038061206
1785500585389,sell,63719,0.0009429,1038061205
1785500585389,sell,63719.3,0.00046015,1038061204
1785500585389,sell,63720,0.00001501,1038061203
1785500585389,sell,63720.9,0.00001575,1038061202
1785500585389,sell,63722.2,0.0009429,1038061201
1785500585389,sell,63723,0.00001575,1038061200
1785500585389,sell,63725,0.0001208,1038061199
1785500585389,sell,63725.4,0.00021869,1038061198
1785500585387,sell,63725.4,0.00072421,1038061197
1785500585387,sell,63725.5,0.00949314,1038061196
1785500585387,sell,63725.5,0.00002753,1038061195
1785500585387,sell,63725.5,0.00974669,1038061194
1785500585387,sell,63725.5,0.00024243,1038061193
1785500585385,sell,63725.5,0.00679301,1038061192
1785500584958,sell,63725.5,0.00006583,1038061191
1785500584376,sell,63725.5,0.00296165,1038061190
1785500582912,buy,63725.6,0.00031384,1038061189
1785500580952,sell,63725.5,0.01727099,1038061188
1785500580886,buy,63725.6,0.00015686,1038061187
1785500580700,sell,63727.2,0.00001575,1038061186
1785500580696,sell,63728.6,0.01008243,1038061185
1785500580696,sell,63728.6,0.01040957,1038061184
1785500579398,buy,63728.7,0.0000659,1038061183
1785500575946,sell,63728.6,0.00000001,1038061182
1785500575946,sell,63728.6,0.0009429,1038061181
1785500575937,sell,63731.4,0.00001575,1038061180
1785500575937,sell,63731.8,0.0009429,1038061179
1785500575935,sell,63734.5,0.0021311,1038061178
1785500575934,sell,63735.6,0.0104292,1038061177
1785500575934,sell,63735.6,0.01057906,1038061176
1785500575438,sell,63735.6,0.00018856,1038061175
1785500575191,sell,63735.6,0.000219,1038061174
1785500575191,sell,63735.6,0.00214686,1038061173
1785500575185,sell,63739.2,0.00001501,1038061172
1785500575185,sell,63739.8,0.00001575,1038061171
1785500575182,sell,63740.8,0.01078813,1038061170
1785500575182,sell,63740.8,0.01113821,1038061169
1785500574869,sell,63741.9,0.00001575,1038061168
1785500574869,sell,63744,0.00001575,1038061167
1785500574866,sell,63746.1,0.01,1038061166
1785500574866,sell,63746.2,0.01,1038061165
1785500574866,sell,63746.3,0.01115944,1038061164
1785500574866,sell,63746.3,0.01152159,1038061163
1785500574866,sell,63746.3,0.01,1038061162
1785500574813,sell,63747.1,0.00068039,1038061161
1785500574811,sell,63748.2,0.00075249,1038061160
1785500574811,sell,63748.2,0.011544,1038061159
1785500574811,sell,63748.2,0.01148865,1038061158
1785500573499,buy,63748.3,0.04329815,1038061157
1785500572567,sell,63748.2,0.00043,1038061156
1785500572523,sell,63750.3,0.00001575,1038061155
1785500572521,sell,63751.4,0.00219603,1038061154
1785500572521,sell,63752.7,0.24860628,1038061153
1785500572521,sell,63752.7,0.01719747,1038061152
1785500572521,sell,63753.2,0.01194144,1038061151
1785500662888,buy,63734.9,0.001,1038061308
1785500662237,buy,63734.9,0.00082372,1038061307
1785500659964,buy,63734.9,0.0002071,1038061306
1785500658314,sell,63734.8,0.00082447,1038061305
1785500658302,buy,63734.9,0.00007844,1038061304
1785500657599,buy,63734.9,0.02324472,1038061303
1785500657340,sell,63734.8,0.12414491,1038061302
1785500657340,sell,63734.8,0.01047679,1038061301
1785500657340,sell,63734.8,0.00888785,1038061300
1785500656454,buy,63734.9,0.00062603,1038061299
1785500654022,buy,63734.9,0.00065301,1038061298
1785500654022,buy,63734.9,0.00017228,1038061297
1785500652347,sell,63734.8,0.00158153,1038061296
1785500651287,buy,63734.9,0.0000434,1038061295
1785500648922,sell,63734.8,0.44434629,1038061294
1785500648922,sell,63734.8,0.02981538,1038061293
1785500648922,sell,63734.8,0.01083039,1038061292
1785500648922,sell,63734.8,0.01059805,1038061291
1785500648818,sell,63734.8,0.00008,1038061290
1785500648212,sell,63734.8,0.00016,1038061289
1785500643962,sell,63734.8,0.00084,1038061288
1785500643082,sell,63734.8,0.00381261,1038061287
1785500642584,buy,63734.9,0.00158312,1038061286
1785500642113,buy,63734.9,0.00194555,1038061285
1785500637113,buy,63734.9,0.00259355,1038061284
1785500636395,buy,63733.4,0.00001575,1038061283
1785500636395,buy,63731.8,0.00009982,1038061282
1785500636395,buy,63731.8,0.00004896,1038061281
1785500636395,buy,63730.5,0.00501983,1038061280
1785500636395,buy,63730.5,0.00502775,1038061279
1785500635822,buy,63730.2,0.00010205,1038061278
1785500635822,buy,63730.2,0.00005079,1038061277
1785500635822,buy,63729.5,0.00068019,1038061276
1785500635820,buy,63728.8,0.24987946,1038061275
1785500635820,buy,63728.8,0.00519312,1038061274
1785500635820,buy,63728.8,0.00520132,1038061273
1785500630559,buy,63728.8,0.01569149,1038061272
1785500626789,buy,63727.1,0.00001575,1038061271
1785500626789,buy,63725.6,0.00001027,1038061270
1785500626789,buy,63724.2,0.00001261,1038061269
1785500626789,buy,63724.2,0.00010139,1038061268
1785500626789,buy,63724.2,0.00005379,1038061267
1785500626789,buy,63724.1,0.00538126,1038061266
1785500626789,buy,63724.1,0.00537278,1038061265
1785500626281,buy,63724.1,0.00001532,1038061264
1785500625697,buy,63724.1,0.00696594,1038061263
1785500625697,buy,63724.1,0.00555803,1038061262
1785500625697,buy,63724.1,0.00547674,1038061261
1785500624670,buy,63724.1,0.00001501,1038061260
1785500624670,buy,63724.1,0.00001501,1038061259
1785500624670,buy,63724.1,0.00001501,1038061258
1785500624670,buy,63724.1,0.00001501,1038061257
1785500624670,buy,63724.1,0.00001501,1038061256
1785500624670,buy,63724.1,0.00001501,1038061255
1785500624645,sell,63724,0.00183902,1038061254
1785500623386,sell,63724,0.000309,1038061253
1785500617543,sell,63724,0.00011,1038061252
1785500613078,buy,63724.1,0.00113928,1038061251
1785500717800,buy,63749.2,0.0062899,1038061445
1785500717756,buy,63749.2,0.00083138,1038061444
1785500716623,buy,63749.2,0.00167933,1038061443
1785500716387,sell,63749.1,0.00046229,1038061442
1785500715890,sell,63749.1,0.00063583,1038061441
1785500715834,buy,63749.2,0.00167531,1038061440
1785500711954,buy,63749.2,0.00156864,1038061439
1785500710908,buy,63749.2,0.00003137,1038061438
1785500709959,sell,63749.1,0.08186968,1038061437
1785500709959,sell,63749.1,0.00674443,1038061436
1785500709527,buy,63749.2,0.00001006,1038061435
1785500709527,buy,63749.2,0.00001006,1038061434
1785500709527,buy,63749.2,0.00001006,1038061433
1785500709527,buy,63749.2,0.00001006,1038061432
1785500709527,buy,63749.2,0.00001006,1038061431
1785500709527,buy,63749.2,0.00001006,1038061430
1785500709527,buy,63749.2,0.00001006,1038061429
1785500709527,buy,63749.2,0.00001006,1038061428
1785500709527,buy,63749.2,0.00001006,1038061427
1785500709527,buy,63749.2,0.00001006,1038061426
1785500709527,buy,63749.2,0.00001006,1038061425
1785500709527,buy,63749.2,0.00001006,1038061424
1785500709527,buy,63749.2,0.00001006,1038061423
1785500709527,buy,63749.2,0.00001006,1038061422
1785500709527,buy,63749.2,0.00001006,1038061421
1785500709527,buy,63749.2,0.00001006,1038061420
1785500709527,buy,63749.2,0.00001006,1038061419
1785500709527,buy,63749.2,0.00001006,1038061418
1785500709527,buy,63749.2,0.00001006,1038061417
1785500709527,buy,63749.2,0.00001006,1038061416
1785500709527,buy,63749.2,0.00001006,1038061415
1785500709527,buy,63749.2,0.00001006,1038061414
1785500709527,buy,63749.2,0.00001006,1038061413
1785500709527,buy,63749.2,0.00001006,1038061412
1785500709527,buy,63749.2,0.00001006,1038061411
1785500709527,buy,63749.2,0.00001006,1038061410
1785500709527,buy,63749.2,0.00001006,1038061409
1785500709527,buy,63749.2,0.00001006,1038061408
1785500709527,buy,63749.2,0.00001006,1038061407
1785500709527,buy,63749.2,0.00001006,1038061406
1785500709527,buy,63749.2,0.00001006,1038061405
1785500709527,buy,63749.2,0.00001006,1038061404
1785500709527,buy,63749.2,0.00001006,1038061403
1785500709527,buy,63749.2,0.00001006,1038061402
1785500709527,buy,63749.2,0.00001006,1038061401
1785500709527,buy,63749.2,0.00001006,1038061400
1785500709527,buy,63749.2,0.00001006,1038061399
1785500709527,buy,63749.2,0.00001006,1038061398
1785500709527,buy,63749.2,0.00001006,1038061397
1785500709527,buy,63749.2,0.00001006,1038061396
1785500709527,buy,63749.2,0.00001006,1038061395
1785500709527,buy,63749.2,0.00001006,1038061394
1785500709527,buy,63749.2,0.00001006,1038061393
1785500709527,buy,63749.2,0.00001006,1038061392
1785500709527,buy,63749.2,0.00001006,1038061391
1785500709527,buy,63749.2,0.00001006,1038061390
1785500709516,buy,63749.2,0.00015,1038061389
1785500709143,buy,63749.2,0.00003137,1038061388
1785500707155,buy,63749.2,0.00023529,1038061387
1785500705292,buy,63749.2,0.00001254,1038061386
1785500705013,buy,63749.2,0.00001568,1038061385
1785500703653,buy,63749.2,0.00001012,1038061384
1785500703504,sell,63749.1,0.00043742,1038061383
1785500703456,buy,63749.2,0.000219,1038061382
1785500703453,buy,63749.2,0.00005754,1038061381
1785500703451,buy,63748.4,0.0000327,1038061380
1785500703451,buy,63748.4,0.00002483,1038061379
1785500703451,buy,63747.1,0.00046982,1038061378
1785500703451,buy,63747.1,0.00518076,1038061377
1785500703451,buy,63747.1,0.00518204,1038061376
1785500703229,sell,63747,0.00050461,1038061375
1785500703229,sell,63747,0.00000001,1038061374
1785500703212,buy,63746,0.00001575,1038061373
1785500703212,buy,63745.9,0.00002559,1038061372
1785500703212,buy,63745.9,0.00001795,1038061371
1785500703209,buy,63744.8,0.000219,1038061370
1785500703207,buy,63745.9,0.00001576,1038061369
1785500703207,buy,63744.8,0.001771,1038061368
1785500703201,buy,63744.6,0.00536726,1038061367
1785500703201,buy,63744.6,0.00536104,1038061366
1785500703178,sell,63744.5,0.0007831,1038061365
1785500703178,sell,63744.5,0.00001,1038061364
1785500703161,buy,63743,0.00554612,1038061363
1785500703161,buy,63743,0.00554256,1038061362
1785500703157,buy,63743,0.00001,1038061361
1785500703154,buy,63743,0.00055671,1038061360
1785500703153,buy,63743,0.00001576,1038061359
1785500703150,buy,63741.8,0.00001575,1038061358
1785500703150,buy,63741.3,0.0057442,1038061357
1785500703150,buy,63741.3,0.00573754,1038061356
1785500703150,buy,63741.3,0.00211241,1038061355
1785500703145,buy,63741.3,0.08,1038061354
1785500703132,buy,63740.2,0.08238949,1038061353
1785500703131,buy,63740.2,0.00003151,1038061352
1785500703131,buy,63740.2,0.00068019,1038061351
1785500703131,buy,63739.3,0.00046015,1038061350
1785500703131,buy,63739.2,0.00314145,1038061349
1785500703128,buy,63737.1,0.082421,1038061348
1785500703128,buy,63736.2,0.00009686,1038061347
1785500703128,buy,63736.2,0.00004748,1038061346
1785509718290,buy,62638.1,0.00004155,1038163096
1785509718290,buy,62638.1,0.00004155,1038163095
1785509718290,buy,62638.1,0.00004155,1038163094
1785509718290,buy,62638.1,0.00004155,1038163093
1785509718290,buy,62638.1,0.00004155,1038163092
1785509718066,buy,62638.1,0.00704708,1038163091
1785509718066,buy,62638.1,0.00030598,1038163090
1785509718066,buy,62638.1,0.00030597,1038163089
1785509718066,buy,62638.1,0.00017284,1038163088
1785509718066,buy,62638.1,0.01071935,1038163087
1785509718066,buy,62638.1,0.01650377,1038163086
1785509716883,sell,62638,0.00043767,1038163085
1785509716042,buy,62638.1,0.00005,1038163084
1785509715623,sell,62638,0.01335145,1038163083
1785509714311,sell,62638,0.00008594,1038163082
1785509714281,sell,62638,0.13071132,1038163081
1785509714281,sell,62638,0.00558926,1038163080
1785509713923,sell,62638,0.00012187,1038163079
1785509713633,buy,62638.1,0.00031929,1038163078
1785509713519,buy,62638.1,0.00047894,1038163077
1785509712752,buy,62637.1,0.00014433,1038163076
1785509712752,buy,62637.1,0.00020046,1038163075
1785509712752,buy,62637.1,0.01107908,1038163074
1785509712464,buy,62637.1,0.00001,1038163073
1785509712244,sell,62637,0.00162531,1038163072
1785509711087,sell,62637,0.00023412,1038163071
1785509711048,buy,62637.1,0.00000001,1038163070
1785509711048,buy,62637.1,0.0013,1038163069
1785509711038,buy,62634.6,0.00001603,1038163068
1785509711036,buy,62633.2,0.00001501,1038163067
1785509711036,buy,62633.1,0.00029828,1038163066
1785509711036,buy,62632.5,0.00001603,1038163065
1785509711036,buy,62629.5,0.03197477,1038163064
1785509711036,buy,62629.5,0.0003809,1038163063
1785509711036,buy,62629.5,0.0003809,1038163062
1785509711036,buy,62629.5,0.00029531,1038163061
1785509711036,buy,62629.5,0.01147244,1038163060
1785509711036,buy,62629.5,0.00711895,1038163059
1785509710852,sell,62629.4,0.00034697,1038163058
1785509710831,buy,62628,0.00038091,1038163057
1785509710831,buy,62628,0.01186821,1038163056
1785509710831,buy,62628,0.06895721,1038163055
1785509710828,buy,62628,0.02306762,1038163054
1785509710828,buy,62628,0.03177581,1038163053
1785509710828,buy,62628,0.01675859,1038163052
1785509710828,buy,62628,0.05966077,1038163051
1785509710828,buy,62628,0.00038091,1038163050
1785509710828,buy,62628,0.00038091,1038163049
1785509710828,buy,62628,0.01227741,1038163048
1785509710802,sell,62627.9,0.00037267,1038163047
1785509710757,buy,62627.9,0.00038091,1038163046
1785509710757,buy,62627.9,0.00001,1038163045
1785509710757,buy,62627.9,0.0003809,1038163044
1785509710750,sell,62627.8,0.0004353,1038163043
1785509710750,sell,62627.8,0.00000001,1038163042
1785509710713,buy,62627.8,0.00114612,1038163041
1785509710702,buy,62626.9,0.00001501,1038163040
1785509710702,buy,62626.8,0.00114908,1038163039
1785509710702,buy,62626.3,0.00001603,1038163038
1785509710702,buy,62624.3,0.00001603,1038163037
1785509710700,buy,62622,0.00033671,1038163036
1785509710700,buy,62622,0.00038094,1038163035
1785509710700,buy,62622,0.00033672,1038163034
1785509710700,buy,62622,0.00038095,1038163033
1785509710700,buy,62622,0.052185,1038163032
1785509710700,buy,62622,0.01270153,1038163031
1785509710700,buy,62622,0.00015369,1038163030
1785509710700,buy,62622,0.0005562,1038163029
1785509710700,buy,62622,0.01424982,1038163028
1785509710699,buy,62622,0.2003627,1038163027
1785509710699,buy,62622,0.12603557,1038163026
1785509710507,buy,62621.9,0.00045135,1038163025
1785509710504,buy,62621.6,0.00116586,1038163024
1785509710501,buy,62617.9,0.02940357,1038163023
1785509710499,buy,62616.6,0.25,1038163022
1785509710499,buy,62616.6,0.29364664,1038163021
1785509710499,buy,62616.6,0.03032981,1038163020
1785509710498,buy,62616.6,0.41917355,1038163019
1785509710498,buy,62616.6,0.01037885,1038163018
1785509710039,buy,62616.6,0.00068352,1038163017
1785509709344,buy,62616.6,0.00161139,1038163016
1785509708917,buy,62616.6,0.00046644,1038163015
1785509708917,buy,62616.6,0.00001266,1038163014
1785509708285,sell,62616.5,0.00209967,1038163013
1785509707431,buy,62616.6,0.00134019,1038163012
1785509707431,buy,62616.6,0.00051,1038163011
1785509705816,sell,62616.5,0.01725,1038163010
1785509705660,sell,62616.5,0.00487709,1038163009
1785509705660,sell,62616.6,0.01277883,1038163008
1785509705659,sell,62616.7,0.00060399,1038163007
1785509705659,sell,62618.1,0.00006191,1038163006
1785509705659,sell,62618.1,0.00001416,1038163005
1785509705659,sell,62619.6,0.00032941,1038163004
1785509705659,sell,62619.6,0.00036841,1038163003
1785509705659,sell,62619.6,0.0029272,1038163002
1785509705659,sell,62619.6,0.000039,1038163001
1785509705649,buy,62619.7,0.00158,1038163000
1785509705313,sell,62619.6,0.00145732,1038162999
1785509704942,sell,62619.6,0.00079998,1038162998
1785509704928,buy,62619.7,0.00009901,1038162997
1785509773068,buy,62666.4,0.000219,1038163908
1785509773066,buy,62665.1,0.00114495,1038163907
1785509773066,buy,62665.1,0.00014517,1038163906
1785509773066,buy,62665.1,0.00014517,1038163905
1785509773066,buy,62665.1,0.0005796,1038163904
1785509773066,buy,62665.1,0.00060509,1038163903
1785509773066,buy,62665.1,0.0067548,1038163902
1785509772984,sell,62665,0.00082812,1038163901
1785509772288,buy,62665.1,0.00159578,1038163900
1785509771623,buy,62665.1,0.00075959,1038163899
1785509770994,buy,62665.1,0.00012766,1038163898
1785509770385,buy,62665.1,0.00001603,1038163897
1785509770383,buy,62664.2,0.000015,1038163896
1785509770383,buy,62663.5,0.00001602,1038163895
1785509770383,buy,62661.5,0.00001602,1038163894
1785509770383,buy,62660.3,0.00389917,1038163893
1785509770383,buy,62659.2,0.00698849,1038163892
1785509770383,buy,62659.2,0.00001674,1038163891
1785509770383,buy,62659.2,0.01,1038163890
1785509770383,buy,62659.2,0.00046015,1038163889
1785509770381,sell,62659.1,0.00799,1038163888
1785509770376,buy,62659.1,0.0013,1038163887
1785509770376,buy,62659.1,0.01,1038163886
1785509770372,buy,62659,0.00722948,1038163885
1785509770372,buy,62659,0.01,1038163884
1785509770255,buy,62658.8,0.00105366,1038163883
1785509770255,buy,62658.2,0.00747885,1038163882
1785509770254,sell,62658.1,0.00023449,1038163881
1785509770214,buy,62657.9,0.000015,1038163880
1785509770214,buy,62657,0.00773689,1038163879
1785509770138,buy,62657,0.00156216,1038163878
1785509770136,buy,62656.6,0.00049984,1038163877
1785509770136,buy,62656.6,0.00069934,1038163876
1785509770136,buy,62656.6,0.0002999,1038163875
1785509770136,buy,62655.3,0.00001602,1038163874
1785509770136,buy,62653.2,0.00001602,1038163873
1785509770136,buy,62651.5,0.00800438,1038163872
1785509770114,buy,62651.5,0.00004829,1038163871
1785509770112,buy,62651.5,0.000219,1038163870
1785509770112,buy,62650.1,0.00001726,1038163869
1785509770110,buy,62648,0.00828083,1038163868
1785509770097,buy,62647.9,0.03409011,1038163867
1785509770097,buy,62647.9,0.09050989,1038163866
1785509769844,buy,62647.9,0.00079811,1038163865
1785509769527,buy,62647.8,0.00729114,1038163864
1785509769527,buy,62647.1,0.00071701,1038163863
1785509769527,buy,62645.3,0.00017468,1038163862
1785509769527,buy,62642.5,0.00001783,1038163861
1785509769527,buy,62640.5,0.00856734,1038163860
1785509767254,sell,62645.2,0.00472988,1038163859
1785509767253,sell,62645.2,0.00000001,1038163858
1785509767253,sell,62645.2,0.00292133,1038163857
1785509767250,sell,62645.2,0.004883,1038163856
1785509767250,sell,62645.2,0.00000999,1038163855
1785509767250,sell,62645.2,0.00000001,1038163854
1785509767247,sell,62645.2,0.01199999,1038163853
1785509767247,sell,62645.2,0.00808378,1038163852
1785509766735,sell,62650.1,0.00809049,1038163851
1785509766638,sell,62650.1,0.01399986,1038163850
1785509766633,sell,62650.1,0.01399986,1038163849
1785509766632,sell,62650.1,0.01399986,1038163848
1785509766631,sell,62650.1,0.01399986,1038163847
1785509766631,sell,62650.1,0.01399986,1038163846
1785509766629,sell,62650.1,0.01399986,1038163845
1785509766623,sell,62650.1,0.02275717,1038163844
1785509766623,sell,62650.1,0.00297683,1038163843
1785509766618,sell,62650.1,0.00022025,1038163842
1785509766610,buy,62650.2,0.06223,1038163841
1785509766591,buy,62650.2,0.07853989,1038163840
1785509766591,buy,62650.2,0.00146011,1038163839
1785509766572,buy,62650.2,0.00641107,1038163838
1785509766572,buy,62650.2,0.00284174,1038163837
1785509766572,buy,62650.2,0.00305187,1038163836
1785509766572,buy,62650.2,0.00352216,1038163835
1785509766572,buy,62650.2,0.00335916,1038163834
1785509766566,buy,62650,0.0001208,1038163833
1785509766562,buy,62647.1,0.00814298,1038163832
1785509766554,buy,62647.1,0.00000001,1038163831
1785509766554,buy,62647.1,0.11512136,1038163830
1785509766554,buy,62647.1,0.04687864,1038163829
1785509766554,buy,62647.1,0.05750807,1038163828
1785509766554,buy,62647.1,0.00842375,1038163827
1785509766554,buy,62647.1,0.0007,1038163826
1785509766554,buy,62647.1,0.4115,1038163825
1785509766549,buy,62647.1,0.08926,1038163824
1785509766544,buy,62647.1,0.0083,1038163823
1785509766537,buy,62647.1,0.064433,1038163822
1785509766531,buy,62649.9,0.00012081,1038163821
1785509766527,buy,62643,0.08927857,1038163820
1785509766527,buy,62642.9,0.16001838,1038163819
1785509766527,buy,62642.8,0.41161112,1038163818
1785509766527,buy,62642.8,0.162,1038163817
1785509766527,buy,62642.8,0.0307,1038163816
1785509766527,buy,62642.8,0.15614224,1038163815
1785509766527,buy,62642.8,0.15614224,1038163814
1785509766514,sell,62646.6,0.00007865,1038163813
1785509766514,sell,62646.6,0.0094,1038163812
1785509766507,sell,62649.2,0.11532448,1038163811
1785509766505,sell,62649.2,0.0385,1038163810
1785509766504,sell,62649.2,0.00231776,1038163809
1785509828757,buy,62729,0.00126983,1038164270
1785509828593,buy,62729,0.00004782,1038164269
1785509827742,buy,62729,0.001,1038164268
1785509826516,buy,62729,0.02989119,1038164267
1785509826439,buy,62729,0.0112114,1038164266
1785509826429,sell,62728.9,0.00185685,1038164265
1785509826309,sell,62729,0.09131,1038164264
1785509826309,sell,62729.2,0.0009429,1038164263
1785509826309,sell,62729.3,0.00319179,1038164262
1785509826309,sell,62729.9,0.000016,1038164261
1785509826309,sell,62730.6,0.09031,1038164260
1785509826306,sell,62731.9,0.000016,1038164259
1785509826306,sell,62732.1,0.08365,1038164258
1785509826306,sell,62732.3,0.00001501,1038164257
1785509826306,sell,62732.4,0.0009429,1038164256
1785509826306,sell,62734,0.000016,1038164255
1785509826306,sell,62734.6,0.01500065,1038164254
1785509826306,sell,62735.6,0.0009429,1038164253
1785509826306,sell,62736.1,0.000016,1038164252
1785509826306,sell,62737.3,0.18695856,1038164251
1785509826306,sell,62737.3,0.00026008,1038164250
1785509826306,sell,62737.3,0.00026007,1038164249
1785509826306,sell,62737.3,0.0012,1038164248
1785509826306,sell,62737.3,0.0727,1038164247
1785509826306,sell,62737.3,0.01118029,1038164246
1785509826306,sell,62737.3,0.0303213,1038164245
1785509825829,buy,62737.4,0.03854747,1038164244
1785509825732,sell,62737.3,0.0003787,1038164243
1785509825732,sell,62737.3,0.0013,1038164242
1785509825427,buy,62737.4,0.00016421,1038164241
1785509825427,buy,62737.4,0.00003102,1038164240
1785509825370,sell,62738.1,0.000016,1038164239
1785509825370,sell,62738.8,0.0009429,1038164238
1785509825370,sell,62740.2,0.000016,1038164237
1785509825370,sell,62742,0.0009429,1038164236
1785509825370,sell,62742.3,0.000016,1038164235
1785509825368,sell,62744.3,0.000016,1038164234
1785509825368,sell,62745.2,0.0009429,1038164233
1785509825368,sell,62745.6,0.00026004,1038164232
1785509825368,sell,62745.6,0.00026004,1038164231
1785509825368,sell,62745.6,0.01596482,1038164230
1785509825368,sell,62745.6,0.0115648,1038164229
1785509824690,buy,62745.7,0.0014271,1038164228
1785509824107,buy,62745.7,0.0005084,1038164227
1785509823376,buy,62745.7,0.00015937,1038164226
1785509822936,buy,62745.7,0.01596709,1038164225
1785509821289,buy,62745.7,0.00077774,1038164224
1785509821064,buy,62745.7,0.0020877,1038164223
1785509820853,buy,62745.7,0.01588315,1038164222
1785509820853,buy,62745.7,0.00000001,1038164221
1785509820767,sell,62745.6,0.00095891,1038164220
1785509820765,sell,62748.3,0.00024408,1038164219
1785509820765,sell,62748.3,0.00121836,1038164218
1785509820765,sell,62748.3,0.00024408,1038164217
1785509820765,sell,62748.3,0.0006121,1038164216
1785509820763,sell,62748.3,0.00060627,1038164215
1785509820763,sell,62748.3,0.0015,1038164214
1785509820763,sell,62748.3,0.01196316,1038164213
1785509819163,buy,62748.4,0.01238633,1038164212
1785509819163,buy,62748.4,0.014,1038164211
1785509818092,buy,62747,0.00024571,1038164210
1785509818092,buy,62747,0.00024571,1038164209
1785509818092,buy,62747,0.00411073,1038164208
1785509818092,buy,62747,0.00584854,1038164207
1785509818039,buy,62746.3,0.00001165,1038164206
1785509818039,buy,62745.8,0.00024572,1038164205
1785509818039,buy,62745.8,0.00024571,1038164204
1785509818039,buy,62745.8,0.00425262,1038164203
1785509818039,buy,62745.8,0.0075432,1038164202
1785509818031,buy,62744.7,0.00024572,1038164201
1785509818031,buy,62744.7,0.00001,1038164200
1785509818031,buy,62744.7,0.0002457,1038164199
1785509818031,buy,62744.7,0.0043994,1038164198
1785509818031,buy,62744.7,0.00389922,1038164197
1785509817716,buy,62744.2,0.00001601,1038164196
1785509817716,buy,62741.1,0.00061057,1038164195
1785509817716,buy,62741,0.00068749,1038164194
1785509817716,buy,62741,0.00001,1038164193
1785509817716,buy,62741,0.00024325,1038164192
1785509817716,buy,62741,0.00024325,1038164191
1785509817716,buy,62741,0.00455157,1038164190
1785509817331,buy,62740.1,0.00001601,1038164189
1785509817331,buy,62739.2,0.00046015,1038164188
1785509817331,buy,62738,0.00001601,1038164187
1785509817331,buy,62736.9,0.0015,1038164186
1785509817331,buy,62736.8,0.00001204,1038164185
1785509817331,buy,62736,0.00001601,1038164184
1785509817331,buy,62735.3,0.00049904,1038164183
1785509817331,buy,62734.7,0.00461423,1038164182
1785509817328,buy,62734.7,0.00009511,1038164181
1785509817328,buy,62734.7,0.0928428,1038164180
1785509817325,buy,62734.7,0.00079694,1038164179
1785509817321,buy,62734.7,0.09293791,1038164178
1785509817315,buy,62734.7,0.00143461,1038164177
1785509817314,buy,62734.7,0.00079694,1038164176
1785509816600,buy,62734.7,0.0001594,1038164175
1785509816216,buy,62734.7,0.07,1038164174
1785509816112,buy,62734.7,0.00053748,1038164173
1785509816112,buy,62734.7,0.02148327,1038164172
1785509816112,buy,62734.7,0.11763126,1038164171
1785509883495,buy,62710.4,0.00028495,1038164650
1785509882774,buy,62710.4,0.00082123,1038164649
1785509881908,sell,62710.3,0.00042002,1038164648
1785509881871,sell,62710.2,0.000211,1038164647
1785509881869,buy,62708.3,0.000015,1038164646
1785509881858,buy,62706.5,0.04766178,1038164645
1785509881858,buy,62704.9,0.09338,1038164644
1785509881858,buy,62704.9,0.00001601,1038164643
1785509881858,buy,62704.1,0.06098534,1038164642
1785509881858,buy,62702,0.000015,1038164641
1785509881857,buy,62701.4,0.02934165,1038164640
1785509881857,buy,62701.4,0.00048678,1038164639
1785509881856,buy,62698.2,0.04309925,1038164638
1785509881855,buy,62698.2,0.08352204,1038164637
1785509881855,buy,62698.2,0.01642471,1038164636
1785509881852,buy,62695.8,0.00026991,1038164635
1785509881852,buy,62695.8,0.00026991,1038164634
1785509881852,buy,62695.8,0.00783378,1038164633
1785509881852,buy,62695.8,0.01209321,1038164632
1785509881850,buy,62695.8,0.0230322,1038164631
1785509881849,buy,62695.8,0.02228443,1038164630
1785509881848,buy,62695.8,0.02638816,1038164629
1785509881848,buy,62695.8,0.00026988,1038164628
1785509881848,buy,62695.8,0.00026985,1038164627
1785509881848,buy,62695.8,0.00026987,1038164626
1785509881848,buy,62695.8,0.00001,1038164625
1785509881848,buy,62695.8,0.00025994,1038164624
1785509881848,buy,62695.8,0.00810389,1038164623
1785509881848,buy,62695.8,0.00001,1038164622
1785509881637,sell,62695.7,0.08,1038164621
1785509881637,sell,62695.7,0.04,1038164620
1785509881594,sell,62701.3,0.029,1038164619
1785509881594,sell,62701.3,0.0002,1038164618
1785509881594,sell,62701.3,0.0002,1038164617
1785509881594,sell,62701.3,0.0002,1038164616
1785509881594,sell,62701.3,0.18675663,1038164615
1785509881594,sell,62701.3,0.2126,1038164614
1785509881594,sell,62701.3,0.41252722,1038164613
1785509881594,sell,62701.3,0.00026989,1038164612
1785509881594,sell,62701.3,0.00026988,1038164611
1785509881594,sell,62701.3,0.00811599,1038164610
1785509881594,sell,62701.3,0.01169682,1038164609
1785509881593,sell,62701.3,0.01779,1038164608
1785509881593,sell,62701.3,0.01496759,1038164607
1785509881593,sell,62701.3,0.00795,1038164606
1785509881593,sell,62701.3,0.01400002,1038164605
1785509881593,sell,62701.3,0.01306001,1038164604
1785509881593,sell,62701.3,0.013,1038164603
1785509881593,sell,62701.3,0.01710002,1038164602
1785509881593,sell,62701.3,0.01558001,1038164601
1785509881593,sell,62701.3,0.01951594,1038164600
1785509881556,sell,62701.3,0.00553322,1038164599
1785509881556,sell,62701.3,0.0035506,1038164598
1785509881556,sell,62701.3,0.00459839,1038164597
1785509881538,sell,62701.3,0.00365738,1038164596
1785509881538,sell,62701.3,0.00026989,1038164595
1785509881538,sell,62701.3,0.00026988,1038164594
1785509881538,sell,62701.3,0.00839585,1038164593
1785509881535,sell,62701.3,0.00642229,1038164592
1785509881533,sell,62701.3,0.0977,1038164591
1785509881533,sell,62701.3,0.01400001,1038164590
1785509881533,sell,62701.3,0.02771553,1038164589
1785509881533,sell,62701.3,0.00026989,1038164588
1785509881533,sell,62701.3,0.00001341,1038164587
1785509881533,sell,62701.3,0.00025647,1038164586
1785509881533,sell,62701.3,0.00001839,1038164585
1785509881533,sell,62701.3,0.00001839,1038164584
1785509881533,sell,62701.3,0.00868536,1038164583
1785509881533,sell,62701.3,0.06,1038164582
1785509881533,sell,62701.3,0.00061257,1038164581
1785509881533,sell,62701.3,0.013,1038164580
1785509881533,sell,62701.3,0.01558001,1038164579
1785509881533,sell,62701.3,0.00003101,1038164578
1785509881533,sell,62701.3,0.01966594,1038164577
1785509881533,sell,62701.3,0.01306001,1038164576
1785509881533,sell,62701.3,0.01710001,1038164575
1785509881533,sell,62701.3,0.00287398,1038164574
1785509881533,sell,62701.3,0.00367231,1038164573
1785509881533,sell,62701.3,0.00383198,1038164572
1785509881533,sell,62701.3,0.00447064,1038164571
1785509881533,sell,62701.3,0.00351265,1038164570
1785509881533,sell,62701.3,0.00271431,1038164569
1785509881533,sell,62701.3,0.00335298,1038164568
1785509881533,sell,62701.3,0.0585216,1038164567
1785509881533,sell,62701.3,0.06420827,1038164566
1785509881505,sell,62701.3,0.00605715,1038164565
1785509881504,sell,62701.3,0.00715544,1038164564
1785509881503,sell,62701.3,0.00517666,1038164563
1785509881498,sell,62701.3,0.08054583,1038164562
1785509881486,sell,62701.3,0.00119,1038164561
1785509881475,buy,62701.4,0.0480504,1038164560
1785509881467,buy,62697.8,0.16433335,1038164559
1785509881464,buy,62695.3,0.18431717,1038164558
1785509881464,buy,62695.2,0.21956117,1038164557
1785509881464,buy,62694.7,0.00001,1038164556
1785509881464,buy,62694.7,0.00751459,1038164555
1785509881464,buy,62694.7,0.16433335,1038164554
1785509881464,buy,62694.7,0.00023639,1038164553
1785509881464,buy,62694.7,0.12531684,1038164552
1785509881464,buy,62694.7,0.00027332,1038164551
1785509939366,buy,62716.7,0.04494254,1038164846
1785509939366,buy,62716.7,0.00025536,1038164845
1785509939366,buy,62716.7,0.00025536,1038164844
1785509939366,buy,62716.7,0.20355536,1038164843
1785509939366,buy,62716.7,0.05099138,1038164842
1785509937304,buy,62716.7,0.08495464,1038164841
1785509937304,buy,62716.7,0.21504536,1038164840
1785509937227,buy,62716.7,0.00162955,1038164839
1785509936357,buy,62716.7,0.05997111,1038164838
1785509936357,buy,62716.7,0.003,1038164837
1785509936357,buy,62716.7,0.00022647,1038164836
1785509936357,buy,62716.7,0.00023047,1038164835
1785509936357,buy,62716.7,0.00023046,1038164834
1785509936357,buy,62716.7,0.00729484,1038164833
1785509936357,buy,62716.7,0.08849381,1038164832
1785509933510,buy,62716.7,0.00159128,1038164831
1785509930173,buy,62716.7,0.00015944,1038164830
1785509928202,sell,62716.6,0.00030471,1038164829
1785509928162,buy,62716.2,0.0056574,1038164828
1785509928162,buy,62715.7,0.00027717,1038164827
1785509928162,buy,62715.7,0.00027716,1038164826
1785509928162,buy,62715.7,0.0075465,1038164825
1785509928152,buy,62715.3,0.000016,1038164824
1785509928152,buy,62713.2,0.000016,1038164823
1785509928152,buy,62711.1,0.00014408,1038164822
1785509928152,buy,62711,0.00027718,1038164821
1785509928152,buy,62711,0.00027719,1038164820
1785509928152,buy,62711,0.00780732,1038164819
1785509928152,buy,62711,0.00989074,1038164818
1785509928152,buy,62711,0.00021534,1038164817
1785509928150,buy,62711,0.03291534,1038164816
1785509928149,buy,62711,0.37692768,1038164815
1785509928139,buy,62711,0.0800509,1038164814
1785509928139,buy,62710.5,0.00807658,1038164813
1785509928137,buy,62710.4,0.00027718,1038164812
1785509928137,buy,62710.4,0.00027719,1038164811
1785509928137,buy,62710.4,0.24980601,1038164810
1785509927945,sell,62710.3,0.00713371,1038164809
1785509927914,sell,62710.3,0.00056268,1038164808
1785509927869,buy,62709.1,0.00001601,1038164807
1785509927862,buy,62704.9,0.00001601,1038164806
1785509927861,buy,62702.8,0.00001601,1038164805
1785509927860,buy,62702,0.01623577,1038164804
1785509927860,buy,62702,0.01296085,1038164803
1785509927860,buy,62700.5,0.04338786,1038164802
1785509927860,buy,62700.5,0.05827185,1038164801
1785509927860,buy,62700.5,0.06936639,1038164800
1785509927859,buy,62698.1,0.00319412,1038164799
1785509927859,buy,62698.1,0.05748648,1038164798
1785509927859,buy,62698.1,0.00030192,1038164797
1785509927859,buy,62698.1,0.00030195,1038164796
1785509927859,buy,62698.1,0.00001,1038164795
1785509927859,buy,62698.1,0.00835669,1038164794
1785509927859,buy,62698.1,0.00001,1038164793
1785509927563,buy,62698.1,0.00136367,1038164792
1785509927259,buy,62698.1,0.00918369,1038164791
1785509926236,sell,62698.8,0.00001601,1038164790
1785509926236,sell,62700,0.00079745,1038164789
1785509926236,sell,62700.8,0.00001501,1038164788
1785509926236,sell,62700.9,0.00001601,1038164787
1785509926236,sell,62702.9,0.00001601,1038164786
1785509926236,sell,62705,0.00001601,1038164785
1785509926234,sell,62706,0.00785354,1038164784
1785509926229,sell,62706,0.022,1038164783
1785509926210,sell,62706,0.023,1038164782
1785509926208,sell,62706,0.01550934,1038164781
1785509926160,sell,62707.1,0.00001601,1038164780
1785509926160,sell,62710.3,0.0065005,1038164779
1785509926147,sell,62710.3,0.00162329,1038164778
1785509925806,buy,62710.4,0.00036198,1038164777
1785509924007,buy,62710.4,0.01700824,1038164776
1785509924007,buy,62710.4,0.05339907,1038164775
1785509923168,buy,62710.4,0.0040868,1038164774
1785509923168,buy,62710.4,0.00031187,1038164773
1785509923168,buy,62710.4,0.00031187,1038164772
1785509922923,buy,62710.4,0.00022977,1038164771
1785509920722,buy,62710.4,0.01557175,1038164770
1785509919884,buy,62710.4,0.00013167,1038164769
1785509917819,buy,62710.4,0.0016026,1038164768
1785509917080,buy,62710.4,0.00046084,1038164767
1785509915296,buy,62710.4,0.03202695,1038164766
1785509915296,buy,62710.4,0.0648563,1038164765
1785509915296,buy,62710.4,0.00795677,1038164764
1785509915296,buy,62710.4,0.0012,1038164763
1785509915296,buy,62710.4,0.0013,1038164762
1785509915296,buy,62710.4,0.00031187,1038164761
1785509915296,buy,62710.4,0.00031187,1038164760
1785509915296,buy,62710.4,0.04247701,1038164759
1785509915287,buy,62710.4,0.02106499,1038164758
1785509915287,buy,62710.4,0.00823501,1038164757
1785509915287,buy,62710.4,0.0736,1038164756
1785509915287,buy,62710.4,0.05667532,1038164755
1785509913663,sell,62710.3,0.00159249,1038164754
1785509911447,buy,62710.4,0.00150765,1038164753
1785509911447,buy,62710.4,0.00011727,1038164752
1785509909157,buy,62710.4,0.00090425,1038164751
1785509907820,buy,62710.4,0.00001435,1038164750
1785509907568,buy,62709.1,0.00001601,1038164749
1785509907568,buy,62707.2,0.00005488,1038164748
1785509907568,buy,62707.2,0.00016571,1038164747
1785516435156,sell,62872.1,0.00330448,1038204155
1785516434413,sell,62872.1,0.00080587,1038204154
1785516434413,sell,62872.1,0.01198973,1038204153
1785516432747,buy,62872.2,0.00054237,1038204152
1785516432641,buy,62871.1,0.00385427,1038204151
1785516432597,buy,62870.7,0.00001597,1038204150
1785516432597,buy,62869.4,0.0002999,1038204149
1785516432597,buy,62869,0.00398745,1038204148
1785516432089,buy,62868.6,0.0047145,1038204147
1785516432089,buy,62867,0.00412519,1038204146
1785516432089,buy,62867,0.00034385,1038204145
1785516432089,buy,62867,0.00040528,1038204144
1785516432089,buy,62867,0.004,1038204143
1785516432089,buy,62867,0.0043,1038204142
1785516432089,buy,62867,0.00006143,1038204141
1785516432078,buy,62867,0.12629223,1038204140
1785516432078,buy,62867,0.00037457,1038204139
1785516432078,buy,62867,0.00037456,1038204138
1785516432078,buy,62867,0.00262921,1038204137
1785516430535,buy,62867,0.00160497,1038204136
1785516428961,buy,62867,0.00003325,1038204135
1785516428356,buy,62866,0.00037457,1038204134
1785516428356,buy,62866,0.00037457,1038204133
1785516428356,buy,62866,0.00441471,1038204132
1785516428350,buy,62865.9,0.00037457,1038204131
1785516428350,buy,62865.9,0.00037457,1038204130
1785516428350,buy,62865.9,0.0048,1038204129
1785516428350,buy,62865.9,0.0048,1038204128
1785516428350,buy,62865.9,0.05734333,1038204127
1785516425400,sell,62865.8,0.00066705,1038204126
1785516425400,sell,62865.8,0.00103295,1038204125
1785516424675,buy,62865.9,0.00125786,1038204124
1785516418852,buy,62865.9,0.00165908,1038204123
1785516418186,sell,62865.8,0.00344351,1038204122
1785516415242,buy,62865.9,0.00011136,1038204121
1785516415004,buy,62865.9,0.00161295,1038204120
1785516414707,sell,62865.8,0.00159708,1038204119
1785516414432,buy,62865.9,0.0004772,1038204118
1785516411147,buy,62865.9,0.00004696,1038204117
1785516411145,buy,62865.6,0.00001501,1038204116
1785516411145,buy,62864.4,0.00001597,1038204115
1785516411145,buy,62861.7,0.00456748,1038204114
1785516411145,buy,62861.7,0.0068,1038204113
1785516411111,buy,62860.1,0.00472518,1038204112
1785516411111,buy,62860.1,0.0067,1038204111
1785516411103,buy,62858.5,0.0914476,1038204110
1785516411103,buy,62857.7,0.01292326,1038204109
1785516411103,buy,62857.7,0.01989895,1038204108
1785516411103,buy,62857.7,0.0554,1038204107
1785516411102,buy,62857.7,0.00989686,1038204106
1785516411102,buy,62857.7,0.03363186,1038204105
1785516411102,buy,62857.7,0.00348382,1038204104
1785516411102,buy,62857.5,0.3,1038204103
1785516411102,buy,62857,0.00803,1038204102
1785516411102,buy,62857,0.00007639,1038204101
1785516411102,buy,62857,0.00670979,1038204100
1785516411102,buy,62857,0.01431016,1038204099
1785516411101,buy,62857,0.07282352,1038204098
1785516411101,buy,62857,0.05968653,1038204097
1785516411101,buy,62857,0.00038099,1038204096
1785516411101,buy,62857,0.00038099,1038204095
1785516411101,buy,62857,0.00488851,1038204094
1785516411101,buy,62857,0.00316298,1038204093
1785516411101,buy,62857,0.1084,1038204092
1785516411101,buy,62857,0.01996503,1038204091
1785516411101,buy,62857,0.00691096,1038204090
1785516408219,buy,62857,0.00802456,1038204089
1785516407043,sell,62856.9,0.00079467,1038204088
1785516406759,buy,62857,0.01844773,1038204087
1785516406756,buy,62857,0.13507874,1038204086
1785516406719,buy,62856.6,0.0082,1038204085
1785516406719,buy,62856.6,0.0083,1038204084
1785516406719,buy,62856.6,0.01500974,1038204083
1785516406719,buy,62856.6,0.00352129,1038204082
1785516406453,buy,62856.6,0.00159868,1038204081
1785516403510,buy,62856.6,0.02610994,1038204080
1785516403510,buy,62856.6,0.00038026,1038204079
1785516403510,buy,62856.6,0.0015098,1038204078
1785516401536,buy,62856.6,0.00002603,1038204077
1785516399841,sell,62856.5,0.1593349,1038204076
1785516399841,sell,62856.5,0.00205591,1038204075
1785516399724,buy,62856.6,0.0036427,1038204074
1785516399724,buy,62856.6,0.0153,1038204073
1785516399724,buy,62856.6,0.01290454,1038204072
1785516396546,sell,62856.5,0.00031338,1038204071
1785516396185,buy,62856.6,0.00079546,1038204070
1785516395656,buy,62856.2,0.00001597,1038204069
1785516395654,buy,62852.2,0.00535766,1038204068
1785516395654,buy,62852.2,0.00038031,1038204067
1785516395654,buy,62852.2,0.00038031,1038204066
1785516395654,buy,62852.2,0.091,1038204065
1785516395654,buy,62852.2,0.1354709,1038204064
1785516394997,buy,62852.2,0.00016184,1038204063
1785516394956,buy,62852.2,0.00397122,1038204062
1785516394951,buy,62852.2,0.02332418,1038204061
1785516394951,buy,62852.2,0.00101886,1038204060
1785516394951,buy,62852.2,0.00428906,1038204059
1785516392776,buy,62852.2,0.00079551,1038204058
1785516391582,buy,62852.2,0.00001591,1038204057
1785516391571,buy,62852.2,0.00044192,1038204056
1785516491457,buy,62825.6,0.00076242,1038204517
1785516490809,sell,62825.5,0.37774813,1038204516
1785516490809,sell,62825.5,0.0012,1038204515
1785516490809,sell,62825.5,0.00025594,1038204514
1785516490809,sell,62825.5,0.00025594,1038204513
1785516490809,sell,62825.5,0.00148315,1038204512
1785516490809,sell,62825.5,0.03369319,1038204511
1785516490809,sell,62825.5,0.00753501,1038204510
1785516490809,sell,62825.5,0.51464087,1038204509
1785516486403,buy,62825.6,0.00159923,1038204508
1785516486403,buy,62825.6,0.04102017,1038204507
1785516486313,sell,62825.5,0.0001588,1038204506
1785516485962,buy,62825.6,0.00023875,1038204505
1785516484934,sell,62825.5,0.00158996,1038204504
1785516484934,buy,62825.6,0.0079577,1038204503
1785516484915,buy,62825.6,0.00023599,1038204502
1785516484915,buy,62825.6,0.00000001,1038204501
1785516483624,sell,62825.5,0.03370178,1038204500
1785516483624,sell,62825.5,0.0908,1038204499
1785516483624,sell,62825.5,0.0013,1038204498
1785516483315,sell,62827.2,0.00001598,1038204497
1785516483315,sell,62828.3,0.00002283,1038204496
1785516483313,sell,62831.2,0.00025188,1038204495
1785516483313,sell,62831.2,0.00025189,1038204494
1785516483313,sell,62831.2,0.00441916,1038204493
1785516482684,sell,62831.2,0.00837584,1038204492
1785516482663,sell,62831.2,0.00563037,1038204491
1785516482647,sell,62831.2,0.01300678,1038204490
1785516482614,sell,62831.2,0.00628158,1038204489
1785516482602,sell,62831.2,0.08026087,1038204488
1785516482489,buy,62831.3,0.03186008,1038204487
1785516481923,sell,62831.2,0.00793323,1038204486
1785516481903,sell,62831.2,0.0186403,1038204485
1785516481856,sell,62831.2,0.00729054,1038204484
1785516481832,sell,62831.2,0.00832405,1038204483
1785516481818,sell,62831.2,0.00593038,1038204482
1785516481803,sell,62831.2,0.00650393,1038204481
1785516481787,sell,62831.2,0.07974218,1038204480
1785516480873,sell,62831.2,0.00764468,1038204479
1785516480873,sell,62831.2,0.00086456,1038204478
1785516480852,sell,62831.2,0.00075601,1038204477
1785516480850,sell,62831.2,0.00067753,1038204476
1785516480849,sell,62831.2,0.00107683,1038204475
1785516480846,sell,62831.2,0.00070842,1038204474
1785516480844,sell,62831.2,0.00021211,1038204473
1785516480844,sell,62831.2,0.00023554,1038204472
1785516480843,sell,62831.2,0.00341548,1038204471
1785516480840,sell,62831.2,0.00068799,1038204470
1785516480838,sell,62831.2,0.00375559,1038204469
1785516480829,sell,62831.2,0.07993835,1038204468
1785516480788,buy,62831.3,0.00159156,1038204467
1785516480540,sell,62831.2,0.00031237,1038204466
1785516480532,buy,62831.3,0.00795781,1038204465
1785516476695,buy,62831.3,0.00084989,1038204464
1785516474948,buy,62831.3,0.001095,1038204463
1785516474948,buy,62831.3,0.00001599,1038204462
1785516474948,buy,62831.3,0.00001598,1038204461
1785516474948,buy,62831.3,0.001,1038204460
1785516474946,buy,62829.2,0.00001598,1038204459
1785516474946,buy,62829.1,0.00533528,1038204458
1785516474946,buy,62827.1,0.00001598,1038204457
1785516474946,buy,62825,0.00809156,1038204456
1785516474916,buy,62824.9,0.01207516,1038204455
1785516474916,buy,62824.9,0.10681211,1038204454
1785516474916,buy,62824.9,0.00818727,1038204453
1785516474880,buy,62824,0.01,1038204452
1785516474880,buy,62823.5,0.05732679,1038204451
1785516474880,buy,62823.5,0.11948666,1038204450
1785516474877,buy,62823.5,0.00029576,1038204449
1785516474877,buy,62823.5,0.01420338,1038204448
1785516474877,buy,62823.5,0.01,1038204447
1785516474877,buy,62823.5,0.00609238,1038204446
1785516474295,sell,62823.4,0.00480569,1038204445
1785516474166,buy,62823.5,0.00001012,1038204444
1785516474030,buy,62823.5,0.00175093,1038204443
1785516473331,buy,62823.5,0.00051732,1038204442
1785516472296,buy,62823.5,0.00007958,1038204441
1785516470314,buy,62823.5,0.00024321,1038204440
1785516470203,sell,62823.4,0.02716641,1038204439
1785516467898,buy,62823.5,0.00028491,1038204438
1785516467898,buy,62823.5,0.00000001,1038204437
1785516467858,sell,62823.6,0.0009429,1038204436
1785516467858,sell,62824.2,0.000015,1038204435
1785516467858,sell,62825,0.0001208,1038204434
1785516467858,sell,62825.1,0.00001597,1038204433
1785516467858,sell,62826.3,0.00002382,1038204432
1785516467858,sell,62826.3,0.00002036,1038204431
1785516467858,sell,62826.8,0.0009429,1038204430
1785516467858,sell,62827.2,0.00001597,1038204429
1785516467856,sell,62829,0.00780639,1038204428
1785516467643,sell,62830,0.0009429,1038204427
1785516467643,sell,62830.5,0.00002497,1038204426
1785516467643,sell,62830.5,0.00002136,1038204425
1785516467643,sell,62830.7,0.00001501,1038204424
1785516467640,sell,62832.9,0.00021344,1038204423
1785516467640,sell,62832.9,0.00780469,1038204422
1785516464608,buy,62833,0.00562277,1038204421
1785516464608,buy,62833,0.00784141,1038204420
1785516464608,buy,62833,0.0013,1038204419
1785516464608,buy,62833,0.00110646,1038204418
1785516544221,buy,62825.6,0.00076402,1038204593
1785516544221,buy,62825.6,0.00023546,1038204592
1785516544221,buy,62825.6,0.00100052,1038204591
1785516542232,sell,62825.5,0.00030216,1038204590
1785516541842,buy,62825.6,0.00072648,1038204589
1785516541842,buy,62825.6,0.00100052,1038204588
1785516541307,buy,62825.6,0.00477512,1038204587
1785516540831,sell,62825.5,0.00572698,1038204586
1785516540065,buy,62825.6,0.00198963,1038204585
1785516538642,buy,62825.6,0.00001043,1038204584
1785516538642,buy,62825.6,0.00001043,1038204583
1785516538642,buy,62825.6,0.00001043,1038204582
1785516538642,buy,62825.6,0.00001043,1038204581
1785516538642,buy,62825.6,0.00001043,1038204580
1785516538642,buy,62825.6,0.00001043,1038204579
1785516538642,buy,62825.6,0.00001043,1038204578
1785516538642,buy,62825.6,0.00001043,1038204577
1785516538642,buy,62825.6,0.00001043,1038204576
1785516538642,buy,62825.6,0.00001043,1038204575
1785516538642,buy,62825.6,0.00001043,1038204574
1785516538642,buy,62825.6,0.00001043,1038204573
1785516538642,buy,62825.6,0.00001043,1038204572
1785516538642,buy,62825.6,0.00001043,1038204571
1785516538642,buy,62825.6,0.00001043,1038204570
1785516538642,buy,62825.6,0.00001043,1038204569
1785516538642,buy,62825.6,0.00001043,1038204568
1785516538642,buy,62825.6,0.00001043,1038204567
1785516538642,buy,62825.6,0.00001043,1038204566
1785516538642,buy,62825.6,0.00001043,1038204565
1785516538642,buy,62825.6,0.00001043,1038204564
1785516538642,buy,62825.6,0.00001043,1038204563
1785516538642,buy,62825.6,0.00001043,1038204562
1785516538642,buy,62825.6,0.00001043,1038204561
1785516538642,buy,62825.6,0.00001043,1038204560
1785516538642,buy,62825.6,0.00001043,1038204559
1785516538642,buy,62825.6,0.00001043,1038204558
1785516538642,buy,62825.6,0.00001043,1038204557
1785516538642,buy,62825.6,0.00001043,1038204556
1785516535475,buy,62825.6,0.0123544,1038204555
1785516530500,sell,62825.5,0.00006214,1038204554
1785516530050,buy,62825.6,0.00161558,1038204553
1785516529395,sell,62825.5,0.00160123,1038204552
1785516528316,buy,62825.6,0.00012733,1038204551
1785516527996,sell,62825.5,0.00081096,1038204550
1785516526176,buy,62825.6,0.00023716,1038204549
1785516525043,sell,62825.5,0.00102547,1038204548
1785516524480,buy,62825.6,0.00103183,1038204547
1785516523666,buy,62825.6,0.00539381,1038204546
1785516523375,sell,62825.5,0.00029256,1038204545
1785516523083,buy,62825.6,0.00007298,1038204544
1785516523083,buy,62825.6,0.00073879,1038204543
1785516522520,buy,62825.6,0.00160284,1038204542
1785516521382,buy,62825.6,0.00084354,1038204541
1785516520082,sell,62825.5,0.00322095,1038204540
1785516520082,sell,62825.5,0.00018626,1038204539
1785516519885,sell,62825.5,0.00024548,1038204538
1785516519059,sell,62825.5,0.00095406,1038204537
1785516516027,sell,62825.5,0.0031863,1038204536
1785516516027,sell,62825.5,0.00318631,1038204535
1785516516027,sell,62825.5,0.00270835,1038204534
1785516516027,sell,62825.5,0.00127452,1038204533
1785516516027,sell,62825.5,0.00302699,1038204532
1785516516027,sell,62825.5,0.00350493,1038204531
1785516516027,sell,62825.5,0.00221679,1038204530
1785516516027,sell,62825.5,0.00065088,1038204529
1785516516026,sell,62825.5,0.00334562,1038204528
1785516515047,sell,62825.5,0.00100017,1038204527
1785516513364,sell,62825.5,0.00160442,1038204526
1785516512708,buy,62825.6,0.00095502,1038204525
1785516511626,buy,62825.6,0.00017658,1038204524
1785516507545,sell,62825.5,0.00054605,1038204523
1785516506629,sell,62825.5,0.0001367,1038204522
1785516504783,buy,62825.6,0.00146118,1038204521
1785516496927,buy,62825.6,0.00023569,1038204520
1785516496037,buy,62825.6,0.00160603,1038204519
1785516495039,sell,62825.5,0.00095589,1038204518
1785516601972,buy,62833,0.00158356,1038204710
1785516601000,sell,62832.9,0.00035187,1038204709
1785516600949,buy,62831.6,0.00032289,1038204708
1785516600949,buy,62831.6,0.00032289,1038204707
1785516600949,buy,62831.6,0.00037793,1038204706
1785516600949,buy,62831.6,0.00709786,1038204705
1785516600730,sell,62831.5,0.00044489,1038204704
1785516600723,buy,62831.3,0.00734263,1038204703
1785516600680,sell,62831.2,0.00047784,1038204702
1785516600631,buy,62829.2,0.00001598,1038204701
1785516600631,buy,62829.1,0.00068644,1038204700
1785516600628,buy,62827.5,0.0075963,1038204699
1785516600628,buy,62827.4,0.0000341,1038204698
1785516600628,buy,62827.4,0.00071161,1038204697
1785516600628,buy,62827.4,0.00030087,1038204696
1785516600628,buy,62827.4,0.00001,1038204695
1785516600628,buy,62827.4,0.00030086,1038204694
1785516600628,buy,62827.4,0.09255896,1038204693
1785516600232,sell,62827.3,0.00076432,1038204692
1785516600180,buy,62825.6,0.00130929,1038204691
1785516600180,buy,62825.6,0.00030088,1038204690
1785516600180,buy,62825.6,0.00028292,1038204689
1785516600180,buy,62825.6,0.00785847,1038204688
1785516600180,buy,62825.6,0.05737442,1038204687
1785516600180,buy,62825.6,0.00001796,1038204686
1785516599898,sell,62825.5,0.00597838,1038204685
1785516599898,sell,62825.5,0.00131747,1038204684
1785516599198,buy,62825.6,0.25310245,1038204683
1785516599198,buy,62825.6,0.0012401,1038204682
1785516599198,buy,62825.6,0.0002919,1038204681
1785516599198,buy,62825.6,0.0002919,1038204680
1785516599198,buy,62825.6,0.0012401,1038204679
1785516599198,buy,62825.6,0.00211657,1038204678
1785516599198,buy,62825.6,0.00812943,1038204677
1785516599198,buy,62825.6,0.02871202,1038204676
1785516598265,buy,62825.6,0.02139591,1038204675
1785516598265,buy,62825.6,0.02356116,1038204674
1785516598253,buy,62825.6,0.00031834,1038204673
1785516598162,sell,62825.5,0.00285133,1038204672
1785516598121,buy,62825.1,0.0084098,1038204671
1785516598121,buy,62825.1,0.0113164,1038204670
1785516598114,buy,62825,0.00001598,1038204669
1785516598111,buy,62822.8,0.15292214,1038204668
1785516598111,buy,62822,0.3,1038204667
1785516598111,buy,62821.5,0.00380327,1038204666
1785516598111,buy,62821.5,0.00870024,1038204665
1785516598111,buy,62821.5,0.3,1038204664
1785516597976,sell,62821.4,0.00006837,1038204663
1785516596719,sell,62821.4,0.00512624,1038204662
1785516596667,buy,62821.1,0.00666638,1038204661
1785516596667,buy,62821.1,0.00200116,1038204660
1785516596667,buy,62821.1,0.00606724,1038204659
1785516596667,buy,62821.1,0.00100057,1038204658
1785516596667,buy,62821.1,0.00105251,1038204657
1785516593688,buy,62821.1,0.00006844,1038204656
1785516593144,buy,62821.1,0.00001591,1038204655
1785516591634,sell,62821,0.00008118,1038204654
1785516591524,sell,62821,0.00145091,1038204653
1785516589216,buy,62821.1,0.00733989,1038204652
1785516588121,buy,62821.1,0.0152592,1038204651
1785516586310,sell,62821,0.00082691,1038204650
1785516586003,sell,62821,0.00018446,1038204649
1785516582464,sell,62821,0.12954089,1038204648
1785516582415,sell,62821,0.11666897,1038204647
1785516580635,buy,62821.1,0.00082774,1038204646
1785516579993,sell,62821,0.00738428,1038204645
1785516579479,sell,62821,0.00082532,1038204644
1785516577668,buy,62821.1,0.00018465,1038204643
1785516577659,buy,62821.1,0.00024422,1038204642
1785516577659,buy,62821.1,0.00293464,1038204641
1785516575965,buy,62821.1,0.00533419,1038204640
1785516570737,buy,62821.1,0.00070271,1038204639
1785516564602,buy,62821.1,0.00082615,1038204638
1785516564196,sell,62821,0.00048,1038204637
1785516564068,sell,62821,0.00023505,1038204636
1785516563733,buy,62821.1,0.00716319,1038204635
1785516562804,sell,62821,0.00151746,1038204634
1785516557268,buy,62821.1,0.00023529,1038204633
1785516553402,buy,62821.1,0.00002634,1038204632
1785516553174,sell,62821,0.00332958,1038204631
1785516553174,sell,62821,0.00026453,1038204630
1785516553174,sell,62821,0.00026453,1038204629
1785516553174,sell,62821,0.00361807,1038204628
1785516552111,buy,62821.1,0.00024351,1038204627
1785516551651,sell,62821,0.00172527,1038204626
1785516551496,sell,62821,0.00160336,1038204625
1785516551332,buy,62821.1,0.01271706,1038204624
1785516549352,buy,62821.1,0.00142757,1038204623
1785516549352,buy,62821.1,0.00000001,1038204622
1785516549346,sell,62822,0.00029999,1038204621
1785516549346,sell,62823.4,0.00050135,1038204620
1785516549346,sell,62823.4,0.00050134,1038204619
1785516549346,sell,62823.4,0.00050134,1038204618
1785516549346,sell,62823.4,0.0006359,1038204617
1785516549343,sell,62825,0.00025594,1038204616
1785516549343,sell,62825,0.00025594,1038204615
1785516549343,sell,62825,0.00718572,1038204614
1785516549330,sell,62825.5,0.00025594,1038204613
1785516549330,sell,62825.5,0.00025594,1038204612
1785516549330,sell,62825.5,0.00163362,1038204611
1785516656266,sell,62858.8,0.0008278,1038204820
1785516654870,buy,62858.9,0.00039295,1038204819
1785516650743,sell,62858.8,0.00005717,1038204818
1785516649613,sell,62858.8,0.00052018,1038204817
1785516647972,buy,62858.9,0.0021859,1038204816
1785516646001,sell,62858.8,0.00165742,1038204815
1785516645829,buy,62858.9,0.00199904,1038204814
1785516645399,buy,62858.9,0.02762741,1038204813
1785516645306,buy,62858.2,0.00033418,1038204812
1785516645306,buy,62858.2,0.00033419,1038204811
1785516645306,buy,62858.2,0.00030627,1038204810
1785516645306,buy,62858.2,0.00460112,1038204809
1785516644821,sell,62858.1,0.00034836,1038204808
1785516644821,sell,62858.1,0.00001,1038204807
1785516644770,buy,62856.2,0.00001597,1038204806
1785516644770,buy,62854.8,0.00003247,1038204805
1785516644770,buy,62854.8,0.00033642,1038204804
1785516644770,buy,62854.8,0.00033643,1038204803
1785516644770,buy,62854.8,0.0005746,1038204802
1785516644770,buy,62854.8,0.00476021,1038204801
1785516644015,buy,62854.1,0.00001597,1038204800
1785516644015,buy,62852.1,0.00061717,1038204799
1785516644015,buy,62852.1,0.00033644,1038204798
1785516644015,buy,62852.1,0.00033643,1038204797
1785516644015,buy,62852.1,0.0049247,1038204796
1785516643846,buy,62852,0.00001597,1038204795
1785516643846,buy,62850,0.0001208,1038204794
1785516643846,buy,62849.5,0.00509497,1038204793
1785516643845,buy,62849.4,0.00003247,1038204792
1785516640932,buy,62849.4,0.00045255,1038204791
1785516640932,buy,62849.4,0.00041423,1038204790
1785516640932,buy,62847.9,0.00001597,1038204789
1785516640932,buy,62845.7,0.0002998,1038204788
1785516640920,buy,62843.7,0.00001597,1038204787
1785516640914,buy,62841.8,0.00527153,1038204786
1785516640867,buy,62841.6,0.00001597,1038204785
1785516640867,buy,62840,0.00544353,1038204784
1785516640863,buy,62840,0.00001,1038204783
1785516640858,sell,62839.9,0.00160412,1038204782
1785516640856,buy,62837.1,0.00564194,1038204781
1785516640848,buy,62837.1,0.07756325,1038204780
1785516640848,buy,62837.1,0.00583648,1038204779
1785516640848,buy,62837.1,0.00740027,1038204778
1785516640848,buy,62837.1,0.0013,1038204777
1785516637860,buy,62837.1,0.00160573,1038204776
1785516636849,sell,62837,0.00100251,1038204775
1785516636833,buy,62836.5,0.0060378,1038204774
1785516636833,buy,62836.4,0.0037716,1038204773
1785516636798,sell,62836.3,0.00138943,1038204772
1785516636748,buy,62834.5,0.00624625,1038204771
1785516636747,buy,62834.4,0.00100343,1038204770
1785516636747,buy,62834.4,0.00017532,1038204769
1785516633425,sell,62834.3,0.00016693,1038204768
1785516632284,sell,62834.3,0.00030393,1038204767
1785516631182,buy,62834.4,0.00636593,1038204766
1785516630911,buy,62834.4,0.0001671,1038204765
1785516629313,buy,62834.4,0.00003182,1038204764
1785516627723,sell,62834.3,0.00024671,1038204763
1785516627485,sell,62834.3,0.00014306,1038204762
1785516626528,buy,62834.4,0.01112607,1038204761
1785516626331,sell,62834.3,0.00018284,1038204760
1785516624940,buy,62834.4,0.00043447,1038204759
1785516624609,buy,62834.4,0.00006394,1038204758
1785516624464,buy,62834.4,0.00018302,1038204757
1785516624364,buy,62834.4,0.00044487,1038204756
1785516622621,buy,62834.4,0.00035956,1038204755
1785516622475,sell,62834.3,0.00018284,1038204754
1785516620898,sell,62834.3,0.00161133,1038204753
1785516620220,buy,62834.4,0.00018302,1038204752
1785516619168,sell,62834.3,0.00018831,1038204751
1785516619117,buy,62833.7,0.00020225,1038204750
1785516619117,buy,62833.7,0.00035144,1038204749
1785516619117,buy,62833.7,0.00024264,1038204748
1785516619117,buy,62833.7,0.00004774,1038204747
1785516619117,buy,62833.7,0.00494795,1038204746
1785516619117,buy,62833.7,0.00006106,1038204745
1785516618906,buy,62833.7,0.00800064,1038204744
1785516618211,sell,62833.6,0.00018284,1038204743
1785516616035,buy,62833.7,0.00018302,1038204742
1785516615622,buy,62833.7,0.00001591,1038204741
1785516614559,buy,62833.7,0.00001591,1038204740
1785516613894,sell,62833.6,0.00018283,1038204739
1785516613480,buy,62833.7,0.00002068,1038204738
1785516613050,buy,62833.7,0.01473714,1038204737
1785516613050,buy,62833.7,0.00028397,1038204736
1785516613050,buy,62833.7,0.00032091,1038204735
1785516613050,buy,62833.7,0.00027317,1038204734
1785516612595,buy,62833.7,0.00004774,1038204733
1785516612577,sell,62833.6,0.00103249,1038204732
1785516611862,buy,62833.7,0.00018302,1038204731
1785516611047,buy,62833.7,0.00022281,1038204730
1785516609655,buy,62833.7,0.0003167,1038204729
1785516609290,sell,62833.6,0.00018284,1038204728
1785516608389,buy,62833.7,0.03076171,1038204727
1785516608389,buy,62833.7,0.00101245,1038204726
1785516608249,sell,62833.6,0.00079928,1038204725
1785516607245,buy,62833.7,0.0003183,1038204724
1785516606755,buy,62833.7,0.00018302,1038204723
1785516606531,buy,62833.7,0.00511856,1038204722
1785516604513,buy,62833.7,0.00015915,1038204721
1785521545047,sell,63175.9,0.00100057,1038227472
1785521544532,buy,63174.5,0.01162963,1038227471
1785521544497,buy,63174.3,0.00001589,1038227470
1785521544497,buy,63171,0.012,1038227469
1785521544497,buy,63171,0.00171277,1038227468
1785521544494,buy,63171,0.17406892,1038227467
1785521544494,buy,63171,0.01203108,1038227466
1785521542912,buy,63171,0.00003957,1038227465
1785521542160,sell,63171.4,0.0009429,1038227464
1785521542160,sell,63173.4,0.00002822,1038227463
1785521542160,sell,63174.5,0.00044742,1038227462
1785521542160,sell,63174.5,0.00043743,1038227461
1785521542160,sell,63174.5,0.00392951,1038227460
1785521542160,sell,63174.5,0.00001,1038227459
1785521542106,buy,63174.6,0.00005223,1038227458
1785521542100,sell,63174.5,0.0078,1038227457
1785521541718,sell,63174.5,0.00769,1038227456
1785521541610,sell,63174.6,0.0009429,1038227455
1785521541604,sell,63174.8,0.00044741,1038227454
1785521541604,sell,63174.8,0.00043743,1038227453
1785521541604,sell,63174.8,0.00406498,1038227452
1785521541604,sell,63174.8,0.00001,1038227451
1785521541604,sell,63174.8,0.00002999,1038227450
1785521541562,sell,63174.8,0.21558581,1038227449
1785521541514,sell,63176,0.00420499,1038227448
1785521541514,sell,63176,0.00004954,1038227447
1785521541514,sell,63176,0.00042264,1038227446
1785521541514,sell,63176,0.00042265,1038227445
1785521540239,sell,63176,0.00001567,1038227444
1785521538906,buy,63176.1,0.0000139,1038227443
1785521538906,buy,63176.1,0.00003358,1038227442
1785521538881,sell,63176,0.010786,1038227441
1785521538644,sell,63176,0.04421185,1038227440
1785521538080,sell,63176,0.00780311,1038227439
1785521538080,sell,63176,0.00434994,1038227438
1785521538080,sell,63176,0.03533333,1038227437
1785521537260,sell,63176,0.06466667,1038227436
1785521537260,sell,63176.4,0.00003357,1038227435
1785521537260,sell,63177.8,0.00248535,1038227434
1785521537260,sell,63177.8,0.01281441,1038227433
1785521537260,sell,63177.8,0.04,1038227432
1785521537260,sell,63177.8,0.15798559,1038227431
1785521537260,sell,63177.8,0.00201441,1038227430
1785521536682,buy,63177.9,0.05726838,1038227429
1785521536682,buy,63177.9,0.00001,1038227428
1785521536682,buy,63177.9,0.00003311,1038227427
1785521536682,buy,63177.9,0.16683856,1038227426
1785521536682,buy,63177.9,0.00010823,1038227425
1785521536682,buy,63177.9,0.00010818,1038227424
1785521536682,buy,63177.9,0.00008164,1038227423
1785521536682,buy,63177.9,0.00009822,1038227422
1785521536682,buy,63177.9,0.00001,1038227421
1785521536682,buy,63177.9,0.00050647,1038227420
1785521536682,buy,63177.9,0.00029009,1038227419
1785521536682,buy,63177.9,0.00038841,1038227418
1785521536682,buy,63177.9,0.00029006,1038227417
1785521536682,buy,63177.9,0.00001,1038227416
1785521536682,buy,63177.9,0.138,1038227415
1785521536682,buy,63177.9,0.109,1038227414
1785521536682,buy,63177.9,0.5564,1038227413
1785521536682,buy,63177.9,0.0013,1038227412
1785521536682,buy,63177.9,0.55009093,1038227411
1785521536682,buy,63177.9,0.3005676,1038227410
1785521536682,buy,63177.9,0.01387685,1038227409
1785521535742,buy,63177.9,0.01209283,1038227408
1785521535040,sell,63177.8,0.00100069,1038227407
1785521534293,buy,63177.9,0.00105918,1038227406
1785521534286,buy,63177.9,0.00064814,1038227405
1785521534286,buy,63177.9,0.0009331,1038227404
1785521530415,sell,63177.8,0.00157036,1038227403
1785521530415,sell,63177.8,0.00001,1038227402
1785521530415,sell,63177.8,0.0009429,1038227401
1785521527802,sell,63178.6,0.00001589,1038227400
1785521527802,sell,63180.7,0.00001589,1038227399
1785521527802,sell,63181.9,0.00003661,1038227398
1785521527802,sell,63183.2,0.00008164,1038227397
1785521527802,sell,63183.2,0.00002851,1038227396
1785521527802,sell,63183.2,0.00039833,1038227395
1785521527802,sell,63183.2,0.00036981,1038227394
1785521527802,sell,63183.2,0.00091622,1038227393
1785521527800,sell,63183.2,0.0019485,1038227392
1785521527417,sell,63183.2,0.001575,1038227391
1785521527417,sell,63183.2,0.00030316,1038227390
1785521527417,sell,63183.2,0.00039832,1038227389
1785521527417,sell,63183.2,0.00002852,1038227388
1785521527415,sell,63183.2,0.00036981,1038227387
1785521527415,sell,63183.2,0.00490642,1038227386
1785521527343,sell,63183.2,0.00140659,1038227385
1785521527343,sell,63183.5,0.00015743,1038227384
1785521527343,sell,63183.5,0.00005891,1038227383
1785521527343,sell,63183.5,0.00004919,1038227382
1785521527343,sell,63183.5,0.00009858,1038227381
1785521527343,sell,63183.5,0.00003932,1038227380
1785521527343,sell,63183.5,0.00045715,1038227379
1785521527343,sell,63183.5,0.00045726,1038227378
1785521527343,sell,63183.5,0.00507557,1038227377
1785521527343,sell,63183.5,0.00001,1038227376
1785521525485,buy,63183.6,0.00385701,1038227375
1785521524774,buy,63183.6,0.00002001,1038227374
1785521524764,buy,63183.6,0.00113795,1038227373
1785521600233,buy,63157.5,0.00063333,1038227681
1785521599828,sell,63157.4,0.03697826,1038227680
1785521597305,sell,63157.4,0.00165889,1038227679
1785521596022,sell,63157.4,0.0359755,1038227678
1785521595816,sell,63157.4,0.01196853,1038227677
1785521595033,sell,63157.4,0.00100067,1038227676
1785521592821,sell,63157.4,0.01307182,1038227675
1785521592060,sell,63157.4,0.00439895,1038227674
1785521591988,sell,63157.4,0.03119254,1038227673
1785521591140,sell,63157.4,0.08,1038227672
1785521591140,sell,63157.4,0.0096,1038227671
1785521590717,sell,63157.4,0.06593342,1038227670
1785521590717,sell,63157.4,0.00059889,1038227669
1785521590717,sell,63157.4,0.00059888,1038227668
1785521590717,sell,63157.4,0.00326881,1038227667
1785521589948,sell,63158.5,0.05880227,1038227666
1785521589948,sell,63158.6,0.0009429,1038227665
1785521589948,sell,63158.6,0.00001588,1038227664
1785521589948,sell,63158.9,0.06,1038227663
1785521589948,sell,63159.1,0.0001,1038227662
1785521589948,sell,63159.3,0.00046015,1038227661
1785521589948,sell,63159.4,0.00059886,1038227660
1785521589948,sell,63159.4,0.00059887,1038227659
1785521589948,sell,63159.4,0.00338119,1038227658
1785521589805,sell,63159.4,0.0370571,1038227657
1785521589805,sell,63160.8,0.00001,1038227656
1785521589805,sell,63161.6,0.00059884,1038227655
1785521589805,sell,63161.6,0.00059885,1038227654
1785521589805,sell,63161.6,0.00349753,1038227653
1785521588866,sell,63161.6,0.07966501,1038227652
1785521588863,sell,63161.6,0.0077,1038227651
1785521588854,sell,63161.6,0.023,1038227650
1785521588852,sell,63161.6,0.029,1038227649
1785521588852,sell,63161.6,0.01004122,1038227648
1785521588852,sell,63161.8,0.0009429,1038227647
1785521588852,sell,63161.9,0.00001588,1038227646
1785521588850,sell,63163.1,0.0005689,1038227645
1785521588850,sell,63163.1,0.0005689,1038227644
1785521588850,sell,63163.1,0.00361799,1038227643
1785521588522,sell,63163.1,0.02547274,1038227642
1785521588522,sell,63163.1,0.00374274,1038227641
1785521588522,sell,63163.1,0.03890287,1038227640
1785521588522,sell,63163.1,0.02692165,1038227639
1785521588522,sell,63163.1,0.00578122,1038227638
1785521588522,sell,63163.1,0.01280287,1038227637
1785521588522,sell,63163.1,0.03060287,1038227636
1785521588522,sell,63163.1,0.06910287,1038227635
1785521588522,sell,63163.1,0.00306785,1038227634
1785521588518,sell,63163.1,0.02533502,1038227633
1785521588518,sell,63163.1,0.00370287,1038227632
1785521588518,sell,63163.1,0.00090834,1038227631
1785521588518,sell,63163.1,0.0001,1038227630
1785521588518,sell,63163.1,0.00387168,1038227629
1785521588518,sell,63163.1,0.04608209,1038227628
1785521588518,sell,63163.1,0.16,1038227627
1785521588518,sell,63163.1,0.1272,1038227626
1785521588127,sell,63163.1,0.0389,1038227625
1785521588127,sell,63163.1,0.0328,1038227624
1785521587983,sell,63163.1,0.0129,1038227623
1785521586823,sell,63163.1,0.0307,1038227622
1785521586759,buy,63163.2,0.00021699,1038227621
1785521586626,sell,63163.1,0.0692,1038227620
1785521585320,sell,63163.1,0.0202,1038227619
1785521585320,sell,63163.1,0.0083,1038227618
1785521585100,sell,63163.1,0.00381039,1038227617
1785521585100,sell,63163.1,0.01598961,1038227616
1785521584759,buy,63163.2,0.68794918,1038227615
1785521584759,buy,63163.2,0.0031699,1038227614
1785521584759,buy,63163.2,0.064,1038227613
1785521584759,buy,63163.2,0.0012,1038227612
1785521584759,buy,63163.2,0.0013,1038227611
1785521584759,buy,63163.2,0.109,1038227610
1785521584759,buy,63163.2,0.00001775,1038227609
1785521584759,buy,63163.2,0.00130467,1038227608
1785521584189,sell,63163.1,0.0005037,1038227607
1785521584052,sell,63163.1,0.04,1038227606
1785521584052,sell,63163.1,0.00350669,1038227605
1785521584052,sell,63164.6,0.0001,1038227604
1785521584052,sell,63165.4,0.15639331,1038227603
1785521584052,sell,63165.4,0.01598515,1038227602
1785521584052,sell,63166.1,0.00001002,1038227601
1785521584052,sell,63166.8,0.06,1038227600
1785521584052,sell,63166.8,0.00400483,1038227599
1785521582609,sell,63163.1,0.11369057,1038227598
1785521582609,sell,63163.5,0.0015,1038227597
1785521582609,sell,63164,0.00001587,1038227596
1785521582609,sell,63164.3,0.00108,1038227595
1785521582609,sell,63165,0.0009429,1038227594
1785521582609,sell,63165.2,0.04277066,1038227593
1785521582609,sell,63165.2,0.05542934,1038227592
1785521582609,sell,63166.1,0.00001587,1038227591
1785521582609,sell,63166.8,0.02455479,1038227590
1785521582609,sell,63166.8,0.07894521,1038227589
1785521582609,sell,63168.2,0.0009429,1038227588
1785521582609,sell,63168.2,0.00001587,1038227587
1785521582609,sell,63170.7,0.00002425,1038227586
1785521582609,sell,63170.9,0.0001044,1038227585
1785521582609,sell,63170.9,0.00001,1038227584
1785521582609,sell,63170.9,0.00055447,1038227583
1785521582609,sell,63170.9,0.00414239,1038227582
1785521658133,buy,63143.6,0.00003167,1038227976
1785521658133,buy,63143.6,0.00007918,1038227975
1785521655029,sell,63143.5,0.00098428,1038227974
1785521654112,buy,63143.6,0.00015836,1038227973
1785521653632,sell,63143.5,0.01110962,1038227972
1785521652587,sell,63143.5,0.00018218,1038227971
1785521647987,sell,63144.6,0.00003573,1038227970
1785521647987,sell,63144.6,0.00002174,1038227969
1785521647987,sell,63145.7,0.00422374,1038227968
1785521646376,sell,63145.7,0.00000001,1038227967
1785521646376,sell,63145.7,0.00003692,1038227966
1785521646376,sell,63145.7,0.00002247,1038227965
1785521646376,sell,63146.5,0.00063997,1038227964
1785521646376,sell,63146.5,0.00062998,1038227963
1785521646376,sell,63146.5,0.0043693,1038227962
1785521646376,sell,63146.5,0.00001,1038227961
1785521646360,sell,63146.9,0.00063997,1038227960
1785521646360,sell,63146.9,0.00063997,1038227959
1785521646360,sell,63146.9,0.00451992,1038227958
1785521646060,sell,63146.9,0.01585909,1038227957
1785521644815,sell,63146.9,0.00034412,1038227956
1785521644786,buy,63147,0.00035272,1038227955
1785521644764,buy,63147,0.18257889,1038227954
1785521644764,buy,63146.6,0.0073619,1038227953
1785521644764,buy,63146.6,0.00058474,1038227952
1785521644764,buy,63146.6,0.00058474,1038227951
1785521644764,buy,63146.6,0.17200514,1038227950
1785521644764,buy,63146.6,0.00250972,1038227949
1785521644764,buy,63146.6,0.00741429,1038227948
1785521644764,buy,63146.6,0.00130627,1038227947
1785521644764,buy,63146.6,0.01170623,1038227946
1785521644764,buy,63146.6,0.54737632,1038227945
1785521640116,buy,63146.6,0.00269028,1038227944
1785521640116,buy,63146.6,0.00154807,1038227943
1785521640116,buy,63146.6,0.00486442,1038227942
1785521638814,sell,63146.5,0.00152428,1038227941
1785521638801,buy,63146.6,0.00166482,1038227940
1785521638763,buy,63146.6,0.0118175,1038227939
1785521638763,buy,63146.6,0.00751687,1038227938
1785521638763,buy,63146.5,0.08,1038227937
1785521638763,buy,63146.5,0.04,1038227936
1785521638763,buy,63146.5,0.06,1038227935
1785521638763,buy,63146.5,0.00026294,1038227934
1785521638763,buy,63145.6,0.083127,1038227933
1785521638763,buy,63145.1,0.00001589,1038227932
1785521638763,buy,63144.2,0.00095776,1038227931
1785521638763,buy,63144.2,0.00163719,1038227930
1785521638763,buy,63143.4,0.02927234,1038227929
1785521638763,buy,63142.5,0.3,1038227928
1785521638763,buy,63142,0.3,1038227927
1785521638763,buy,63141.7,0.0183174,1038227926
1785521638763,buy,63141.7,0.05705042,1038227925
1785521638763,buy,63141.6,0.00002481,1038227924
1785521638763,buy,63141.2,0.064,1038227923
1785521638763,buy,63141.2,0.00746486,1038227922
1785521638763,buy,63141.2,0.0001067,1038227921
1785521638763,buy,63141.2,0.01161108,1038227920
1785521638763,buy,63141.2,0.00059257,1038227919
1785521638763,buy,63141.2,0.01161108,1038227918
1785521638763,buy,63141.2,0.00059258,1038227917
1785521638763,buy,63141.2,0.13719882,1038227916
1785521638763,buy,63141.2,0.01211073,1038227915
1785521638763,buy,63141.2,0.5500666,1038227914
1785521638763,buy,63141.2,0.13801368,1038227913
1785521635312,buy,63141.2,0.00238404,1038227912
1785521634407,buy,63141.2,0.00015836,1038227911
1785521634407,buy,63141.2,0.00000001,1038227910
1785521633260,sell,63141.3,0.00001501,1038227909
1785521633260,sell,63141.6,0.00385524,1038227908
1785521630858,buy,63141.7,0.00831927,1038227907
1785521630122,sell,63141.6,0.0041073,1038227906
1785521627653,sell,63141.6,0.00015593,1038227905
1785521625872,buy,63141.7,0.09839125,1038227904
1785521625812,sell,63141.6,0.00014591,1038227903
1785521625812,sell,63141.6,0.000118,1038227902
1785521625812,sell,63141.6,0.0001,1038227901
1785521625808,sell,63142.1,0.12985889,1038227900
1785521625808,sell,63142.4,0.023,1038227899
1785521625808,sell,63143.1,0.30750497,1038227898
1785521625808,sell,63143.1,0.00001589,1038227897
1785521625808,sell,63144.1,0.00058404,1038227896
1785521625808,sell,63144.1,0.00058404,1038227895
1785521625808,sell,63144.1,0.00398787,1038227894
1785521625808,sell,63144.1,0.00326987,1038227893
1785521625807,sell,63144.1,0.3042351,1038227892
1785521624526,buy,63144.2,0.00062978,1038227891
1785521623154,buy,63144.2,0.0000197,1038227890
1785521623154,buy,63144.2,0.0000197,1038227889
1785521623154,buy,63144.2,0.0000197,1038227888
1785521623154,buy,63144.2,0.0000197,1038227887
1785521623154,buy,63144.2,0.0000197,1038227886
1785521623154,buy,63144.2,0.0000197,1038227885
1785521623154,buy,63144.2,0.0000197,1038227884
1785521623154,buy,63144.2,0.0000197,1038227883
1785521623154,buy,63144.2,0.0000197,1038227882
1785521623154,buy,63144.2,0.0000197,1038227881
1785521623154,buy,63144.2,0.0000197,1038227880
1785521623154,buy,63144.2,0.0000197,1038227879
1785521623154,buy,63144.2,0.0000197,1038227878
1785521623154,buy,63144.2,0.0000197,1038227877
1785521710274,sell,63156.2,0.18553977,1038228108
1785521710274,sell,63156.2,0.109,1038228107
1785521710274,sell,63156.2,0.00001,1038228106
1785521710274,sell,63156.2,0.00067103,1038228105
1785521710274,sell,63156.2,0.00067099,1038228104
1785521710274,sell,63156.2,0.00541921,1038228103
1785521710274,sell,63156.2,0.00001,1038228102
1785521706508,buy,63156.3,0.07566307,1038228101
1785521705369,buy,63156.3,0.01284,1038228100
1785521704766,buy,63156.3,0.00021053,1038228099
1785521702790,buy,63156.3,0.37132299,1038228098
1785521702790,buy,63156.3,0.0013,1038228097
1785521702790,buy,63156.3,0.07740846,1038228096
1785521699772,buy,63156.3,0.03159154,1038228095
1785521699652,sell,63156.2,0.00014763,1038228094
1785521699287,sell,63155.8,0.00216731,1038228093
1785521699285,sell,63155.8,0.0025927,1038228092
1785521699285,sell,63160.3,0.00068096,1038228091
1785521699285,sell,63160.3,0.00068097,1038228090
1785521699285,sell,63160.3,0.00080537,1038228089
1785521699284,sell,63160.3,0.00232076,1038228088
1785521699284,sell,63160.3,0.00015867,1038228087
1785521699284,sell,63160.3,0.00232075,1038228086
1785521699281,sell,63160.3,0.00228058,1038228085
1785521699281,sell,63160.3,0.00068096,1038228084
1785521699281,sell,63160.3,0.00068097,1038228083
1785521699281,sell,63160.3,0.00111749,1038228082
1785521699277,sell,63160.3,0.00348386,1038228081
1785521699277,sell,63160.3,0.00127614,1038228080
1785521699273,sell,63160.3,0.00476,1038228079
1785521699273,sell,63160.3,0.00000001,1038228078
1785521699273,sell,63160.3,0.00067096,1038228077
1785521699273,sell,63160.3,0.00068097,1038228076
1785521699273,sell,63160.3,0.00001,1038228075
1785521699273,sell,63160.3,0.00003335,1038228074
1785521699273,sell,63160.3,0.00002019,1038228073
1785521699266,sell,63161.2,0.00014575,1038228072
1785521699266,sell,63161.2,0.00001,1038228071
1785521699266,sell,63161.2,0.00067716,1038228070
1785521699266,sell,63161.2,0.00088031,1038228069
1785521699266,sell,63161.2,0.00001708,1038228068
1785521699266,sell,63161.2,0.0000343,1038228067
1785521699266,sell,63161.2,0.00052192,1038228066
1785521699266,sell,63161.2,0.00012178,1038228065
1785521699266,sell,63161.2,0.00001,1038228064
1785521699266,sell,63161.2,0.00001,1038228063
1785521699266,sell,63161.2,0.00063675,1038228062
1785521699266,sell,63161.2,0.00002427,1038228061
1785521699266,sell,63161.2,0.00002349,1038228060
1785521699266,sell,63161.2,0.00001,1038228059
1785521699266,sell,63161.2,0.00624418,1038228058
1785521698763,buy,63161.2,0.2092966,1038228057
1785521698763,buy,63161.2,0.2350577,1038228056
1785521698763,buy,63161.1,0.22657296,1038228055
1785521698763,buy,63161.1,0.00001,1038228054
1785521698763,buy,63160.6,0.00001501,1038228053
1785521698763,buy,63160,0.10958,1038228052
1785521698763,buy,63159.9,0.04688946,1038228051
1785521698763,buy,63159.8,0.47659559,1038228050
1785521698763,buy,63159.7,0.00001589,1038228049
1785521698763,buy,63159.6,0.013,1038228048
1785521698763,buy,63158.4,0.10961,1038228047
1785521698763,buy,63157.8,0.26675278,1038228046
1785521698763,buy,63157.6,0.00001589,1038228045
1785521698763,buy,63156.8,0.09546,1038228044
1785521698763,buy,63156.7,0.04688946,1038228043
1785521698763,buy,63156.7,0.06480014,1038228042
1785521698763,buy,63156.3,0.08,1038228041
1785521698763,buy,63155.9,0.46202242,1038228040
1785521698763,buy,63155.5,0.00001589,1038228039
1785521698763,buy,63155.2,0.07923456,1038228038
1785521698763,buy,63155,0.02903629,1038228037
1785521698763,buy,63154.3,0.00001501,1038228036
1785521698763,buy,63154,0.04,1038228035
1785521698763,buy,63153.9,0.03654233,1038228034
1785521698763,buy,63153.8,0.00317036,1038228033
1785521698763,buy,63153.5,0.00001589,1038228032
1785521698763,buy,63151.4,0.00001589,1038228031
1785521698763,buy,63150,0.00068477,1038228030
1785521698763,buy,63149.3,0.0000159,1038228029
1785521698763,buy,63148.8,0.0018858,1038228028
1785521698763,buy,63148.5,0.55005773,1038228027
1785521698763,buy,63148.5,0.00075859,1038228026
1785521698763,buy,63148.5,0.00075859,1038228025
1785521698763,buy,63148.5,0.00992059,1038228024
1785521698763,buy,63148.5,0.15736202,1038228023
1785521698746,sell,63148.4,0.0001803,1038228022
1785521696839,buy,63147.2,0.0000159,1038228021
1785521696839,buy,63145.8,0.010263,1038228020
1785521696839,buy,63145.8,0.0073089,1038228019
1785521696836,sell,63145.7,0.00082268,1038228018
1785521696804,buy,63145,0.00396385,1038228017
1785521696804,buy,63144.5,0.01061704,1038228016
1785521696799,sell,63144.4,0.00001,1038228015
1785521696794,buy,63144,0.15737312,1038228014
1785521696794,buy,63144,0.01098317,1038228013
1785521696794,buy,63144,0.09834683,1038228012
1785521696789,buy,63144,0.1956,1038228011
1785521696786,buy,63144,0.00604317,1038228010
1785521696678,buy,63143.8,0.00002,1038228009
1785521767732,buy,63150.7,0.00007759,1038228250
1785521767525,buy,63150.7,0.02720491,1038228249
1785521767525,buy,63150.7,0.00290718,1038228248
1785521763935,buy,63150.7,0.0002,1038228247
1785521763816,sell,63150.9,0.00046566,1038228246
1785521763816,sell,63150.9,0.00046566,1038228245
1785521763816,sell,63150.9,0.0052825,1038228244
1785521763699,buy,63151,0.0001,1038228243
1785521763556,sell,63150.9,0.03453534,1038228242
1785521763556,sell,63150.9,0.00546466,1038228241
1785521763256,sell,63151.5,0.0000159,1038228240
1785521763256,sell,63152.1,0.00058539,1038228239
1785521763256,sell,63152.1,0.00058539,1038228238
1785521763256,sell,63152.1,0.00565294,1038228237
1785521762795,buy,63152.2,0.30273006,1038228236
1785521762795,buy,63152.2,0.00001,1038228235
1785521762795,buy,63152.2,0.00001,1038228234
1785521762795,buy,63152.2,0.0005828,1038228233
1785521762795,buy,63152.2,0.00001,1038228232
1785521762795,buy,63152.2,0.00054732,1038228231
1785521762795,buy,63152.2,0.00001,1038228230
1785521762795,buy,63152.2,0.06,1038228229
1785521762795,buy,63152.2,0.00001,1038228228
1785521762795,buy,63152.2,0.00317016,1038228227
1785521762795,buy,63152.2,0.5348431,1038228226
1785521762589,buy,63152.2,0.0151569,1038228225
1785521762589,buy,63152.2,0.0012,1038228224
1785521762589,buy,63152.2,0.109,1038228223
1785521762541,sell,63152,0.0047,1038228222
1785521762541,sell,63152,0.0047,1038228221
1785521762541,sell,63152,0.0046,1038228220
1785521762535,sell,63152,0.08,1038228219
1785521762535,sell,63152,0.11822979,1038228218
1785521762535,sell,63153.6,0.0000159,1038228217
1785521762535,sell,63153.9,0.00001501,1038228216
1785521762535,sell,63155.6,0.0000159,1038228215
1785521762535,sell,63158,0.0417234,1038228214
1785521762535,sell,63158,0.04,1038228213
1785521762535,sell,63158,0.08,1038228212
1785521762534,sell,63158,0.0033,1038228211
1785521762532,sell,63158,0.03027036,1038228210
1785521762532,sell,63158,0.02715371,1038228209
1785521762532,sell,63158,0.20325253,1038228208
1785521762532,sell,63158,0.00001,1038228207
1785521762532,sell,63159.8,0.0000159,1038228206
1785521762532,sell,63161.2,0.01208305,1038228205
1785521762532,sell,63161.2,0.19734621,1038228204
1785521762531,sell,63161.2,0.07799566,1038228203
1785521762531,sell,63161.2,0.16905813,1038228202
1785521762531,sell,63161.3,0.00001,1038228201
1785521762531,sell,63161.3,0.00584667,1038228200
1785521762531,sell,63161.3,0.00058057,1038228199
1785521762531,sell,63161.3,0.00057063,1038228198
1785521762531,sell,63161.3,0.00001,1038228197
1785521762531,sell,63161.3,0.27538871,1038228196
1785521762258,sell,63161.3,0.00547111,1038228195
1785521761060,sell,63164,0.00001,1038228194
1785521761060,sell,63164,0.00057764,1038228193
1785521761060,sell,63164,0.00056764,1038228192
1785521761060,sell,63164,0.00604793,1038228191
1785521761060,sell,63164,0.00001,1038228190
1785521761060,sell,63164,0.02960946,1038228189
1785521760800,sell,63164,0.00005412,1038228188
1785521759221,sell,63164,0.00781042,1038228187
1785521759154,buy,63164.1,0.00031346,1038228186
1785521759013,sell,63168.6,0.00056203,1038228185
1785521759013,sell,63168.6,0.00003306,1038228184
1785521759013,sell,63168.6,0.00001,1038228183
1785521759013,sell,63168.6,0.0000212,1038228182
1785521759013,sell,63168.6,0.00056196,1038228181
1785521759013,sell,63168.6,0.00001,1038228180
1785521759013,sell,63168.6,0.00625589,1038228179
1785521759013,sell,63168.6,0.00002319,1038228178
1785521758767,buy,63170.6,0.39172333,1038228177
1785521758767,buy,63170.1,0.00001589,1038228176
1785521758767,buy,63169.2,0.09608,1038228175
1785521758767,buy,63168.2,0.08451783,1038228174
1785521758767,buy,63168.1,0.083141,1038228173
1785521758767,buy,63168.1,0.00001589,1038228172
1785521758767,buy,63168,0.47659559,1038228171
1785521758767,buy,63168,0.031662,1038228170
1785521758767,buy,63168,0.07921851,1038228169
1785521758767,buy,63167.7,0.162,1038228168
1785521758767,buy,63166.9,0.000015,1038228167
1785521758767,buy,63166.2,0.2186709,1038228166
1785521758767,buy,63166.1,0.14673257,1038228165
1785521758767,buy,63166,0.00001589,1038228164
1785521758767,buy,63164.4,0.04,1038228163
1785521758767,buy,63164.4,0.08,1038228162
1785521758767,buy,63164.3,0.00316998,1038228161
1785521758767,buy,63162.4,0.02940826,1038228160
1785521758767,buy,63162.3,0.00001347,1038228159
1785521758767,buy,63162,0.3,1038228158
1785521758767,buy,63161.5,0.3,1038228157
1785521758767,buy,63161.5,0.05705551,1038228156
1785521758767,buy,63161.4,0.1722216,1038228155
1785521758767,buy,63161.4,0.05380134,1038228154
1785521758767,buy,63161.3,0.064,1038228153
1785521758767,buy,63161.3,0.55004362,1038228152
1785521758767,buy,63161.3,0.00061096,1038228151
1785527682399,sell,63027.4,0.00033,1038244428
1785527680132,sell,63027.4,0.00084803,1038244427
1785527679885,buy,63027.5,0.00094243,1038244426
1785527679540,sell,63027.4,0.0093653,1038244425
1785527679540,sell,63027.4,0.00476814,1038244424
1785527677664,buy,63026,0.00549086,1038244423
1785527677523,buy,63023.7,0.00022674,1038244422
1785527677523,buy,63023.7,0.00009227,1038244421
1785527677523,buy,63023.7,0.00528838,1038244420
1785527675671,sell,63023.6,0.00079455,1038244419
1785527675521,buy,63023.7,0.00444277,1038244418
1785527670847,buy,63023.7,0.00084888,1038244417
1785527668683,sell,63023.6,0.00031268,1038244416
1785527667457,sell,63023.6,0.00017341,1038244415
1785527667457,sell,63023.6,0.00008859,1038244414
1785527667457,sell,63023.6,0.00071155,1038244413
1785527667457,sell,63023.6,0.00007337,1038244412
1785527667457,sell,63023.6,0.00005189,1038244411
1785527667457,sell,63023.6,0.00077243,1038244410
1785527667457,sell,63023.6,0.00007977,1038244409
1785527667457,sell,63023.6,0.00001,1038244408
1785527667457,sell,63023.6,0.00001,1038244407
1785527667457,sell,63023.6,0.00031148,1038244406
1785527667457,sell,63023.6,0.00001,1038244405
1785527667457,sell,63023.6,0.00033741,1038244404
1785527667457,sell,63023.6,0.00001,1038244403
1785527667457,sell,63023.6,0.00080829,1038244402
1785527667457,sell,63023.6,0.00023986,1038244401
1785527667457,sell,63023.6,0.00009749,1038244400
1785527667457,sell,63023.6,0.00846165,1038244399
1785527666708,sell,63023.6,0.00211712,1038244398
1785527666708,sell,63023.6,0.00025566,1038244397
1785527647962,sell,63023.6,0.00643858,1038244396
1785527645715,sell,63023.6,0.0005007,1038244395
1785527644669,buy,63023.7,0.00881428,1038244394
1785527644669,buy,63023.7,0.0013,1038244393
1785527644669,buy,63023.7,0.00547072,1038244392
1785527644665,buy,63023.7,0.00519481,1038244391
1785527644665,buy,63022.3,0.00001593,1038244390
1785527644665,buy,63020,0.00565976,1038244389
1785527644665,buy,63020,0.0047145,1038244388
1785527644663,sell,63019.9,0.00017001,1038244387
1785527644618,buy,63018.1,0.00585516,1038244386
1785527644612,sell,63018,0.00019889,1038244385
1785527644579,buy,63017,0.00039119,1038244384
1785527644579,buy,63017,0.0003912,1038244383
1785527644579,buy,63017,0.00604719,1038244382
1785527644569,buy,63017,0.00001,1038244381
1785527644561,buy,63013.7,0.00039122,1038244380
1785527644561,buy,63013.7,0.00039121,1038244379
1785527644561,buy,63013.7,0.00037956,1038244378
1785527644561,buy,63013.7,0.00626647,1038244377
1785527642378,sell,63013.6,0.00051011,1038244376
1785527642348,buy,63012.1,0.00573926,1038244375
1785527642348,buy,63012.1,0.00648274,1038244374
1785527642332,buy,63011.9,0.00001593,1038244373
1785527642332,buy,63009.8,0.00001593,1038244372
1785527642329,buy,63006.5,0.00068547,1038244371
1785527642327,buy,63005.7,0.00001593,1038244370
1785527642327,buy,63005.5,0.3,1038244369
1785527642327,buy,63005,0.00022804,1038244368
1785527642327,buy,63005,0.0002,1038244367
1785527642327,buy,63005,0.01018,1038244366
1785527642327,buy,63005,0.00219,1038244365
1785527642327,buy,63005,0.00062,1038244364
1785527642327,buy,63005,0.00794,1038244363
1785527642327,buy,63005,0.00088,1038244362
1785527642327,buy,63005,0.00007977,1038244361
1785527642327,buy,63005,0.00040011,1038244360
1785527642327,buy,63005,0.00040011,1038244359
1785527642327,buy,63005,0.00127826,1038244358
1785527642327,buy,63005,0.00670719,1038244357
1785527642327,buy,63005,0.2779869,1038244356
1785527640653,buy,63005,0.00019683,1038244355
1785527638429,buy,63005,0.00017993,1038244354
1785527638029,buy,63005,0.01,1038244353
1785527637825,sell,63004.9,0.00031728,1038244352
1785527637505,sell,63004.9,0.00031782,1038244351
1785527634252,buy,63005,0.00218527,1038244350
1785527633390,buy,63005,0.00062545,1038244349
1785527630623,sell,63004.9,0.00928504,1038244348
1785527630349,buy,63005,0.00793587,1038244347
1785527628597,buy,63005,0.00087975,1038244346
1785527624716,sell,63004.9,0.00031266,1038244345
1785527622439,sell,63004.9,0.00848443,1038244344
1785527622439,sell,63004.9,0.00508479,1038244343
1785527616549,buy,63004.6,0.0002556,1038244342
1785527616549,buy,63004.6,0.0015211,1038244341
1785527616549,buy,63004.6,0.00693851,1038244340
1785527615088,buy,63004.6,0.00167,1038244339
1785527614292,buy,63004.6,0.00162,1038244338
1785527612868,buy,63004.6,0.00425357,1038244337
1785527610555,sell,63004.5,0.00163377,1038244336
1785527610503,buy,63003,0.00007339,1038244335
1785527610503,buy,63003,0.00031898,1038244334
1785527610503,buy,63003,0.00190294,1038244333
1785527610503,buy,63003,0.00033747,1038244332
1785527610503,buy,63003,0.00033747,1038244331
1785527610503,buy,63003,0.00717796,1038244330
1785527609799,sell,63002.9,0.0020439,1038244329
1785527735127,buy,63026.1,0.00038782,1038244558
1785527730723,sell,63026,0.00085438,1038244557
1785527730723,sell,63026,0.00003187,1038244556
1785527730672,buy,63020,0.0047145,1038244555
1785527730672,buy,63019.2,0.00032546,1038244554
1785527730672,buy,63019.2,0.00032546,1038244553
1785527730672,buy,63019.2,0.00268671,1038244552
1785527730672,buy,63019.2,0.00708206,1038244551
1785527730672,buy,63019.2,0.00211139,1038244550
1785527730672,buy,63019.2,0.00352234,1038244549
1785527730672,buy,63019.2,0.00144095,1038244548
1785527730672,buy,63019.2,0.00294195,1038244547
1785527730672,buy,63019.2,0.00147113,1038244546
1785527727481,buy,63019.2,0.0009132,1038244545
1785527727478,sell,63019.1,0.00322868,1038244544
1785527727435,sell,63019.1,0.02442422,1038244543
1785527727435,sell,63019.1,0.22924,1038244542
1785527727435,sell,63019.1,0.04633578,1038244541
1785527727435,sell,63019.1,0.12663266,1038244540
1785527727435,sell,63019.1,0.17336733,1038244539
1785527727435,sell,63019.1,0.00000001,1038244538
1785527727431,buy,63018.2,0.00038295,1038244537
1785527727431,buy,63018.1,0.00001593,1038244536
1785527727428,buy,63014,0.0060056,1038244535
1785527727428,buy,63014,0.00132133,1038244534
1785527727428,buy,63013.9,0.00645523,1038244533
1785527727425,buy,63013.9,0.0009,1038244532
1785527726671,sell,63013.8,0.0101185,1038244531
1785527726621,buy,63011.9,0.00022646,1038244530
1785527726621,buy,63011.9,0.00001593,1038244529
1785527726621,buy,63010,0.01227546,1038244528
1785527726621,buy,63010,0.00758008,1038244527
1785527726621,buy,63010,0.00036564,1038244526
1785527726621,buy,63010,0.00036564,1038244525
1785527725678,buy,63010,0.01029663,1038244524
1785527725678,buy,63010,0.00653459,1038244523
1785527725678,buy,63010,0.00114591,1038244522
1785527724570,sell,63009.9,0.01492635,1038244521
1785527712097,sell,63009.9,0.01746002,1038244520
1785527712059,buy,63010,0.00016211,1038244519
1785527712057,buy,63010,0.0067599,1038244518
1785527712057,buy,63010,0.0001621,1038244517
1785527712057,buy,63009.9,0.000057,1038244516
1785527712049,buy,63009.8,0.0000323,1038244515
1785527712049,buy,63009.8,0.00001593,1038244514
1785527712049,buy,63007.8,0.00001593,1038244513
1785527712047,buy,63004,0.03008669,1038244512
1785527712047,buy,63004,0.00007175,1038244511
1785527712047,buy,63004,0.0003298,1038244510
1785527712047,buy,63004,0.0003298,1038244509
1785527712047,buy,63004,0.00103774,1038244508
1785527712047,buy,63004,0.00103774,1038244507
1785527712047,buy,63004,0.00834689,1038244506
1785527709073,sell,63003.9,0.00016328,1038244505
1785527709018,buy,63003.9,0.0002059,1038244504
1785527707342,sell,63004,0.0009429,1038244503
1785527707342,sell,63005.6,0.00778441,1038244502
1785527707284,sell,63005.8,0.00001593,1038244501
1785527707284,sell,63007.2,0.0009429,1038244500
1785527707284,sell,63007.9,0.00001593,1038244499
1785527707284,sell,63009.8,0.00805229,1038244498
1785527707263,sell,63009.8,0.00001594,1038244497
1785527707261,sell,63009.9,0.00001593,1038244496
1785527707261,sell,63010.4,0.0009429,1038244495
1785527707261,sell,63011.2,0.0000259,1038244494
1785527707261,sell,63011.2,0.00002,1038244493
1785527707261,sell,63011.2,0.0003334,1038244492
1785527707261,sell,63011.2,0.00032345,1038244491
1785527707261,sell,63011.2,0.00832977,1038244490
1785527707261,sell,63011.2,0.00001,1038244489
1785527701672,sell,63011.2,0.0010476,1038244488
1785527701670,sell,63013.3,0.00007283,1038244487
1785527701670,sell,63013.6,0.0009429,1038244486
1785527701670,sell,63014.4,0.0003334,1038244485
1785527701670,sell,63014.4,0.00861659,1038244484
1785527701670,sell,63014.4,0.00033341,1038244483
1785527701670,sell,63014.4,0.0011,1038244482
1785527701628,sell,63014.4,0.00068969,1038244481
1785527701532,sell,63014.4,0.00950745,1038244480
1785527701532,sell,63014.4,0.00033341,1038244479
1785527701532,sell,63014.4,0.0003334,1038244478
1785527701532,sell,63014.4,0.00891374,1038244477
1785527700269,sell,63014.4,0.00097477,1038244476
1785527700266,sell,63016.2,0.00001593,1038244475
1785527700266,sell,63016.8,0.0009429,1038244474
1785527700266,sell,63018.1,0.0092206,1038244473
1785527700188,sell,63019.1,0.00009227,1038244472
1785527700188,sell,63019.1,0.00953842,1038244471
1785527699703,buy,63019.2,0.00053,1038244470
1785527698265,sell,63019.1,0.00525358,1038244469
1785527697979,sell,63019.1,0.00252334,1038244468
1785527696103,sell,63019.1,0.012,1038244467
1785527696103,sell,63019.1,0.16,1038244466
1785527696097,sell,63019.1,0.08,1038244465
1785527696097,sell,63019.1,0.03013261,1038244464
1785527696097,sell,63019.1,0.00986739,1038244463
1785527696089,sell,63019.1,0.0071,1038244462
1785527696089,sell,63019.1,0.0012,1038244461
1785527696089,sell,63019.1,0.0717,1038244460
1785527696089,sell,63019.1,0.0903,1038244459
1785527792820,sell,63026.5,0.00943863,1038244635
1785527792412,sell,63026.5,0.00028769,1038244634
1785527790495,sell,63026.5,0.00019776,1038244633
1785527790445,buy,63026.5,0.00001593,1038244632
1785527790445,buy,63026.1,0.00034136,1038244631
1785527790445,buy,63024.4,0.00001593,1038244630
1785527790445,buy,63022.2,0.00033866,1038244629
1785527790445,buy,63022.2,0.00033866,1038244628
1785527790445,buy,63022.2,0.00022937,1038244627
1785527790445,buy,63022.2,0.00688772,1038244626
1785527790396,buy,63022.2,0.001034,1038244625
1785527790227,sell,63022.1,0.00024637,1038244624
1785527790201,buy,63020,0.00819513,1038244623
1785527790201,buy,63020,0.0018858,1038244622
1785527790175,sell,63019.9,0.00032054,1038244621
1785527790146,buy,63019.9,0.01004876,1038244620
1785527790128,buy,63019.9,0.08,1038244619
1785527790127,buy,63018.1,0.00001593,1038244618
1785527790125,buy,63016.8,0.00046835,1038244617
1785527790125,buy,63016.5,0.00023641,1038244616
1785527790125,buy,63016.5,0.00068549,1038244615
1785527790125,buy,63016.5,0.0008799,1038244614
1785527790124,buy,63013.6,0.00002633,1038244613
1785527790124,buy,63013.6,0.00847855,1038244612
1785527790124,buy,63013.6,0.00032552,1038244611
1785527790124,buy,63013.6,0.00031556,1038244610
1785527790124,buy,63013.6,0.00001,1038244609
1785527790124,buy,63013.6,0.01958388,1038244608
1785527780082,buy,63013.6,0.00441612,1038244607
1785527780082,buy,63013.6,0.00712522,1038244606
1785527776427,sell,63013.5,0.00021729,1038244605
1785527775776,buy,63013.6,0.00021423,1038244604
1785527772662,sell,63013.5,0.0067832,1038244603
1785527770817,sell,63016.5,0.00002,1038244602
1785527770817,sell,63016.7,0.00032552,1038244601
1785527770817,sell,63016.7,0.00032552,1038244600
1785527770817,sell,63016.7,0.00764551,1038244599
1785527769369,sell,63016.7,0.00050303,1038244598
1785527769318,buy,63016.1,0.00024843,1038244597
1785527769318,buy,63016.1,0.00001593,1038244596
1785527769318,buy,63011.5,0.0005404,1038244595
1785527769318,buy,63011.5,0.00850752,1038244594
1785527765159,sell,63011.4,0.0005,1038244593
1785527764856,sell,63011.4,0.00659068,1038244592
1785527763987,sell,63011.4,0.00440259,1038244591
1785527759241,buy,63011.5,0.00485017,1038244590
1785527759241,buy,63011.5,0.00197398,1038244589
1785527757141,buy,63011.5,0.0000238,1038244588
1785527756700,sell,63011.4,0.00018785,1038244587
1785527750432,sell,63011.4,0.00736083,1038244586
1785527748165,buy,63011.5,0.00088079,1038244585
1785527745776,buy,63011.5,0.00531807,1038244584
1785527742345,sell,63012,0.00001593,1038244583
1785527742345,sell,63013.6,0.0009429,1038244582
1785527742345,sell,63014.1,0.00001593,1038244581
1785527742345,sell,63014.6,0.00780156,1038244580
1785527742345,sell,63014.9,0.00761604,1038244579
1785527741628,buy,63015,0.00375,1038244578
1785527740823,sell,63015.3,0.000015,1038244577
1785527740823,sell,63016.8,0.0009429,1038244576
1785527740823,sell,63017.6,0.00780166,1038244575
1785527740816,sell,63018.2,0.00001593,1038244574
1785527740816,sell,63019.1,0.00295394,1038244573
1785527740812,sell,63019.4,0.00041821,1038244572
1785527740812,sell,63019.4,0.00030862,1038244571
1785527740812,sell,63019.4,0.00030862,1038244570
1785527740812,sell,63019.4,0.00041821,1038244569
1785527740812,sell,63019.4,0.00787808,1038244568
1785527740323,sell,63021.7,0.00814944,1038244567
1785527740318,sell,63021.7,0.05689955,1038244566
1785527740318,sell,63021.7,0.00843045,1038244565
1785527740318,sell,63021.7,0.109,1038244564
1785527740318,sell,63021.7,0.047556,1038244563
1785527740303,sell,63021.8,0.00772697,1038244562
1785527740303,sell,63022.7,0.00872103,1038244561
1785527740093,buy,63022.8,0.00075361,1038244560
1785527739534,sell,63026,0.00902133,1038244559
1785527847564,buy,63013.9,0.02008355,1038244712
1785527847564,buy,63013.9,0.00065442,1038244711
1785527847564,buy,63013.9,0.00105602,1038244710
1785527847564,buy,63013.9,0.00279268,1038244709
1785527847564,buy,63013.9,0.01874739,1038244708
1785527845217,buy,63013.9,0.00166153,1038244707
1785527845028,sell,63013.8,0.00037745,1038244706
1785527842112,buy,63013.9,0.00126956,1038244705
1785527841776,buy,63013.9,0.00536994,1038244704
1785527841380,buy,63013.9,0.00001636,1038244703
1785527841380,buy,63013.9,0.00001636,1038244702
1785527841380,buy,63013.9,0.00001636,1038244701
1785527841380,buy,63013.9,0.00001636,1038244700
1785527841380,buy,63013.9,0.00001636,1038244699
1785527841380,buy,63013.9,0.00001636,1038244698
1785527841380,buy,63013.9,0.00001636,1038244697
1785527841380,buy,63013.9,0.00001636,1038244696
1785527841380,buy,63013.9,0.00001636,1038244695
1785527841380,buy,63013.9,0.00001636,1038244694
1785527841380,buy,63013.9,0.00001636,1038244693
1785527841380,buy,63013.9,0.00001636,1038244692
1785527841380,buy,63013.9,0.00001636,1038244691
1785527841380,buy,63013.9,0.00001636,1038244690
1785527841380,buy,63013.9,0.00001636,1038244689
1785527841380,buy,63013.9,0.00001636,1038244688
1785527841380,buy,63013.9,0.00001636,1038244687
1785527841380,buy,63013.9,0.00001636,1038244686
1785527840512,buy,63013.9,0.00047608,1038244685
1785527839755,sell,63013.8,0.00083389,1038244684
1785527833726,sell,63013.8,0.00374024,1038244683
1785527832812,buy,63013.9,0.00039515,1038244682
1785527831926,buy,63013.9,0.00718096,1038244681
1785527831380,buy,63013.9,0.00044133,1038244680
1785527831380,buy,63013.9,0.00021854,1038244679
1785527831380,buy,63013.9,0.00018415,1038244678
1785527831380,buy,63013.9,0.00001,1038244677
1785527831380,buy,63013.9,0.0002724,1038244676
1785527831380,buy,63013.9,0.00004806,1038244675
1785527831380,buy,63013.9,0.00028239,1038244674
1785527831380,buy,63013.9,0.00001,1038244673
1785527831380,buy,63013.9,0.00001,1038244672
1785527829858,buy,63013.9,0.00083473,1038244671
1785527828862,sell,63013.8,0.00001152,1038244670
1785527827707,buy,63013.9,0.10771395,1038244669
1785527822987,buy,63013.9,0.0007016,1038244668
1785527822042,buy,63013.9,0.00090076,1038244667
1785527821924,buy,63013.9,0.0002359,1038244666
1785527821038,buy,63013.9,0.00284374,1038244665
1785527818175,buy,63013.9,0.03598212,1038244664
1785527816260,buy,63013.9,0.00030144,1038244663
1785527816260,buy,63013.9,0.00001594,1038244662
1785527810073,sell,63013.8,0.00294617,1038244661
1785527805213,sell,63013.8,0.00019313,1038244660
1785527800674,sell,63013.8,0.00719523,1038244659
1785527800376,sell,63014.1,0.00001593,1038244658
1785527800376,sell,63015.3,0.00001501,1038244657
1785527800373,sell,63016.8,0.0009429,1038244656
1785527800373,sell,63018.2,0.00001593,1038244655
1785527800367,sell,63025.1,0.05190245,1038244654
1785527800367,sell,63025.1,0.10676449,1038244653
1785527800367,sell,63025.1,0.00793575,1038244652
1785527800367,sell,63025.1,0.02349976,1038244651
1785527800366,sell,63025.1,0.08235024,1038244650
1785527798295,sell,63025.1,0.00079302,1038244649
1785527798119,buy,63025.2,0.00001745,1038244648
1785527796875,sell,63026.5,0.00002946,1038244647
1785527796875,sell,63026.5,0.00005947,1038244646
1785527796875,sell,63026.5,0.00001,1038244645
1785527796875,sell,63026.5,0.00031554,1038244644
1785527796875,sell,63026.5,0.00002626,1038244643
1785527796875,sell,63026.5,0.00001,1038244642
1785527796875,sell,63026.5,0.00001,1038244641
1785527796875,sell,63026.5,0.00032547,1038244640
1785527796875,sell,63026.5,0.00001,1038244639
1785527796875,sell,63026.5,0.00820921,1038244638
1785527796152,buy,63026.6,0.01796749,1038244637
1785527795044,sell,63026.5,0.00099953,1038244636
1785527903210,buy,63003.9,0.00071412,1038244809
1785527901979,sell,63004,0.0009429,1038244808
1785527901979,sell,63007.2,0.0009429,1038244807
1785527901979,sell,63007.6,0.00646192,1038244806
1785527901979,sell,63007.6,0.00031864,1038244805
1785527901979,sell,63007.6,0.00031864,1038244804
1785527901979,sell,63007.6,0.00002,1038244803
1785527901972,sell,63007.6,0.33212935,1038244802
1785527901972,sell,63007.6,0.00668475,1038244801
1785527901972,sell,63007.6,0.09001065,1038244800
1785527901459,buy,63007.7,0.00359359,1038244799
1785527901364,sell,63009,0.000015,1038244798
1785527901364,sell,63009.9,0.00001593,1038244797
1785527901364,sell,63010.4,0.0000429,1038244796
1785527901364,sell,63010.4,0.0009,1038244795
1785527901364,sell,63010.7,0.01170293,1038244794
1785527901364,sell,63010.7,0.00780166,1038244793
1785527901364,sell,63011.1,0.00068546,1038244792
1785527901362,sell,63012,0.00001593,1038244791
1785527901362,sell,63012.8,0.00780166,1038244790
1785527901362,sell,63013.1,0.00780166,1038244789
1785527901362,sell,63013.1,0.00780161,1038244788
1785527901362,sell,63013.6,0.0009429,1038244787
1785527901362,sell,63013.8,0.00038295,1038244786
1785527901362,sell,63013.8,0.00032436,1038244785
1785527901362,sell,63013.8,0.00032435,1038244784
1785527901362,sell,63013.8,0.00691445,1038244783
1785527901362,sell,63013.8,0.0058115,1038244782
1785527901362,sell,63013.8,0.0029129,1038244781
1785527901362,sell,63013.8,0.00555951,1038244780
1785527897677,sell,63013.8,0.00031264,1038244779
1785527889991,buy,63013.9,0.00377128,1038244778
1785527889991,buy,63013.9,0.00392079,1038244777
1785527886667,buy,63013.9,0.00017951,1038244776
1785527883647,sell,63013.8,0.00035537,1038244775
1785527883647,sell,63013.8,0.00034136,1038244774
1785527883222,sell,63015.2,0.0071527,1038244773
1785527882913,buy,63015.3,0.00007934,1038244772
1785527882236,sell,63015.2,0.00039672,1038244771
1785527875670,sell,63015.2,0.00111532,1038244770
1785527873911,buy,63015.3,0.00016345,1038244769
1785527869662,buy,63015.3,0.05119989,1038244768
1785527869662,buy,63015.3,0.0466,1038244767
1785527869662,buy,63015.3,0.0301636,1038244766
1785527869662,buy,63015.3,0.0058364,1038244765
1785527867661,sell,63015.2,0.001856,1038244764
1785527866561,sell,63015.3,0.000015,1038244763
1785527866561,sell,63016.5,0.00002,1038244762
1785527866561,sell,63016.7,0.00027722,1038244761
1785527866561,sell,63016.7,0.00027723,1038244760
1785527866561,sell,63016.7,0.00739915,1038244759
1785527863034,sell,63018.2,0.00001593,1038244758
1785527863034,sell,63019,0.000274,1038244757
1785527863034,sell,63019,0.000274,1038244756
1785527863034,sell,63019,0.00765399,1038244755
1785527862803,sell,63021.5,0.0079076,1038244754
1785527862801,sell,63021.5,0.00001,1038244753
1785527862789,sell,63022,0.00819055,1038244752
1785527862778,sell,63022.2,0.00027399,1038244751
1785527862778,sell,63022.2,0.00028161,1038244750
1785527862778,sell,63022.2,0.00028161,1038244749
1785527862778,sell,63022.2,0.00027399,1038244748
1785527862778,sell,63022.2,0.00820889,1038244747
1785527862557,sell,63022.2,0.00165986,1038244746
1785527857577,buy,63022.3,0.05618825,1038244745
1785527857577,buy,63022.3,0.6,1038244744
1785527857577,buy,63022.3,0.00765853,1038244743
1785527857577,buy,63022.3,0.82502785,1038244742
1785527857503,sell,63022.2,0.00070856,1038244741
1785527857463,buy,63020.2,0.00001593,1038244740
1785527857463,buy,63018.1,0.00001593,1038244739
1785527857461,buy,63016.5,0.00792335,1038244738
1785527857461,buy,63016.5,0.00020095,1038244737
1785527857449,buy,63016.5,0.08,1038244736
1785527857448,buy,63016.5,0.01426498,1038244735
1785527857447,buy,63016.5,0.02988,1038244734
1785527857447,buy,63016.5,0.03123925,1038244733
1785527857446,buy,63016.5,0.02928196,1038244732
1785527857445,buy,63016.5,0.0641,1038244731
1785527857445,buy,63016.5,0.02126804,1038244730
1785527857445,buy,63016.1,0.00002016,1038244729
1785527857445,buy,63016.1,0.00088106,1038244728
1785527857445,buy,63016.1,0.0013,1038244727
1785527857445,buy,63016.1,0.109,1038244726
1785527857445,buy,63016.1,0.02679853,1038244725
1785527857445,buy,63016.1,0.0425339,1038244724
1785527857445,buy,63016,0.00002636,1038244723
1785527857445,buy,63016,0.02131946,1038244722
1785527857445,buy,63016,0.01243087,1038244721
1785527857445,buy,63016,0.03156378,1038244720
1785527857444,buy,63016,0.19638249,1038244719
1785527857443,buy,63016,0.0383034,1038244718
1785527857443,buy,63014,0.00819688,1038244717
1785527857443,buy,63013.9,0.00193143,1038244716
1785527857443,buy,63013.9,0.00028512,1038244715
1785527857443,buy,63013.9,0.00028512,1038244714
1785527851322,sell,63013.8,0.00030064,1038244713
1785531964502,sell,62937.7,0.00133563,1038253937
1785531963461,buy,62937.8,0.01360312,1038253936
1785531963461,buy,62937.8,0.02767928,1038253935
1785531962240,buy,62937.8,0.00006355,1038253934
1785531960256,buy,62937.8,0.00001581,1038253933
1785531955510,sell,62937.7,0.00100014,1038253932
1785531955510,sell,62937.7,0.00615294,1038253931
1785531953373,buy,62937.8,0.02220536,1038253930
1785531953373,buy,62937.8,0.00228245,1038253929
1785531951982,buy,62937.8,0.00017769,1038253928
1785531951828,buy,62937.8,0.00039562,1038253927
1785531950263,buy,62937.1,0.00001597,1038253926
1785531950263,buy,62934,0.00040187,1038253925
1785531950263,buy,62934,0.00409083,1038253924
1785531950263,buy,62934,0.00779839,1038253923
1785531949521,buy,62932.7,0.00069934,1038253922
1785531949521,buy,62932.7,0.00049952,1038253921
1785531949521,buy,62932.5,0.00040099,1038253920
1785531949521,buy,62932.5,0.00040098,1038253919
1785531949521,buy,62932.5,0.00423221,1038253918
1785531949405,buy,62932.5,0.00274581,1038253917
1785531949403,buy,62932.1,0.0015,1038253916
1785531949403,buy,62931.2,0.0042,1038253915
1785531949403,buy,62930.9,0.00001597,1038253914
1785531949403,buy,62930.4,0.00108,1038253913
1785531949403,buy,62928.8,0.00001595,1038253912
1785531949403,buy,62928.1,0.0043786,1038253911
1785531947831,buy,62928.1,0.00785499,1038253910
1785531946017,buy,62928.1,0.000219,1038253909
1785531946017,buy,62928.1,0.00001502,1038253908
1785531946015,buy,62927.5,0.00001501,1038253907
1785531946015,buy,62926.2,0.000402,1038253906
1785531946015,buy,62926.2,0.00038048,1038253905
1785531946015,buy,62926.2,0.00038048,1038253904
1785531946015,buy,62926.2,0.0045298,1038253903
1785531936055,buy,62926.2,0.01587415,1038253902
1785531935068,buy,62926.2,0.03188804,1038253901
1785531934146,buy,62926.2,0.02588371,1038253900
1785531930772,buy,62926.2,0.00039907,1038253899
1785531930087,buy,62926.2,0.00509803,1038253898
1785531929808,sell,62926.1,0.17271438,1038253897
1785531929808,sell,62926.1,0.12304,1038253896
1785531929808,sell,62926.1,0.00556662,1038253895
1785531929601,buy,62926.2,0.00079458,1038253894
1785531928976,buy,62926.2,0.00099925,1038253893
1785531928974,buy,62926.2,0.03545793,1038253892
1785531928063,buy,62926.2,0.04179106,1038253891
1785531928063,buy,62926.2,0.009302,1038253890
1785531928021,buy,62925.2,0.004,1038253889
1785531928021,buy,62925,0.0001208,1038253888
1785531928021,buy,62923.6,0.00001597,1038253887
1785531928021,buy,62922.6,0.00001597,1038253886
1785531928021,buy,62921.8,0.00001,1038253885
1785531928021,buy,62921.5,0.00468664,1038253884
1785531928021,buy,62921.4,0.00038051,1038253883
1785531928021,buy,62921.4,0.00038051,1038253882
1785531927139,buy,62921.4,0.00099933,1038253881
1785531927138,buy,62921.4,0.01108776,1038253880
1785531927138,buy,62921.4,0.0042,1038253879
1785531927138,buy,62921.4,0.0041,1038253878
1785531927138,buy,62921.4,0.00027726,1038253877
1785531927138,buy,62921.4,0.00042502,1038253876
1785531927138,buy,62921.4,0.00042503,1038253875
1785531927138,buy,62921.4,0.05573634,1038253874
1785531926829,sell,62921.3,0.00019982,1038253873
1785531926064,buy,62921.4,0.00063571,1038253872
1785531923749,buy,62921.4,0.00038999,1038253871
1785531922847,buy,62921.4,0.00004696,1038253870
1785531922845,buy,62921.2,0.00001501,1038253869
1785531922845,buy,62920.5,0.00484834,1038253868
1785531922800,buy,62920.1,0.00001501,1038253867
1785531922800,buy,62919.2,0.00046015,1038253866
1785531922800,buy,62918.4,0.00001597,1038253865
1785531922795,buy,62916.8,0.0002997,1038253864
1785531922793,buy,62916.3,0.00001597,1038253863
1785531922793,buy,62915.1,0.0041,1038253862
1785531922792,buy,62913.6,0.0041,1038253861
1785531922792,buy,62913.5,0.00001597,1038253860
1785531922792,buy,62913.3,0.00942908,1038253859
1785531922792,buy,62912.9,0.00002,1038253858
1785531922792,buy,62912.7,0.00566585,1038253857
1785531922792,buy,62912.7,0.00042509,1038253856
1785531922792,buy,62912.7,0.00042508,1038253855
1785531922792,buy,62912.7,0.00067973,1038253854
1785531922792,buy,62912.7,0.00055469,1038253853
1785531922792,buy,62912.7,0.00501652,1038253852
1785531922792,buy,62912.7,0.02019488,1038253851
1785531917519,sell,62912.6,0.00042637,1038253850
1785531912275,buy,62912.7,0.00361087,1038253849
1785531910469,buy,62912.7,0.01125444,1038253848
1785531910122,buy,62912.7,0.00066759,1038253847
1785531910107,buy,62912.7,0.00003179,1038253846
1785531907607,sell,62912.6,0.00039168,1038253845
1785531903430,buy,62912.7,0.00930549,1038253844
1785531903261,buy,62912.7,0.00048,1038253843
1785531902093,buy,62912.7,0.00002,1038253842
1785531900367,buy,62912.7,0.00025,1038253841
1785531897721,sell,62912.6,0.00714863,1038253840
1785531897466,buy,62912.7,0.03181505,1038253839
1785531897401,sell,62912.6,0.00081,1038253838
1785532016022,buy,62941.9,0.00158558,1038253999
1785532015918,sell,62941.8,0.00233792,1038253998
1785532015866,buy,62941.3,0.00001596,1038253997
1785532015866,buy,62940.6,0.0025111,1038253996
1785532015866,buy,62940.6,0.00009415,1038253995
1785532015866,buy,62940.6,0.00045032,1038253994
1785532015866,buy,62940.6,0.00045031,1038253993
1785532015866,buy,62940.6,0.00345228,1038253992
1785532014583,sell,62940.5,0.0019757,1038253991
1785532005532,buy,62940.6,0.03144297,1038253990
1785532005532,buy,62940.6,0.0002998,1038253989
1785531998605,buy,62940.5,0.00357137,1038253988
1785531998605,buy,62940.4,0.00045032,1038253987
1785531998605,buy,62940.4,0.0003846,1038253986
1785531998605,buy,62940.4,0.00006571,1038253985
1785531998605,buy,62940.4,0.00006926,1038253984
1785531997546,buy,62940.4,0.08243845,1038253983
1785531997546,buy,62940.4,0.00041746,1038253982
1785531997546,buy,62940.4,0.00041746,1038253981
1785531997546,buy,62940.4,0.06875149,1038253980
1785531997346,sell,62940.3,0.016,1038253979
1785531996990,buy,62940.4,0.00312517,1038253978
1785531996605,buy,62940.4,0.00159008,1038253977
1785531996594,buy,62940.4,0.05595981,1038253976
1785531996594,buy,62940.2,0.00163114,1038253975
1785531996594,buy,62939.3,0.00007057,1038253974
1785531996594,buy,62939.3,0.00041746,1038253973
1785531996594,buy,62939.3,0.00041746,1038253972
1785531996594,buy,62939.3,0.00006926,1038253971
1785531996594,buy,62939.3,0.00369463,1038253970
1785531996594,buy,62939.3,0.01340738,1038253969
1785531995083,buy,62939.3,0.00652638,1038253968
1785531993899,sell,62939.2,0.00117102,1038253967
1785531992262,buy,62939.3,0.00061405,1038253966
1785531991637,buy,62939.3,0.00836319,1038253965
1785531988889,sell,62939.2,0.00026302,1038253964
1785531985813,buy,62939.3,0.00007626,1038253963
1785531985394,buy,62939.3,0.00007944,1038253962
1785531984512,buy,62939.3,0.00317766,1038253961
1785531982907,buy,62939.3,0.00165556,1038253960
1785531977324,buy,62939.3,0.00418147,1038253959
1785531975975,sell,62939.2,0.00045832,1038253958
1785531974994,buy,62939.3,0.00031776,1038253957
1785531974387,buy,62939.2,0.00046015,1038253956
1785531974387,buy,62938.9,0.00001597,1038253955
1785531974387,buy,62938.8,0.000509,1038253954
1785531974387,buy,62938.8,0.000509,1038253953
1785531974387,buy,62937.8,0.00382221,1038253952
1785531974387,buy,62937.8,0.00039006,1038253951
1785531974387,buy,62937.8,0.00039006,1038253950
1785531973597,buy,62937.8,0.00026137,1038253949
1785531973561,buy,62937.8,0.06512513,1038253948
1785531973561,buy,62937.8,0.004,1038253947
1785531973561,buy,62937.8,0.00036024,1038253946
1785531973561,buy,62937.8,0.00355679,1038253945
1785531973079,buy,62937.8,0.00039721,1038253944
1785531970413,buy,62937.8,0.00494297,1038253943
1785531967733,buy,62937.8,0.00031777,1038253942
1785531967693,buy,62937.8,0.03115508,1038253941
1785531967693,buy,62937.8,0.00297982,1038253940
1785531967693,buy,62937.8,0.01167796,1038253939
1785531967691,buy,62937.8,0.02591892,1038253938
1785532072916,sell,62970.2,0.00064241,1038254121
1785532069442,buy,62970.3,0.0001588,1038254120
1785532069039,buy,62970.3,0.00025,1038254119
1785532067402,buy,62970.3,0.03650118,1038254118
1785532066480,buy,62970.3,0.0431312,1038254117
1785532066480,buy,62970.3,0.00171189,1038254116
1785532066395,buy,62970.3,0.00001624,1038254115
1785532066395,buy,62970.3,0.00001624,1038254114
1785532066395,buy,62970.3,0.00001624,1038254113
1785532066395,buy,62970.3,0.00001624,1038254112
1785532066395,buy,62970.3,0.00001624,1038254111
1785532066395,buy,62970.3,0.00001624,1038254110
1785532066395,buy,62970.3,0.00001624,1038254109
1785532066395,buy,62970.3,0.00001624,1038254108
1785532066395,buy,62970.3,0.00001624,1038254107
1785532066395,buy,62970.3,0.00001624,1038254106
1785532066395,buy,62970.3,0.00001624,1038254105
1785532066395,buy,62970.3,0.00001624,1038254104
1785532066395,buy,62970.3,0.00001624,1038254103
1785532066395,buy,62970.3,0.00001624,1038254102
1785532066395,buy,62970.3,0.00001624,1038254101
1785532066395,buy,62970.3,0.00001624,1038254100
1785532066395,buy,62970.3,0.00001624,1038254099
1785532066395,buy,62970.3,0.00001624,1038254098
1785532064796,sell,62970.2,0.00022902,1038254097
1785532064796,sell,62970.2,0.00000001,1038254096
1785532064747,buy,62970.3,0.00044465,1038254095
1785532064746,buy,62969.5,0.00001596,1038254094
1785532064746,buy,62968.3,0.00001596,1038254093
1785532064746,buy,62967.9,0.00061057,1038254092
1785532064746,buy,62967.3,0.000246,1038254091
1785532064746,buy,62967.3,0.00207356,1038254090
1785532064314,sell,62967.2,0.00026422,1038254089
1785532064263,buy,62967.1,0.00103035,1038254088
1785532064263,buy,62967.1,0.00089553,1038254087
1785532064263,buy,62967.1,0.00028379,1038254086
1785532064263,buy,62967.1,0.00214516,1038254085
1785532058952,buy,62967.1,0.00047643,1038254084
1785532054249,buy,62967.1,0.00434512,1038254083
1785532053894,sell,62967,0.0003048,1038254082
1785532053894,sell,62967,0.00000001,1038254081
1785532053854,buy,62967.1,0.00009674,1038254080
1785532053854,buy,62967.1,0.00012226,1038254079
1785532053852,buy,62965.4,0.0015,1038254078
1785532053852,buy,62965.3,0.00001501,1038254077
1785532053852,buy,62964.4,0.00001596,1038254076
1785532053852,buy,62964.4,0.0002999,1038254075
1785532053852,buy,62962.3,0.00221968,1038254074
1785532053842,buy,62962.1,0.00032739,1038254073
1785532053842,buy,62962.1,0.00229624,1038254072
1785532053504,sell,62962,0.00035163,1038254071
1785532053504,sell,62962,0.00000001,1038254070
1785532053453,buy,62962,0.00001596,1038254069
1785532053453,buy,62961.3,0.00061347,1038254068
1785532053453,buy,62961.3,0.00062105,1038254067
1785532053453,buy,62961.3,0.00037769,1038254066
1785532053453,buy,62961.3,0.00227389,1038254065
1785532051924,buy,62961.3,0.00001111,1038254064
1785532046916,buy,62961.3,0.00007941,1038254063
1785532046067,buy,62961.3,0.00001111,1038254062
1785532040626,sell,62961.2,0.00410651,1038254061
1785532036239,sell,62961.2,0.00040566,1038254060
1785532036197,buy,62960.8,0.00000001,1038254059
1785532036197,buy,62960,0.00245761,1038254058
1785532036188,buy,62959.2,0.00043571,1038254057
1785532036188,buy,62959.2,0.00181243,1038254056
1785532036125,sell,62959.1,0.00046798,1038254055
1785532036084,buy,62959.2,0.00073,1038254054
1785532036084,buy,62959.2,0.00000001,1038254053
1785532036084,buy,62959.2,0.00046015,1038254052
1785532036074,buy,62956.7,0.00050265,1038254051
1785532036074,buy,62956.7,0.00263043,1038254050
1785532035889,buy,62956.3,0.00006924,1038254049
1785532035889,buy,62956.3,0.00053988,1038254048
1785532035889,buy,62956.3,0.00272119,1038254047
1785532035258,sell,62956.2,0.00057987,1038254046
1785532035235,buy,62956.3,0.00140515,1038254045
1785532035229,buy,62952.7,0.00001501,1038254044
1785532035229,buy,62951.7,0.00001501,1038254043
1785532035229,buy,62951.3,0.00281566,1038254042
1785532035217,buy,62950,0.00291292,1038254041
1785532035217,buy,62950,0.0001208,1038254040
1785532035217,buy,62949.9,0.0015,1038254039
1785532035210,buy,62949.1,0.00001596,1038254038
1785532035210,buy,62947.5,0.00001596,1038254037
1785532035210,buy,62947,0.00301375,1038254036
1785532035208,buy,62946.9,0.00006925,1038254035
1785532035208,buy,62946.9,0.00062282,1038254034
1785532035208,buy,62946.9,0.08763268,1038254033
1785532034695,buy,62946.9,0.00237,1038254032
1785532034209,buy,62945.5,0.00052567,1038254031
1785532034209,buy,62945.5,0.00052566,1038254030
1785532034209,buy,62945.5,0.00066896,1038254029
1785532034209,buy,62945.5,0.00311786,1038254028
1785532034209,buy,62945.5,0.00942908,1038254027
1785532033788,sell,62945.4,0.00071851,1038254026
1785532033738,buy,62945.4,0.00106803,1038254025
1785532033738,buy,62945.4,0.00052566,1038254024
1785532033738,buy,62945.4,0.00052567,1038254023
1785532033100,buy,62945.4,0.00090572,1038254022
1785532124437,buy,62967.1,0.00260544,1038254158
1785532120204,sell,62967,0.00213793,1038254157
1785532115841,buy,62967.1,0.00018104,1038254156
1785532113403,sell,62967,0.0001093,1038254155
1785532111552,buy,62967.1,0.00107672,1038254154
1785532106251,buy,62967.1,0.00071148,1038254153
1785532105579,buy,62967.1,0.00011116,1038254152
1785532102795,buy,62967.1,0.00014293,1038254151
1785532102737,sell,62967,0.00016181,1038254150
1785532102502,buy,62967.1,0.00493591,1038254149
1785532099560,buy,62967.1,0.00019057,1038254148
1785532098228,buy,62967.1,0.00836013,1038254147
1785532096483,buy,62967.1,0.00078612,1038254146
1785532094797,buy,62967.1,0.00201375,1038254145
1785532094653,buy,62967.1,0.00022233,1038254144
1785532091631,buy,62967.1,0.00208995,1038254143
1785532090932,buy,62967.1,0.00004764,1038254142
1785532090631,buy,62967.1,0.00028586,1038254141
1785532089394,buy,62967.1,0.00022232,1038254140
1785532089394,buy,62967.1,0.00000001,1038254139
1785532088676,sell,62967.3,0.00023821,1038254138
1785532088676,sell,62967.6,0.00001813,1038254137
1785532088674,sell,62970.2,0.01348071,1038254136
1785532088652,sell,62970.2,0.00994068,1038254135
1785532088652,sell,62970.2,0.01387646,1038254134
1785532088652,sell,62970.2,0.00238286,1038254133
1785532088646,sell,62970.2,0.01698865,1038254132
1785532087122,sell,62970.2,0.004996,1038254131
1785532086813,buy,62970.3,0.00034937,1038254130
1785532086764,buy,62970.3,0.00179615,1038254129
1785532086329,buy,62970.3,0.00405702,1038254128
1785532085903,sell,62970.2,0.00020278,1038254127
1785532085406,buy,62970.3,0.00158929,1038254126
1785532084205,buy,62970.3,0.00090995,1038254125
1785532083963,buy,62970.3,0.00008893,1038254124
1785532083277,buy,62970.3,0.00079402,1038254123
1785532078323,sell,62970.2,0.00079402,1038254122
1785532173243,buy,62962.3,0.00856096,1038254212
1785532172681,sell,62962.2,0.00074898,1038254211
1785532172631,buy,62962,0.00001594,1038254210
1785532172631,buy,62961.2,0.00543509,1038254209
1785532172621,buy,62956.7,0.00001187,1038254208
1785532172621,buy,62956.7,0.00004733,1038254207
1785532172621,buy,62956.5,0.3,1038254206
1785532172621,buy,62956,0.00002,1038254205
1785532172621,buy,62956,0.00007297,1038254204
1785532172621,buy,62956,0.00007297,1038254203
1785532172621,buy,62956,0.3,1038254202
1785532172621,buy,62956,0.0037053,1038254201
1785532172621,buy,62956,0.00001,1038254200
1785532172621,buy,62956,0.00001,1038254199
1785532172621,buy,62956,0.00051192,1038254198
1785532172621,buy,62956,0.00001,1038254197
1785532172621,buy,62956,0.00001,1038254196
1785532172621,buy,62956,0.0004812,1038254195
1785532172621,buy,62956,0.00001,1038254194
1785532172621,buy,62956,0.0023831,1038254193
1785532171064,sell,62955.9,0.00034986,1038254192
1785532163733,buy,62956,0.00003176,1038254191
1785532162106,buy,62956,0.00004765,1038254190
1785532155250,buy,62956,0.0000792,1038254189
1785532154777,buy,62956,0.01110775,1038254188
1785532150602,sell,62955.9,0.00137225,1038254187
1785532149545,buy,62956,0.00546806,1038254186
1785532149027,sell,62955.9,0.00019871,1038254185
1785532147593,buy,62956,0.0004654,1038254184
1785532147536,buy,62956,0.00065612,1038254183
1785532146627,sell,62955.9,0.00029129,1038254182
1785532146101,sell,62958,0.00001595,1038254181
1785532146101,sell,62960,0.00001594,1038254180
1785532146101,sell,62963.9,0.00001,1038254179
1785532146101,sell,62963.9,0.00051853,1038254178
1785532146101,sell,62963.9,0.00051853,1038254177
1785532146101,sell,62963.9,0.01259776,1038254176
1785532145051,buy,62964,0.00987866,1038254175
1785532144228,buy,62964,0.00565656,1038254174
1785532142508,sell,62965.5,0.04500111,1038254173
1785532142508,sell,62966.3,0.00001594,1038254172
1785532142508,sell,62967,0.07464623,1038254171
1785532142508,sell,62967,0.07315818,1038254170
1785532142508,sell,62967,0.00001,1038254169
1785532142508,sell,62967,0.00051701,1038254168
1785532142508,sell,62967,0.00944497,1038254167
1785532142508,sell,62967,0.00944496,1038254166
1785532142508,sell,62967,0.00051702,1038254165
1785532142508,sell,62967,0.00700639,1038254164
1785532142463,sell,62967,0.00060765,1038254163
1785532138860,buy,62967.1,0.00078686,1038254162
1785532137650,sell,62967,0.0006389,1038254161
1785532133560,sell,62967,0.00107665,1038254160
1785532132000,sell,62967,0.00156424,1038254159
