timestamp_ms,side,price,size,trade_id
1786579782180,sell,63603,0.00007861,1041095030
1786579779178,buy,63603.1,0.00001886,1041095029
1786579777687,sell,63603,0.009,1041095028
1786579775269,sell,63603,0.00061248,1041095027
1786579772708,sell,63603,0.00001293,1041095026
1786579772478,sell,63603,0.020637,1041095025
1786579772473,buy,63603.1,0.53563314,1041095024
1786579772473,buy,63603.1,0.01,1041095023
1786579772473,buy,63603.1,0.00010133,1041095022
1786579772473,buy,63603,0.16986579,1041095021
1786579772473,buy,63603,0.01,1041095020
1786579772473,buy,63602.9,0.01,1041095019
1786579772473,buy,63602.7,0.18793979,1041095018
1786579772473,buy,63602.7,0.0204,1041095017
1786579772473,buy,63602.7,0.0771,1041095016
1786579772473,buy,63602.7,0.1856,1041095015
1786579772473,buy,63602.7,0.0012,1041095014
1786579772473,buy,63602.7,0.24755607,1041095013
1786579772473,buy,63602.7,0.01918373,1041095012
1786579772472,sell,63602.6,0.01642147,1041095011
1786579772472,sell,63602.6,0.00314453,1041095010
1786579772472,sell,63602.6,0.0012,1041095009
1786579772467,buy,63602.7,0.04,1041095008
1786579772467,buy,63602.7,0.03711627,1041095007
1786579772467,buy,63602.7,0.0204,1041095006
1786579772467,buy,63602.7,0.10248373,1041095005
1786579772467,buy,63602.7,0.08,1041095004
1786579772443,buy,63602.7,0.00309836,1041095003
1786579772427,sell,63602.6,0.00065,1041095002
1786579772412,buy,63602.7,0.00001791,1041095001
1786579772398,sell,63602.6,0.00039318,1041095000
1786579772396,sell,63602.6,0.00039318,1041094999
1786579772391,buy,63602.7,0.08534202,1041094998
1786579772391,buy,63602.2,0.01362271,1041094997
1786579772391,buy,63601.7,0.00001005,1041094996
1786579772391,buy,63601.7,0.00013932,1041094995
1786579772391,buy,63601.7,0.00001002,1041094994
1786579772391,buy,63601.7,0.00013887,1041094993
1786579772391,buy,63601.7,0.00009258,1041094992
1786579772391,buy,63601.7,0.0000347,1041094991
1786579772391,buy,63601.7,0.00006443,1041094990
1786579772391,buy,63601.7,0.00001747,1041094989
1786579772391,buy,63601.5,0.00002217,1041094988
1786579772391,buy,63601.4,0.00001579,1041094987
1786579772391,buy,63601.2,0.00002141,1041094986
1786579772391,buy,63601,0.00001105,1041094985
1786579772391,buy,63601,0.00001599,1041094984
1786579772391,buy,63600.9,0.00001665,1041094983
1786579772391,buy,63600.8,0.00006561,1041094982
1786579772391,buy,63600.7,0.18596798,1041094981
1786579772391,buy,63600,0.00017063,1041094980
1786579772391,buy,63600,0.00052463,1041094979
1786579772391,buy,63600,0.00025682,1041094978
1786579772391,buy,63600,0.00030663,1041094977
1786579772391,buy,63600,0.00046525,1041094976
1786579772391,buy,63600,0.00001576,1041094975
1786579772391,buy,63600,0.00014355,1041094974
1786579772391,buy,63600,0.00001027,1041094973
1786579772391,buy,63600,0.00001461,1041094972
1786579772391,buy,63600,0.00012164,1041094971
1786579772391,buy,63600,0.00039064,1041094970
1786579772391,buy,63600,0.00005731,1041094969
1786579772391,buy,63600,0.00057907,1041094968
1786579772391,buy,63600,0.00007096,1041094967
1786579772391,buy,63600,0.00040917,1041094966
1786579772391,buy,63600,0.00114889,1041094965
1786579772391,buy,63600,0.00031522,1041094964
1786579772391,buy,63600,0.00290648,1041094963
1786579772391,buy,63600,0.0018418,1041094962
1786579772391,buy,63600,0.00051892,1041094961
1786579772391,buy,63600,0.00101782,1041094960
1786579772391,buy,63600,0.00002189,1041094959
1786579772391,buy,63600,0.00003335,1041094958
1786579772391,buy,63600,0.0000557,1041094957
1786579772391,buy,63600,0.00002751,1041094956
1786579772391,buy,63600,0.00888384,1041094955
1786579772391,buy,63600,0.00089194,1041094954
1786579772391,buy,63600,0.00051061,1041094953
1786579772391,buy,63600,0.00003078,1041094952
1786579772391,buy,63600,0.00002252,1041094951
1786579772391,buy,63600,0.00003741,1041094950
1786579772391,buy,63600,0.00015596,1041094949
1786579772391,buy,63600,0.00042519,1041094948
1786579772391,buy,63600,0.000442,1041094947
1786579772391,buy,63600,0.00030791,1041094946
1786579772391,buy,63600,0.00001205,1041094945
1786579772391,buy,63600,0.00002156,1041094944
1786579772391,buy,63600,0.00040814,1041094943
1786579772391,buy,63600,0.00001021,1041094942
1786579772391,buy,63600,0.00015422,1041094941
1786579772391,buy,63600,0.00013931,1041094940
1786579772391,buy,63600,0.00004337,1041094939
1786579772391,buy,63600,0.00003354,1041094938
1786579772391,buy,63600,0.00036561,1041094937
1786579772391,buy,63600,0.00010109,1041094936
1786579772391,buy,63600,0.00525054,1041094935
1786579772391,buy,63600,0.00004745,1041094934
1786579772391,buy,63600,0.00002383,1041094933
1786579772391,buy,63600,0.00001497,1041094932
1786579772391,buy,63600,0.00005803,1041094931
1786579837037,sell,63588,0.0002713,1041095100
1786579835024,buy,63588.1,0.000011,1041095099
1786579834650,buy,63588.1,0.00515505,1041095098
1786579829031,sell,63588,0.01404997,1041095097
1786579828058,sell,63589,0.0031452,1041095096
1786579828058,sell,63589,0.00004181,1041095095
1786579818936,sell,63589,0.02520902,1041095094
1786579813118,buy,63589.1,0.00047,1041095093
1786579813047,sell,63589.5,0.00001577,1041095092
1786579813047,sell,63590,0.00012001,1041095091
1786579813047,sell,63590.3,0.0000102,1041095090
1786579813047,sell,63590.6,0.00096115,1041095089
1786579813047,sell,63590.6,0.00001501,1041095088
1786579813047,sell,63591.2,0.00001577,1041095087
1786579813047,sell,63592.4,0.00010001,1041095086
1786579813044,sell,63592.4,0.00059145,1041095085
1786579813044,sell,63593,0.00001577,1041095084
1786579813044,sell,63593.7,0.01,1041095083
1786579813044,sell,63593.7,0.00042472,1041095082
1786579813043,sell,63593.7,0.00053643,1041095081
1786579813043,sell,63593.8,0.00413021,1041095080
1786579813043,sell,63593.8,0.00586979,1041095079
1786579813043,sell,63593.9,0.0001,1041095078
1786579813043,sell,63593.9,0.01,1041095077
1786579813036,sell,63595,0.0000102,1041095076
1786579813036,sell,63595,0.00012001,1041095075
1786579813035,sell,63595.7,0.012,1041095074
1786579813035,sell,63595.7,0.1541084,1041095073
1786579813035,sell,63595.7,0.0845721,1041095072
1786579813033,sell,63595.7,0.0071079,1041095071
1786579812941,sell,63596.7,0.00017477,1041095070
1786579812941,sell,63596.7,0.00004423,1041095069
1786579812938,sell,63598.1,0.00001577,1041095068
1786579812937,sell,63601.7,0.00001,1041095067
1786579812937,sell,63601.7,0.00314457,1041095066
1786579810067,sell,63601.7,0.000155,1041095065
1786579809416,buy,63601.8,0.00003144,1041095064
1786579805812,buy,63601.8,0.00136788,1041095063
1786579805509,buy,63601.8,0.03152426,1041095062
1786579803813,buy,63601.8,0.00081758,1041095061
1786579799267,buy,63601.8,0.00003144,1041095060
1786579799229,buy,63601.8,0.00024158,1041095059
1786579797686,sell,63601.7,0.00066264,1041095058
1786579797686,sell,63601.7,0.00059794,1041095057
1786579790824,sell,63601.7,0.00015575,1041095056
1786579788710,buy,63600,0.00012001,1041095055
1786579788710,buy,63599.7,0.0000102,1041095054
1786579788710,buy,63598.3,0.00051083,1041095053
1786579784656,sell,63594.9,0.014638,1041095052
1786579784656,sell,63594.9,0.000219,1041095051
1786579784656,sell,63594.9,0.00000001,1041095050
1786579784656,sell,63595,0.00004341,1041095049
1786579784656,sell,63595,0.00012001,1041095048
1786579784447,sell,63596.4,0.00001577,1041095047
1786579784447,sell,63596.8,0.00096115,1041095046
1786579784447,sell,63598.1,0.00001577,1041095045
1786579784447,sell,63599.8,0.00001577,1041095044
1786579784447,sell,63599.9,0.00004615,1041095043
1786579784447,sell,63599.9,0.00096115,1041095042
1786579784447,sell,63601.7,0.0000102,1041095041
1786579784352,sell,63602.3,0.0000102,1041095040
1786579784352,sell,63603,0.00096115,1041095039
1786579784352,sell,63603,0.00064997,1041095038
1786579784352,sell,63603,0.00044998,1041095037
1786579784352,sell,63603,0.00314451,1041095036
1786579784352,sell,63603,0.00834342,1041095035
1786579783247,buy,63603.1,0.00006812,1041095034
1786579783247,buy,63603.1,0.00064571,1041095033
1786579783247,buy,63603.1,0.00063829,1041095032
1786579783247,buy,63603.1,0.00314451,1041095031
1786579892786,sell,63589,0.00047381,1041095121
1786579891851,buy,63589.1,0.02816291,1041095120
1786579891844,buy,63589.1,0.02065416,1041095119
1786579891844,buy,63589.1,0.00052464,1041095118
1786579891844,buy,63589.1,0.00052464,1041095117
1786579891844,buy,63589.1,0.00182261,1041095116
1786579891843,buy,63589.1,0.01388701,1041095115
1786579891843,buy,63589.1,0.01756492,1041095114
1786579879911,buy,63589.1,0.00001677,1041095113
1786579873561,buy,63589.1,0.0008319,1041095112
1786579867948,buy,63589.1,0.0001258,1041095111
1786579867586,sell,63589,0.00013999,1041095110
1786579867575,sell,63589,0.000297,1041095109
1786579867571,buy,63588.2,0.0000102,1041095108
1786579867571,buy,63588.1,0.00042093,1041095107
1786579862344,buy,63588.1,0.00006919,1041095106
1786579861268,sell,63588,0.00299,1041095105
1786579846603,sell,63588,0.00839,1041095104
1786579842743,buy,63588.1,0.00060955,1041095103
1786579841546,buy,63588.1,0.00031924,1041095102
1786579841412,buy,63588.1,0.00314052,1041095101
1786579943896,buy,63592.1,0.00233372,1041095183
1786579943896,buy,63592.1,0.00022949,1041095182
1786579939773,buy,63592.1,0.00005832,1041095181
1786579939398,buy,63592.1,0.0000878,1041095180
1786579930629,buy,63592.1,0.00051893,1041095179
1786579929547,sell,63593,0.00001577,1041095178
1786579929547,sell,63596,0.0000102,1041095177
1786579929546,sell,63596.4,0.0001,1041095176
1786579929534,sell,63596.4,0.00001573,1041095175
1786579929534,sell,63596.4,0.00007056,1041095174
1786579929534,sell,63596.4,0.00562367,1041095173
1786579929533,sell,63596.4,0.00684548,1041095172
1786579929533,sell,63596.4,0.00887868,1041095171
1786579929533,sell,63596.4,0.00265217,1041095170
1786579929524,sell,63597.9,0.0000102,1041095169
1786579929521,sell,63598.8,0.00546824,1041095168
1786579929521,sell,63598.8,0.01399442,1041095167
1786579929521,sell,63598.8,0.00094398,1041095166
1786579929521,sell,63598.8,0.00094398,1041095165
1786579929521,sell,63598.8,0.00632793,1041095164
1786579929521,sell,63598.8,0.0076665,1041095163
1786579929521,sell,63598.8,0.00314472,1041095162
1786579929521,sell,63598.8,0.00218348,1041095161
1786579929521,sell,63598.8,0.15375293,1041095160
1786579929521,sell,63598.8,0.02164572,1041095159
1786579928272,buy,63598.9,0.00001572,1041095158
1786579927217,buy,63598.9,0.00015723,1041095157
1786579922206,buy,63598.9,0.0004717,1041095156
1786579920880,buy,63598.9,0.01149516,1041095155
1786579920880,buy,63598.9,0.0012,1041095154
1786579920880,buy,63598.9,0.01,1041095153
1786579920840,buy,63598,0.01967676,1041095152
1786579920829,buy,63598.1,0.00001578,1041095151
1786579920829,buy,63598.1,0.0006914,1041095150
1786579920829,buy,63596.3,0.00001577,1041095149
1786579920827,buy,63595,0.00012001,1041095148
1786579920825,buy,63591.1,0.00001577,1041095147
1786579920825,buy,63591,0.01332205,1041095146
1786579920824,buy,63590,0.01569666,1041095145
1786579920824,buy,63589.9,0.00017391,1041095144
1786579920824,buy,63589.9,0.00314516,1041095143
1786579920824,buy,63589.9,0.00088371,1041095142
1786579920824,buy,63589.9,0.0008837,1041095141
1786579920824,buy,63589.9,0.08932098,1041095140
1786579919250,sell,63589.8,0.00079922,1041095139
1786579918898,buy,63589.9,0.00250001,1041095138
1786579918897,buy,63589.9,0.00250001,1041095137
1786579916073,sell,63589.8,0.00157714,1041095136
1786579914387,sell,63589.8,0.0002063,1041095135
1786579914384,sell,63589.8,0.00022159,1041095134
1786579914382,buy,63589.5,0.0000102,1041095133
1786579914382,buy,63589.1,0.00088372,1041095132
1786579914382,buy,63589.1,0.00088372,1041095131
1786579914380,buy,63589.1,0.00185994,1041095130
1786579914380,buy,63589.1,0.00084095,1041095129
1786579914380,buy,63589.1,0.00230425,1041095128
1786579914380,buy,63589.1,0.00027652,1041095127
1786579914380,buy,63589.1,0.00012014,1041095126
1786579911309,buy,63589.1,0.00037531,1041095125
1786579906458,buy,63589.1,0.00001143,1041095124
1786579903210,buy,63589.1,0.00660385,1041095123
1786579903208,buy,63589.1,0.0066782,1041095122
1786580002901,buy,63592.1,0.0015851,1041095209
1786579997217,buy,63592.1,0.00121001,1041095208
1786579997217,buy,63592.1,0.00036251,1041095207
1786579995012,buy,63592.1,0.00282,1041095206
1786579994898,buy,63592.1,0.00841613,1041095205
1786579994865,buy,63592.1,0.00017645,1041095204
1786579994364,sell,63592,0.00030976,1041095203
1786579990273,buy,63592.1,0.00001887,1041095202
1786579980071,sell,63592,0.00077439,1041095201
1786579974817,buy,63592.1,0.00235563,1041095200
1786579973990,buy,63592.1,0.00185243,1041095199
1786579971005,sell,63592,0.00150287,1041095198
1786579964353,buy,63592.1,0.00001415,1041095197
1786579961115,buy,63592.1,0.00309914,1041095196
1786579954666,sell,63592,0.00024507,1041095195
1786579954267,sell,63592,0.00001573,1041095194
1786579954265,sell,63592,0.00930004,1041095193
1786579954265,sell,63592,0.01861672,1041095192
1786579954265,sell,63592,0.00230818,1041095191
1786579954264,sell,63592,0.00083687,1041095190
1786579954264,sell,63592,0.00545242,1041095189
1786579954263,sell,63592,0.05744852,1041095188
1786579954263,sell,63592,0.00005408,1041095187
1786579954263,sell,63592,0.13787041,1041095186
1786579954263,sell,63592,0.04676937,1041095185
1786579954259,sell,63592,0.107,1041095184
1786589225567,buy,63474.7,0.00096085,1041117214
1786589225567,buy,63474.5,0.0000158,1041117213
1786589225565,buy,63472.8,0.0000158,1041117212
1786589225565,buy,63472,0.0000102,1041117211
1786589225563,buy,63470.4,0.00003344,1041117210
1786589225563,buy,63470.4,0.00134591,1041117209
1786589225563,buy,63470.4,0.00008631,1041117208
1786589225563,buy,63470.4,0.00001,1041117207
1786589225563,buy,63470.4,0.00129661,1041117206
1786589225563,buy,63470.4,0.00001,1041117205
1786589225563,buy,63470.4,0.00001,1041117204
1786589225563,buy,63470.4,0.00001,1041117203
1786589225563,buy,63470.4,0.00011544,1041117202
1786589225563,buy,63470.4,0.00133611,1041117201
1786589225563,buy,63470.4,0.00269181,1041117200
1786589225563,buy,63470.4,0.00021248,1041117199
1786589225563,buy,63470.4,0.00278792,1041117198
1786589225563,buy,63470.4,0.00123983,1041117197
1786589225563,buy,63470.4,0.00001,1041117196
1786589225563,buy,63470.4,0.00001,1041117195
1786589225563,buy,63470.4,0.0031508,1041117194
1786589225563,buy,63470.4,0.00315007,1041117193
1786589225563,buy,63470.4,0.00001,1041117192
1786589225563,buy,63470.4,0.00001,1041117191
1786589225563,buy,63470.4,0.00292147,1041117190
1786589225563,buy,63470.4,0.00944774,1041117189
1786589225563,buy,63470.4,0.00001,1041117188
1786589225563,buy,63470.4,0.00001,1041117187
1786589225563,buy,63470.4,0.00310108,1041117186
1786589225563,buy,63470.4,0.00001,1041117185
1786589223468,buy,63470.4,0.00001216,1041117184
1786589218430,sell,63470.3,0.00001143,1041117183
1786589217142,buy,63470.4,0.00314792,1041117182
1786589216555,sell,63470.3,0.00014837,1041117181
1786589215384,buy,63470.4,0.00011028,1041117180
1786589214420,buy,63470.4,0.00323821,1041117179
1786589214420,buy,63470.4,0.00070063,1041117178
1786589214413,buy,63470.4,0.00025918,1041117177
1786589214394,buy,63470.4,0.00026793,1041117176
1786589212853,sell,63471.2,0.0000158,1041117175
1786589212853,sell,63471.6,0.00096085,1041117174
1786589212853,sell,63472.9,0.00004626,1041117173
1786589212853,sell,63472.9,0.0000158,1041117172
1786589212852,sell,63474.6,0.0000158,1041117171
1786589212852,sell,63474.7,0.00096092,1041117170
1786589212852,sell,63475,0.0001208,1041117169
1786589212852,sell,63475,0.00012001,1041117168
1786589212852,sell,63476,0.00013549,1041117167
1786589212852,sell,63476,0.0031508,1041117166
1786589212852,sell,63476,0.0614,1041117165
1786589212852,sell,63476,0.0013459,1041117164
1786589212852,sell,63476,0.00134591,1041117163
1786589212393,buy,63476.1,0.00866441,1041117162
1786589211971,buy,63476.1,0.0031411,1041117161
1786589211970,buy,63476.1,0.00039384,1041117160
1786589211968,buy,63476.1,0.00039384,1041117159
1786589211967,buy,63476.1,0.00032832,1041117158
1786589211965,buy,63476.1,0.00352434,1041117157
1786589211962,buy,63476.1,0.00533603,1041117156
1786589211959,buy,63476.1,0.00036187,1041117155
1786589211958,buy,63476.1,0.0037039,1041117154
1786589211958,buy,63476.1,0.00039384,1041117153
1786589211943,buy,63476.1,0.00007963,1041117152
1786589211889,buy,63476.1,0.02067094,1041117151
1786589211861,buy,63476.1,0.00353566,1041117150
1786589211552,buy,63476.1,0.00354247,1041117149
1786589211442,buy,63476.1,0.00336878,1041117148
1786589211395,buy,63476.1,0.00810318,1041117147
1786589211391,sell,63476,0.00292147,1041117146
1786589211391,sell,63476,0.00030366,1041117145
1786589211391,sell,63476,0.01397365,1041117144
1786589211386,sell,63476,0.02766869,1041117143
1786589211386,sell,63476,0.00407875,1041117142
1786589211386,sell,63476,0.00039048,1041117141
1786589211386,sell,63476,0.00395038,1041117140
1786589211386,sell,63476,0.00489333,1041117139
1786589211386,sell,63476,0.00563989,1041117138
1786589211386,sell,63476,0.07161961,1041117137
1786589211386,sell,63476,0.0000291,1041117136
1786589211386,sell,63476,0.02347822,1041117135
1786589211385,sell,63476,0.00550724,1041117134
1786589211385,sell,63476,0.01793473,1041117133
1786589208272,buy,63476.1,0.144335,1041117132
1786589205394,sell,63476,0.00183258,1041117131
1786589204499,buy,63476.1,0.00157539,1041117130
1786589204084,sell,63476,0.00023269,1041117129
1786589198737,buy,63476.1,0.0000126,1041117128
1786589191296,sell,63478.6,0.010391,1041117127
1786589191295,sell,63478.6,0.0001719,1041117126
1786589191295,sell,63478.6,0.0000471,1041117125
1786589191280,sell,63478.6,0.0144371,1041117124
1786589191280,sell,63478.6,0.06301331,1041117123
1786589191280,sell,63478.6,0.00393833,1041117122
1786589191203,sell,63478.7,0.00096085,1041117121
1786589191203,sell,63479,0.00001501,1041117120
1786589191203,sell,63479.3,0.00046015,1041117119
1786589191202,sell,63480,0.00003161,1041117118
1786589191202,sell,63480,0.00012001,1041117117
1786589191201,sell,63480.8,0.06301112,1041117116
1786589191201,sell,63480.8,0.01907314,1041117115
1786589281734,sell,63519.2,0.00163169,1041117380
1786589281731,sell,63519.2,0.00277372,1041117379
1786589281369,buy,63519.3,0.02818828,1041117378
1786589280603,buy,63519.3,0.00787162,1041117377
1786589276673,buy,63519.3,0.00120226,1041117376
1786589274718,sell,63519.2,0.00170485,1041117375
1786589274426,buy,63519.3,0.00317982,1041117374
1786589274426,buy,63519.3,0.00075599,1041117373
1786589274303,sell,63519.2,0.00012588,1041117372
1786589274165,sell,63519.2,0.00024792,1041117371
1786589274165,sell,63519.2,0.00020449,1041117370
1786589274165,sell,63519.2,0.01004205,1041117369
1786589274165,sell,63519.2,0.00008371,1041117368
1786589274165,sell,63519.2,0.01827794,1041117367
1786589274165,sell,63519.2,0.02465761,1041117366
1786589272298,buy,63519.3,0.00122585,1041117365
1786589272298,buy,63519.3,0.00001028,1041117364
1786589272298,buy,63519.3,0.00001028,1041117363
1786589272298,buy,63519.3,0.00046015,1041117362
1786589269589,sell,63519.2,0.00084239,1041117361
1786589269589,sell,63519.2,0.00025,1041117360
1786589264864,sell,63519.2,0.00095,1041117359
1786589264864,sell,63519.2,0.0963,1041117358
1786589264861,sell,63519.2,0.0045,1041117357
1786589264659,sell,63519.2,0.441,1041117356
1786589264659,sell,63519.2,0.0152,1041117355
1786589264659,sell,63519.2,0.0013,1041117354
1786589264456,sell,63519.2,0.20363824,1041117353
1786589264456,sell,63519.2,0.13786176,1041117352
1786589264452,sell,63519.2,0.09475,1041117351
1786589264450,sell,63519.2,0.00450899,1041117350
1786589264450,sell,63519.2,0.00000001,1041117349
1786589264418,buy,63519.2,0.00001028,1041117348
1786589264418,buy,63519.2,0.00001028,1041117347
1786589264418,buy,63519.2,0.00001028,1041117346
1786589264418,buy,63519.2,0.00001028,1041117345
1786589264418,buy,63519.2,0.00001028,1041117344
1786589264418,buy,63519.2,0.00001028,1041117343
1786589264418,buy,63519.2,0.00001028,1041117342
1786589264418,buy,63519.2,0.00001028,1041117341
1786589264418,buy,63519.2,0.00001028,1041117340
1786589264418,buy,63519.2,0.00001028,1041117339
1786589264418,buy,63519.1,0.00001581,1041117338
1786589264418,buy,63518.7,0.0000102,1041117337
1786589264418,buy,63517.4,0.00001581,1041117336
1786589264418,buy,63517.3,0.0015,1041117335
1786589264418,buy,63516.3,0.00029991,1041117334
1786589264415,buy,63515.9,0.00181666,1041117333
1786589264415,buy,63515.9,0.00181667,1041117332
1786589264415,buy,63515.9,0.01,1041117331
1786589264398,buy,63515.6,0.00001579,1041117330
1786589264398,buy,63515,0.00012001,1041117329
1786589264398,buy,63513.9,0.00001579,1041117328
1786589264398,buy,63513.3,0.0000102,1041117327
1786589264398,buy,63512.9,0.00045426,1041117326
1786589264398,buy,63512,0.0000102,1041117325
1786589264397,buy,63511.5,0.00181667,1041117324
1786589264397,buy,63511.5,0.00181666,1041117323
1786589264397,buy,63511.5,0.00314904,1041117322
1786589264397,buy,63511.5,0.00075628,1041117321
1786589264397,buy,63511.5,0.07246135,1041117320
1786589264394,buy,63511.5,0.02378475,1041117319
1786589264394,buy,63511.5,0.13863383,1041117318
1786589264391,buy,63511.5,0.00695629,1041117317
1786589264391,buy,63511.5,0.07304371,1041117316
1786589264370,buy,63511.5,0.00177463,1041117315
1786589263080,sell,63511.4,0.09096695,1041117314
1786589262728,buy,63511.4,0.00314905,1041117313
1786589262728,buy,63511.4,0.00178206,1041117312
1786589262728,buy,63511.4,0.00178206,1041117311
1786589262728,buy,63511.4,0.01362811,1041117310
1786589262699,buy,63511.4,0.02480232,1041117309
1786589262365,buy,63510,0.00012001,1041117308
1786589262363,buy,63508.4,0.00178214,1041117307
1786589262363,buy,63508.4,0.00178215,1041117306
1786589262363,buy,63508.4,0.0031492,1041117305
1786589262363,buy,63508.4,0.03913439,1041117304
1786589262363,buy,63508.4,0.04457781,1041117303
1786589261813,buy,63508.4,0.00001848,1041117302
1786589261059,sell,63508.3,0.0555,1041117301
1786589261055,sell,63508.3,0.0345,1041117300
1786589259938,buy,63505.7,0.0000102,1041117299
1786589259938,buy,63505.5,0.00001137,1041117298
1786589259938,buy,63505.3,0.00314935,1041117297
1786589259938,buy,63505.3,0.00062106,1041117296
1786589259938,buy,63505.3,0.20134838,1041117295
1786589259810,buy,63505.3,0.00047082,1041117294
1786589259424,buy,63505.3,0.00393667,1041117293
1786589256428,buy,63505,0.00012001,1041117292
1786589256428,buy,63503.6,0.00001579,1041117291
1786589256428,buy,63502.2,0.00020441,1041117290
1786589256428,buy,63502.2,0.0031495,1041117289
1786589256428,buy,63502.2,0.00160424,1041117288
1786589256428,buy,63502.2,0.00160423,1041117287
1786589256428,buy,63502.2,0.00960857,1041117286
1786589255600,buy,63501.9,0.0000158,1041117285
1786589255600,buy,63501,0.00001137,1041117284
1786589255600,buy,63501,0.00001137,1041117283
1786589255600,buy,63501,0.00001137,1041117282
1786589255600,buy,63501,0.00001137,1041117281
1786589336465,sell,63525.3,0.02925396,1041117485
1786589334430,buy,63525.4,0.00393543,1041117484
1786589329428,buy,63525,0.00050213,1041117483
1786589329428,buy,63525,0.00050213,1041117482
1786589329428,buy,63525,0.00050213,1041117481
1786589329428,buy,63525,0.0001208,1041117480
1786589329428,buy,63525,0.00012001,1041117479
1786589329428,buy,63524.1,0.0000102,1041117478
1786589329428,buy,63524.1,0.0015,1041117477
1786589329428,buy,63522.8,0.0000102,1041117476
1786589329428,buy,63522.5,0.00108,1041117475
1786589329428,buy,63522.4,0.00009798,1041117474
1786589329428,buy,63522.3,0.0003358,1041117473
1786589329428,buy,63522.3,0.00314851,1041117472
1786589329428,buy,63522.3,0.00164334,1041117471
1786589329428,buy,63522.3,0.00164335,1041117470
1786589329428,buy,63522.3,0.00192534,1041117469
1786589327635,buy,63522.2,0.0000102,1041117468
1786589327635,buy,63522.1,0.00314852,1041117467
1786589326492,sell,63521.9,0.00602811,1041117466
1786589325803,buy,63522,0.05006436,1041117465
1786589325803,buy,63522,0.00314852,1041117464
1786589325803,buy,63522,0.0255,1041117463
1786589323267,buy,63520.8,0.00001579,1041117462
1786589323267,buy,63519.1,0.00001579,1041117461
1786589323267,buy,63517.1,0.0000102,1041117460
1786589323267,buy,63516.9,0.00009022,1041117459
1786589323267,buy,63516.8,0.00314878,1041117458
1786589323267,buy,63516.8,0.00035602,1041117457
1786589319427,buy,63516.8,0.00078718,1041117456
1786589319427,buy,63516.8,0.00314878,1041117455
1786589314163,buy,63516.8,0.0003213,1041117454
1786589314161,buy,63516.8,0.00032111,1041117453
1786589308549,sell,63516.3,0.00012526,1041117452
1786589306927,sell,63516.3,0.01263289,1041117451
1786589306927,sell,63516.3,0.0255,1041117450
1786589306927,sell,63516.3,0.00480579,1041117449
1786589306927,sell,63516.3,0.00001508,1041117448
1786589306927,sell,63516.3,0.01858202,1041117447
1786589304761,buy,63516.4,0.05,1041117446
1786589304426,buy,63516.4,0.00392019,1041117445
1786589304426,buy,63516.4,0.0000158,1041117444
1786589300139,sell,63516.3,0.00015515,1041117443
1786589299642,sell,63517.5,0.00001579,1041117442
1786589299642,sell,63519.2,0.00005215,1041117441
1786589299641,sell,63520.8,0.02854324,1041117440
1786589299640,sell,63522,0.04538976,1041117439
1786589299640,sell,63522,0.00158758,1041117438
1786589299640,sell,63522,0.00158758,1041117437
1786589299640,sell,63522,0.01574257,1041117436
1786589299640,sell,63522,0.00314852,1041117435
1786589299640,sell,63522,0.00556385,1041117434
1786589294206,buy,63522.1,0.00015742,1041117433
1786589293065,sell,63522,0.01513759,1041117432
1786589290215,buy,63522.1,0.00078712,1041117431
1786589289425,buy,63522.1,0.00393563,1041117430
1786589288630,sell,63522,0.00089689,1041117429
1786589286131,buy,63522.3,0.00000001,1041117428
1786589286131,buy,63522.1,0.00001581,1041117427
1786589286130,buy,63520.8,0.00001581,1041117426
1786589286130,buy,63520,0.00012001,1041117425
1786589286130,buy,63519.3,0.00043147,1041117424
1786589286130,buy,63519.1,0.00001579,1041117423
1786589286130,buy,63518.4,0.0000102,1041117422
1786589285471,sell,63516.1,0.00096267,1041117421
1786589285471,sell,63517.2,0.00005367,1041117420
1786589285471,sell,63517.2,0.0000102,1041117419
1786589285471,sell,63518.5,0.0000102,1041117418
1786589285470,sell,63519.2,0.11485676,1041117417
1786589285470,sell,63519.2,0.06297303,1041117416
1786589285470,sell,63519.2,0.01934165,1041117415
1786589285470,sell,63519.2,0.00006553,1041117414
1786589285470,sell,63519.2,0.00096267,1041117413
1786589285470,sell,63519.2,0.12581432,1041117412
1786589285470,sell,63519.2,0.01574327,1041117411
1786589285470,sell,63519.2,0.00001,1041117410
1786589285470,sell,63519.2,0.00001,1041117409
1786589285470,sell,63519.2,0.0062798,1041117408
1786589285470,sell,63519.2,0.00314866,1041117407
1786589285470,sell,63519.2,0.00001,1041117406
1786589285470,sell,63519.2,0.00313944,1041117405
1786589285470,sell,63519.2,0.00001,1041117404
1786589285470,sell,63519.2,0.00001,1041117403
1786589285470,sell,63519.2,0.00315884,1041117402
1786589285470,sell,63519.2,0.00001,1041117401
1786589285470,sell,63519.2,0.00002,1041117400
1786589285470,sell,63519.2,0.00313957,1041117399
1786589285470,sell,63519.2,0.00001007,1041117398
1786589285470,sell,63519.2,0.00626844,1041117397
1786589285470,sell,63519.2,0.00625965,1041117396
1786589285470,sell,63519.2,0.00315919,1041117395
1786589285470,sell,63519.2,0.00001165,1041117394
1786589285470,sell,63519.2,0.00001,1041117393
1786589285470,sell,63519.2,0.00001,1041117392
1786589285470,sell,63519.2,0.00005183,1041117391
1786589285470,sell,63519.2,0.00131049,1041117390
1786589285470,sell,63519.2,0.00007753,1041117389
1786589285470,sell,63519.2,0.00009332,1041117388
1786589285470,sell,63519.2,0.00001164,1041117387
1786589285470,sell,63519.2,0.00012477,1041117386
1786589391817,buy,63527,0.00786122,1041117618
1786589390560,sell,63526.9,0.00047221,1041117617
1786589390435,buy,63527,0.00915297,1041117616
1786589390435,buy,63527,0.00100019,1041117615
1786589387375,sell,63526.9,0.00652726,1041117614
1786589383913,sell,63526.9,0.00043392,1041117613
1786589382677,sell,63527,0.00100018,1041117612
1786589382676,sell,63527,0.00019982,1041117611
1786589382676,sell,63527,0.00314827,1041117610
1786589382676,sell,63527,0.00001,1041117609
1786589382676,sell,63527,0.00062001,1041117608
1786589382676,sell,63527,0.00196849,1041117607
1786589382676,sell,63527,0.01574133,1041117606
1786589382676,sell,63527,0.00133847,1041117605
1786589382676,sell,63527,0.0255,1041117604
1786589382676,sell,63527,0.02138861,1041117603
1786589382676,sell,63527,0.006585,1041117602
1786589382674,sell,63527,0.002,1041117601
1786589382587,sell,63527,0.0105,1041117600
1786589382475,sell,63527,0.0085,1041117599
1786589382475,sell,63527.3,0.00133847,1041117598
1786589382474,sell,63527.3,0.00054826,1041117597
1786589382474,sell,63527.3,0.00196848,1041117596
1786589382474,sell,63527.3,0.00314826,1041117595
1786589382474,sell,63527.3,0.0255,1041117594
1786589382474,sell,63527.3,0.01986728,1041117593
1786589382474,sell,63527.3,0.04538598,1041117592
1786589382474,sell,63527.3,0.00008174,1041117591
1786589382472,sell,63527.3,0.002,1041117590
1786589382387,sell,63527.3,0.00205137,1041117589
1786589382387,sell,63527.3,0.0000503,1041117588
1786589382387,sell,63527.3,0.0018439,1041117587
1786589382387,sell,63527.3,0.0002809,1041117586
1786589382387,sell,63527.3,0.00133226,1041117585
1786589382387,sell,63527.3,0.00001,1041117584
1786589382387,sell,63527.3,0.00050157,1041117583
1786589382387,sell,63527.3,0.0005115,1041117582
1786589382387,sell,63527.3,0.00184359,1041117581
1786589382387,sell,63527.3,0.00207461,1041117580
1786589382274,sell,63527.3,0.04669136,1041117579
1786589382274,sell,63527.3,0.00001,1041117578
1786589382274,sell,63527.3,0.01380897,1041117577
1786589382274,sell,63527.3,0.00314822,1041117576
1786589382274,sell,63527.3,0.00314826,1041117575
1786589382274,sell,63527.3,0.00313833,1041117574
1786589382274,sell,63527.3,0.02054486,1041117573
1786589382274,sell,63527.3,0.00001,1041117572
1786589382274,sell,63527.3,0.0125,1041117571
1786589382272,sell,63527.3,0.002,1041117570
1786589382187,sell,63527.3,0.011,1041117569
1786589382072,sell,63527.3,0.096,1041117568
1786589382071,sell,63527.3,0.0105,1041117567
1786589381985,sell,63527.3,0.0105,1041117566
1786589381872,sell,63527.3,0.1035,1041117565
1786589381867,sell,63527.3,0.002,1041117564
1786589381784,sell,63527.3,0.0105,1041117563
1786589381671,sell,63527.3,0.07739952,1041117562
1786589381671,sell,63527.3,0.02760048,1041117561
1786589381667,sell,63527.3,0.002,1041117560
1786589381583,sell,63527.3,0.0105,1041117559
1786589381467,sell,63527.3,0.0855,1041117558
1786589381466,sell,63527.3,0.021,1041117557
1786589381382,sell,63527.3,0.011,1041117556
1786589381268,sell,63527.3,0.0215,1041117555
1786589381266,buy,63527.4,0.00057927,1041117554
1786589381266,sell,63527.3,0.0635,1041117553
1786589381265,sell,63527.3,0.021,1041117552
1786589381179,sell,63527.3,0.011,1041117551
1786589381068,sell,63527.3,0.034,1041117550
1786589381067,sell,63527.3,0.0695,1041117549
1786589381067,sell,63527.3,0.002,1041117548
1786589380977,sell,63527.3,0.0105,1041117547
1786589380865,sell,63527.3,0.104,1041117546
1786589380863,sell,63527.3,0.002,1041117545
1786589380776,sell,63527.3,0.011,1041117544
1786589380668,sell,63527.3,0.0288,1041117543
1786589380668,sell,63527.3,0.0012,1041117542
1786589380664,sell,63527.3,0.053,1041117541
1786589380661,sell,63527.3,0.023,1041117540
1786589380574,sell,63527.3,0.0105,1041117539
1786589380463,sell,63527.3,0.034,1041117538
1786589380461,sell,63527.3,0.0705,1041117537
1786589380461,sell,63527.3,0.002,1041117536
1786589380373,sell,63527.3,0.011,1041117535
1786589380263,sell,63527.3,0.00194433,1041117534
1786589380263,sell,63527.3,0.03155567,1041117533
1786589380261,sell,63527.3,0.0695,1041117532
1786589380260,sell,63527.3,0.002,1041117531
1786589380172,sell,63527.3,0.0105,1041117530
1786589380062,sell,63527.3,0.0525,1041117529
1786589380060,sell,63527.3,0.051,1041117528
1786589380057,sell,63527.3,0.002,1041117527
1786589379971,sell,63527.3,0.00296678,1041117526
1786589379971,sell,63527.3,0.00753322,1041117525
1786589379859,sell,63527.3,0.15646878,1041117524
1786589379859,sell,63527.3,0.07103122,1041117523
1786589379855,sell,63527.3,0.1645,1041117522
1786589379852,sell,63527.3,0.00199999,1041117521
1786589379852,sell,63527.3,0.00000001,1041117520
1786589379816,buy,63525.9,0.00001579,1041117519
1786589445551,buy,63542,0.00006586,1041117744
1786589445551,buy,63542,0.0002332,1041117743
1786589442269,buy,63541.1,0.00313758,1041117742
1786589442269,buy,63541.1,0.00001,1041117741
1786589439434,buy,63541.1,0.00393446,1041117740
1786589438998,sell,63541.9,0.00034729,1041117739
1786589438998,sell,63541.9,0.00210668,1041117738
1786589438998,sell,63541.9,0.00034728,1041117737
1786589438998,sell,63541.9,0.00210667,1041117736
1786589438998,sell,63541.9,0.00096246,1041117735
1786589438998,sell,63541.9,0.01573764,1041117734
1786589438998,sell,63541.9,0.00314753,1041117733
1786589438998,sell,63541.9,0.00311804,1041117732
1786589438998,sell,63541.9,0.00314772,1041117731
1786589438998,sell,63541.9,0.00001,1041117730
1786589438998,sell,63541.9,0.00001,1041117729
1786589438998,sell,63541.9,0.00001,1041117728
1786589438998,sell,63541.9,0.02075365,1041117727
1786589431750,buy,63542,0.00686395,1041117726
1786589431750,buy,63542,0.0012,1041117725
1786589430168,sell,63541.9,0.00031013,1041117724
1786589430168,sell,63541.9,0.00000001,1041117723
1786589427116,buy,63542,0.00000402,1041117722
1786589427116,buy,63542,0.00001171,1041117721
1786589426571,buy,63541.6,0.00001522,1041117720
1786589426571,buy,63541.4,0.0000158,1041117719
1786589426571,buy,63541.2,0.00045426,1041117718
1786589426571,buy,63540.5,0.00029999,1041117717
1786589426571,buy,63540.2,0.0000714,1041117716
1786589426571,buy,63540.2,0.00007162,1041117715
1786589426571,buy,63540.2,0.00007162,1041117714
1786589426571,buy,63540.2,0.00007138,1041117713
1786589426571,buy,63540,0.00012001,1041117712
1786589426571,buy,63539.7,0.0000158,1041117711
1786589426571,buy,63539.5,0.00001501,1041117710
1786589426571,buy,63539.3,0.00046015,1041117709
1786589426571,buy,63539.2,0.00005863,1041117708
1786589426571,buy,63539.1,0.00001501,1041117707
1786589426571,buy,63538.4,0.00006571,1041117706
1786589426571,buy,63538.4,0.00061057,1041117705
1786589426571,buy,63537.6,0.0015,1041117704
1786589426571,buy,63537.4,0.00011,1041117703
1786589426568,buy,63536.7,0.01,1041117702
1786589426558,buy,63536.2,0.0000158,1041117701
1786589426558,buy,63535,0.00012001,1041117700
1786589426558,buy,63534.5,0.0000158,1041117699
1786589426558,buy,63533.6,0.0000102,1041117698
1786589426558,buy,63533.4,0.00314796,1041117697
1786589426558,buy,63533.4,0.02121469,1041117696
1786589424908,buy,63533,0.0000102,1041117695
1786589424908,buy,63532.4,0.00049984,1041117694
1786589424908,buy,63532.3,0.0000102,1041117693
1786589424908,buy,63532,0.00245443,1041117692
1786589424908,buy,63532,0.00245443,1041117691
1786589424908,buy,63532,0.00314803,1041117690
1786589424908,buy,63532,0.03725957,1041117689
1786589424907,buy,63532,0.0074503,1041117688
1786589424903,buy,63532,0.00163835,1041117687
1786589424902,buy,63532,0.00164894,1041117686
1786589424901,buy,63532,0.0016471,1041117685
1786589424900,buy,63532,0.00168248,1041117684
1786589424899,buy,63532,0.00164155,1041117683
1786589424897,buy,63532,0.01564386,1041117682
1786589424888,buy,63532,0.01429237,1041117681
1786589424879,buy,63532,0.00165291,1041117680
1786589424877,buy,63532,0.01569702,1041117679
1786589424867,buy,63532,0.00285472,1041117678
1786589424866,buy,63532,0.00196121,1041117677
1786589424865,buy,63532,0.07400471,1041117676
1786589424817,buy,63532,0.01169681,1041117675
1786589424810,buy,63532,0.00411634,1041117674
1786589424809,buy,63532,0.04805433,1041117673
1786589424778,buy,63532,0.01596524,1041117672
1786589424767,buy,63532,0.00634406,1041117671
1786589424763,buy,63532,0.04100459,1041117670
1786589424737,buy,63532,0.01552004,1041117669
1786589424728,buy,63532,0.01577843,1041117668
1786589424718,buy,63532,0.01582359,1041117667
1786589424708,buy,63532,0.01092861,1041117666
1786589424701,buy,63532,0.00487442,1041117665
1786589424698,buy,63532,0.00742201,1041117664
1786589424693,buy,63532,0.00167134,1041117663
1786589424692,buy,63532,0.1217251,1041117662
1786589424692,buy,63532,0.11950422,1041117661
1786589424433,buy,63532,0.00393502,1041117660
1786589423252,buy,63532,0.00006296,1041117659
1786589422694,buy,63532,0.01926307,1041117658
1786589422688,buy,63532,0.01281122,1041117657
1786589422678,buy,63532,0.02456793,1041117656
1786589422670,buy,63532,0.01284403,1041117655
1786589422663,buy,63532,0.00958771,1041117654
1786589422660,buy,63532,0.01838182,1041117653
1786589422654,buy,63532,0.26547265,1041117652
1786589422653,buy,63532,0.007921,1041117651
1786589422652,buy,63532,0.00564837,1041117650
1786589422652,buy,63531.1,0.0000102,1041117649
1786589422652,buy,63530.8,0.0015,1041117648
1786589422651,buy,63530.6,0.00536696,1041117647
1786589422649,buy,63530,0.00012001,1041117646
1786589422649,buy,63529.4,0.00001579,1041117645
1786596041282,buy,63687.7,0.00079607,1041132561
1786596041246,buy,63687.7,0.01190293,1041132560
1786596041246,buy,63687.7,0.00903203,1041132559
1786596038699,buy,63687.7,0.00032751,1041132558
1786596036359,sell,63687.6,0.00069634,1041132557
1786596034662,sell,63687.6,0.00079685,1041132556
1786596033872,sell,63687.6,0.00032718,1041132555
1786596032897,sell,63687.6,0.00228338,1041132554
1786596031565,buy,63687.7,0.00023395,1041132553
1786596031074,buy,63687.7,0.00079764,1041132552
1786596028528,buy,63687.7,0.00016643,1041132551
1786596026826,buy,63687.7,0.00033459,1041132550
1786596026274,sell,63687.6,0.00023527,1041132549
1786596024482,sell,63687.6,0.00079841,1041132548
1786596023126,buy,63687.7,0.00086768,1041132547
1786596022474,buy,63687.7,0.0000157,1041132546
1786596021472,buy,63687.7,0.00079921,1041132545
1786596020622,buy,63687.6,0.00191064,1041132544
1786596020622,buy,63687.4,0.00001575,1041132543
1786596020622,buy,63685.6,0.00001575,1041132542
1786596020622,buy,63684.8,0.0000102,1041132541
1786596020622,buy,63682.9,0.0000102,1041132540
1786596020622,buy,63682.1,0.0002814,1041132539
1786596020622,buy,63682.1,0.00047342,1041132538
1786596020622,buy,63682.1,0.00314061,1041132537
1786596020622,buy,63682.1,0.00136947,1041132536
1786596020622,buy,63682.1,0.07277256,1041132535
1786596020487,sell,63682,0.0002814,1041132534
1786596020487,sell,63682,0.00005285,1041132533
1786596019741,buy,63682.1,0.00005012,1041132532
1786596019454,buy,63682.1,0.02,1041132531
1786596018221,buy,63682.1,0.0000314,1041132530
1786596016639,buy,63682.1,0.00023,1041132529
1786596014684,sell,63682,0.00012496,1041132528
1786596014684,sell,63682,0.00005073,1041132527
1786596014349,buy,63682.1,0.00034152,1041132526
1786596008994,buy,63682.1,0.00017587,1041132525
1786596007872,sell,63682,0.00033824,1041132524
1786596006775,sell,63682,0.00034117,1041132523
1786596004737,sell,63682,0.00064788,1041132522
1786596000498,buy,63682.1,0.00064853,1041132521
1786596000288,sell,63682,0.00034834,1041132520
1786595992793,buy,63682.1,0.00176638,1041132519
1786595977846,buy,63682.1,0.001374,1041132518
1786595977806,buy,63682.1,0.00061,1041132517
1786595977740,sell,63682,0.00100716,1041132516
1786595977738,sell,63682.3,0.00001575,1041132515
1786595977738,sell,63684,0.00001575,1041132514
1786595977738,sell,63684.9,0.0000102,1041132513
1786595977738,sell,63685,0.00012001,1041132512
1786595977738,sell,63685.1,0.00096057,1041132511
1786595977738,sell,63685.7,0.00001575,1041132510
1786595977738,sell,63686.2,0.0000102,1041132509
1786595977738,sell,63686.6,0.00069108,1041132508
1786595977738,sell,63687.5,0.0000102,1041132507
1786595977738,sell,63687.5,0.00001575,1041132506
1786595977738,sell,63687.9,0.0014211,1041132505
1786595977738,sell,63687.9,0.00142109,1041132504
1786595977738,sell,63687.9,0.00314032,1041132503
1786595977738,sell,63687.9,0.00300898,1041132502
1786595977738,sell,63687.9,0.00039431,1041132501
1786595977516,sell,63688,0.00314031,1041132500
1786595977516,sell,63688,0.000431,1041132499
1786595977516,sell,63688,0.000431,1041132498
1786595977516,sell,63688,0.0001355,1041132497
1786595977516,sell,63688,0.00005389,1041132496
1786595977018,sell,63688,0.00160205,1041132495
1786595976195,sell,63688.2,0.00096057,1041132494
1786595976195,sell,63689.2,0.00001575,1041132493
1786595976195,sell,63689.9,0.00012111,1041132492
1786595976195,sell,63690.9,0.00001575,1041132491
1786595976195,sell,63692.5,0.0000102,1041132490
1786595976195,sell,63693.1,0.000903,1041132489
1786595976195,sell,63693.1,0.000903,1041132488
1786595976195,sell,63693.1,0.00005705,1041132487
1786595976127,buy,63693.2,0.00038308,1041132486
1786595972269,buy,63693.2,0.0000157,1041132485
1786595971443,buy,63693.2,0.00034854,1041132484
1786595970312,buy,63693.2,0.00001067,1041132483
1786595967225,buy,63693.2,0.00007379,1041132482
1786595966321,sell,63693.1,0.00001143,1041132481
1786595955017,buy,63693.2,0.000471,1041132480
1786595948616,buy,63693.2,0.0000942,1041132479
1786595948060,sell,63693.1,0.00004443,1041132478
1786595947771,buy,63693.2,0.00002041,1041132477
1786595947770,buy,63693.2,0.03442392,1041132476
1786595947770,buy,63691.8,0.0000102,1041132475
1786595947770,buy,63691.2,0.0000102,1041132474
1786595947770,buy,63690.5,0.0000102,1041132473
1786595947770,buy,63690,0.01870716,1041132472
1786595947770,buy,63690,0.00004347,1041132471
1786595947770,buy,63690,0.00138057,1041132470
1786595947770,buy,63690,0.00004347,1041132469
1786595947770,buy,63690,0.00138058,1041132468
1786595947770,buy,63690,0.00314022,1041132467
1786595947770,buy,63690,0.02085001,1041132466
1786595945919,buy,63690,0.00023551,1041132465
1786595945415,buy,63690,0.0000785,1041132464
1786595943438,sell,63689.9,0.0013,1041132463
1786595941656,sell,63689.9,0.00055037,1041132462
1786596090218,buy,63692.5,0.00001575,1041132658
1786596090218,buy,63690.8,0.00001575,1041132657
1786596090218,buy,63690,0.00012001,1041132656
1786596090218,buy,63689.9,0.0000102,1041132655
1786596090218,buy,63689.1,0.00001575,1041132654
1786596090218,buy,63688.6,0.0000102,1041132653
1786596090218,buy,63688,0.0000102,1041132652
1786596090218,buy,63687.7,0.00314033,1041132651
1786596088523,sell,63687.6,0.00012,1041132650
1786596088503,buy,63687.7,0.00001172,1041132649
1786596088503,buy,63687.7,0.00001172,1041132648
1786596088503,buy,63687.7,0.00001172,1041132647
1786596088503,buy,63687.7,0.00001172,1041132646
1786596088503,buy,63687.7,0.00001172,1041132645
1786596088503,buy,63687.7,0.00001172,1041132644
1786596088503,buy,63687.7,0.00001172,1041132643
1786596088503,buy,63687.7,0.00001172,1041132642
1786596088503,buy,63687.7,0.00001172,1041132641
1786596088503,buy,63687.7,0.00001172,1041132640
1786596088503,buy,63687.7,0.00001172,1041132639
1786596088503,buy,63687.7,0.00001172,1041132638
1786596088503,buy,63687.7,0.00001172,1041132637
1786596088503,buy,63687.7,0.00001172,1041132636
1786596088503,buy,63687.7,0.00001172,1041132635
1786596088503,buy,63687.7,0.00001172,1041132634
1786596088503,buy,63687.7,0.00001172,1041132633
1786596088503,buy,63687.7,0.00001172,1041132632
1786596088503,buy,63687.7,0.00001172,1041132631
1786596088503,buy,63687.7,0.00001172,1041132630
1786596088503,buy,63687.7,0.00001172,1041132629
1786596088503,buy,63687.7,0.00001172,1041132628
1786596088503,buy,63687.7,0.00001172,1041132627
1786596088503,buy,63687.7,0.00001172,1041132626
1786596088503,buy,63687.7,0.00001172,1041132625
1786596088503,buy,63687.7,0.00001172,1041132624
1786596088503,buy,63687.7,0.00001172,1041132623
1786596088503,buy,63687.7,0.00001172,1041132622
1786596088503,buy,63687.7,0.00001172,1041132621
1786596088503,buy,63687.7,0.00001172,1041132620
1786596088503,buy,63687.7,0.00000573,1041132619
1786596088503,buy,63687.7,0.00000599,1041132618
1786596088503,buy,63687.7,0.00001172,1041132617
1786596088503,buy,63687.7,0.00001172,1041132616
1786596088503,buy,63687.7,0.00001172,1041132615
1786596088503,buy,63687.7,0.00001172,1041132614
1786596088503,buy,63687.7,0.00001172,1041132613
1786596088503,buy,63687.7,0.00001172,1041132612
1786596088503,buy,63687.7,0.00001172,1041132611
1786596088503,buy,63687.7,0.00001172,1041132610
1786596088503,buy,63687.7,0.00001172,1041132609
1786596088433,buy,63687.7,0.00133232,1041132608
1786596088433,buy,63687.7,0.00136722,1041132607
1786596088433,buy,63687.7,0.00144379,1041132606
1786596088433,buy,63687.7,0.00314033,1041132605
1786596087802,buy,63687.7,0.0000628,1041132604
1786596087416,sell,63687.6,0.00086567,1041132603
1786596087134,sell,63687.6,0.01223318,1041132602
1786596076632,sell,63687.6,0.10651316,1041132601
1786596076632,sell,63687.6,0.10526171,1041132600
1786596076632,sell,63687.6,0.12561305,1041132599
1786596076632,sell,63687.6,0.07581999,1041132598
1786596076632,sell,63687.6,0.01533398,1041132597
1786596076632,sell,63687.6,0.0012,1041132596
1786596076632,sell,63687.6,0.32643,1041132595
1786596076632,sell,63687.6,0.35878258,1041132594
1786596076632,sell,63687.6,0.0255,1041132593
1786596076632,sell,63687.6,0.00026985,1041132592
1786596076632,sell,63687.6,0.02125058,1041132591
1786596076632,sell,63687.6,0.00865575,1041132590
1786596076632,sell,63687.6,0.00028998,1041132589
1786596076632,sell,63687.6,0.00066937,1041132588
1786596076632,sell,63687.6,0.00017783,1041132587
1786596076632,sell,63687.6,0.0005741,1041132586
1786596076632,sell,63687.6,0.00067776,1041132585
1786596076632,sell,63687.6,0.00028091,1041132584
1786596076632,sell,63687.6,0.00235373,1041132583
1786596076632,sell,63687.6,0.0771,1041132582
1786596076632,sell,63687.6,0.00314033,1041132581
1786596076632,sell,63687.6,0.00001,1041132580
1786596076632,sell,63687.6,0.00138615,1041132579
1786596076632,sell,63687.6,0.00138628,1041132578
1786596076632,sell,63687.6,0.64916247,1041132577
1786596075014,buy,63687.7,0.0000785,1041132576
1786596074853,sell,63687.6,0.00008,1041132575
1786596073433,buy,63687.7,0.02423823,1041132574
1786596068573,buy,63687.7,0.146483,1041132573
1786596068566,buy,63687.7,0.00309691,1041132572
1786596063922,sell,63687.6,0.00079371,1041132571
1786596063538,sell,63687.6,0.01544138,1041132570
1786596060520,buy,63687.7,0.0007945,1041132569
1786596056037,sell,63687.6,0.00002275,1041132568
1786596055630,sell,63687.6,0.0003141,1041132567
1786596051795,sell,63687.6,0.00876577,1041132566
1786596051230,buy,63687.7,0.00032094,1041132565
1786596051039,buy,63687.7,0.00027009,1041132564
1786596045301,sell,63687.6,0.00032061,1041132563
1786596044874,sell,63687.6,0.00079527,1041132562
1786596152033,sell,63688.6,0.00003145,1041132729
1786596146512,buy,63688.7,0.00004699,1041132728
1786596145411,buy,63688.7,0.0104959,1041132727
1786596144594,buy,63688.7,0.08,1041132726
1786596144594,buy,63688.7,0.04,1041132725
1786596144594,buy,63688.7,0.16,1041132724
1786596144343,buy,63688.7,0.01563108,1041132723
1786596140582,buy,63688.7,0.00031402,1041132722
1786596140011,buy,63688.7,0.00001064,1041132721
1786596139600,buy,63688.7,0.01278405,1041132720
1786596138692,buy,63688.7,0.00048321,1041132719
1786596136401,buy,63688.6,0.0000102,1041132718
1786596136401,buy,63688,0.00134896,1041132717
1786596136401,buy,63688,0.00134897,1041132716
1786596136401,buy,63688,0.00314032,1041132715
1786596132851,sell,63687.9,0.01071121,1041132714
1786596128839,buy,63688,0.0000785,1041132713
1786596127283,buy,63688,0.07310536,1041132712
1786596127283,buy,63688,0.00134896,1041132711
1786596127283,buy,63688,0.00052819,1041132710
1786596127283,buy,63688,0.0005282,1041132709
1786596127283,buy,63688,0.00134897,1041132708
1786596127283,buy,63688,0.00313032,1041132707
1786596127283,buy,63688,0.00001,1041132706
1786596125567,sell,63687.9,0.0044657,1041132705
1786596125567,sell,63687.9,0.00053649,1041132704
1786596123876,buy,63688,0.00011776,1041132703
1786596122089,sell,63687.9,0.00028304,1041132702
1786596121098,buy,63688,0.0000471,1041132701
1786596120336,buy,63688,0.00753517,1041132700
1786596111947,sell,63687.9,0.00030326,1041132699
1786596106558,buy,63688,0.00166569,1041132698
1786596104770,buy,63688,0.00060532,1041132697
1786596104029,buy,63688,0.0000055,1041132696
1786596104029,buy,63688,0.0000745,1041132695
1786596103421,sell,63687.9,0.00017721,1041132694
1786596103193,sell,63689.2,0.00001575,1041132693
1786596103193,sell,63690,0.00006429,1041132692
1786596103193,sell,63690,0.0000102,1041132691
1786596103192,sell,63690.7,0.052,1041132690
1786596103192,sell,63690.8,0.24860679,1041132689
1786596103192,sell,63690.9,0.00001575,1041132688
1786596103192,sell,63691.9,0.0000102,1041132687
1786596103192,sell,63692.3,0.19503574,1041132686
1786596103192,sell,63693.1,0.02619768,1041132685
1786596103192,sell,63693.1,0.03141397,1041132684
1786596103192,sell,63693.1,0.03141397,1041132683
1786596103192,sell,63693.1,0.0002142,1041132682
1786596103192,sell,63693.1,0.00314006,1041132681
1786596103192,sell,63693.1,0.00001,1041132680
1786596103192,sell,63693.1,0.0013671,1041132679
1786596103192,sell,63693.1,0.00136698,1041132678
1786596103192,sell,63693.1,0.04,1041132677
1786596103192,sell,63693.1,0.11860151,1041132676
1786596103192,sell,63693.1,0.20139849,1041132675
1786596103192,sell,63693.1,0.08,1041132674
1786596103192,sell,63693.1,0.16,1041132673
1786596103192,sell,63693.1,0.02091722,1041132672
1786596103192,sell,63693.1,0.36268429,1041132671
1786596103192,sell,63693.1,0.13235905,1041132670
1786596103192,sell,63693.1,0.68007559,1041132669
1786596103192,sell,63693.1,0.36526756,1041132668
1786596103192,sell,63693.1,0.2523,1041132667
1786596103192,sell,63693.1,0.326358,1041132666
1786596103192,sell,63693.1,0.017176,1041132665
1786596103192,sell,63693.1,0.25536746,1041132664
1786596103192,sell,63693.1,0.25839634,1041132663
1786596100651,buy,63693.2,0.01127592,1041132662
1786596100443,sell,63693.1,0.00030932,1041132661
1786596100443,sell,63693.1,0.00000001,1041132660
1786596096948,buy,63693.2,0.0002198,1041132659
1786596205538,buy,63701,0.001,1041132803
1786596205534,sell,63700.9,0.00357257,1041132802
1786596205530,buy,63700.8,0.05356737,1041132801
1786596205530,buy,63700.8,0.00313969,1041132800
1786596205530,buy,63700.8,0.0015288,1041132799
1786596205530,buy,63700.8,0.0015288,1041132798
1786596205530,buy,63700.8,0.02023534,1041132797
1786596205530,buy,63700.8,0.05686466,1041132796
1786596205530,buy,63700.8,0.02568873,1041132795
1786596205530,buy,63700.8,0.0255,1041132794
1786596205530,buy,63700.8,0.02077484,1041132793
1786596205530,buy,63700.8,0.00848304,1041132792
1786596205530,buy,63700.8,0.02268873,1041132791
1786596205530,buy,63700.8,0.2316,1041132790
1786596205530,buy,63700.8,0.1337,1041132789
1786596204658,buy,63700.8,0.16,1041132788
1786596204658,buy,63700.8,0.0263,1041132787
1786596204658,buy,63700.8,0.08,1041132786
1786596204362,buy,63700.8,0.025737,1041132785
1786596204362,buy,63700.8,0.001263,1041132784
1786596204360,buy,63700.8,0.053,1041132783
1786596204360,buy,63700.8,0.04,1041132782
1786596204080,sell,63700.7,0.00435256,1041132781
1786596201787,buy,63700,0.00012001,1041132780
1786596201787,buy,63699.4,0.00001575,1041132779
1786596201787,buy,63697.7,0.00001575,1041132778
1786596201787,buy,63696.9,0.0000102,1041132777
1786596199745,buy,63696.5,0.03793487,1041132776
1786596198749,buy,63696.5,0.00047098,1041132775
1786596189721,sell,63696.4,0.00012957,1041132774
1786596188762,buy,63696.5,0.00304569,1041132773
1786596187783,buy,63696.5,0.00006279,1041132772
1786596184457,sell,63696.4,0.00569614,1041132771
1786596183955,sell,63696.4,0.00017723,1041132770
1786596183550,sell,63696.4,0.00049222,1041132769
1786596183355,sell,63696.4,0.01245297,1041132768
1786596183350,sell,63696.4,0.01337541,1041132767
1786596183347,sell,63696.4,0.01436588,1041132766
1786596183344,buy,63696.5,0.04792605,1041132765
1786596183344,buy,63696.2,0.0000102,1041132764
1786596183344,buy,63696,0.00001575,1041132763
1786596183344,buy,63695.1,0.02191224,1041132762
1786596183344,buy,63695,0.00012001,1041132761
1786596183344,buy,63694.2,0.00001575,1041132760
1786596183344,buy,63693.2,0.01,1041132759
1786596183334,buy,63693.2,0.04,1041132758
1786596183334,buy,63693.2,0.08,1041132757
1786596183334,buy,63693.2,0.14950891,1041132756
1786596183334,buy,63693.2,0.00314006,1041132755
1786596183334,buy,63693.2,0.0010541,1041132754
1786596183334,buy,63693.2,0.00629693,1041132753
1786596171645,buy,63693.2,0.0000785,1041132752
1786596170439,buy,63693.2,0.00122776,1041132751
1786596168164,buy,63693.2,0.00090276,1041132750
1786596167853,sell,63693.1,0.01,1041132749
1786596167218,buy,63692.5,0.00001575,1041132748
1786596167218,buy,63690.8,0.00001575,1041132747
1786596167218,buy,63689.3,0.0000102,1041132746
1786596167217,buy,63688.7,0.00314028,1041132745
1786596167217,buy,63688.7,0.0309757,1041132744
1786596167217,buy,63688.7,0.11416732,1041132743
1786596167217,buy,63688.7,0.00088668,1041132742
1786596161067,buy,63688.7,0.00031402,1041132741
1786596160136,sell,63688.6,0.00021996,1041132740
1786596158855,buy,63688.7,0.00017114,1041132739
1786596158440,sell,63688.6,0.00022028,1041132738
1786596157345,buy,63688.7,0.08,1041132737
1786596157339,buy,63688.7,0.08,1041132736
1786596157339,buy,63688.7,0.04,1041132735
1786596156661,buy,63688.7,0.00188959,1041132734
1786596156393,sell,63688.6,0.00612181,1041132733
1786596155790,sell,63688.6,0.00585466,1041132732
1786596154488,buy,63688.7,0.04,1041132731
1786596154488,buy,63688.7,0.08,1041132730
1786596257925,sell,63697.2,0.00132,1041132864
1786596257115,sell,63697.2,0.00000001,1041132863
1786596248617,buy,63697.3,0.00006279,1041132862
1786596245607,sell,63697.8,0.00001575,1041132861
1786596245607,sell,63699.5,0.00001575,1041132860
1786596245607,sell,63699.7,0.00001501,1041132859
1786596245607,sell,63699.8,0.0000102,1041132858
1786596245606,sell,63700,0.00012001,1041132857
1786596245580,sell,63701.2,0.00001575,1041132856
1786596245580,sell,63702.9,0.00001575,1041132855
1786596245580,sell,63704.7,0.00007456,1041132854
1786596245580,sell,63704.7,0.00001575,1041132853
1786596245580,sell,63706.4,0.00001575,1041132852
1786596245580,sell,63707.1,0.00033216,1041132851
1786596245579,sell,63708.8,0.00313929,1041132850
1786596245579,sell,63708.8,0.01479309,1041132849
1786596245579,sell,63708.8,0.029811,1041132848
1786596245579,sell,63708.8,0.02010979,1041132847
1786596244981,sell,63708.8,0.00970121,1041132846
1786596243694,sell,63708.8,0.00404534,1041132845
1786596243694,sell,63708.8,0.00313929,1041132844
1786596243674,sell,63708.8,0.00803999,1041132843
1786596243585,buy,63708.9,0.00378597,1041132842
1786596241489,sell,63708.9,0.03140178,1041132841
1786596241489,sell,63708.9,0.03140178,1041132840
1786596239720,sell,63708.9,0.00091102,1041132839
1786596235169,buy,63707.2,0.00176269,1041132838
1786596230793,sell,63707.1,0.00087955,1041132837
1786596230790,sell,63707.1,0.0009447,1041132836
1786596230786,buy,63707,0.0000102,1041132835
1786596230786,buy,63706.6,0.00162711,1041132834
1786596230786,buy,63706.6,0.00162711,1041132833
1786596230786,buy,63706.6,0.0031394,1041132832
1786596230786,buy,63706.6,0.00266988,1041132831
1786596230786,buy,63706.6,0.0016554,1041132830
1786596229326,sell,63706.5,0.00577996,1041132829
1786596216110,sell,63706.5,0.00309779,1041132828
1786596212455,buy,63706.3,0.00001575,1041132827
1786596212455,buy,63705,0.00012001,1041132826
1786596212455,buy,63704.6,0.00001575,1041132825
1786596212455,buy,63703.9,0.0000102,1041132824
1786596212455,buy,63702,0.0000102,1041132823
1786596212453,buy,63701.5,0.00359104,1041132822
1786596212453,buy,63701.4,0.00444,1041132821
1786596212453,buy,63701.4,0.00556,1041132820
1786596212446,buy,63701.3,0.0000102,1041132819
1786596212446,buy,63701,0.00313968,1041132818
1786596212446,buy,63701,0.00728369,1041132817
1786596209747,buy,63701,0.01101931,1041132816
1786596209747,buy,63701,0.00169035,1041132815
1786596209747,buy,63701,0.00169034,1041132814
1786596207602,buy,63701,0.278355,1041132813
1786596207526,buy,63701,0.0555957,1041132812
1786596207526,buy,63701,0.0003231,1041132811
1786596207526,buy,63701,0.00313968,1041132810
1786596207526,buy,63701,0.0015288,1041132809
1786596207526,buy,63701,0.00152879,1041132808
1786596207526,buy,63701,0.00332618,1041132807
1786596207526,buy,63701,0.02020175,1041132806
1786596207526,buy,63701,0.074356,1041132805
1786596207526,buy,63701,0.0189,1041132804
1786601146953,buy,63821.4,0.00027855,1041149434
1786601146952,buy,63820,0.007227,1041149433
1786601146952,buy,63820,0.00779038,1041149432
1786601146952,buy,63820,0.00012001,1041149431
1786601146942,buy,63819.9,0.00001572,1041149430
1786601146942,buy,63818.2,0.00001572,1041149429
1786601146942,buy,63817,0.0000102,1041149428
1786601146942,buy,63816.5,0.00001572,1041149427
1786601146942,buy,63815,0.0000102,1041149426
1786601146942,buy,63814.9,0.00052395,1041149425
1786601146941,buy,63814.9,0.047,1041149424
1786601146931,buy,63814.1,0.00190576,1041149423
1786601146931,buy,63814.1,0.00190576,1041149422
1786601146931,buy,63814.1,0.00587728,1041149421
1786601146927,buy,63814.1,0.00181073,1041149420
1786601146927,buy,63814.1,0.00768801,1041149419
1786601146927,buy,63814.1,0.00190576,1041149418
1786601146927,buy,63814.1,0.00190576,1041149417
1786601146927,buy,63814.1,0.00313411,1041149416
1786601146927,buy,63814.1,0.01355563,1041149415
1786601143521,buy,63814.1,0.00004709,1041149414
1786601143237,buy,63814.1,0.05,1041149413
1786601132650,sell,63814,0.07865684,1041149412
1786601132377,sell,63814,0.0022,1041149411
1786601128099,buy,63813.4,0.00001586,1041149410
1786601127960,sell,63813.3,0.01565641,1041149409
1786601124417,buy,63813.4,0.00001567,1041149408
1786601119653,buy,63813.4,0.08,1041149407
1786601119099,sell,63813.7,0.00025869,1041149406
1786601119099,sell,63814,0.00001315,1041149405
1786601119095,sell,63814.2,0.00002674,1041149404
1786601119091,sell,63814.4,0.00115337,1041149403
1786601119091,sell,63814.4,0.03884663,1041149402
1786601119089,sell,63814.4,0.04214322,1041149401
1786601119089,sell,63814.4,0.01797423,1041149400
1786601119089,sell,63814.4,0.00001053,1041149399
1786601119089,sell,63814.8,0.00001572,1041149398
1786601119089,sell,63815,0.00012001,1041149397
1786601119089,sell,63815.1,0.0009578,1041149396
1786601119089,sell,63815.2,0.00001041,1041149395
1786601119089,sell,63815.4,0.00034796,1041149394
1786601119088,sell,63816.6,0.00001572,1041149393
1786601119088,sell,63816.7,0.00001501,1041149392
1786601119088,sell,63817.2,0.02421163,1041149391
1786601119088,sell,63817.2,0.0012,1041149390
1786601119088,sell,63817.2,0.01149043,1041149389
1786601119088,sell,63817.2,0.00387601,1041149388
1786601119088,sell,63817.2,0.0429588,1041149387
1786601119088,sell,63818.2,0.02114429,1041149386
1786601119088,sell,63818.2,0.03254414,1041149385
1786601119088,sell,63818.3,0.00001572,1041149384
1786601119088,sell,63818.8,0.0015,1041149383
1786601119088,sell,63819.2,0.00185523,1041149382
1786601119088,sell,63819.2,0.00185523,1041149381
1786601119088,sell,63819.2,0.01871702,1041149380
1786601119088,sell,63819.2,0.00313386,1041149379
1786601119088,sell,63819.2,0.01470927,1041149378
1786601119088,sell,63819.2,0.0067,1041149377
1786601117322,sell,63819.2,0.00043527,1041149376
1786601117322,sell,63819.2,0.00505327,1041149375
1786601117322,sell,63819.2,0.00199583,1041149374
1786601117322,sell,63819.2,0.00199583,1041149373
1786601117322,sell,63819.2,0.00548854,1041149372
1786601117322,sell,63819.2,0.00199584,1041149371
1786601117322,sell,63819.2,0.00548855,1041149370
1786601117322,sell,63819.2,0.00548855,1041149369
1786601117322,sell,63819.2,0.00199583,1041149368
1786601117322,sell,63819.2,0.00548855,1041149367
1786601117322,sell,63819.2,0.00548504,1041149366
1786601117320,sell,63819.2,0.054135,1041149365
1786601115207,sell,63820,0.00012001,1041149364
1786601115207,sell,63820.3,0.0031338,1041149363
1786601112456,sell,63820.3,0.00331604,1041149362
1786601112456,sell,63820.3,0.19938517,1041149361
1786601112456,sell,63820.3,0.0012,1041149360
1786601112456,sell,63820.3,0.0013,1041149359
1786601112456,sell,63820.3,0.00026394,1041149358
1786601112456,sell,63820.3,0.00158921,1041149357
1786601112456,sell,63820.3,0.0015892,1041149356
1786601112456,sell,63820.3,0.0031338,1041149355
1786601112456,sell,63820.3,0.01888564,1041149354
1786601112456,sell,63820.3,0.0306,1041149353
1786601108511,sell,63821.3,0.00003948,1041149352
1786601108511,sell,63821.3,0.00158918,1041149351
1786601108511,sell,63821.3,0.00158918,1041149350
1786601108511,sell,63821.3,0.00313375,1041149349
1786601108511,sell,63821.3,0.00036334,1041149348
1786601107539,sell,63821.3,0.00044925,1041149347
1786601107535,sell,63821.3,0.00186035,1041149346
1786601107535,sell,63821.3,0.00140797,1041149345
1786601107534,sell,63821.3,0.00078209,1041149344
1786601104698,buy,63821.4,0.0068,1041149343
1786601103486,sell,63821.5,0.00026452,1041149342
1786601103486,sell,63822.3,0.01103978,1041149341
1786601102791,sell,63822.3,0.000548,1041149340
1786601102790,sell,63822.3,0.00029045,1041149339
1786601102790,sell,63822.3,0.00100955,1041149338
1786601102788,sell,63822.3,0.00029045,1041149337
1786601102788,sell,63823.1,0.00001501,1041149336
1786601102788,sell,63823.4,0.00001572,1041149335
1786601203711,sell,63831.2,0.0002,1041149478
1786601203677,sell,63831.2,0.00149213,1041149477
1786601197871,sell,63830.5,0.06854266,1041149476
1786601197861,buy,63830.6,0.07986427,1041149475
1786601197861,buy,63830.2,0.00001572,1041149474
1786601197861,buy,63830,0.00012001,1041149473
1786601197860,buy,63828.5,0.00001572,1041149472
1786601197860,buy,63827.1,0.0000102,1041149471
1786601197860,buy,63826.3,0.0006895,1041149470
1786601197860,buy,63826,0.000015,1041149469
1786601197860,buy,63825,0.00012001,1041149468
1786601197860,buy,63824.5,0.00031487,1041149467
1786601192922,sell,63824.4,0.00024508,1041149466
1786601191733,buy,63824.5,0.06854211,1041149465
1786601191733,buy,63822,0.00313372,1041149464
1786601191733,buy,63822,0.00832417,1041149463
1786601191312,buy,63822,0.00001879,1041149462
1786601189592,sell,63821.9,0.05769453,1041149461
1786601189592,sell,63821.9,0.01887214,1041149460
1786601189040,buy,63822,0.00175398,1041149459
1786601185381,buy,63822,0.00007834,1041149458
1786601185291,sell,63821.9,0.00018691,1041149457
1786601184617,buy,63822,0.00313371,1041149456
1786601184286,sell,63821.9,0.00016742,1041149455
1786601183880,sell,63821.9,0.01540593,1041149454
1786601183026,sell,63821.9,0.00212921,1041149453
1786601183026,sell,63821.9,0.00313372,1041149452
1786601183026,sell,63821.9,0.0196838,1041149451
1786601182325,buy,63822,0.00469273,1041149450
1786601180333,buy,63822,0.00026749,1041149449
1786601179455,buy,63822,0.07615723,1041149448
1786601179208,buy,63822,0.00304366,1041149447
1786601178995,buy,63822,0.00156685,1041149446
1786601174983,buy,63822,0.00031337,1041149445
1786601174404,buy,63822,0.00784224,1041149444
1786601173868,buy,63822,0.00939174,1041149443
1786601169866,sell,63821.9,0.00058388,1041149442
1786601167017,buy,63822,0.00015668,1041149441
1786601166561,sell,63821.9,0.01454374,1041149440
1786601165403,buy,63822,0.00031337,1041149439
1786601164214,sell,63821.9,0.00235364,1041149438
1786601158718,buy,63822,0.00760783,1041149437
1786601152208,buy,63822,0.00598775,1041149436
1786601150126,buy,63822,0.00022264,1041149435
1786601259733,sell,63853.5,0.03913907,1041149617
1786601259733,sell,63853.5,0.00001572,1041149616
1786601258977,buy,63853.6,0.00038205,1041149615
1786601252119,buy,63852.8,0.00045426,1041149614
1786601252119,buy,63852.2,0.0000102,1041149613
1786601252117,buy,63850,0.0001208,1041149612
1786601252117,buy,63850,0.00012001,1041149611
1786601252117,buy,63848.7,0.0000102,1041149610
1786601252117,buy,63848.6,0.00001599,1041149609
1786601252117,buy,63848.6,0.00313242,1041149608
1786601252117,buy,63848.6,0.01135238,1041149607
1786601251686,sell,63848.5,0.00003133,1041149606
1786601251487,buy,63848.6,0.0001724,1041149605
1786601251476,buy,63848.6,0.0001723,1041149604
1786601250717,buy,63847.1,0.00313248,1041149603
1786601250717,buy,63846.2,0.00313254,1041149602
1786601250717,buy,63846.2,0.00779844,1041149601
1786601250400,buy,63845.5,0.0000102,1041149600
1786601250397,buy,63845.2,0.01,1041149599
1786601250389,buy,63845,0.00012001,1041149598
1786601250385,buy,63843.8,0.02041965,1041149597
1786601250047,buy,63842.4,0.0000102,1041149596
1786601250047,buy,63842.3,0.00957719,1041149595
1786601250038,buy,63840.6,0.00001571,1041149594
1786601250038,buy,63840,0.00012001,1041149593
1786601250038,buy,63839.9,0.00313284,1041149592
1786601250038,buy,63839.9,0.00203269,1041149591
1786601250038,buy,63839.9,0.00203269,1041149590
1786601250038,buy,63839.9,0.03912523,1041149589
1786601249354,buy,63839.8,0.0000102,1041149588
1786601249354,buy,63839.3,0.00046015,1041149587
1786601249354,buy,63838.9,0.00001571,1041149586
1786601249354,buy,63837.9,0.0000102,1041149585
1786601249353,buy,63837.4,0.00298056,1041149584
1786601249353,buy,63837.4,0.05441137,1041149583
1786601249352,buy,63837.4,0.37131764,1041149582
1786601249352,buy,63837.4,0.08,1041149581
1786601248777,buy,63837.3,0.00168452,1041149580
1786601248777,buy,63836.7,0.00189176,1041149579
1786601248777,buy,63836.7,0.00189176,1041149578
1786601248777,buy,63836.7,0.003133,1041149577
1786601248317,buy,63836.3,0.00313302,1041149576
1786601247064,buy,63836.3,0.00007832,1041149575
1786601246229,buy,63835.4,0.00001571,1041149574
1786601246227,buy,63833.7,0.00001571,1041149573
1786601246227,buy,63831.6,0.0000102,1041149572
1786601246227,buy,63831.4,0.00197075,1041149571
1786601246227,buy,63831.4,0.00197074,1041149570
1786601246227,buy,63831.4,0.00313326,1041149569
1786601244967,sell,63831.3,0.00150359,1041149568
1786601244858,buy,63831.4,0.00008197,1041149567
1786601244722,sell,63831.3,0.00969176,1041149566
1786601244715,sell,63831.3,0.00006925,1041149565
1786601244511,sell,63831.3,0.00001627,1041149564
1786601243928,sell,63831.3,0.00060067,1041149563
1786601243870,sell,63831.3,0.00230906,1041149562
1786601243866,sell,63831.3,0.00140772,1041149561
1786601243863,sell,63831.3,0.00016123,1041149560
1786601243217,buy,63831.3,0.00177876,1041149559
1786601243217,buy,63831.3,0.00177876,1041149558
1786601243217,buy,63831.3,0.00313327,1041149557
1786601243111,sell,63831.2,0.00038049,1041149556
1786601243106,sell,63831.2,0.00032292,1041149555
1786601243106,sell,63831.2,0.00031959,1041149554
1786601242358,sell,63831.2,0.00012535,1041149553
1786601237838,buy,63831.3,0.00080054,1041149552
1786601234518,buy,63831.3,0.01169018,1041149551
1786601230570,buy,63831.3,0.00313325,1041149550
1786601228579,buy,63831.3,0.00007833,1041149549
1786601228128,sell,63831.2,0.00163271,1041149548
1786601228128,sell,63831.2,0.00140929,1041149547
1786601228127,sell,63831.2,0.00207209,1041149546
1786601228127,sell,63831.2,0.00207149,1041149545
1786601228125,sell,63831.2,0.00207189,1041149544
1786601228125,sell,63831.2,0.00207209,1041149543
1786601228125,sell,63831.2,0.00087693,1041149542
1786601228122,sell,63831.2,0.00015567,1041149541
1786601227018,sell,63832.1,0.00001571,1041149540
1786601227018,sell,63833.8,0.00001571,1041149539
1786601227018,sell,63835.5,0.00004991,1041149538
1786601227018,sell,63835.5,0.0000102,1041149537
1786601226925,sell,63836.7,0.000219,1041149536
1786601226924,sell,63837.3,0.005642,1041149535
1786601226924,sell,63837.3,0.005642,1041149534
1786601225500,buy,63837.4,0.00313295,1041149533
1786601225345,buy,63837.4,0.00034209,1041149532
1786601225345,buy,63837.4,0.00034209,1041149531
1786601225345,buy,63837.4,0.00034209,1041149530
1786601225345,buy,63837.4,0.00034209,1041149529
1786601225345,buy,63837.4,0.00034209,1041149528
1786601225345,buy,63837.4,0.00034209,1041149527
1786601225345,buy,63837.4,0.00034209,1041149526
1786601225345,buy,63837.4,0.00034209,1041149525
1786601225345,buy,63837.4,0.00034209,1041149524
1786601225345,buy,63837.4,0.00034209,1041149523
1786601225345,buy,63837.4,0.00034209,1041149522
1786601225345,buy,63837.4,0.00034209,1041149521
1786601225345,buy,63837.4,0.00034209,1041149520
1786601225345,buy,63837.4,0.00034209,1041149519
1786601225345,buy,63837.4,0.00034209,1041149518
1786601310778,buy,63823.3,0.0000102,1041149767
1786601310777,buy,63820.8,0.0000102,1041149766
1786601310777,buy,63820.5,0.0031338,1041149765
1786601310777,buy,63820.5,0.00101557,1041149764
1786601310777,buy,63820.5,0.00101556,1041149763
1786601310406,buy,63820.5,0.02002924,1041149762
1786601310406,buy,63820.5,0.00023167,1041149761
1786601310406,buy,63820.5,0.00001,1041149760
1786601310406,buy,63820.5,0.00001,1041149759
1786601310406,buy,63820.5,0.00001,1041149758
1786601310406,buy,63820.5,0.00001,1041149757
1786601310406,buy,63820.5,0.0011965,1041149756
1786601310406,buy,63820.5,0.00001,1041149755
1786601310406,buy,63820.5,0.00001,1041149754
1786601310406,buy,63820.5,0.00096459,1041149753
1786601310406,buy,63820.5,0.00001,1041149752
1786601310406,buy,63820.5,0.00001,1041149751
1786601310406,buy,63820.5,0.00001,1041149750
1786601310406,buy,63820.5,0.00001,1041149749
1786601310406,buy,63820.5,0.00001,1041149748
1786601310406,buy,63820.5,0.00001,1041149747
1786601310406,buy,63820.5,0.0030638,1041149746
1786601310406,buy,63820.5,0.00001,1041149745
1786601309603,sell,63821.5,0.00095771,1041149744
1786601309603,sell,63821.7,0.00001572,1041149743
1786601309602,sell,63823.1,0.000015,1041149742
1786601309602,sell,63823.7,0.0000102,1041149741
1786601309602,sell,63824.5,0.00045426,1041149740
1786601309602,sell,63824.7,0.0391863,1041149739
1786601309602,sell,63824.7,0.00095771,1041149738
1786601309602,sell,63825,0.0001208,1041149737
1786601309602,sell,63825,0.00012001,1041149736
1786601309602,sell,63825.4,0.0195448,1041149735
1786601309602,sell,63825.4,0.03,1041149734
1786601309514,sell,63826.9,0.00001572,1041149733
1786601309514,sell,63827.9,0.00095771,1041149732
1786601309514,sell,63828.5,0.0000102,1041149731
1786601309514,sell,63828.6,0.00001572,1041149730
1786601309514,sell,63830,0.00012001,1041149729
1786601309514,sell,63830.3,0.00001572,1041149728
1786601309514,sell,63831.1,0.00095771,1041149727
1786601309514,sell,63831.2,0.01958235,1041149726
1786601309514,sell,63832.8,0.03,1041149725
1786601309514,sell,63833.5,0.02244372,1041149724
1786601309512,sell,63833.5,0.0012,1041149723
1786601309509,sell,63833.5,0.0012,1041149722
1786601309501,sell,63833.5,0.00118429,1041149721
1786601309501,sell,63833.8,0.00001571,1041149720
1786601309500,sell,63834.3,0.00095771,1041149719
1786601309500,sell,63834.8,0.0000102,1041149718
1786601309500,sell,63835,0.00012001,1041149717
1786601309498,buy,63835.1,0.011705,1041149716
1786601309496,sell,63835.5,0.00032748,1041149715
1786601309496,sell,63835.9,0.00001501,1041149714
1786601309495,sell,63837.5,0.011712,1041149713
1786601309495,sell,63837.5,0.02108774,1041149712
1786601309495,sell,63837.5,0.00004418,1041149711
1786601309495,sell,63837.5,0.04515963,1041149710
1786601309287,sell,63837.5,0.112,1041149709
1786601308661,sell,63837.5,0.0647,1041149708
1786601304512,sell,63837.5,0.0000193,1041149707
1786601304111,buy,63837.6,0.00001246,1041149706
1786601302289,sell,63837.5,0.02390855,1041149705
1786601302000,sell,63837.5,0.0072,1041149704
1786601302000,sell,63837.5,0.00998309,1041149703
1786601302000,sell,63837.5,0.00095771,1041149702
1786601302000,sell,63838,0.0000102,1041149701
1786601302000,sell,63838.3,0.00068965,1041149700
1786601302000,sell,63839,0.00001571,1041149699
1786601302000,sell,63840,0.00012001,1041149698
1786601302000,sell,63840.7,0.00095771,1041149697
1786601302000,sell,63840.7,0.00001571,1041149696
1786601302000,sell,63842.3,0.00001501,1041149695
1786601302000,sell,63842.4,0.00001571,1041149694
1786601302000,sell,63842.8,0.0000102,1041149693
1786601302000,sell,63843.8,0.03,1041149692
1786601302000,sell,63843.9,0.00095771,1041149691
1786601302000,sell,63844.5,0.03613157,1041149690
1786601302000,sell,63845,0.00012001,1041149689
1786601301997,sell,63845.9,0.00001571,1041149688
1786601301992,sell,63847.5,0.03134915,1041149687
1786601301992,sell,63847.6,0.00005046,1041149686
1786601301992,sell,63847.6,0.00001571,1041149685
1786601301992,sell,63851,0.05900833,1041149684
1786601301992,sell,63851.3,0.01566837,1041149683
1786601301992,sell,63851.3,0.04515291,1041149682
1786601301992,sell,63851.3,0.01566837,1041149681
1786601301992,sell,63851.3,0.02085605,1041149680
1786601301992,sell,63851.3,0.47914395,1041149679
1786601301992,sell,63851.3,0.22002,1041149678
1786601301992,sell,63851.3,0.0001592,1041149677
1786601301992,sell,63851.3,0.0002029,1041149676
1786601301992,sell,63851.3,0.00154697,1041149675
1786601301992,sell,63851.3,0.01302235,1041149674
1786601301992,sell,63851.3,0.00040547,1041149673
1786601301992,sell,63851.3,0.00134407,1041149672
1786601301992,sell,63851.3,0.00313228,1041149671
1786601301992,sell,63851.3,0.01301269,1041149670
1786601301992,sell,63851.3,0.00001,1041149669
1786601301992,sell,63851.3,0.02090584,1041149668
1786601363614,buy,63819.5,0.0336612,1041149807
1786601363614,buy,63819.5,0.00021951,1041149806
1786601363614,buy,63819.5,0.00001,1041149805
1786601363614,buy,63819.5,0.00001,1041149804
1786601363614,buy,63819.5,0.00101541,1041149803
1786601363614,buy,63819.5,0.00001,1041149802
1786601363614,buy,63819.5,0.00004645,1041149801
1786601363614,buy,63819.5,0.00003346,1041149800
1786601363614,buy,63819.5,0.00013823,1041149799
1786601362377,buy,63819.5,0.00016687,1041149798
1786601362377,buy,63819.5,0.00022686,1041149797
1786601362377,buy,63819.5,0.00022686,1041149796
1786601362377,buy,63819.5,0.00022686,1041149795
1786601362214,buy,63819.5,0.00005834,1041149794
1786601362214,buy,63819.5,0.00001,1041149793
1786601362214,buy,63819.5,0.00001,1041149792
1786601357263,sell,63819.4,0.00531369,1041149791
1786601351809,sell,63819.4,0.00032522,1041149790
1786601351544,sell,63819.4,0.00002188,1041149789
1786601341488,sell,63819.4,0.00337375,1041149788
1786601339350,buy,63819.5,0.0000141,1041149787
1786601335045,sell,63819.4,0.00020107,1041149786
1786601331931,buy,63819.5,0.0023492,1041149785
1786601325665,sell,63819.4,0.00073,1041149784
1786601325665,sell,63819.4,0.00052203,1041149783
1786601325664,sell,63819.6,0.0000102,1041149782
1786601325664,sell,63819.8,0.004933,1041149781
1786601325664,sell,63819.8,0.004933,1041149780
1786601325664,sell,63819.8,0.00313383,1041149779
1786601323375,sell,63819.8,0.00044849,1041149778
1786601323375,sell,63819.8,0.00111841,1041149777
1786601323375,sell,63819.8,0.00313383,1041149776
1786601322152,sell,63820,0.00012001,1041149775
1786601322098,sell,63820.4,0.00043163,1041149774
1786601322098,sell,63821.7,0.00001572,1041149773
1786601322098,sell,63824.7,0.0000102,1041149772
1786601322097,sell,63825.3,0.00004265,1041149771
1786601322097,sell,63825.3,0.00001,1041149770
1786601322097,sell,63825.3,0.00313356,1041149769
1786601322097,sell,63825.3,0.00312368,1041149768
1786607379293,buy,63852.2,0.00005,1041157617
1786607378090,buy,63852.2,0.00001008,1041157616
1786607378090,buy,63852.2,0.00001008,1041157615
1786607378090,buy,63852.2,0.00001008,1041157614
1786607378090,buy,63852.2,0.00001008,1041157613
1786607378090,buy,63852.2,0.00001008,1041157612
1786607378090,buy,63852.2,0.00001008,1041157611
1786607378090,buy,63852.2,0.00001008,1041157610
1786607378090,buy,63852.2,0.00001008,1041157609
1786607378090,buy,63852.2,0.00001008,1041157608
1786607378090,buy,63852.2,0.00001008,1041157607
1786607378090,buy,63852.2,0.00001008,1041157606
1786607378090,buy,63852.2,0.00001008,1041157605
1786607378090,buy,63852.2,0.00001008,1041157604
1786607378090,buy,63852.2,0.00001008,1041157603
1786607378090,buy,63852.2,0.00001008,1041157602
1786607378090,buy,63852.2,0.00001008,1041157601
1786607378090,buy,63852.2,0.00001008,1041157600
1786607378090,buy,63852.2,0.00001008,1041157599
1786607378090,buy,63852.2,0.00001008,1041157598
1786607378090,buy,63852.2,0.00001008,1041157597
1786607378090,buy,63852.2,0.00001008,1041157596
1786607377276,sell,63852.1,0.00030853,1041157595
1786607374772,sell,63852.1,0.00001102,1041157594
1786607372576,buy,63852.2,0.00569864,1041157593
1786607372576,buy,63852.2,0.003527,1041157592
1786607367265,sell,63852.1,0.00015427,1041157591
1786607363785,buy,63852.2,0.00003132,1041157590
1786607356412,sell,63852.1,0.00014724,1041157589
1786607354731,buy,63852.2,0.00138,1041157588
1786607351884,sell,63852.1,0.00021917,1041157587
1786607348870,buy,63852.2,0.00091304,1041157586
1786607346282,sell,63852.1,0.00762147,1041157585
1786607346282,sell,63852.1,0.00003924,1041157584
1786607346282,sell,63852.1,0.00300472,1041157583
1786607344584,buy,63852.2,0.0000783,1041157582
1786607344410,sell,63852.1,0.00100602,1041157581
1786607335074,sell,63852.1,0.00368,1041157580
1786607335070,sell,63852.1,0.00039218,1041157579
1786607329574,sell,63852.1,0.0002057,1041157578
1786607328098,sell,63852.1,0.0056097,1041157577
1786607325284,buy,63852.2,0.00005,1041157576
1786607320683,sell,63852.1,0.00001096,1041157575
1786607316839,sell,63852.1,0.000471,1041157574
1786607311156,buy,63852.2,0.0032064,1041157573
1786607310406,sell,63852.1,0.00011,1041157572
1786607310011,buy,63852.2,0.00001399,1041157571
1786607309648,sell,63852.1,0.02120972,1041157570
1786607309648,sell,63852.1,0.00313224,1041157569
1786607309648,sell,63852.1,0.01936836,1041157568
1786607309648,sell,63852.1,0.01872166,1041157567
1786607307810,sell,63852.1,0.0000783,1041157566
1786607307527,sell,63852.1,0.0005947,1041157565
1786607303914,sell,63852.1,0.00016604,1041157564
1786607298966,sell,63852.1,0.0307697,1041157563
1786607296439,sell,63852.1,0.03447367,1041157562
1786607295126,sell,63852.1,0.00006883,1041157561
1786607289071,buy,63852.2,0.00066,1041157560
1786607288487,sell,63852.1,0.00057921,1041157559
1786607286877,sell,63852.1,0.00796879,1041157558
1786607283004,buy,63852.2,0.00003132,1041157557
1786607282924,sell,63852.1,0.0021391,1041157556
1786607281853,sell,63852.8,0.00045426,1041157555
1786607281853,sell,63853.9,0.0000102,1041157554
1786607281853,sell,63854.5,0.01932117,1041157553
1786607281714,sell,63855,0.00012001,1041157552
1786607281714,sell,63855.2,0.00095838,1041157551
1786607281714,sell,63855.8,0.00128395,1041157550
1786607281714,sell,63857,0.00249241,1041157549
1786607281714,sell,63857,0.0024924,1041157548
1786607281714,sell,63857,0.003132,1041157547
1786607281714,sell,63857,0.00004055,1041157546
1786607281714,sell,63857,0.07273185,1041157545
1786607280603,buy,63857.1,0.00782998,1041157544
1786607280466,sell,63857,0.05983483,1041157543
1786607280466,sell,63857,0.03366517,1041157542
1786607280267,sell,63857,0.02255294,1041157541
1786607280085,sell,63857,0.1024739,1041157540
1786607280085,sell,63857,0.00001152,1041157539
1786607278287,sell,63857,0.00048847,1041157538
1786607278287,sell,63857,0.00029999,1041157537
1786607278089,sell,63857.5,0.0000426,1041157536
1786607278089,sell,63857.5,0.01936587,1041157535
1786607278089,sell,63857.5,0.0022848,1041157534
1786607278089,sell,63857.5,0.0022848,1041157533
1786607278089,sell,63857.5,0.00313198,1041157532
1786607278089,sell,63857.5,0.0012,1041157531
1786607278089,sell,63857.5,0.02160606,1041157530
1786607277409,buy,63857.6,0.00103198,1041157529
1786607272914,buy,63857.6,0.00078925,1041157528
1786607272458,sell,63857.5,0.00033842,1041157527
1786607269307,sell,63858.4,0.00095838,1041157526
1786607269307,sell,63859.3,0.00004479,1041157525
1786607269307,sell,63859.3,0.00046015,1041157524
1786607269307,sell,63859.7,0.00221995,1041157523
1786607269307,sell,63859.7,0.00221994,1041157522
1786607269307,sell,63859.7,0.00313187,1041157521
1786607267119,sell,63860,0.00012001,1041157520
1786607267119,sell,63860.6,0.00039053,1041157519
1786607267119,sell,63860.6,0.00001,1041157518
1786607433490,buy,63852.2,0.00086772,1041157640
1786607431921,sell,63852.1,0.00116438,1041157639
1786607429697,sell,63852.1,0.00633787,1041157638
1786607428810,sell,63852.1,0.00098,1041157637
1786607428604,buy,63852.2,0.00003132,1041157636
1786607423401,buy,63852.2,0.00345851,1041157635
1786607422007,sell,63852.1,0.00001143,1041157634
1786607420625,buy,63852.2,0.0009381,1041157633
1786607418436,sell,63852.1,0.00015427,1041157632
1786607418356,sell,63852.1,0.00160917,1041157631
1786607417198,sell,63852.1,0.00008,1041157630
1786607416592,sell,63852.1,0.00016,1041157629
1786607415016,buy,63852.2,0.00007047,1041157628
1786607412743,buy,63852.2,0.00001566,1041157627
1786607411002,buy,63852.2,0.00031322,1041157626
1786607404614,buy,63852.2,0.00015661,1041157625
1786607403078,buy,63852.2,0.00469835,1041157624
1786607403004,buy,63852.2,0.0000783,1041157623
1786607401736,buy,63852.2,0.00133589,1041157622
1786607400878,buy,63852.2,0.00078305,1041157621
1786607395774,sell,63852.1,0.00255795,1041157620
1786607394011,buy,63852.2,0.00001983,1041157619
1786607393179,buy,63852.2,0.0017885,1041157618
1786607482585,sell,63852.1,0.00300142,1041157690
1786607482062,buy,63852.2,0.00024245,1041157689
1786607478979,buy,63852.2,0.00003132,1041157688
1786607473948,buy,63852.2,0.00078305,1041157687
1786607472276,sell,63852.1,0.00074902,1041157686
1786607472201,sell,63852.1,0.00011814,1041157685
1786607467814,sell,63852.1,0.0214879,1041157684
1786607464582,buy,63852.2,0.00015661,1041157683
1786607461386,sell,63852.1,0.00189996,1041157682
1786607453631,sell,63852.1,0.00356445,1041157681
1786607453110,buy,63852.2,0.00003478,1041157680
1786607453110,buy,63852.2,0.00003478,1041157679
1786607453110,buy,63852.2,0.00003478,1041157678
1786607453110,buy,63852.2,0.00003478,1041157677
1786607453110,buy,63852.2,0.00003478,1041157676
1786607453110,buy,63852.2,0.00003478,1041157675
1786607453110,buy,63852.2,0.00003478,1041157674
1786607453110,buy,63852.2,0.00003478,1041157673
1786607453110,buy,63852.2,0.00003478,1041157672
1786607453110,buy,63852.2,0.00003478,1041157671
1786607453110,buy,63852.2,0.00003478,1041157670
1786607453110,buy,63852.2,0.00003478,1041157669
1786607453110,buy,63852.2,0.00003478,1041157668
1786607453110,buy,63852.2,0.00003478,1041157667
1786607453110,buy,63852.2,0.00003478,1041157666
1786607453110,buy,63852.2,0.00003478,1041157665
1786607453109,buy,63852.2,0.00003478,1041157664
1786607453109,buy,63852.2,0.00003478,1041157663
1786607453109,buy,63852.2,0.00003478,1041157662
1786607453109,buy,63852.2,0.00003478,1041157661
1786607453109,buy,63852.2,0.00003478,1041157660
1786607453109,buy,63852.2,0.00003478,1041157659
1786607453109,buy,63852.2,0.00003478,1041157658
1786607453109,buy,63852.2,0.00003478,1041157657
1786607453109,buy,63852.2,0.00003478,1041157656
1786607453109,buy,63852.2,0.00003478,1041157655
1786607453109,buy,63852.2,0.00003478,1041157654
1786607453109,buy,63852.2,0.00003478,1041157653
1786607453109,buy,63852.2,0.00003478,1041157652
1786607453109,buy,63852.2,0.00003478,1041157651
1786607453109,buy,63852.2,0.00003478,1041157650
1786607453109,buy,63852.2,0.00003478,1041157649
1786607453109,buy,63852.2,0.00003478,1041157648
1786607452614,sell,63852.1,0.00054762,1041157647
1786607449768,sell,63852.1,0.00015521,1041157646
1786607445465,sell,63852.1,0.00344515,1041157645
1786607445288,sell,63852.1,0.5,1041157644
1786607441009,buy,63852.2,0.00048393,1041157643
1786607440248,sell,63852.1,0.00587,1041157642
1786607438784,buy,63852.2,0.00003132,1041157641
1786607542202,buy,63852.2,0.00003132,1041157732
1786607539391,buy,63852.2,0.00032731,1041157731
1786607536611,buy,63852.2,0.00156611,1041157730
1786607534449,sell,63852.1,0.00031635,1041157729
1786607534449,sell,63852.1,0.00122628,1041157728
1786607530622,sell,63852.1,0.00108358,1041157727
1786607528030,buy,63852.2,0.00152696,1041157726
1786607527323,sell,63852.1,0.07103142,1041157725
1786607527323,sell,63852.1,0.0012,1041157724
1786607527323,sell,63852.1,0.51007739,1041157723
1786607527323,sell,63852.1,0.13166386,1041157722
1786607527323,sell,63852.1,0.16324494,1041157721
1786607527323,sell,63852.1,0.00039272,1041157720
1786607527323,sell,63852.1,0.00029272,1041157719
1786607527323,sell,63852.1,0.00039272,1041157718
1786607527323,sell,63852.1,0.00029272,1041157717
1786607527323,sell,63852.1,0.00029272,1041157716
1786607527323,sell,63852.1,0.00039272,1041157715
1786607527323,sell,63852.1,0.00039272,1041157714
1786607527323,sell,63852.1,0.00230987,1041157713
1786607527323,sell,63852.1,0.00230986,1041157712
1786607527323,sell,63852.1,0.00003924,1041157711
1786607527323,sell,63852.1,0.00313224,1041157710
1786607527323,sell,63852.1,0.01851262,1041157709
1786607527323,sell,63852.1,0.00029272,1041157708
1786607527323,sell,63852.1,0.00342414,1041157707
1786607526182,sell,63852.1,0.00017864,1041157706
1786607524532,buy,63852.2,0.00780166,1041157705
1786607524100,sell,63852.1,0.3,1041157704
1786607519705,buy,63852.2,0.0469835,1041157703
1786607516354,sell,63852.1,0.00039593,1041157702
1786607513012,buy,63852.2,0.0000112,1041157701
1786607510581,sell,63852.1,0.08909401,1041157700
1786607510581,sell,63852.1,0.0012,1041157699
1786607510581,sell,63852.1,0.1705134,1041157698
1786607506470,buy,63852.2,0.01201837,1041157697
1786607505838,sell,63852.1,0.00114659,1041157696
1786607505456,buy,63852.2,0.00626446,1041157695
1786607505227,buy,63852.2,0.00469835,1041157694
1786607500188,sell,63852.1,0.00002145,1041157693
1786607499329,sell,63852.1,0.00156453,1041157692
1786607491577,sell,63852.1,0.00088547,1041157691
1786607594985,buy,63852.2,0.00078305,1041157749
1786607592121,sell,63852.1,0.02351211,1041157748
1786607592119,sell,63852.1,0.00089307,1041157747
1786607592119,sell,63852.1,0.00029074,1041157746
1786607592119,sell,63852.1,0.00154263,1041157745
1786607592119,sell,63852.1,0.00108358,1041157744
1786607592119,sell,63852.1,0.00003924,1041157743
1786607592119,sell,63852.1,0.01182547,1041157742
1786607591801,buy,63852.2,0.00023491,1041157741
1786607588833,buy,63852.2,0.2616,1041157740
1786607582469,buy,63852.2,0.00004698,1041157739
1786607581205,buy,63852.2,0.00162082,1041157738
1786607580323,sell,63852.1,0.00976743,1041157737
1786607580323,sell,63852.1,0.00158265,1041157736
1786607580312,buy,63852.2,0.00001185,1041157735
1786607580265,sell,63852.1,0.00041087,1041157734
1786607550302,buy,63852.2,0.00017227,1041157733
1786611563077,buy,63757.5,0.0022711,1041163618
1786611561798,sell,63757.4,0.00158619,1041163617
1786611561140,sell,63757.4,0.00231114,1041163616
1786611560412,buy,63757.5,0.00001321,1041163615
1786611559483,buy,63757.5,0.00231345,1041163614
1786611559015,buy,63757.5,0.00039211,1041163613
1786611557429,sell,63757.4,0.00235344,1041163612
1786611556558,buy,63757.5,0.00002038,1041163611
1786611555087,buy,63757.5,0.0023558,1041163610
1786611552956,sell,63757.4,0.00239731,1041163609
1786611551800,buy,63757.5,0.00023526,1041163608
1786611551546,sell,63757.4,0.01145826,1041163607
1786611550822,buy,63757.5,0.00239971,1041163606
1786611548956,sell,63757.4,0.01159444,1041163605
1786611548956,sell,63757.4,0.01908179,1041163604
1786611548956,sell,63757.4,0.00021355,1041163603
1786611548475,sell,63757.4,0.00227531,1041163602
1786611548475,sell,63757.4,0.00010891,1041163601
1786611548475,sell,63757.4,0.00005697,1041163600
1786611546245,buy,63757.5,0.00244363,1041163599
1786611545880,sell,63757.4,0.00133481,1041163598
1786611545880,sell,63757.4,0.00199532,1041163597
1786611545880,sell,63757.4,0.00200533,1041163596
1786611545880,sell,63757.4,0.00001,1041163595
1786611545880,sell,63757.4,0.00963422,1041163594
1786611544048,sell,63757.4,0.00248662,1041163593
1786611543944,buy,63757.5,0.02328568,1041163592
1786611542041,buy,63757.5,0.00248911,1041163591
1786611539883,sell,63757.4,0.0001245,1041163590
1786611539568,sell,63757.4,0.00253207,1041163589
1786611539221,buy,63757.5,0.00229916,1041163588
1786611537221,buy,63757.5,0.00090554,1041163587
1786611537217,buy,63757.5,0.0025346,1041163586
1786611533836,buy,63757.5,0.00010979,1041163585
1786611532830,sell,63757.4,0.00257906,1041163584
1786611529874,buy,63757.5,0.00258165,1041163583
1786611528547,buy,63757.5,0.00005019,1041163582
1786611527626,sell,63757.4,0.00262764,1041163581
1786611525553,buy,63757.5,0.00263027,1041163580
1786611521774,sell,63757.4,0.00267623,1041163579
1786611521366,sell,63757.4,0.04695075,1041163578
1786611519764,buy,63757.5,0.0026789,1041163577
1786611515660,sell,63757.4,0.00272636,1041163576
1786611513670,buy,63757.5,0.00272909,1041163575
1786611510847,sell,63759.9,0.00005636,1041163574
1786611510847,sell,63759.9,0.00005636,1041163573
1786611510847,sell,63759.9,0.00200525,1041163572
1786611510847,sell,63759.9,0.00200524,1041163571
1786611510847,sell,63759.9,0.04521232,1041163570
1786611510847,sell,63759.9,0.00005217,1041163569
1786611510847,sell,63759.9,0.000157,1041163568
1786611510847,sell,63759.9,0.00313677,1041163567
1786611510847,sell,63759.9,0.01912067,1041163566
1786611507047,sell,63759.9,0.00277639,1041163565
1786611505071,buy,63760,0.00277917,1041163564
1786611501961,sell,63759.9,0.00282809,1041163563
1786611499427,buy,63760,0.00283092,1041163562
1786611497308,sell,63759.9,0.00287979,1041163561
1786611495361,buy,63760,0.00288268,1041163560
1786611495303,buy,63760,0.0031744,1041163559
1786611494582,buy,63760,0.00007841,1041163558
1786611493196,sell,63759.9,0.00293308,1041163557
1786611490432,buy,63760,0.00293601,1041163556
1786611489254,sell,63759.9,0.00064626,1041163555
1786611489147,sell,63759.9,0.00395061,1041163554
1786611489147,sell,63759.9,0.0012,1041163553
1786611489147,sell,63759.9,0.00124749,1041163552
1786611489067,buy,63760,0.00003136,1041163551
1786611486998,sell,63759.9,0.00298791,1041163550
1786611486691,sell,63759.9,0.00023,1041163549
1786611484964,buy,63760,0.0029909,1041163548
1786611484239,buy,63760,0.00022328,1041163547
1786611482828,sell,63759.9,0.00304274,1041163546
1786611481493,sell,63759.9,0.00035261,1041163545
1786611479516,buy,63760,0.00304579,1041163544
1786611476883,sell,63759.9,0.00309915,1041163543
1786611474787,buy,63760,0.00310225,1041163542
1786611472536,sell,63759.9,0.00315712,1041163541
1786611470688,sell,63759.9,0.00077252,1041163540
1786611469458,buy,63760,0.00316028,1041163539
1786611466819,sell,63759.9,0.00321509,1041163538
1786611465796,buy,63760,0.00364335,1041163537
1786611464777,buy,63760,0.00321831,1041163536
1786611463714,sell,63759.9,0.00739537,1041163535
1786611463714,sell,63759.9,0.0578,1041163534
1786611463714,sell,63759.9,0.0013,1041163533
1786611463714,sell,63759.9,0.21786437,1041163532
1786611463714,sell,63759.9,0.31710443,1041163531
1786611462268,sell,63759.9,0.00327463,1041163530
1786611461952,buy,63760,0.00023525,1041163529
1786611460481,buy,63760,0.00002,1041163528
1786611460085,buy,63760,0.00327791,1041163527
1786611458942,sell,63759.9,0.00243116,1041163526
1786611457830,sell,63759.9,0.00333574,1041163525
1786611455666,buy,63760,0.00333908,1041163524
1786611455155,sell,63759.9,0.00713024,1041163523
1786611453400,sell,63759.9,0.00339685,1041163522
1786611451323,buy,63760,0.00340025,1041163521
1786611449287,sell,63759.9,0.0001545,1041163520
1786611448556,sell,63759.9,0.00345952,1041163519
1786611619964,buy,63766.6,0.00185833,1041163838
1786611619958,buy,63766.6,0.0041194,1041163837
1786611619941,buy,63766.6,0.00015682,1041163836
1786611619817,buy,63766.6,0.00039205,1041163835
1786611619816,buy,63766.6,0.0000345,1041163834
1786611619812,buy,63766.6,0.00156821,1041163833
1786611619800,buy,63766.6,0.00003136,1041163832
1786611619783,buy,63766.6,0.00003136,1041163831
1786611619780,buy,63766.6,0.00006272,1041163830
1786611619016,buy,63766.6,0.00018034,1041163829
1786611618979,buy,63766.6,0.00003136,1041163828
1786611618680,buy,63766.6,0.00007841,1041163827
1786611618217,buy,63766.6,0.00003136,1041163826
1786611618211,buy,63766.6,0.00003136,1041163825
1786611618204,buy,63766.6,0.00039205,1041163824
1786611618202,buy,63766.6,0.00003136,1041163823
1786611618182,buy,63766.6,0.00015682,1041163822
1786611617743,sell,63766.5,0.00189095,1041163821
1786611617418,buy,63766.6,0.00015682,1041163820
1786611617417,buy,63766.6,0.00009409,1041163819
1786611617416,buy,63766.6,0.00526055,1041163818
1786611617416,buy,63766.6,0.00234588,1041163817
1786611617416,buy,63766.6,0.00234588,1041163816
1786611617416,buy,63766.6,0.00029872,1041163815
1786611617416,buy,63766.6,0.00029872,1041163814
1786611617416,buy,63766.6,0.00029872,1041163813
1786611617416,buy,63766.6,0.00029872,1041163812
1786611617416,buy,63766.6,0.00061445,1041163811
1786611617400,buy,63766.6,0.00235232,1041163810
1786611617381,buy,63766.6,0.00004704,1041163809
1786611616613,buy,63766.6,0.00015682,1041163808
1786611616611,buy,63766.6,0.00003136,1041163807
1786611616611,buy,63766.6,0.00031364,1041163806
1786611616582,buy,63766.6,0.00015682,1041163805
1786611615814,buy,63766.6,0.00026659,1041163804
1786611615813,buy,63766.6,0.00004704,1041163803
1786611615813,buy,63766.6,0.0007841,1041163802
1786611615783,buy,63766.6,0.00015682,1041163801
1786611615679,buy,63766.6,0.00189284,1041163800
1786611614983,buy,63766.6,0.00003136,1041163799
1786611614980,buy,63766.6,0.00004704,1041163798
1786611614218,buy,63766.6,0.0007841,1041163797
1786611614218,buy,63766.6,0.00021955,1041163796
1786611614217,buy,63766.6,0.00015682,1041163795
1786611614215,buy,63766.6,0.00003136,1041163794
1786611613672,sell,63766.5,0.00192541,1041163793
1786611613417,buy,63766.6,0.00031364,1041163792
1786611613416,buy,63766.6,0.00003136,1041163791
1786611613413,buy,63766.6,0.00015682,1041163790
1786611613404,buy,63766.6,0.00015682,1041163789
1786611613384,buy,63766.6,0.00003136,1041163788
1786611613382,buy,63766.6,0.00109775,1041163787
1786611613381,buy,63766.6,0.00031364,1041163786
1786611613113,sell,63766.5,0.00081813,1041163785
1786611612616,buy,63766.6,0.00007841,1041163784
1786611612615,buy,63766.6,0.00004704,1041163783
1786611612605,buy,63766.6,0.00313643,1041163782
1786611611815,buy,63766.6,0.00015682,1041163781
1786611611814,buy,63766.6,0.00007841,1041163780
1786611611813,buy,63766.6,0.00004704,1041163779
1786611611813,buy,63766.6,0.00031364,1041163778
1786611611812,buy,63766.6,0.0007841,1041163777
1786611611784,buy,63766.6,0.00006272,1041163776
1786611611783,buy,63766.6,0.00003136,1041163775
1786611611086,buy,63766.6,0.00192734,1041163774
1786611611012,buy,63766.6,0.00313643,1041163773
1786611611003,buy,63766.6,0.00007841,1041163772
1786611610982,buy,63766.6,0.00031364,1041163771
1786611610216,buy,63766.6,0.00006272,1041163770
1786611610215,buy,63766.6,0.00003136,1041163769
1786611610215,buy,63766.6,0.00003136,1041163768
1786611610207,buy,63766.6,0.00023523,1041163767
1786611610202,buy,63766.6,0.00015682,1041163766
1786611610183,buy,63766.6,0.00047046,1041163765
1786611609781,buy,63766.6,0.0254965,1041163764
1786611609415,buy,63766.6,0.00004704,1041163763
1786611609406,buy,63766.6,0.00156821,1041163762
1786611609403,buy,63766.6,0.00007841,1041163761
1786611608613,buy,63766.6,0.00023523,1041163760
1786611608604,buy,63766.6,0.00007841,1041163759
1786611608582,buy,63766.6,0.00015682,1041163758
1786611608577,sell,63766.5,0.00196145,1041163757
1786611607817,buy,63766.6,0.00031364,1041163756
1786611607813,buy,63766.6,0.00015682,1041163755
1786611607811,buy,63766.6,0.00015682,1041163754
1786611607781,buy,63766.6,0.00003136,1041163753
1786611607017,buy,63766.6,0.00007841,1041163752
1786611607016,buy,63766.6,0.00006272,1041163751
1786611607016,buy,63766.6,0.00015682,1041163750
1786611607016,buy,63766.6,0.00003293,1041163749
1786611607013,buy,63766.6,0.00007841,1041163748
1786611606216,buy,63766.6,0.00003136,1041163747
1786611606183,buy,63766.6,0.00047046,1041163746
1786611605909,buy,63766.6,0.00196341,1041163745
1786611605540,buy,63766.6,0.00470465,1041163744
1786611605416,buy,63766.6,0.00005018,1041163743
1786611605413,buy,63766.6,0.00003136,1041163742
1786611605384,buy,63766.6,0.00047046,1041163741
1786611604583,buy,63766.6,0.00005959,1041163740
1786611604554,buy,63766.6,0.00181286,1041163739
1786611675017,buy,63766.6,0.00003136,1041163941
1786611673544,sell,63766.5,0.00015809,1041163940
1786611673384,buy,63766.6,0.00003136,1041163939
1786611672639,buy,63766.6,0.0009174,1041163938
1786611670349,sell,63766.5,0.00087011,1041163937
1786611666808,buy,63766.6,0.00087977,1041163936
1786611665788,sell,63766.5,0.00106212,1041163935
1786611664107,sell,63766.5,0.00242701,1041163934
1786611663691,buy,63766.6,0.00063331,1041163933
1786611660615,buy,63766.6,0.00003136,1041163932
1786611659431,sell,63766.5,0.00078261,1041163931
1786611655799,sell,63766.5,0.00177643,1041163930
1786611652439,sell,63766.5,0.00156664,1041163929
1786611651276,sell,63766.5,0.00092442,1041163928
1786611648884,buy,63766.6,0.00093465,1041163927
1786611646290,sell,63766.5,0.00043429,1041163926
1786611646290,sell,63766.5,0.00049941,1041163925
1786611645795,buy,63766.6,0.00741376,1041163924
1786611645380,buy,63766.6,0.00156821,1041163923
1786611644807,sell,63766.5,0.08530792,1041163922
1786611644672,sell,63766.5,0.00024752,1041163921
1786611644420,buy,63766.6,0.00094406,1041163920
1786611643031,buy,63766.6,0.00271458,1041163919
1786611640938,sell,63766.5,0.00094515,1041163918
1786611640358,sell,63766.5,0.00222996,1041163917
1786611640063,buy,63766.6,0.00329326,1041163916
1786611639712,buy,63766.6,0.00001334,1041163915
1786611638800,buy,63766.6,0.04543396,1041163914
1786611636417,buy,63766.6,0.00024777,1041163913
1786611635562,sell,63766.5,0.00175622,1041163912
1786611635110,buy,63766.6,0.00069649,1041163911
1786611633101,buy,63766.6,0.00175797,1041163910
1786611631041,sell,63766.5,0.00178911,1041163909
1786611630221,buy,63766.6,0.00159994,1041163908
1786611629417,buy,63766.6,0.00031364,1041163907
1786611629416,buy,63766.6,0.00007841,1041163906
1786611629383,buy,63766.6,0.00025091,1041163905
1786611628648,buy,63766.6,0.0017909,1041163904
1786611628614,buy,63766.6,0.0007841,1041163903
1786611628614,buy,63766.6,0.00019602,1041163902
1786611628612,buy,63766.6,0.00042341,1041163901
1786611628601,buy,63766.6,0.00003136,1041163900
1786611628584,buy,63766.6,0.00007841,1041163899
1786611628580,buy,63766.6,0.00007841,1041163898
1786611627814,buy,63766.6,0.00015682,1041163897
1786611627812,buy,63766.6,0.00156821,1041163896
1786611627800,buy,63766.6,0.00007841,1041163895
1786611627341,buy,63766.6,0.00019413,1041163894
1786611627015,buy,63766.6,0.00007841,1041163893
1786611627006,buy,63766.6,0.00009409,1041163892
1786611626980,buy,63766.6,0.00010977,1041163891
1786611626532,sell,63766.5,0.001822,1041163890
1786611626517,sell,63766.5,0.00208243,1041163889
1786611626218,buy,63766.6,0.00031364,1041163888
1786611626212,buy,63766.6,0.00117616,1041163887
1786611626204,buy,63766.6,0.00012545,1041163886
1786611626202,buy,63766.6,0.00015682,1041163885
1786611626174,sell,63766.5,0.00716542,1041163884
1786611625417,buy,63766.6,0.00003136,1041163883
1786611625416,buy,63766.6,0.00015682,1041163882
1786611625415,buy,63766.6,0.00015682,1041163881
1786611625414,buy,63766.6,0.00156665,1041163880
1786611625413,buy,63766.6,0.00015682,1041163879
1786611625404,buy,63766.6,0.00015682,1041163878
1786611625404,buy,63766.6,0.00003136,1041163877
1786611625382,buy,63766.6,0.00003136,1041163876
1786611625382,buy,63766.6,0.00004704,1041163875
1786611625026,sell,63766.5,0.00651142,1041163874
1786611624614,buy,63766.6,0.00003136,1041163873
1786611624614,buy,63766.6,0.00005488,1041163872
1786611624605,buy,63766.6,0.00003136,1041163871
1786611624602,buy,63766.6,0.00003136,1041163870
1786611624584,buy,63766.6,0.00004234,1041163869
1786611624583,buy,63766.6,0.00004704,1041163868
1786611624350,buy,63766.6,0.00182383,1041163867
1786611623816,buy,63766.6,0.00003136,1041163866
1786611623803,buy,63766.6,0.00031364,1041163865
1786611623782,buy,63766.6,0.00156821,1041163864
1786611623778,buy,63766.6,0.00015682,1041163863
1786611623778,buy,63766.6,0.00012075,1041163862
1786611623256,sell,63766.5,0.0685469,1041163861
1786611622752,buy,63766.6,0.00015682,1041163860
1786611622513,buy,63766.6,0.14344998,1041163859
1786611622361,sell,63766.5,0.00185647,1041163858
1786611622219,buy,63766.6,0.00004704,1041163857
1786611622216,buy,63766.6,0.00023523,1041163856
1786611622215,buy,63766.6,0.00004704,1041163855
1786611622213,buy,63766.6,0.00007841,1041163854
1786611622204,buy,63766.6,0.00003136,1041163853
1786611622184,buy,63766.6,0.00003136,1041163852
1786611622179,buy,63766.6,0.00015682,1041163851
1786611622066,sell,63766.5,0.2199,1041163850
1786611621795,buy,63766.6,0.00004996,1041163849
1786611621414,buy,63766.6,0.00003136,1041163848
1786611621404,buy,63766.6,0.00047046,1041163847
1786611621144,buy,63766.6,0.00011928,1041163846
1786611620617,buy,63766.6,0.00015682,1041163845
1786611620615,buy,63766.6,0.00003136,1041163844
1786611620612,buy,63766.6,0.00003136,1041163843
1786611620611,buy,63766.6,0.00003136,1041163842
1786611729991,buy,63755.4,0.00152457,1041164022
1786611729943,sell,63755.3,0.00011,1041164021
1786611727340,sell,63756.9,0.00006346,1041164020
1786611727340,sell,63756.9,0.01806233,1041164019
1786611727340,sell,63756.9,0.00004508,1041164018
1786611727340,sell,63756.9,0.00227898,1041164017
1786611727340,sell,63756.9,0.00227898,1041164016
1786611727340,sell,63756.9,0.00313692,1041164015
1786611727340,sell,63756.9,0.01782775,1041164014
1786611727271,sell,63756.9,0.00155122,1041164013
1786611725136,buy,63757,0.00155277,1041164012
1786611722302,sell,63756.9,0.00158091,1041164011
1786611721583,buy,63757,0.00039031,1041164010
1786611721403,buy,63757,0.00007842,1041164009
1786611721220,sell,63757.4,0.02073007,1041164008
1786611721220,sell,63757.4,0.0002483,1041164007
1786611721203,sell,63759.2,0.0000102,1041164006
1786611721203,sell,63759.3,0.00015697,1041164005
1786611721203,sell,63759.6,0.00015697,1041164004
1786611721203,sell,63759.6,0.00006595,1041164003
1786611721203,sell,63759.6,0.0139517,1041164002
1786611720582,buy,63759.7,0.00003136,1041164001
1786611720186,buy,63759.7,0.00886814,1041164000
1786611719811,buy,63759.7,0.00001932,1041163999
1786611719674,buy,63759.7,0.0015825,1041163998
1786611718897,sell,63759.6,0.0035,1041163997
1786611717475,sell,63759.6,0.00161069,1041163996
1786611715377,buy,63759.7,0.0016123,1041163995
1786611713190,sell,63760,0.00313677,1041163994
1786611713190,sell,63760,0.0196917,1041163993
1786611713190,sell,63760,0.00012001,1041163992
1786611713068,sell,63761.3,0.01886731,1041163991
1786611713065,sell,63761.3,0.0035,1041163990
1786611713052,sell,63761.3,0.00163881,1041163989
1786611713048,sell,63761.8,0.02007508,1041163988
1786611713003,sell,63762.4,0.0000102,1041163987
1786611713003,sell,63763.2,0.00001573,1041163986
1786611713003,sell,63763.7,0.0000102,1041163985
1786611713001,sell,63764.6,0.00643728,1041163984
1786611713001,sell,63764.9,0.02154782,1041163983
1786611712988,sell,63764.9,0.00347709,1041163982
1786611712988,sell,63765.6,0.0000102,1041163981
1786611712986,sell,63766.5,0.00015697,1041163980
1786611712986,sell,63766.5,0.05851617,1041163979
1786611712986,sell,63766.5,0.11548386,1041163978
1786611712986,sell,63766.5,0.00015697,1041163977
1786611712986,sell,63766.5,0.02008971,1041163976
1786611712986,sell,63766.5,0.00006532,1041163975
1786611712986,sell,63766.5,0.11,1041163974
1786611712986,sell,63766.5,0.00313645,1041163973
1786611712986,sell,63766.5,0.0037694,1041163972
1786611712986,sell,63766.5,0.0012,1041163971
1786611712756,sell,63766.5,0.00145623,1041163970
1786611712756,sell,63766.5,0.0018827,1041163969
1786611712756,sell,63766.5,0.00188269,1041163968
1786611712756,sell,63766.5,0.00121666,1041163967
1786611712438,sell,63766.5,0.00112922,1041163966
1786611711472,sell,63766.5,0.00865689,1041163965
1786611710974,sell,63766.5,0.09691918,1041163964
1786611710937,buy,63766.6,0.00164192,1041163963
1786611700568,sell,63766.5,0.00036974,1041163962
1786611698025,sell,63766.5,0.00054049,1041163961
1786611694156,sell,63766.5,0.00067387,1041163960
1786611694156,sell,63766.5,0.01868106,1041163959
1786611693956,buy,63766.6,0.00703346,1041163958
1786611693893,buy,63766.6,0.00090799,1041163957
1786611693639,sell,63766.5,0.02356496,1041163956
1786611693639,sell,63766.5,0.00175131,1041163955
1786611693639,sell,63766.5,0.00187182,1041163954
1786611693639,sell,63766.5,0.00074641,1041163953
1786611693639,sell,63766.5,0.00182828,1041163952
1786611693639,sell,63766.5,0.00066683,1041163951
1786611693639,sell,63766.5,0.00015697,1041163950
1786611693639,sell,63766.5,0.00006532,1041163949
1786611693399,sell,63766.5,0.04515681,1041163948
1786611693399,sell,63766.5,0.00917649,1041163947
1786611691587,buy,63766.6,0.00020887,1041163946
1786611691314,sell,63766.5,0.0015,1041163945
1786611687903,sell,63766.5,0.00040287,1041163944
1786611678016,sell,63766.5,0.00090737,1041163943
1786611676911,buy,63766.6,0.00099241,1041163942
1786611780118,buy,63739.4,0.00010825,1041164114
1786611779260,sell,63739.4,0.00001501,1041164113
1786611779260,sell,63739.5,0.00015703,1041164112
1786611779260,sell,63739.5,0.00001658,1041164111
1786611779260,sell,63739.5,0.00045426,1041164110
1786611779260,sell,63739.8,0.00001845,1041164109
1786611779260,sell,63740,0.00012001,1041164108
1786611779260,sell,63740.1,0.00004419,1041164107
1786611779260,sell,63740.1,0.01851525,1041164106
1786611779168,sell,63740.1,0.0035,1041164105
1786611778750,sell,63741.7,0.00007884,1041164104
1786611778750,sell,63741.9,0.0009582,1041164103
1786611778750,sell,63743.1,0.00253332,1041164102
1786611778750,sell,63743.1,0.00253332,1041164101
1786611778750,sell,63743.1,0.0031376,1041164100
1786611778750,sell,63743.1,0.00004468,1041164099
1786611778750,sell,63743.1,0.02051876,1041164098
1786611769264,sell,63743.1,0.0035,1041164097
1786611768500,buy,63743.2,0.00078266,1041164096
1786611768273,sell,63743.1,0.00015449,1041164095
1786611761977,sell,63743.1,0.0035,1041164094
1786611761973,sell,63743.4,0.0000102,1041164093
1786611761973,sell,63743.7,0.000157,1041164092
1786611761973,sell,63744.8,0.00015701,1041164091
1786611761973,sell,63745,0.00012001,1041164090
1786611761973,sell,63745.1,0.0009582,1041164089
1786611761973,sell,63746.2,0.00004484,1041164088
1786611761973,sell,63746.2,0.00043182,1041164087
1786611761973,sell,63746.2,0.00313744,1041164086
1786611761963,sell,63746.2,0.003,1041164085
1786611759087,buy,63746.3,0.00318777,1041164084
1786611757235,sell,63746.2,0.01317995,1041164083
1786611757217,buy,63746.3,0.00251816,1041164082
1786611756546,buy,63746.3,0.00780185,1041164081
1786611754029,buy,63746.3,0.00780166,1041164080
1786611753511,buy,63746.3,0.00780166,1041164079
1786611752998,buy,63746.3,0.00214332,1041164078
1786611752998,buy,63746.3,0.00955946,1041164077
1786611744524,sell,63746.2,0.0002,1041164076
1786611744466,sell,63746.2,0.0035,1041164075
1786611744263,sell,63746.2,0.00015448,1041164074
1786611742727,buy,63746.3,0.00081887,1041164073
1786611741903,sell,63747.7,0.00001574,1041164072
1786611741903,sell,63747.8,0.00003,1041164071
1786611741903,sell,63748.3,0.0009582,1041164070
1786611741903,sell,63749.2,0.00004746,1041164069
1786611741903,sell,63749.2,0.00011606,1041164068
1786611741903,sell,63749.2,0.01958821,1041164067
1786611741888,sell,63749.2,0.003,1041164066
1786611741881,sell,63749.2,0.00348,1041164065
1786611741881,sell,63749.2,0.00001,1041164064
1786611741881,sell,63749.2,0.00001,1041164063
1786611739530,sell,63749.7,0.0000102,1041164062
1786611739530,sell,63750,0.00005041,1041164061
1786611739530,sell,63750,0.00001,1041164060
1786611739530,sell,63750,0.00012001,1041164059
1786611739530,sell,63750.3,0.00011605,1041164058
1786611739530,sell,63750.3,0.00253137,1041164057
1786611739530,sell,63750.3,0.00253136,1041164056
1786611739530,sell,63750.3,0.00313724,1041164055
1786611739530,sell,63750.3,0.01831615,1041164054
1786611739530,sell,63750.3,0.01527065,1041164053
1786611737892,sell,63750.3,0.0035,1041164052
1786611737667,sell,63750.3,0.0035,1041164051
1786611737647,sell,63751.4,0.00015698,1041164050
1786611737647,sell,63751.5,0.000157,1041164049
1786611737647,sell,63751.5,0.0009582,1041164048
1786611737647,sell,63751.8,0.00313717,1041164047
1786611737535,sell,63751.8,0.0035,1041164046
1786611737533,sell,63752.7,0.00022279,1041164045
1786611737533,sell,63752.8,0.00001574,1041164044
1786611737533,sell,63753.8,0.00313707,1041164043
1786611737533,sell,63753.8,0.00005297,1041164042
1786611737533,sell,63753.8,0.00006962,1041164041
1786611737533,sell,63753.8,0.0319051,1041164040
1786611737531,sell,63753.8,0.003,1041164039
1786611737504,sell,63753.8,0.00081987,1041164038
1786611737414,buy,63753.9,0.00003137,1041164037
1786611737273,buy,63753.9,0.00328915,1041164036
1786611735488,buy,63753.9,0.0003137,1041164035
1786611734400,buy,63753.9,0.00086269,1041164034
1786611733590,sell,63753.8,0.0035,1041164033
1786611732558,sell,63755,0.00012001,1041164032
1786611732558,sell,63755.3,0.02197353,1041164031
1786611732558,sell,63755.3,0.003137,1041164030
1786611732558,sell,63755.3,0.00006962,1041164029
1786611732558,sell,63755.3,0.00005976,1041164028
1786611732558,sell,63755.3,0.0178654,1041164027
1786611732517,sell,63755.3,0.003,1041164026
1786611732466,sell,63755.3,0.00041303,1041164025
1786611732381,sell,63755.3,0.0035,1041164024
1786611732237,sell,63755.3,0.00152305,1041164023
1786616248617,buy,63645.6,0.0000707,1041175047
1786616247595,sell,63645.5,0.00022632,1041175046
1786616247283,sell,63645.5,0.00015479,1041175045
1786616245581,buy,63645.6,0.00036137,1041175044
1786616243740,sell,63645.5,0.00013811,1041175043
1786616239805,buy,63645.6,0.00003142,1041175042
1786616237824,buy,63645,0.00012001,1041175041
1786616237824,buy,63644.4,0.00001576,1041175040
1786616237822,buy,63643.5,0.0000102,1041175039
1786616237821,buy,63643.1,0.003,1041175038
1786616237821,buy,63642.7,0.00001576,1041175037
1786616237821,buy,63642.2,0.0000102,1041175036
1786616237821,buy,63641.7,0.0010919,1041175035
1786616237821,buy,63641.7,0.0010919,1041175034
1786616237821,buy,63641.7,0.00029755,1041175033
1786616237821,buy,63641.7,0.0031426,1041175032
1786616237821,buy,63641.7,0.01767472,1041175031
1786616237512,buy,63641.7,0.00001475,1041175030
1786616236903,sell,63641.6,0.00228292,1041175029
1786616233815,sell,63641.6,0.00026504,1041175028
1786616233812,buy,63640.6,0.000015,1041175027
1786616233812,buy,63640,0.00012001,1041175026
1786616233812,buy,63639.3,0.00046015,1041175025
1786616233812,buy,63639.2,0.00001576,1041175024
1786616233809,buy,63637.8,0.0000102,1041175023
1786616233809,buy,63637.8,0.0002976,1041175022
1786616233809,buy,63637.8,0.00028467,1041175021
1786616233809,buy,63637.5,0.00001577,1041175020
1786616233809,buy,63636.5,0.0000102,1041175019
1786616233809,buy,63636.5,0.0001573,1041175018
1786616233809,buy,63635.9,0.0000102,1041175017
1786616233807,buy,63635.2,0.04641081,1041175016
1786616233806,buy,63635.2,0.01498,1041175015
1786616233805,buy,63635.2,0.02299985,1041175014
1786616222889,sell,63636,0.00001021,1041175013
1786616222889,sell,63636,0.0001548,1041175012
1786616222889,sell,63636,0.0000102,1041175011
1786616222887,sell,63637.7,0.0016002,1041175010
1786616222887,sell,63637.7,0.00160021,1041175009
1786616222887,sell,63637.7,0.05663067,1041175008
1786616222887,sell,63637.7,0.00160022,1041175007
1786616222887,sell,63637.7,0.11429905,1041175006
1786616222887,sell,63637.7,0.00006325,1041175005
1786616222887,sell,63637.7,0.00314328,1041175004
1786616222887,sell,63637.7,0.00314279,1041175003
1786616222887,sell,63637.7,0.00314269,1041175002
1786616222887,sell,63637.7,0.00001,1041175001
1786616222887,sell,63637.7,0.00001,1041175000
1786616222887,sell,63637.7,0.00001,1041174999
1786616222887,sell,63637.7,0.00001,1041174998
1786616222887,sell,63637.7,0.00001,1041174997
1786616222887,sell,63637.7,0.00001,1041174996
1786616222887,sell,63637.7,0.00045223,1041174995
1786616222887,sell,63637.7,0.00313314,1041174994
1786616222887,sell,63637.7,0.00185683,1041174993
1786616222887,sell,63637.7,0.00003147,1041174992
1786616222887,sell,63637.7,0.00001,1041174991
1786616222887,sell,63637.7,0.00001611,1041174990
1786616222887,sell,63637.7,0.00097106,1041174989
1786616222887,sell,63637.7,0.00001,1041174988
1786616222887,sell,63637.7,0.00004466,1041174987
1786616222887,sell,63637.7,0.00001611,1041174986
1786616222887,sell,63637.7,0.00093304,1041174985
1786616222887,sell,63637.7,0.00287957,1041174984
1786616222887,sell,63637.7,0.00089174,1041174983
1786616222887,sell,63637.7,0.00001,1041174982
1786616222887,sell,63637.7,0.00001,1041174981
1786616222887,sell,63637.7,0.00199388,1041174980
1786616222887,sell,63637.7,0.00001974,1041174979
1786616222887,sell,63637.7,0.00194,1041174978
1786616222887,sell,63637.7,0.1880514,1041174977
1786616222887,sell,63637.7,0.4435633,1041174976
1786616222887,sell,63637.7,0.0664367,1041174975
1786616222887,sell,63637.7,0.35809798,1041174974
1786616222887,sell,63637.7,0.01258389,1041174973
1786616222887,sell,63637.7,0.01966297,1041174972
1786616222887,sell,63637.7,0.0005,1041174971
1786616222887,sell,63637.7,0.16437544,1041174970
1786616222887,sell,63637.7,0.00031517,1041174969
1786616222887,sell,63637.7,0.037443,1041174968
1786616222887,sell,63637.7,0.00466,1041174967
1786616222887,sell,63637.7,0.158019,1041174966
1786616222887,sell,63637.7,0.00290585,1041174965
1786616221643,sell,63637.7,0.00002028,1041174964
1786616221185,buy,63637.8,0.00101633,1041174963
1786616221185,buy,63637.8,0.00218467,1041174962
1786616221102,buy,63637.8,0.00159927,1041174961
1786616219103,buy,63637.8,0.00160003,1041174960
1786616217100,buy,63637.8,0.00160003,1041174959
1786616214704,buy,63637.5,0.0002994,1041174958
1786616214704,buy,63637.5,0.00001576,1041174957
1786616214704,buy,63636.6,0.0001573,1041174956
1786616214704,buy,63635.6,0.00030576,1041174955
1786616214704,buy,63635.2,0.00096536,1041174954
1786616214704,buy,63635.2,0.00096537,1041174953
1786616214704,buy,63635.2,0.00314292,1041174952
1786616207978,buy,63635.2,0.00685862,1041174951
1786616201926,buy,63635.2,0.00002828,1041174950
1786616190103,buy,63635.2,0.00237983,1041174949
1786616186197,buy,63635.2,0.00023571,1041174948
1786616302701,buy,63668,0.0015675,1041175124
1786616301648,sell,63667.9,0.00060999,1041175123
1786616301648,sell,63667.9,0.00000001,1041175122
1786616299868,buy,63666.7,0.00019657,1041175121
1786616299868,buy,63666.7,0.00001577,1041175120
1786616299868,buy,63666.4,0.0000102,1041175119
1786616299868,buy,63666.2,0.000015,1041175118
1786616299867,buy,63665,0.00001576,1041175117
1786616299867,buy,63665,0.00012001,1041175116
1786616299867,buy,63663.5,0.00015725,1041175115
1786616299867,buy,63663.3,0.00001576,1041175114
1786616299867,buy,63661.8,0.0002995,1041175113
1786616299867,buy,63660.7,0.0000102,1041175112
1786616299864,buy,63660.3,0.00024516,1041175111
1786616299864,buy,63660.3,0.00132862,1041175110
1786616299864,buy,63660.3,0.00132862,1041175109
1786616299864,buy,63660.3,0.00314168,1041175108
1786616299864,buy,63660.3,0.01,1041175107
1786616298438,buy,63660,0.0000102,1041175106
1786616298438,buy,63660,0.00012001,1041175105
1786616298438,buy,63659.9,0.00001576,1041175104
1786616298436,buy,63659.5,0.00026982,1041175103
1786616298436,buy,63659.5,0.02173018,1041175102
1786616298436,buy,63659.5,0.01659989,1041175101
1786616298436,buy,63659.5,0.00041358,1041175100
1786616298436,buy,63659.5,0.00498653,1041175099
1786616297869,buy,63659.5,0.0047,1041175098
1786616297867,buy,63659.5,0.01296404,1041175097
1786616297442,buy,63659.5,0.00033266,1041175096
1786616289656,buy,63659.5,0.00011781,1041175095
1786616289415,buy,63659.5,0.00007854,1041175094
1786616288966,sell,63659.4,0.00601925,1041175093
1786616288966,sell,63659.4,0.00498185,1041175092
1786616287824,buy,63659.5,0.00002042,1041175091
1786616287824,buy,63659.5,0.00062834,1041175090
1786616287341,buy,63659.3,0.00046015,1041175089
1786616287341,buy,63658.1,0.00001576,1041175088
1786616287341,buy,63656.2,0.0000102,1041175087
1786616287341,buy,63656.1,0.00314189,1041175086
1786616284268,buy,63656.1,0.00180788,1041175085
1786616279718,buy,63656.1,0.000219,1041175084
1786616279718,buy,63656.1,0.00015618,1041175083
1786616279717,buy,63655,0.0000102,1041175082
1786616279717,buy,63655,0.00012001,1041175081
1786616279717,buy,63654.5,0.00314197,1041175080
1786616279717,buy,63654.5,0.00018125,1041175079
1786616278811,buy,63654.5,0.0042573,1041175078
1786616278811,buy,63654.5,0.00045426,1041175077
1786616272211,sell,63654.4,0.00242287,1041175076
1786616272211,sell,63654.4,0.00001021,1041175075
1786616268933,buy,63653.8,0.00015728,1041175074
1786616268933,buy,63653.7,0.00049953,1041175073
1786616268933,buy,63653.4,0.000015,1041175072
1786616268933,buy,63653.3,0.00069014,1041175071
1786616268933,buy,63653,0.00001576,1041175070
1786616268933,buy,63651.3,0.00001576,1041175069
1786616268933,buy,63650,0.0001208,1041175068
1786616268933,buy,63650,0.00012001,1041175067
1786616268929,buy,63648,0.0000102,1041175066
1786616268929,buy,63647.8,0.0031423,1041175065
1786616268929,buy,63647.8,0.00786412,1041175064
1786616268929,buy,63647.8,0.00018127,1041175063
1786616268929,buy,63647.8,0.00679996,1041175062
1786616268817,buy,63647.8,0.03244727,1041175061
1786616264055,sell,63647.7,0.00297,1041175060
1786616261554,sell,63647.7,0.00035536,1041175059
1786616261550,sell,63647.7,0.00038167,1041175058
1786616261550,sell,63647.7,0.00000001,1041175057
1786616261547,buy,63646.1,0.0000102,1041175056
1786616261546,buy,63645.6,0.00113442,1041175055
1786616261546,buy,63645.6,0.00113442,1041175054
1786616261546,buy,63645.6,0.00314241,1041175053
1786616261546,buy,63645.6,0.0004427,1041175052
1786616261546,buy,63645.6,0.00751873,1041175051
1786616261546,buy,63645.6,0.00030217,1041175050
1786616258805,sell,63645.5,0.00064935,1041175049
1786616250103,buy,63645.6,0.00159987,1041175048
1786616358265,sell,63663.8,0.000209,1041175223
1786616358264,sell,63663.8,0.00001577,1041175222
1786616358264,sell,63665,0.00012001,1041175221
1786616358264,sell,63665.1,0.00001576,1041175220
1786616358264,sell,63665.6,0.00001501,1041175219
1786616358264,sell,63665.8,0.00069014,1041175218
1786616358131,sell,63667.9,0.00160034,1041175217
1786616358123,sell,63669,0.00013022,1041175216
1786616358122,sell,63669,0.00003679,1041175215
1786616358122,sell,63669.7,0.0000102,1041175214
1786616358122,sell,63670,0.00012001,1041175213
1786616358120,sell,63670.9,0.0000102,1041175212
1786616358119,sell,63671.6,0.0000102,1041175211
1786616358117,sell,63672,0.00001501,1041175210
1786616358117,sell,63672.6,0.03141066,1041175209
1786616358117,sell,63672.6,0.0001572,1041175208
1786616358117,sell,63672.6,0.00005488,1041175207
1786616358117,sell,63672.6,0.00314107,1041175206
1786616358117,sell,63672.6,0.1142473,1041175205
1786616358117,sell,63672.6,0.02100356,1041175204
1786616356018,sell,63673.4,0.00005846,1041175203
1786616356017,sell,63676,0.0000102,1041175202
1786616356017,sell,63676.1,0.0003948,1041175201
1786616356017,sell,63676.1,0.0031409,1041175200
1786616356017,sell,63676.1,0.00157175,1041175199
1786616356017,sell,63676.1,0.00156184,1041175198
1786616356017,sell,63676.1,0.00001,1041175197
1786616356001,sell,63676.1,0.00033206,1041175196
1786616355648,sell,63677.3,0.0000102,1041175195
1786616355648,sell,63677.7,0.00157176,1041175194
1786616355648,sell,63677.7,0.00266026,1041175193
1786616355648,sell,63677.7,0.00157175,1041175192
1786616355648,sell,63677.7,0.00266026,1041175191
1786616355648,sell,63677.7,0.00314082,1041175190
1786616355648,sell,63677.7,0.00015719,1041175189
1786616354843,buy,63677.8,0.02427849,1041175188
1786616344601,buy,63677.8,0.00010364,1041175187
1786616341473,sell,63677.7,0.00015049,1041175186
1786616341473,sell,63677.7,0.00146523,1041175185
1786616340559,buy,63677.8,0.00364648,1041175184
1786616339968,sell,63677.7,0.00064439,1041175183
1786616339968,sell,63677.7,0.00006332,1041175182
1786616336525,sell,63677.7,0.00109724,1041175181
1786616336525,sell,63677.7,0.00015723,1041175180
1786616334377,sell,63678.6,0.0000102,1041175179
1786616334377,sell,63679.2,0.00049105,1041175178
1786616334377,sell,63679.2,0.00006739,1041175177
1786616334377,sell,63679.2,0.00001,1041175176
1786616334377,sell,63679.2,0.00001007,1041175175
1786616334377,sell,63679.2,0.00001,1041175174
1786616334377,sell,63679.2,0.00026987,1041175173
1786616334377,sell,63679.2,0.00311274,1041175172
1786616334377,sell,63679.2,0.00001,1041175171
1786616334377,sell,63679.2,0.00001,1041175170
1786616334377,sell,63679.2,0.0062733,1041175169
1786616334377,sell,63679.2,0.00001,1041175168
1786616334377,sell,63679.2,0.00313166,1041175167
1786616334377,sell,63679.2,0.00313181,1041175166
1786616334377,sell,63679.2,0.00001,1041175165
1786616334377,sell,63679.2,0.00314075,1041175164
1786616334377,sell,63679.2,0.00001,1041175163
1786616334377,sell,63679.2,0.00168666,1041175162
1786616334377,sell,63679.2,0.00628207,1041175161
1786616332630,buy,63679.3,0.00002198,1041175160
1786616328946,sell,63679.2,0.00078992,1041175159
1786616328946,sell,63679.2,0.00000001,1041175158
1786616326115,buy,63679,0.000015,1041175157
1786616326115,buy,63678.8,0.00001577,1041175156
1786616326115,buy,63678.5,0.0000102,1041175155
1786616326115,buy,63677.8,0.00136274,1041175154
1786616326115,buy,63677.8,0.00136273,1041175153
1786616326115,buy,63677.8,0.0003948,1041175152
1786616326113,buy,63677.8,0.00001912,1041175151
1786616320712,sell,63677.7,0.01573102,1041175150
1786616320139,buy,63677.8,0.00933271,1041175149
1786616320139,buy,63677.8,0.00242177,1041175148
1786616316866,buy,63677.8,0.00161285,1041175147
1786616315391,buy,63675,0.00001578,1041175146
1786616315391,buy,63675,0.0001208,1041175145
1786616315391,buy,63675,0.00012001,1041175144
1786616315377,buy,63673.4,0.000548,1041175143
1786616315375,buy,63671.9,0.00001576,1041175142
1786616315375,buy,63670.8,0.0000102,1041175141
1786616315375,buy,63670.7,0.00134743,1041175140
1786616315374,buy,63670.7,0.00179374,1041175139
1786616315374,buy,63670.7,0.01129626,1041175138
1786616315371,buy,63670.7,0.01324,1041175137
1786616313625,buy,63670.7,0.00005674,1041175136
1786616313625,buy,63670.7,0.0005082,1041175135
1786616313625,buy,63670.7,0.00050819,1041175134
1786616313625,buy,63670.7,0.00050819,1041175133
1786616313624,buy,63670.2,0.00001577,1041175132
1786616313624,buy,63670,0.00012001,1041175131
1786616313624,buy,63668.3,0.0000102,1041175130
1786616313624,buy,63668,0.0031413,1041175129
1786616313624,buy,63668,0.00023229,1041175128
1786616310970,sell,63667.9,0.00105136,1041175127
1786616310378,sell,63667.9,0.00038305,1041175126
1786616310101,buy,63668,0.0016867,1041175125
1786616413474,buy,63640.5,0.0315,1041175312
1786616412617,buy,63640.5,0.01257061,1041175311
1786616411446,buy,63640.5,0.00190444,1041175310
1786616411216,sell,63640.6,0.000166,1041175309
1786616411214,sell,63640.3,0.00001577,1041175308
1786616411214,sell,63641.3,0.0009582,1041175307
1786616411210,sell,63642.8,0.16788448,1041175306
1786616411210,sell,63642.8,0.01735609,1041175305
1786616411210,sell,63642.8,0.00001576,1041175304
1786616411210,sell,63643.9,0.0566137,1041175303
1786616411210,sell,63644.5,0.0009582,1041175302
1786616411210,sell,63644.5,0.00001576,1041175301
1786616411210,sell,63645,0.00012001,1041175300
1786616411210,sell,63646.2,0.00001576,1041175299
1786616411210,sell,63647.6,0.00023229,1041175298
1786616411210,sell,63647.6,0.02024998,1041175297
1786616411210,sell,63647.6,0.01848798,1041175296
1786616409303,sell,63647.6,0.03142302,1041175295
1786616407389,sell,63647.6,0.01331,1041175294
1786616407327,sell,63647.6,0.000166,1041175293
1786616407326,sell,63647.7,0.0009582,1041175292
1786616407320,sell,63647.9,0.00001576,1041175291
1786616407320,sell,63649.6,0.00001576,1041175290
1786616407320,sell,63650,0.0001208,1041175289
1786616407320,sell,63650,0.00012001,1041175288
1786616407320,sell,63651,0.00238542,1041175287
1786616407318,sell,63651,0.00025657,1041175286
1786616407315,sell,63651,0.0138,1041175285
1786616407315,sell,63651,0.012344,1041175284
1786616407313,sell,63651,0.00843913,1041175283
1786616407311,sell,63651,0.00208831,1041175282
1786616407289,sell,63651.1,0.01479962,1041175281
1786616407288,sell,63651.1,0.01520038,1041175280
1786616407288,sell,63651.4,0.00001576,1041175279
1786616407288,sell,63653.1,0.00001576,1041175278
1786616407288,sell,63654.8,0.01845883,1041175277
1786616407288,sell,63654.8,0.00001576,1041175276
1786616407288,sell,63655,0.00012001,1041175275
1786616407288,sell,63655.1,0.04054342,1041175274
1786616407287,sell,63655.1,0.0506901,1041175273
1786616407287,sell,63655.1,0.01872024,1041175272
1786616407287,sell,63655.1,0.061163,1041175271
1786616407287,sell,63655.4,0.00015724,1041175270
1786616407287,sell,63656.4,0.14228328,1041175269
1786616407287,sell,63656.8,0.06899918,1041175268
1786616407287,sell,63658.4,0.04599945,1041175267
1786616407287,sell,63658.4,0.0000445,1041175266
1786616407287,sell,63658.4,0.02015379,1041175265
1786616407287,sell,63658.4,0.00194177,1041175264
1786616407287,sell,63658.4,0.0012,1041175263
1786616405138,buy,63658.5,0.00455555,1041175262
1786616405040,buy,63658.5,0.00047126,1041175261
1786616404843,sell,63658.4,0.00020921,1041175260
1786616403055,buy,63658.5,0.00161486,1041175259
1786616402883,buy,63658.5,0.00395076,1041175258
1786616402663,sell,63658.4,0.00028129,1041175257
1786616402663,sell,63658.4,0.0000445,1041175256
1786616400779,sell,63658.4,0.00005659,1041175255
1786616400378,buy,63658.5,0.00015708,1041175254
1786616394981,sell,63659.5,0.0000102,1041175253
1786616394981,sell,63660,0.00012001,1041175252
1786616394981,sell,63660.1,0.00117804,1041175251
1786616394981,sell,63660.1,0.00004479,1041175250
1786616394981,sell,63660.1,0.00314169,1041175249
1786616394981,sell,63660.1,0.00159149,1041175248
1786616394981,sell,63660.1,0.00041345,1041175247
1786616394210,sell,63660.1,0.00117804,1041175246
1786616394210,sell,63660.1,0.01768597,1041175245
1786616390574,sell,63660.1,0.00083778,1041175244
1786616386381,sell,63660.1,0.00011714,1041175243
1786616382483,buy,63660.2,0.00228243,1041175242
1786616381230,buy,63660.2,0.00083803,1041175241
1786616381230,buy,63660.2,0.00000001,1041175240
1786616376389,sell,63660.1,0.00197683,1041175239
1786616374472,sell,63660.1,0.00039877,1041175238
1786616374472,sell,63660.1,0.00015723,1041175237
1786616374470,sell,63662,0.0000102,1041175236
1786616374470,sell,63662.2,0.00004676,1041175235
1786616374470,sell,63662.2,0.00314158,1041175234
1786616371654,buy,63662.3,0.00164363,1041175233
1786616370439,sell,63662.2,0.00175158,1041175232
1786616369304,sell,63662.7,0.0000102,1041175231
1786616369304,sell,63663.8,0.00140515,1041175230
1786616369304,sell,63663.8,0.00140515,1041175229
1786616369304,sell,63663.8,0.00314151,1041175228
1786616369304,sell,63663.8,0.00004829,1041175227
1786616369304,sell,63663.8,0.01390835,1041175226
1786616367288,sell,63663.8,0.00078,1041175225
1786616365971,sell,63663.8,0.00487535,1041175224
1786616464781,sell,63640,0.00080057,1041175341
1786616464508,sell,63640,0.0002,1041175340
1786616463856,sell,63640,0.00032491,1041175339
1786616462015,sell,63640,0.00002598,1041175338
1786616450481,buy,63640.1,0.00080138,1041175337
1786616445872,sell,63640,0.01271,1041175336
1786616445871,sell,63640,0.03372993,1041175335
1786616445871,sell,63640,0.00012001,1041175334
1786616445359,sell,63640.3,0.00023,1041175333
1786616445359,sell,63640.3,0.00041358,1041175332
1786616445359,sell,63640.4,0.00003936,1041175331
1786616445359,sell,63640.4,0.00314266,1041175330
1786616440912,buy,63640.5,0.00001412,1041175329
1786616438320,sell,63640.4,0.05300531,1041175328
1786616430947,buy,63640.5,0.00007385,1041175327
1786616428151,sell,63640.4,0.00402399,1041175326
1786616428151,sell,63640.4,0.00137689,1041175325
1786616428151,sell,63640.4,0.00137689,1041175324
1786616428151,sell,63640.4,0.00003938,1041175323
1786616428151,sell,63640.4,0.0201,1041175322
1786616428151,sell,63640.4,0.01910548,1041175321
1786616428151,sell,63640.4,0.00314266,1041175320
1786616428151,sell,63640.4,0.01993352,1041175319
1786616423029,buy,63640.5,0.00094279,1041175318
1786616422617,buy,63640.5,0.01359692,1041175317
1786616419001,buy,63640.5,0.00003142,1041175316
1786616418388,buy,63640.5,0.00352,1041175315
1786616416442,sell,63640.4,0.00005144,1041175314
1786616414204,buy,63640.5,0.00015713,1041175313
1786619638359,buy,63627,0.00019265,1041181400
1786619635838,buy,63627,0.00001027,1041181399
1786619635507,buy,63627,0.00002027,1041181398
1786619635356,sell,63626.9,0.00006975,1041181397
1786619634268,buy,63627,0.00015716,1041181396
1786619630010,sell,63626.9,0.00175,1041181395
1786619629745,sell,63626.9,0.00136386,1041181394
1786619628758,sell,63626.9,0.00161557,1041181393
1786619622645,sell,63626.9,0.00083211,1041181392
1786619622379,sell,63626.9,0.00072325,1041181391
1786619622181,buy,63627,0.17514649,1041181390
1786619622181,buy,63627,0.0578,1041181389
1786619622181,buy,63627,0.052,1041181388
1786619622181,buy,63627,0.26947,1041181387
1786619622181,buy,63627,0.13679,1041181386
1786619622181,buy,63627,0.16729351,1041181385
1786619622180,buy,63627,0.0260788,1041181384
1786619622180,buy,63627,0.0150742,1041181383
1786619618015,sell,63627.1,0.0000102,1041181382
1786619618015,sell,63627.7,0.0000102,1041181381
1786619618015,sell,63627.7,0.0006904,1041181380
1786619618014,sell,63628.3,0.00004361,1041181379
1786619618014,sell,63628.3,0.00004182,1041181378
1786619616935,buy,63628.8,0.00161719,1041181377
1786619615690,buy,63628.8,0.00781178,1041181376
1786619615690,buy,63628.8,0.00788394,1041181375
1786619613841,sell,63628.7,0.15672838,1041181374
1786619613841,sell,63628.7,0.1934831,1041181373
1786619613841,sell,63628.7,0.26947,1041181372
1786619613841,sell,63628.7,0.439003,1041181371
1786619613841,sell,63628.7,0.1934831,1041181370
1786619613841,sell,63628.7,0.01060728,1041181369
1786619612781,buy,63628.8,0.00959563,1041181368
1786619610103,buy,63628.8,0.00157305,1041181367
1786619609620,buy,63628.8,0.00047077,1041181366
1786619609620,buy,63628.8,0.00036218,1041181365
1786619608281,buy,63628.8,0.01226982,1041181364
1786619601568,sell,63628.7,0.00032038,1041181363
1786619601445,buy,63628.3,0.000015,1041181362
1786619601445,buy,63627.7,0.00051549,1041181361
1786619601445,buy,63626.4,0.0000102,1041181360
1786619601445,buy,63625.7,0.02131765,1041181359
1786619600311,buy,63625.6,0.0031434,1041181358
1786619600311,buy,63625.6,0.00251491,1041181357
1786619600311,buy,63625.6,0.00251491,1041181356
1786619600311,buy,63625.6,0.02182832,1041181355
1786619599135,buy,63625.6,0.00017189,1041181354
1786619598971,buy,63625.5,0.00251491,1041181353
1786619598971,buy,63625.5,0.00251491,1041181352
1786619598971,buy,63625.5,0.0031434,1041181351
1786619598971,buy,63625.5,0.02066427,1041181350
1786619598706,buy,63625.1,0.0009582,1041181349
1786619598706,buy,63625,0.00012001,1041181348
1786619598635,sell,63623.4,0.0001421,1041181347
1786619598635,sell,63623.4,0.00001578,1041181346
1786619598632,buy,63623.2,0.0000102,1041181345
1786619598632,buy,63622.1,0.00001,1041181344
1786619598631,buy,63621.7,0.00314359,1041181343
1786619598631,buy,63621.7,0.00026661,1041181342
1786619598631,buy,63621.7,0.01786738,1041181341
1786619598631,buy,63621.7,0.01815054,1041181340
1786619594842,buy,63621.7,0.01287,1041181339
1786619594474,buy,63621.7,0.0001001,1041181338
1786619591409,buy,63621.7,0.00153942,1041181337
1786619590787,sell,63621.6,0.00002,1041181336
1786619588940,sell,63621.6,0.00160011,1041181335
1786619586368,sell,63621.6,0.00528742,1041181334
1786619584819,sell,63621.6,0.00028636,1041181333
1786619584815,sell,63621.6,0.00030857,1041181332
1786619584811,buy,63621.7,0.00001351,1041181331
1786619584811,buy,63621.6,0.19746728,1041181330
1786619584811,buy,63620,0.0000102,1041181329
1786619584811,buy,63619.7,0.00069038,1041181328
1786619584811,buy,63619.7,0.1696887,1041181327
1786619584811,buy,63618.8,0.00151127,1041181326
1786619584811,buy,63618.8,0.00001573,1041181325
1786619584811,buy,63618.8,0.00091269,1041181324
1786619584811,buy,63618.8,0.03031299,1041181323
1786619584811,buy,63618.8,0.04531837,1041181322
1786619584811,buy,63618.8,0.00315628,1041181321
1786619584811,buy,63618.8,0.0204,1041181320
1786619584811,buy,63618.8,0.00502956,1041181319
1786619584811,buy,63618.8,0.00502956,1041181318
1786619584811,buy,63618.8,0.00253458,1041181317
1786619584811,buy,63618.8,0.00253458,1041181316
1786619584811,buy,63618.8,0.00067903,1041181315
1786619584811,buy,63618.8,0.00022845,1041181314
1786619584811,buy,63618.8,0.00061383,1041181313
1786619584811,buy,63618.8,0.00001,1041181312
1786619584811,buy,63618.8,0.00314396,1041181311
1786619584811,buy,63618.8,0.08423262,1041181310
1786619584811,buy,63618.8,0.00001,1041181309
1786619584811,buy,63618.8,0.00313373,1041181308
1786619584811,buy,63618.8,0.02105691,1041181307
1786619584811,buy,63618.8,0.33925468,1041181306
1786619584810,buy,63618.8,0.033541,1041181305
1786619583264,buy,63618.8,0.00001559,1041181304
1786619582788,buy,63618.8,0.00160172,1041181303
1786619581486,sell,63618.7,0.00001573,1041181302
1786619580220,sell,63618.7,0.00091269,1041181301
1786619694574,buy,63628.3,0.00001027,1041181446
1786619692369,sell,63628.2,0.00062666,1041181445
1786619678712,sell,63628.2,0.00010006,1041181444
1786619676465,sell,63628.2,0.0041474,1041181443
1786619676276,buy,63628.3,0.00003143,1041181442
1786619674961,sell,63628.2,0.05193872,1041181441
1786619666880,buy,63628.3,0.01102936,1041181440
1786619666880,buy,63628.3,0.00314326,1041181439
1786619666880,buy,63628.3,0.01304859,1041181438
1786619666880,buy,63628.3,0.00269442,1041181437
1786619666880,buy,63628.3,0.00269443,1041181436
1786619666880,buy,63628.3,0.01286655,1041181435
1786619666387,buy,63628.3,0.00889612,1041181434
1786619665304,buy,63628.3,0.00789664,1041181433
1786619665304,buy,63627,0.04531523,1041181432
1786619665304,buy,63627,0.00086274,1041181431
1786619665304,buy,63627,0.0578,1041181430
1786619665304,buy,63627,0.00076539,1041181429
1786619665304,buy,63627,0.028,1041181428
1786619665304,buy,63627,0.00269443,1041181427
1786619665304,buy,63627,0.00269442,1041181426
1786619665304,buy,63627,0.00314333,1041181425
1786619665304,buy,63627,0.02050362,1041181424
1786619665304,buy,63627,0.08905141,1041181423
1786619665304,buy,63627,0.17831038,1041181422
1786619665304,buy,63627,0.34879215,1041181421
1786619665301,buy,63627,0.05928882,1041181420
1786619665301,buy,63627,0.01458618,1041181419
1786619664504,buy,63627,0.00153393,1041181418
1786619664208,sell,63626.9,0.00005147,1041181417
1786619663479,buy,63627,0.00001,1041181416
1786619662978,buy,63627,0.00178194,1041181415
1786619660297,sell,63626.9,0.00004567,1041181414
1786619659098,sell,63626.9,0.00001009,1041181413
1786619658444,sell,63626.9,0.00001032,1041181412
1786619658212,buy,63627,0.00003143,1041181411
1786619658204,buy,63627,0.00007858,1041181410
1786619657038,sell,63626.9,0.00127589,1041181409
1786619656917,buy,63627,0.00001027,1041181408
1786619654861,buy,63627,0.00003143,1041181407
1786619654218,buy,63627,0.00015716,1041181406
1786619648407,buy,63627,0.00002027,1041181405
1786619645826,buy,63627,0.00002027,1041181404
1786619644905,buy,63627,0.00001027,1041181403
1786619643962,buy,63627,0.00235748,1041181402
1786619642454,buy,63627,0.00001027,1041181401
1786619749748,sell,63626.9,0.00001041,1041181561
1786619749295,buy,63627,0.00001571,1041181560
1786619748988,sell,63626.9,0.00001031,1041181559
1786619748841,sell,63626.9,0.00060608,1041181558
1786619748718,buy,63627,0.006501,1041181557
1786619748463,buy,63627,0.00001133,1041181556
1786619748149,sell,63626.9,0.00157008,1041181555
1786619748148,sell,63626.9,0.00001018,1041181554
1786619747444,sell,63626.9,0.00001043,1041181553
1786619746788,buy,63627,0.00002027,1041181552
1786619746643,sell,63626.9,0.00001034,1041181551
1786619745844,sell,63626.9,0.00001022,1041181550
1786619745442,sell,63626.9,0.00001183,1041181549
1786619745436,buy,63627,0.00157165,1041181548
1786619744540,sell,63626.9,0.00001176,1041181547
1786619743682,sell,63626.9,0.00016,1041181546
1786619743638,sell,63626.9,0.00001166,1041181545
1786619743361,buy,63627,0.00001027,1041181544
1786619742868,sell,63626.9,0.00001198,1041181543
1786619742447,sell,63626.9,0.00158578,1041181542
1786619742101,sell,63626.9,0.00001143,1041181541
1786619741936,sell,63626.9,0.00001195,1041181540
1786619741355,sell,63626.9,0.0007165,1041181539
1786619741355,sell,63626.9,0.00099328,1041181538
1786619741035,sell,63626.9,0.00001192,1041181537
1786619740935,sell,63626.9,0.00001544,1041181536
1786619739734,sell,63626.9,0.00001524,1041181535
1786619739548,buy,63627,0.00158737,1041181534
1786619738633,sell,63626.9,0.00001541,1041181533
1786619737850,sell,63626.9,0.00045989,1041181532
1786619737431,sell,63626.9,0.00001519,1041181531
1786619736530,sell,63626.9,0.00001623,1041181530
1786619736470,buy,63627,0.00001027,1041181529
1786619736433,sell,63626.9,0.0000212,1041181528
1786619735098,buy,63627,0.006506,1041181527
1786619734991,sell,63628,0.00003948,1041181526
1786619734991,sell,63628,0.00002439,1041181525
1786619734991,sell,63628.2,0.01257221,1041181524
1786619734991,sell,63628.2,0.00314326,1041181523
1786619734991,sell,63628.2,0.00160014,1041181522
1786619734991,sell,63628.2,0.00165811,1041181521
1786619734528,sell,63628.2,0.00001322,1041181520
1786619733526,sell,63628.2,0.00001316,1041181519
1786619733395,buy,63628.3,0.00016,1041181518
1786619732525,sell,63628.2,0.00001309,1041181517
1786619730925,sell,63628.2,0.00001032,1041181516
1786619730124,sell,63628.2,0.00001019,1041181515
1786619729484,sell,63628.2,0.00001143,1041181514
1786619729323,sell,63628.2,0.00001001,1041181513
1786619728653,sell,63628.2,0.00001035,1041181512
1786619721157,sell,63628.2,0.01598005,1041181511
1786619721157,sell,63628.2,0.0012,1041181510
1786619721157,sell,63628.2,0.0204,1041181509
1786619721157,sell,63628.2,0.03032595,1041181508
1786619720390,buy,63628.3,0.00002027,1041181507
1786619720366,sell,63628.2,0.00022016,1041181506
1786619717877,sell,63628.2,0.16456398,1041181505
1786619717877,sell,63628.2,0.01096149,1041181504
1786619717469,buy,63628.3,0.00023574,1041181503
1786619717400,buy,63628.3,0.00001027,1041181502
1786619716610,sell,63628.2,0.00004714,1041181501
1786619715365,buy,63628.3,0.00004714,1041181500
1786619714301,buy,63628.3,0.00889562,1041181499
1786619713031,sell,63628.2,0.00093285,1041181498
1786619711521,sell,63628.2,0.04005852,1041181497
1786619711521,sell,63628.2,0.26947,1041181496
1786619711521,sell,63628.2,0.08769848,1041181495
1786619711513,sell,63628.2,0.00037352,1041181494
1786619709582,buy,63628.3,0.00001027,1041181493
1786619709250,buy,63628.3,0.0017115,1041181492
1786619707033,buy,63628.3,0.00002027,1041181491
1786619703097,buy,63628.3,0.0015993,1041181490
1786619701103,buy,63628.3,0.00159929,1041181489
1786619699467,buy,63628.3,0.00001173,1041181488
1786619699467,buy,63628.3,0.00001173,1041181487
1786619699467,buy,63628.3,0.00001173,1041181486
1786619699467,buy,63628.3,0.00001173,1041181485
1786619699467,buy,63628.3,0.00001173,1041181484
1786619699467,buy,63628.3,0.00001173,1041181483
1786619699467,buy,63628.3,0.00001173,1041181482
1786619699467,buy,63628.3,0.00001173,1041181481
1786619699467,buy,63628.3,0.00001173,1041181480
1786619699467,buy,63628.3,0.00001173,1041181479
1786619699467,buy,63628.3,0.00001173,1041181478
1786619699467,buy,63628.3,0.00001173,1041181477
1786619699467,buy,63628.3,0.00001173,1041181476
1786619699467,buy,63628.3,0.00001173,1041181475
1786619699467,buy,63628.3,0.00001173,1041181474
1786619699467,buy,63628.3,0.00001173,1041181473
1786619699467,buy,63628.3,0.00001173,1041181472
1786619699467,buy,63628.3,0.00001173,1041181471
1786619699467,buy,63628.3,0.00001173,1041181470
1786619699467,buy,63628.3,0.00001173,1041181469
1786619699467,buy,63628.3,0.00001173,1041181468
1786619699467,buy,63628.3,0.00001173,1041181467
1786619699467,buy,63628.3,0.00001173,1041181466
1786619699467,buy,63628.3,0.00001173,1041181465
1786619699467,buy,63628.3,0.00001173,1041181464
1786619699467,buy,63628.3,0.00001173,1041181463
1786619699467,buy,63628.3,0.00001173,1041181462
1786619802983,buy,63633.3,0.00001027,1041181685
1786619796325,buy,63633.3,0.00063,1041181684
1786619793892,buy,63633.3,0.00255683,1041181683
1786619793859,sell,63633.2,0.00092889,1041181682
1786619793855,buy,63633.3,0.03401474,1041181681
1786619793855,buy,63632.9,0.03,1041181680
1786619793855,buy,63632.9,0.00117695,1041181679
1786619793855,buy,63632.9,0.02079312,1041181678
1786619793855,buy,63632.9,0.00016,1041181677
1786619793855,buy,63632.9,0.02031839,1041181676
1786619793839,sell,63632.8,0.00152488,1041181675
1786619793838,buy,63631.4,0.0000102,1041181674
1786619793837,buy,63630.7,0.00001563,1041181673
1786619793837,buy,63630.6,0.00001577,1041181672
1786619793837,buy,63630.3,0.01872487,1041181671
1786619793836,buy,63630.2,0.01928516,1041181670
1786619793836,buy,63630.2,0.03,1041181669
1786619793834,sell,63630.1,0.00201041,1041181668
1786619793834,sell,63630.1,0.00000001,1041181667
1786619793830,buy,63630,0.00012001,1041181666
1786619793830,buy,63629.5,0.0000102,1041181665
1786619793829,buy,63628.3,0.01925458,1041181664
1786619793829,buy,63628.3,0.212482,1041181663
1786619793829,buy,63628.3,0.00038601,1041181662
1786619793829,buy,63628.3,0.0107199,1041181661
1786619793729,buy,63628,0.00000055,1041181660
1786619793728,buy,63628,0.018989,1041181659
1786619793709,buy,63627.9,0.00069032,1041181658
1786619793709,buy,63627.6,0.0000102,1041181657
1786619793708,buy,63627,0.0008775,1041181656
1786619793708,buy,63627,0.02165057,1041181655
1786619793708,buy,63627,0.00314333,1041181654
1786619793708,buy,63627,0.09788366,1041181653
1786619793708,buy,63627,0.02395229,1041181652
1786619793448,sell,63626.9,0.00001126,1041181651
1786619792648,sell,63626.9,0.00001144,1041181650
1786619792313,sell,63626.9,0.00030962,1041181649
1786619792144,buy,63627,0.00001027,1041181648
1786619791720,sell,63626.9,0.00001123,1041181647
1786619791160,buy,63627,0.00001717,1041181646
1786619790919,sell,63626.9,0.0000114,1041181645
1786619789819,sell,63626.9,0.00001029,1041181644
1786619789147,buy,63627,0.00002027,1041181643
1786619789032,sell,63626.9,0.00001021,1041181642
1786619788314,sell,63626.9,0.00001041,1041181641
1786619787542,sell,63626.9,0.00001032,1041181640
1786619786721,sell,63626.9,0.00001019,1041181639
1786619786009,sell,63626.9,0.00001045,1041181638
1786619785822,buy,63627,0.24840447,1041181637
1786619785822,buy,63627,0.01981081,1041181636
1786619785822,buy,63627,0.40803974,1041181635
1786619785822,buy,63627,0.0204,1041181634
1786619785822,buy,63627,0.07412498,1041181633
1786619785821,buy,63627,0.018001,1041181632
1786619785628,sell,63626.9,0.00001214,1041181631
1786619784706,sell,63626.9,0.00001217,1041181630
1786619783804,sell,63626.9,0.0000122,1041181629
1786619782903,sell,63626.9,0.00001225,1041181628
1786619782001,sell,63626.9,0.00001232,1041181627
1786619781099,sell,63626.9,0.00001241,1041181626
1786619780732,sell,63626.9,0.00008,1041181625
1786619780663,buy,63627,0.00711689,1041181624
1786619779700,sell,63626.9,0.0000103,1041181623
1786619778996,sell,63626.9,0.00001059,1041181622
1786619778194,sell,63626.9,0.00001055,1041181621
1786619777392,sell,63626.9,0.00001049,1041181620
1786619776760,buy,63627,0.000407,1041181619
1786619776614,buy,63627,0.01785165,1041181618
1786619776614,buy,63627,0.00006388,1041181617
1786619776614,buy,63627,0.137556,1041181616
1786619776614,buy,63627,0.26947,1041181615
1786619776614,buy,63627,0.80505847,1041181614
1786619776611,buy,63627,0.394,1041181613
1786619776610,buy,63627,0.006502,1041181612
1786619776590,sell,63626.9,0.00001041,1041181611
1786619775819,buy,63627,0.00015716,1041181610
1786619775816,sell,63626.9,0.00001032,1041181609
1786619775388,sell,63626.9,0.00001197,1041181608
1786619774486,sell,63626.9,0.00001193,1041181607
1786619773584,sell,63626.9,0.00001189,1041181606
1786619773383,buy,63627,0.00004714,1041181605
1786619772717,sell,63626.9,0.00001184,1041181604
1786619771823,sell,63626.9,0.00001176,1041181603
1786619770893,sell,63626.9,0.00001167,1041181602
1786619770780,sell,63626.9,0.00001511,1041181601
1786619769678,sell,63626.9,0.00001523,1041181600
1786619768757,sell,63626.9,0.00016393,1041181599
1786619768577,sell,63626.9,0.0000154,1041181598
1786619768471,buy,63627,0.01565058,1041181597
1786619767804,buy,63627,0.00007701,1041181596
1786619767375,sell,63626.9,0.00001518,1041181595
1786619766657,sell,63626.9,0.00161561,1041181594
1786619766307,sell,63626.9,0.00001532,1041181593
1786619765264,sell,63626.9,0.00157008,1041181592
1786619765072,sell,63626.9,0.00001507,1041181591
1786619763971,sell,63626.9,0.00001519,1041181590
1786619762869,sell,63626.9,0.00001534,1041181589
1786619762300,buy,63627,0.00157165,1041181588
1786619761667,sell,63626.9,0.0000151,1041181587
1786619761302,sell,63626.9,0.00001143,1041181586
1786619859067,buy,63627,0.00065213,1041181737
1786619857080,sell,63626.9,0.00001031,1041181736
1786619854237,sell,63626.9,0.00034317,1041181735
1786619849066,buy,63627,0.00007072,1041181734
1786619848894,sell,63626.9,0.00028853,1041181733
1786619842883,buy,63627,0.006501,1041181732
1786619842741,sell,63627.1,0.0000102,1041181731
1786619842741,sell,63627.4,0.0031433,1041181730
1786619842741,sell,63627.4,0.01972698,1041181729
1786619842381,buy,63627.5,0.00348973,1041181728
1786619842381,buy,63627.5,0.00320727,1041181727
1786619842321,sell,63627.8,0.00005351,1041181726
1786619842321,sell,63627.8,0.00001738,1041181725
1786619842321,sell,63628.3,0.00314262,1041181724
1786619842321,sell,63628.3,0.00314326,1041181723
1786619842321,sell,63628.3,0.00005696,1041181722
1786619842230,buy,63628.4,0.00489252,1041181721
1786619842230,buy,63628.4,0.00000001,1041181720
1786619833828,sell,63628.4,0.0000102,1041181719
1786619833828,sell,63629,0.00001577,1041181718
1786619833828,sell,63630,0.0002021,1041181717
1786619833828,sell,63630,0.00012001,1041181716
1786619833828,sell,63630.7,0.00001576,1041181715
1786619833828,sell,63631.9,0.00005516,1041181714
1786619833828,sell,63631.9,0.00001792,1041181713
1786619833828,sell,63632.3,0.00069042,1041181712
1786619833740,sell,63632.5,0.00001576,1041181711
1786619833740,sell,63634.9,0.00001868,1041181710
1786619833740,sell,63634.9,0.00001345,1041181709
1786619833740,sell,63635.4,0.0016002,1041181708
1786619833740,sell,63635.4,0.00225093,1041181707
1786619833740,sell,63635.4,0.00006171,1041181706
1786619832821,buy,63635.5,0.00001027,1041181705
1786619827701,buy,63635.5,0.00277092,1041181704
1786619823103,buy,63635.5,0.00159899,1041181703
1786619821947,buy,63635.5,0.0076231,1041181702
1786619820569,sell,63635.4,0.00003213,1041181701
1786619820569,sell,63635.4,0.0000118,1041181700
1786619816564,buy,63635.5,0.00001141,1041181699
1786619812938,buy,63635,0.00012001,1041181698
1786619812938,buy,63634.3,0.00012548,1041181697
1786619812938,buy,63634,0.0000102,1041181696
1786619812938,buy,63633.7,0.02127201,1041181695
1786619812933,buy,63633.4,0.0000102,1041181694
1786619812933,buy,63633.3,0.00024332,1041181693
1786619812933,buy,63633.3,0.00252752,1041181692
1786619812933,buy,63633.3,0.00252753,1041181691
1786619812933,buy,63633.3,0.00314302,1041181690
1786619812933,buy,63633.3,0.00421634,1041181689
1786619812933,buy,63633.3,0.0213653,1041181688
1786619812933,buy,63633.3,0.16116644,1041181687
1786619812933,buy,63633.3,0.09140452,1041181686
