timestamp_ms,side,price,size,trade_id
1790734057246,buy,83631.4,0.00003619,1064480163
1790734057246,buy,83631.2,0.00000617,1064480162
1790734057245,buy,83631.2,0.00001493,1064480161
1790734057245,buy,83631.1,0.00018125,1064480160
1790734057245,buy,83630.9,0.00001202,1064480159
1790734057245,buy,83630.8,0.00007752,1064480158
1790734057245,buy,83630.8,0.00001141,1064480157
1790734057245,buy,83630.8,0.00001101,1064480156
1790734057245,buy,83630.8,0.00001372,1064480155
1790734057245,buy,83630.7,0.00005847,1064480154
1790734057245,buy,83630.2,0.0000487,1064480153
1790734057245,buy,83630,0.0004228,1064480152
1790734057245,buy,83629.6,0.00001072,1064480151
1790734057245,buy,83629.6,0.00005745,1064480150
1790734057214,buy,83629.3,0.00001356,1064480149
1790734057213,buy,83629.3,0.00001298,1064480148
1790734057213,buy,83628.5,0.00001723,1064480147
1790734057213,buy,83628.5,0.00001595,1064480146
1790734057213,buy,83628.5,0.0015956,1064480145
1790734057213,buy,83628.5,0.00002386,1064480144
1790734057213,buy,83628.5,0.00002388,1064480143
1790734057213,buy,83628.5,0.0000337,1064480142
1790734057213,buy,83628.5,0.0007668,1064480141
1790734057188,buy,83628.4,0.00001501,1064480140
1790734057188,buy,83628.2,0.00001025,1064480139
1790734057188,buy,83628.2,0.00003222,1064480138
1790734057188,buy,83628.2,0.0001154,1064480137
1790734057188,buy,83628.2,0.00001139,1064480136
1790734057188,buy,83628.2,0.00033556,1064480135
1790734057188,buy,83628.2,0.00012889,1064480134
1790734057188,buy,83627.8,0.00017363,1064480133
1790734057188,buy,83627.5,0.00001202,1064480132
1790734057188,buy,83627.1,0.00001196,1064480131
1790734057188,buy,83626.9,0.00005769,1064480130
1790734057187,buy,83626.1,0.0000102,1064480129
1790734057187,buy,83626,0.00029999,1064480128
1790734057187,buy,83625.9,0.00003303,1064480127
1790734057187,buy,83625.5,0.00002995,1064480126
1790734057187,buy,83625.2,0.00005011,1064480125
1790734057187,buy,83624.9,0.00043363,1064480124
1790734057185,buy,83624.3,0.00001001,1064480123
1790734057185,buy,83623.9,0.00001692,1064480122
1790734057185,buy,83623.9,0.00002817,1064480121
1790734057185,buy,83623.6,0.00001202,1064480120
1790734057185,buy,83623.6,0.00002659,1064480119
1790734057185,buy,83623.3,0.00005595,1064480118
1790734057185,buy,83623.1,0.00005192,1064480117
1790734057185,buy,83622.4,0.00001002,1064480116
1790734057185,buy,83622.3,0.00007247,1064480115
1790734057185,buy,83622,0.00040772,1064480114
1790734057185,buy,83621.6,0.00001202,1064480113
1790734057185,buy,83621.6,0.00129878,1064480112
1790734057185,buy,83621.6,0.00038297,1064480111
1790734057185,buy,83621.5,0.00003299,1064480110
1790734057185,buy,83621.3,0.00003392,1064480109
1790734057185,buy,83621,0.00002892,1064480108
1790734057184,buy,83620,0.00008025,1064480107
1790734057184,buy,83619.9,0.0004214,1064480106
1790734057184,buy,83619.5,0.00008152,1064480105
1790734057184,buy,83618.8,0.00004174,1064480104
1790734057184,buy,83618.7,0.00004055,1064480103
1790734057184,buy,83618.5,0.00046548,1064480102
1790734057184,buy,83618.5,0.00031476,1064480101
1790734057184,buy,83618.5,0.00001002,1064480100
1790734057184,buy,83618.5,0.00001511,1064480099
1790734057184,buy,83618.5,0.00358161,1064480098
1790734057058,buy,83618,0.00010104,1064480097
1790734057058,buy,83617.7,0.00004283,1064480096
1790734057058,buy,83617.3,0.0000102,1064480095
1790734057058,buy,83617.3,0.00011959,1064480094
1790734057058,buy,83617,0.000042,1064480093
1790734057058,buy,83617,0.00282877,1064480092
1790734057058,buy,83616.6,0.00033972,1064480091
1790734057058,buy,83616.5,0.00001025,1064480090
1790734057058,buy,83616.3,0.00001202,1064480089
1790734057058,buy,83616.1,0.00004832,1064480088
1790734057058,buy,83616.1,0.0000624,1064480087
1790734057058,buy,83616.1,0.00001176,1064480086
1790734057058,buy,83616,0.00001486,1064480085
1790734057058,buy,83615.8,0.00001202,1064480084
1790734057058,buy,83615.8,0.00005652,1064480083
1790734057058,buy,83615.5,0.00003219,1064480082
1790734057058,buy,83615.4,0.00001271,1064480081
1790734057058,buy,83615.3,0.00001003,1064480080
1790734057058,buy,83615.3,0.00019442,1064480079
1790734057057,buy,83614.6,0.1150276,1064480078
1790734056729,buy,83614.4,0.00011487,1064480077
1790734056729,buy,83614.4,0.00002557,1064480076
1790734056729,buy,83614.2,0.00001815,1064480075
1790734056729,buy,83614,0.00001718,1064480074
1790734056729,buy,83614,0.00003,1064480073
1790734056729,buy,83614,0.00034361,1064480072
1790734056729,buy,83613.5,0.00024226,1064480071
1790734056721,buy,83613.3,0.01299581,1064480070
1790734056721,buy,83613.3,0.01563896,1064480069
1790734056721,buy,83613.3,0.016,1064480068
1790734056721,buy,83613.3,0.07013826,1064480067
1790734056721,buy,83613.3,0.09202436,1064480066
1790734056721,buy,83613.2,0.00003229,1064480065
1790734056721,buy,83613.1,0.00002283,1064480064
1790734112150,sell,83610,0.00001201,1064480462
1790734112150,sell,83613,0.00001201,1064480461
1790734112150,sell,83613.1,0.0001688,1064480460
1790734112150,sell,83613.8,0.00001501,1064480459
1790734112150,sell,83614.1,0.0000102,1064480458
1790734112150,sell,83614.7,0.00001274,1064480457
1790734112150,sell,83614.7,0.00073695,1064480456
1790734111012,sell,83618.2,0.0000102,1064480455
1790734111012,sell,83619.1,0.00001347,1064480454
1790734111012,sell,83619.1,0.00083712,1064480453
1790734111012,sell,83619.1,0.00509587,1064480452
1790734110830,sell,83622.8,0.06,1064480451
1790734110830,sell,83623,0.06,1064480450
1790734110830,sell,83627.8,0.00207067,1064480449
1790734110830,sell,83627.8,0.00107488,1064480448
1790734110580,sell,83627.8,0.00207067,1064480447
1790734110580,sell,83627.8,0.00298944,1064480446
1790734110580,sell,83627.8,0.00001082,1064480445
1790734109969,sell,83627.8,0.01274352,1064480444
1790734109969,sell,83627.8,0.0015,1064480443
1790734109969,sell,83627.8,0.00001,1064480442
1790734109969,sell,83627.8,0.00246966,1064480441
1790734109969,sell,83627.8,0.00057113,1064480440
1790734109969,sell,83627.8,0.00004165,1064480439
1790734109969,sell,83627.8,0.00198276,1064480438
1790734109969,sell,83627.8,0.00090245,1064480437
1790734109390,buy,83627.9,0.00002391,1064480436
1790734108309,buy,83627.5,0.00001201,1064480435
1790734107996,buy,83626.1,0.0000102,1064480434
1790734107994,buy,83624.6,0.00001201,1064480433
1790734107359,buy,83620.1,0.000015,1064480432
1790734107336,buy,83617.5,0.00001202,1064480431
1790734107336,buy,83617.3,0.0000102,1064480430
1790734107334,buy,83615.8,0.00000201,1064480429
1790734107333,buy,83615.8,0.00001,1064480428
1790734107333,buy,83613.3,0.0006,1064480427
1790734106072,buy,83612.9,0.00001201,1064480426
1790734106072,buy,83611.8,0.00001501,1064480425
1790734106072,buy,83611.5,0.0000102,1064480424
1790734105700,buy,83607,0.00001201,1064480423
1790734105582,buy,83603.3,0.0015,1064480422
1790734105559,buy,83601,0.0000102,1064480421
1790734105555,buy,83597.5,0.00181799,1064480420
1790734105555,buy,83595.3,0.00001201,1064480419
1790734105555,buy,83593.6,0.00182439,1064480418
1790734105554,buy,83592.6,0.17162845,1064480417
1790734105554,buy,83591.5,0.01,1064480416
1790734105554,buy,83591.4,0.0000102,1064480415
1790734105554,buy,83591,0.01,1064480414
1790734105554,buy,83590.6,0.0000102,1064480413
1790734105554,buy,83589.9,0.0035857,1064480412
1790734105554,buy,83589.6,0.00060816,1064480411
1790734105554,buy,83589.6,0.17163461,1064480410
1790734105554,buy,83589.4,0.23006691,1064480409
1790734105554,buy,83589.4,0.00297981,1064480408
1790734105554,buy,83589.4,0.000011,1064480407
1790734102810,sell,83589.3,0.00111733,1064480406
1790734102810,sell,83589.3,0.00165356,1064480405
1790734102810,sell,83589.3,0.00324465,1064480404
1790734101590,buy,83589.4,0.00099856,1064480403
1790734101590,buy,83589.4,0.00000001,1064480402
1790734101588,sell,83589.5,0.00001277,1064480401
1790734101588,sell,83589.5,0.00085154,1064480400
1790734100696,buy,83589.6,0.00029908,1064480399
1790734098697,sell,83589.5,0.00032917,1064480398
1790734096955,sell,83589.5,0.00001207,1064480397
1790734096068,sell,83589.5,0.0026663,1064480396
1790734096068,sell,83589.5,0.00182439,1064480395
1790734095599,sell,83593.6,0.00150799,1064480394
1790734095598,sell,83593.6,0.00031648,1064480393
1790734095598,sell,83594.9,0.0000102,1064480392
1790734095598,sell,83595.4,0.00001201,1064480391
1790734095598,sell,83596.2,0.00018671,1064480390
1790734095598,sell,83598.3,0.00001201,1064480389
1790734095598,sell,83598.6,0.00182439,1064480388
1790734095598,sell,83602.4,0.0000102,1064480387
1790734095598,sell,83602.6,0.00015794,1064480386
1790734095598,sell,83602.7,0.00001985,1064480385
1790734095598,sell,83602.7,0.00281975,1064480384
1790734095597,sell,83602.7,0.00057638,1064480383
1790734095597,sell,83602.7,0.00339613,1064480382
1790734095597,sell,83602.7,0.0000115,1064480381
1790734095597,sell,83602.7,0.00070571,1064480380
1790734095597,sell,83602.7,0.01781651,1064480379
1790734095570,sell,83602.7,0.0014597,1064480378
1790734095569,sell,83602.7,0.00126262,1064480377
1790734095568,sell,83602.7,0.0017543,1064480376
1790734095567,sell,83602.7,0.00183816,1064480375
1790734095565,sell,83602.7,0.00164502,1064480374
1790734095564,sell,83602.7,0.00148592,1064480373
1790734095562,sell,83602.7,0.00176464,1064480372
1790734095561,sell,83602.7,0.00137906,1064480371
1790734095560,sell,83602.7,0.00157914,1064480370
1790734095559,sell,83602.7,0.00295324,1064480369
1790734095558,sell,83602.7,0.0015,1064480368
1790734095558,sell,83602.7,0.0468,1064480367
1790734095558,sell,83602.7,0.0488,1064480366
1790734095557,sell,83602.7,0.04145817,1064480365
1790734095557,sell,83602.7,0.0015,1064480364
1790734095556,sell,83602.7,0.00327652,1064480363
1790734167806,buy,83519.6,0.00296331,1064480702
1790734167674,buy,83519.3,0.00231769,1064480701
1790734167671,buy,83519.3,0.00086231,1064480700
1790734161960,sell,83519.5,0.00061841,1064480699
1790734161960,sell,83519.5,0.000034,1064480698
1790734161960,sell,83519.5,0.01280577,1064480697
1790734161876,sell,83519.5,0.00579,1064480696
1790734161876,sell,83519.5,0.00410473,1064480695
1790734161876,sell,83519.5,0.00001772,1064480694
1790734161876,sell,83519.5,0.00113603,1064480693
1790734161875,sell,83519.5,0.000011,1064480692
1790734156555,buy,83519.6,0.00001551,1064480691
1790734156110,buy,83519.6,0.00080742,1064480690
1790734156110,buy,83519.6,0.00007081,1064480689
1790734156106,buy,83519.6,0.00192455,1064480688
1790734156106,buy,83519.6,0.00230094,1064480687
1790734156106,buy,83519.6,0.00007206,1064480686
1790734156106,buy,83519.6,0.00013838,1064480685
1790734156106,buy,83519.6,0.00001,1064480684
1790734156106,buy,83519.6,0.0001429,1064480683
1790734156106,buy,83519.6,0.00194855,1064480682
1790734156106,buy,83519.6,0.00010283,1064480681
1790734156106,buy,83519.6,0.00001006,1064480680
1790734156106,buy,83519.6,0.0000102,1064480679
1790734156106,buy,83519.6,0.00073599,1064480678
1790734156106,buy,83519.6,0.00936077,1064480677
1790734156106,buy,83519.6,0.00940099,1064480676
1790734156106,buy,83519.6,0.00001,1064480675
1790734156106,buy,83519.6,0.00003106,1064480674
1790734156106,buy,83519.6,0.00001,1064480673
1790734154064,sell,83519.5,0.083106,1064480672
1790734154050,sell,83522.3,0.00001201,1064480671
1790734154050,sell,83522.3,0.00038829,1064480670
1790734154050,sell,83523,0.00182439,1064480669
1790734154050,sell,83523.4,0.00002053,1064480668
1790734154049,sell,83523.4,0.00015906,1064480667
1790734154049,sell,83525.2,0.00001201,1064480666
1790734154049,sell,83526.4,0.0000102,1064480665
1790734154049,sell,83527.1,0.00001583,1064480664
1790734154049,sell,83527.1,0.0006429,1064480663
1790734152473,buy,83527.2,0.00011972,1064480662
1790734152106,sell,83527.1,0.0000138,1064480661
1790734152106,sell,83527.1,0.00119889,1064480660
1790734152106,sell,83527.1,0.00181339,1064480659
1790734151308,sell,83527.1,0.000011,1064480658
1790734151236,sell,83528.1,0.00001201,1064480657
1790734151236,sell,83530.6,0.0000102,1064480656
1790734151236,sell,83530.9,0.00017957,1064480655
1790734151235,sell,83531.1,0.00001201,1064480654
1790734151235,sell,83531.2,0.00182439,1064480653
1790734151235,sell,83533.5,0.00001481,1064480652
1790734151235,sell,83533.5,0.0007658,1064480651
1790734150289,sell,83533.5,0.000011,1064480650
1790734149895,sell,83533.5,0.06671633,1064480649
1790734149895,sell,83534,0.00001201,1064480648
1790734149895,sell,83535.3,0.00182439,1064480647
1790734149895,sell,83536,0.00149182,1064480646
1790734149895,sell,83536,0.00239515,1064480645
1790734149895,sell,83536.9,0.00001201,1064480644
1790734149895,sell,83537.9,0.00288637,1064480643
1790734149895,sell,83538.4,0.00017955,1064480642
1790734149895,sell,83538.5,0.0000102,1064480641
1790734149895,sell,83539.4,0.00182439,1064480640
1790734149895,sell,83539.8,0.00001201,1064480639
1790734149895,sell,83542.2,0.00049967,1064480638
1790734149895,sell,83542.2,0.00029969,1064480637
1790734149895,sell,83542.8,0.00001202,1064480636
1790734149895,sell,83543.5,0.00182439,1064480635
1790734149893,sell,83545.7,0.00001202,1064480634
1790734149893,sell,83545.9,0.00017954,1064480633
1790734149893,sell,83547.6,0.00182439,1064480632
1790734149893,sell,83549,0.0000102,1064480631
1790734149893,sell,83549.2,0.00119689,1064480630
1790734149892,sell,83549.9,0.00033972,1064480629
1790734149892,sell,83550,0.00267823,1064480628
1790734149892,sell,83550,0.00267823,1064480627
1790734149892,sell,83550,0.0000144,1064480626
1790734149892,sell,83550,0.00121053,1064480625
1790734149892,sell,83550,0.28381152,1064480624
1790734149892,sell,83550,0.45304337,1064480623
1790734149251,sell,83550,0.01526459,1064480622
1790734148666,sell,83550,0.00550557,1064480621
1790734147882,sell,83550,0.00854637,1064480620
1790734146991,buy,83550.1,0.00013405,1064480619
1790734146808,sell,83550,0.000011,1064480618
1790734146712,sell,83550,0.00524183,1064480617
1790734146028,buy,83550.1,0.00011968,1064480616
1790734143854,sell,83550,0.01126925,1064480615
1790734143651,buy,83550.1,0.00003797,1064480614
1790734143651,buy,83550.1,0.00001203,1064480613
1790734142949,sell,83551.5,0.00001202,1064480612
1790734142949,sell,83551.7,0.00182447,1064480611
1790734142949,sell,83553.4,0.00017952,1064480610
1790734142948,sell,83554.5,0.00001202,1064480609
1790734142948,sell,83556.5,0.0000102,1064480608
1790734142948,sell,83556.7,0.00003396,1064480607
1790734142948,sell,83556.7,0.00001247,1064480606
1790734142948,sell,83556.7,0.0006264,1064480605
1790734142948,sell,83556.7,0.00182439,1064480604
1790734142490,buy,83556.8,0.00005982,1064480603
1790734223104,sell,83530.8,0.00489953,1064480928
1790734221069,buy,83530.8,0.00009726,1064480927
1790734221058,buy,83528.8,0.000015,1064480926
1790734221054,buy,83525.9,0.0000102,1064480925
1790734220947,buy,83525.1,0.00001202,1064480924
1790734220947,buy,83523.4,0.0001796,1064480923
1790734220908,buy,83520,0.00018125,1064480922
1790734220908,buy,83519.3,0.00229256,1064480921
1790734220908,buy,83519.3,0.00001202,1064480920
1790734220908,buy,83519.2,0.00016292,1064480919
1790734220907,buy,83514.7,0.00000971,1064480918
1790734220906,buy,83514.7,0.00000049,1064480917
1790734220906,buy,83513.9,0.00286951,1064480916
1790734220724,buy,83513.8,0.0000102,1064480915
1790734220115,buy,83513.4,0.00105372,1064480914
1790734219293,buy,83513.4,0.00069821,1064480913
1790734219293,buy,83513.4,0.00002101,1064480912
1790734219293,buy,83513.4,0.00001,1064480911
1790734219197,buy,83513.4,0.00005986,1064480910
1790734217555,buy,83513.4,0.00029935,1064480909
1790734216530,sell,83513.3,0.00040708,1064480908
1790734216530,sell,83513.3,0.00269322,1064480907
1790734216530,sell,83513.3,0.00269323,1064480906
1790734216530,sell,83513.3,0.00001743,1064480905
1790734216530,sell,83513.3,0.00101397,1064480904
1790734214793,sell,83513.3,0.00047708,1064480903
1790734213554,buy,83513.4,0.00001211,1064480902
1790734213554,buy,83513.4,0.00000001,1064480901
1790734213552,sell,83514,0.00001386,1064480900
1790734213552,sell,83514,0.00002075,1064480899
1790734213552,sell,83514,0.00095181,1064480898
1790734212126,sell,83514,0.00002298,1064480897
1790734212126,sell,83514,0.00054613,1064480896
1790734212126,sell,83514,0.00001292,1064480895
1790734212126,sell,83514,0.00013673,1064480894
1790734208831,sell,83520,0.00027135,1064480893
1790734208831,sell,83520,0.00001004,1064480892
1790734208831,sell,83520,0.00081154,1064480891
1790734208569,buy,83520.1,0.00005985,1064480890
1790734208569,buy,83520.1,0.00000001,1064480889
1790734208057,sell,83520,0.000759,1064480888
1790734207989,sell,83520,0.000011,1064480887
1790734207908,sell,83520.3,0.00001801,1064480886
1790734207908,sell,83520.3,0.00050945,1064480885
1790734207389,buy,83520.4,0.00005986,1064480884
1790734205643,buy,83519.7,0.0000102,1064480883
1790734205643,buy,83519.3,0.00001202,1064480882
1790734205643,buy,83519.2,0.00007703,1064480881
1790734205642,buy,83514.9,0.00025199,1064480880
1790734205640,buy,83510.5,0.01,1064480879
1790734205640,buy,83510,0.01,1064480878
1790734205639,buy,83509.9,0.00001,1064480877
1790734205639,buy,83509.9,0.00001,1064480876
1790734205639,buy,83509.9,0.00279457,1064480875
1790734205639,buy,83509.9,0.00001,1064480874
1790734205639,buy,83509.9,0.0028045,1064480873
1790734205639,buy,83509.9,0.00732609,1064480872
1790734205639,buy,83509.9,0.00001,1064480871
1790734205639,buy,83509.9,0.00029631,1064480870
1790734205639,buy,83509.9,0.00505788,1064480869
1790734205639,buy,83509.9,0.00052416,1064480868
1790734205639,buy,83509.9,0.00001,1064480867
1790734205639,buy,83509.9,0.00836902,1064480866
1790734205639,buy,83509.9,0.00004941,1064480865
1790734205639,buy,83509.9,0.00001,1064480864
1790734205639,buy,83509.9,0.0080731,1064480863
1790734205639,buy,83509.9,0.00001,1064480862
1790734204503,sell,83509.8,0.00023586,1064480861
1790734204345,sell,83513.5,0.00001201,1064480860
1790734204345,sell,83513.9,0.0000102,1064480859
1790734204345,sell,83514.8,0.00056624,1064480858
1790734204345,sell,83514.8,0.00182439,1064480857
1790734204113,sell,83515.9,0.0001796,1064480856
1790734204112,sell,83516.6,0.00033972,1064480855
1790734204109,sell,83518.9,0.00182439,1064480854
1790734204107,sell,83519.8,0.0000102,1064480853
1790734204105,sell,83521,0.0009366,1064480852
1790734204105,sell,83521.2,0.06,1064480851
1790734204105,sell,83521.4,0.000015,1064480850
1790734204105,sell,83523.4,0.00017959,1064480849
1790734204105,sell,83526,0.02,1064480848
1790734204105,sell,83526,0.00113409,1064480847
1790734204105,sell,83526,0.00195192,1064480846
1790734204105,sell,83526,0.00309602,1064480845
1790734204105,sell,83526,0.00001,1064480844
1790734204105,sell,83526,0.00069068,1064480843
1790734204105,sell,83526,0.00119723,1064480842
1790734204061,sell,83526.8,0.00001032,1064480841
1790734204061,sell,83526.8,0.00113409,1064480840
1790734204060,sell,83526.8,0.0019619,1064480839
1790734204060,sell,83526.8,0.00309598,1064480838
1790734204060,sell,83526.8,0.00053767,1064480837
1790734200159,sell,83528.1,0.00001202,1064480836
1790734200159,sell,83531.5,0.00105612,1064480835
1790734200159,sell,83531.5,0.00376511,1064480834
1790734200094,sell,83532.2,0.00119714,1064480833
1790734200094,sell,83532.3,0.0000102,1064480832
1790734200094,sell,83532.7,0.0000155,1064480831
1790734200094,sell,83532.7,0.00101984,1064480830
1790734197808,buy,83532.8,0.02665118,1064480829
1790734277728,buy,83492.3,0.00209079,1064481121
1790734277728,buy,83492.3,0.00001,1064481120
1790734277294,buy,83492.3,0.0239543,1064481119
1790734272244,sell,83492.2,0.00117564,1064481118
1790734272244,sell,83492.2,0.00096367,1064481117
1790734272040,sell,83492.2,0.00184237,1064481116
1790734272040,sell,83492.2,0.00064119,1064481115
1790734272040,sell,83492.2,0.00002671,1064481114
1790734271820,sell,83492.2,0.00061448,1064481113
1790734271820,sell,83492.2,0.00098188,1064481112
1790734271820,sell,83492.2,0.00119771,1064481111
1790734270465,sell,83493.4,0.00001017,1064481110
1790734270465,sell,83493.4,0.00003396,1064481109
1790734270465,sell,83493.4,0.00051537,1064481108
1790734268540,buy,83493.5,0.00001094,1064481107
1790734268539,sell,83493.4,0.00009735,1064481106
1790734268539,sell,83493.4,0.00017965,1064481105
1790734268536,sell,83496.3,0.00125454,1064481104
1790734268536,sell,83496.3,0.00001824,1064481103
1790734267211,sell,83498.9,0.00001202,1064481102
1790734267211,sell,83500,0.00017964,1064481101
1790734267210,sell,83505.1,0.0007918,1064481100
1790734267079,buy,83505.2,0.00766,1064481099
1790734266700,sell,83505.1,0.000011,1064481098
1790734266607,sell,83509.7,0.00150018,1064481097
1790734266072,sell,83509.5,0.00058448,1064481096
1790734266072,sell,83509.5,0.000019,1064481095
1790734266069,buy,83509.6,0.00116441,1064481094
1790734265546,sell,83509.2,0.00006005,1064481093
1790734265546,sell,83509.2,0.00069408,1064481092
1790734264362,sell,83509.2,0.00094181,1064481091
1790734264328,buy,83509.3,0.00663878,1064481090
1790734263956,buy,83509.3,0.00011974,1064481089
1790734263458,sell,83509.2,0.00061577,1064481088
1790734263344,sell,83509.2,0.00041431,1064481087
1790734263344,sell,83509.2,0.00060762,1064481086
1790734263342,sell,83509.2,0.00102193,1064481085
1790734263340,sell,83509.2,0.00162334,1064481084
1790734261998,buy,83509.3,0.00001197,1064481083
1790734260583,sell,83509.2,0.00077141,1064481082
1790734260381,sell,83509.2,0.00026425,1064481081
1790734260381,sell,83509.2,0.00084993,1064481080
1790734260378,sell,83509.2,0.00065926,1064481079
1790734260252,sell,83509.2,0.00066637,1064481078
1790734260252,sell,83509.2,0.00074267,1064481077
1790734259486,buy,83509.3,0.0122038,1064481076
1790734259222,sell,83509.2,0.0004548,1064481075
1790734258645,buy,83509.3,0.00001681,1064481074
1790734258645,buy,83509.3,0.00000001,1064481073
1790734258643,sell,83509.7,0.00003513,1064481072
1790734258643,sell,83509.7,0.00001198,1064481071
1790734258643,sell,83509.7,0.00170483,1064481070
1790734257213,sell,83509.7,0.00012058,1064481069
1790734253431,buy,83508.4,0.00017963,1064481068
1790734253428,buy,83504.7,0.00001202,1064481067
1790734253428,buy,83504.6,0.00005655,1064481066
1790734253427,buy,83501.7,0.00001202,1064481065
1790734253427,buy,83500.9,0.00017965,1064481064
1790734253427,buy,83500.4,0.00252385,1064481063
1790734253427,buy,83500.4,0.00252385,1064481062
1790734253427,buy,83500.4,0.00746,1064481061
1790734249755,buy,83500.1,0.00001089,1064481060
1790734249494,buy,83495.6,0.00001501,1064481059
1790734249494,buy,83495.5,0.00080554,1064481058
1790734249494,buy,83495.5,0.00080734,1064481057
1790734249490,buy,83493,0.00001202,1064481056
1790734249490,buy,83490.5,0.0000102,1064481055
1790734249490,buy,83490.1,0.00001202,1064481054
1790734249490,buy,83488.8,0.0000102,1064481053
1790734249489,buy,83486.8,0.00358986,1064481052
1790734249489,buy,83486.5,0.00143543,1064481051
1790734249489,buy,83486.5,0.0028557,1064481050
1790734249489,buy,83486.5,0.00142026,1064481049
1790734249150,buy,83486.3,0.00015224,1064481048
1790734249150,buy,83486.3,0.00128319,1064481047
1790734249149,buy,83486.3,0.00157251,1064481046
1790734249149,buy,83486.3,0.00026445,1064481045
1790734249149,buy,83486.3,0.00231999,1064481044
1790734249149,buy,83486.3,0.00223416,1064481043
1790734249149,buy,83486.3,0.00010901,1064481042
1790734249149,buy,83486.3,0.00001,1064481041
1790734249149,buy,83486.3,0.00054707,1064481040
1790734249149,buy,83486.3,0.00511428,1064481039
1790734248619,buy,83486.3,0.00092325,1064481038
1790734246393,buy,83486.3,0.00171984,1064481037
1790734246393,buy,83486.3,0.00001,1064481036
1790734246393,buy,83486.3,0.00045036,1064481035
1790734246393,buy,83486.3,0.00001,1064481034
1790734246393,buy,83486.3,0.00252758,1064481033
1790734246393,buy,83486.3,0.00011599,1064481032
1790734246393,buy,83486.3,0.00001,1064481031
1790734246393,buy,83486.3,0.00173705,1064481030
1790734245885,buy,83486.3,0.00300109,1064481029
1790734245885,buy,83486.3,0.00154949,1064481028
1790734245403,buy,83486.3,0.00074533,1064481027
1790734245403,buy,83486.3,0.00035503,1064481026
1790734245403,buy,83486.3,0.00001,1064481025
1790734245399,buy,83486.3,0.02096102,1064481024
1790734243830,sell,83487.2,0.00001202,1064481023
1790734243828,sell,83489.3,0.00182439,1064481022
1790757156834,buy,83050.1,0.00006588,1064621080
1790757156741,sell,83050,0.00010459,1064621079
1790757154631,sell,83050,0.01072752,1064621078
1790757154620,sell,83050,0.00537,1064621077
1790757154613,sell,83050,0.07545107,1064621076
1790757154613,sell,83050.1,0.00118186,1064621075
1790757154613,sell,83050.4,0.0000102,1064621074
1790757154613,sell,83051.2,0.00018061,1064621073
1790757154613,sell,83051.8,0.0012,1064621072
1790757154613,sell,83051.8,0.00014858,1064621071
1790757154613,sell,83051.8,0.00182768,1064621070
1790757154515,sell,83054.2,0.00013314,1064621069
1790757154515,sell,83055.9,0.00182768,1064621068
1790757154515,sell,83055.9,0.00001209,1064621067
1790757154515,sell,83056.7,0.0000102,1064621066
1790757154515,sell,83058.3,0.0000102,1064621065
1790757154515,sell,83060,0.00182768,1064621064
1790757154515,sell,83060.5,0.00025174,1064621063
1790757154506,sell,83060.5,0.00519,1064621062
1790757154501,sell,83060.5,0.01046,1064621061
1790757154497,sell,83061.3,0.01011459,1064621060
1790757154497,sell,83061.3,0.00648951,1064621059
1790757154496,sell,83061.3,0.0036082,1064621058
1790757154496,sell,83061.3,0.0004777,1064621057
1790757154496,sell,83062.1,0.0060223,1064621056
1790757154494,sell,83062.8,0.00013314,1064621055
1790757154493,sell,83063.2,0.20003202,1064621054
1790757154492,sell,83063.2,0.01362734,1064621053
1790757154492,sell,83064.1,0.00182768,1064621052
1790757154492,sell,83064.7,0.0060223,1064621051
1790757154492,sell,83066.7,0.00602268,1064621050
1790757154492,sell,83067.6,0.00256801,1064621049
1790757154492,sell,83067.6,0.00256801,1064621048
1790757154492,sell,83067.6,0.00001931,1064621047
1790757154492,sell,83067.6,0.00002968,1064621046
1790757154492,sell,83067.6,0.00035428,1064621045
1790757154492,sell,83067.6,0.00095734,1064621044
1790757152917,buy,83067.7,0.00200163,1064621043
1790757152402,buy,83067.7,0.16794825,1064621042
1790757152402,buy,83067.7,0.00154658,1064621041
1790757151393,sell,83067.6,0.000011,1064621040
1790757150881,buy,83067.7,0.0006,1064621039
1790757150616,sell,83067.6,0.00011062,1064621038
1790757150079,sell,83070.4,0.00001209,1064621037
1790757150079,sell,83071.7,0.0000102,1064621036
1790757150079,sell,83073.4,0.0000102,1064621035
1790757150079,sell,83073.9,0.00006913,1064621034
1790757150079,sell,83074,0.00107332,1064621033
1790757150079,sell,83075,0.0000102,1064621032
1790757150079,sell,83075.7,0.00003144,1064621031
1790757150079,sell,83075.7,0.00001517,1064621030
1790757150079,sell,83075.7,0.00018055,1064621029
1790757150079,sell,83075.7,0.00019849,1064621028
1790757149174,buy,83075.8,0.00169074,1064621027
1790757146136,buy,83075.8,0.00012037,1064621026
1790757142211,buy,83075.8,0.0031,1064621025
1790757141658,buy,83075.8,0.00042001,1064621024
1790757141658,buy,83075.8,0.00096057,1064621023
1790757141657,buy,83075.8,0.00023943,1064621022
1790757141657,buy,83075.8,0.00018057,1064621021
1790757139600,buy,83074,0.00060074,1064621020
1790757138777,buy,83073.2,0.00001209,1064621019
1790757138777,buy,83071.6,0.0000102,1064621018
1790757138777,buy,83071.4,0.00013314,1064621017
1790757138777,buy,83070.3,0.00001209,1064621016
1790757138777,buy,83069.2,0.00138991,1064621015
1790757138777,buy,83069.1,0.00196776,1064621014
1790757138777,buy,83069.1,0.00729972,1064621013
1790757138658,buy,83069.1,0.000011,1064621012
1790757138636,buy,83068.3,0.00231608,1064621011
1790757138635,buy,83068.3,0.00103171,1064621010
1790757138635,buy,83068.3,0.00383645,1064621009
1790757137642,buy,83068.3,0.00201777,1064621008
1790757137617,sell,83068.2,0.00078617,1064621007
1790757137617,sell,83068.2,0.0015,1064621006
1790757137617,sell,83068.2,0.00013203,1064621005
1790757137617,sell,83068.2,0.00018057,1064621004
1790757137617,sell,83068.2,0.00025887,1064621003
1790757137617,sell,83068.2,0.00001,1064621002
1790757137617,sell,83068.2,0.00001,1064621001
1790757137617,sell,83068.2,0.00001,1064621000
1790757137617,sell,83068.2,0.00207574,1064620999
1790757137617,sell,83068.2,0.00001,1064620998
1790757137617,sell,83068.2,0.00012445,1064620997
1790757137617,sell,83068.2,0.00001,1064620996
1790757137617,sell,83068.2,0.00194121,1064620995
1790757137617,sell,83068.2,0.00001,1064620994
1790757137617,sell,83068.2,0.00001,1064620993
1790757137617,sell,83068.2,0.00329314,1064620992
1790757137617,sell,83068.2,0.00402327,1064620991
1790757137617,sell,83068.2,0.00001,1064620990
1790757137617,sell,83068.2,0.00400373,1064620989
1790757137617,sell,83068.2,0.031,1064620988
1790757137617,sell,83068.2,0.00033225,1064620987
1790757136542,sell,83068.2,0.076743,1064620986
1790757136067,buy,83068.3,0.000168,1064620985
1790757135862,buy,83065,0.00501632,1064620984
1790757135830,buy,83064.7,0.00018059,1064620983
1790757135830,buy,83064.5,0.00001209,1064620982
1790757135603,buy,83062.8,0.00041666,1064620981
1790757211249,sell,83049.5,0.00096153,1064621509
1790757211191,buy,83049.6,0.00120409,1064621508
1790757207758,buy,83044.1,0.0000102,1064621507
1790757207757,buy,83044,0.00010157,1064621506
1790757207757,buy,83044,0.00241767,1064621505
1790757207757,buy,83044,0.00000964,1064621504
1790757207756,buy,83044,0.00239836,1064621503
1790757207756,buy,83044,0.00001,1064621502
1790757205782,buy,83044,0.0010923,1064621501
1790757205782,buy,83044,0.00000001,1064621500
1790757205780,sell,83044.2,0.0000102,1064621499
1790757205780,sell,83044.3,0.00001209,1064621498
1790757205780,sell,83049.2,0.0000102,1064621497
1790757205780,sell,83049.5,0.00030276,1064621496
1790757205780,sell,83049.5,0.00019288,1064621495
1790757205780,sell,83049.5,0.00001036,1064621494
1790757205780,sell,83049.5,0.00002981,1064621493
1790757205780,sell,83049.5,0.00013221,1064621492
1790757203737,buy,83049.6,0.00060204,1064621491
1790757203460,buy,83049.6,0.01,1064621490
1790757202678,sell,83049.5,0.00001143,1064621489
1790757201635,buy,83049.6,0.03355251,1064621488
1790757201635,buy,83049.6,0.1083,1064621487
1790757201635,buy,83049.6,0.00002869,1064621486
1790757201635,buy,83049.6,0.00159932,1064621485
1790757200590,buy,83049.6,0.000059,1064621484
1790757199210,buy,83047.1,0.00001209,1064621483
1790757199210,buy,83043.7,0.0013,1064621482
1790757199210,buy,83043.7,0.0034,1064621481
1790757199210,buy,83043.7,0.0000329,1064621480
1790757199210,buy,83043.7,0.00195496,1064621479
1790757199210,buy,83043.7,0.00149474,1064621478
1790757198150,buy,83043.7,0.00034526,1064621477
1790757198150,buy,83043.7,0.00095474,1064621476
1790757197134,buy,83043.7,0.00024944,1064621475
1790757197134,buy,83043.7,0.00014791,1064621474
1790757197134,buy,83043.7,0.00036479,1064621473
1790757197134,buy,83043.7,0.00003772,1064621472
1790757197134,buy,83043.7,0.00119282,1064621471
1790757196582,buy,83043.7,0.00099964,1064621470
1790757196582,buy,83043.7,0.00042754,1064621469
1790757196582,buy,83043.7,0.00041282,1064621468
1790757196568,buy,83043.7,0.00120418,1064621467
1790757195322,buy,83043.7,0.00014791,1064621466
1790757193907,buy,83043.7,0.00012475,1064621465
1790757193907,buy,83043.7,0.00004325,1064621464
1790757193906,buy,83042.4,0.0000102,1064621463
1790757193906,buy,83041.9,0.00176491,1064621462
1790757193905,buy,83041.9,0.00023311,1064621461
1790757193905,buy,83041.9,0.00023001,1064621460
1790757193905,buy,83041.9,0.00206763,1064621459
1790757193905,buy,83041.9,0.00008925,1064621458
1790757193470,buy,83041.9,0.00197802,1064621457
1790757193470,buy,83041.9,0.00001,1064621456
1790757193470,buy,83041.9,0.00001,1064621455
1790757192488,buy,83041.9,0.00022277,1064621454
1790757192229,buy,83041.9,0.00008592,1064621453
1790757191469,buy,83041.9,0.05579596,1064621452
1790757191469,buy,83041.9,0.0060242,1064621451
1790757191469,buy,83041.9,0.029915,1064621450
1790757191469,buy,83041.9,0.11981723,1064621449
1790757190367,buy,83041.9,0.00022277,1064621448
1790757189362,sell,83043.6,0.00038281,1064621447
1790757189362,sell,83043.6,0.00018062,1064621446
1790757189207,sell,83050,0.0000102,1064621445
1790757189206,sell,83052.6,0.00036735,1064621444
1790757188837,buy,83051.7,0.000015,1064621443
1790757188837,buy,83051.2,0.00018062,1064621442
1790757188836,buy,83050.3,0.0000102,1064621441
1790757188828,buy,83048.6,0.00240953,1064621440
1790757188826,buy,83047.1,0.00001209,1064621439
1790757188821,buy,83044.2,0.00001209,1064621438
1790757188820,buy,83040,0.00024084,1064621437
1790757188820,buy,83038.6,0.00006694,1064621436
1790757188819,buy,83038,0.00207755,1064621435
1790757188819,buy,83038,0.00007308,1064621434
1790757188819,buy,83038,0.00267694,1064621433
1790757188819,buy,83038,0.00936039,1064621432
1790757188819,buy,83038,0.00200447,1064621431
1790757188739,buy,83038,0.00027829,1064621430
1790757188739,buy,83038,0.00001,1064621429
1790757188739,buy,83038,0.00216996,1064621428
1790757188739,buy,83038,0.00001,1064621427
1790757188739,buy,83038,0.00001,1064621426
1790757188739,buy,83038,0.00024087,1064621425
1790757188739,buy,83038,0.00001,1064621424
1790757188739,buy,83038,0.00001,1064621423
1790757188739,buy,83038,0.00001,1064621422
1790757186264,buy,83038,0.00536826,1064621421
1790757185981,buy,83038,0.00120306,1064621420
1790757185858,sell,83037.9,0.00001777,1064621419
1790757184297,sell,83037.9,0.00018499,1064621418
1790757184297,sell,83037.9,0.00068703,1064621417
1790757184297,sell,83037.9,0.00002967,1064621416
1790757182524,sell,83041.4,0.00001209,1064621415
1790757182524,sell,83043.6,0.00018062,1064621414
1790757182524,sell,83044.2,0.0000102,1064621413
1790757182524,sell,83044.3,0.00003196,1064621412
1790757182524,sell,83044.3,0.00001209,1064621411
1790757182523,sell,83045.7,0.00013314,1064621410
1790757267364,sell,83085,0.0000102,1064621838
1790757267364,sell,83086.7,0.0000102,1064621837
1790757267351,sell,83087.5,0.000011,1064621836
1790757267228,sell,83087.6,0.00001846,1064621835
1790757267228,sell,83087.6,0.00014955,1064621834
1790757267228,sell,83087.6,0.00001845,1064621833
1790757266888,sell,83087.6,0.04604293,1064621832
1790757266888,sell,83087.6,0.000079,1064621831
1790757266888,sell,83087.6,0.097202,1064621830
1790757266888,sell,83087.6,0.17061,1064621829
1790757266888,sell,83087.6,0.073268,1064621828
1790757266888,sell,83087.6,0.00024072,1064621827
1790757266888,sell,83087.6,0.12004,1064621826
1790757266582,buy,83087.1,0.00024071,1064621825
1790757266580,buy,83086,0.00240849,1064621824
1790757266580,buy,83085.8,0.0000102,1064621823
1790757266580,buy,83084.9,0.00001209,1064621822
1790757266580,buy,83084.1,0.0000102,1064621821
1790757266573,buy,83083.6,0.000011,1064621820
1790757266055,buy,83083.4,0.00001941,1064621819
1790757264955,buy,83083.4,0.0000112,1064621818
1790757263855,buy,83083.4,0.00001285,1064621817
1790757262170,buy,83080.8,0.0000102,1064621816
1790757262170,buy,83079,0.00024073,1064621815
1790757262168,buy,83078.9,0.00407362,1064621814
1790757262158,buy,83078.9,0.000011,1064621813
1790757261299,buy,83078.9,0.00006018,1064621812
1790757261295,buy,83078.9,0.05375132,1064621811
1790757260936,buy,83078.9,0.00035,1064621810
1790757260615,sell,83078.8,0.00007653,1064621809
1790757260356,sell,83078.9,0.00000604,1064621808
1790757260355,sell,83078.9,0.00004725,1064621807
1790757260355,sell,83078.9,0.00030031,1064621806
1790757260355,sell,83078.9,0.00084244,1064621805
1790757260354,sell,83078.9,0.00518,1064621804
1790757260237,sell,83079.1,0.00001209,1064621803
1790757260237,sell,83079.9,0.0007224,1064621802
1790757260237,sell,83082.1,0.00001209,1064621801
1790757260237,sell,83082.5,0.0000102,1064621800
1790757260236,sell,83083.3,0.00096292,1064621799
1790757260236,sell,83083.4,0.0000102,1064621798
1790757260236,sell,83083.5,0.00002935,1064621797
1790757260236,sell,83083.5,0.00001706,1064621796
1790757260236,sell,83083.5,0.00006197,1064621795
1790757260236,sell,83083.5,0.00028224,1064621794
1790757260236,sell,83083.5,0.00435912,1064621793
1790757260235,sell,83083.5,0.00532,1064621792
1790757260235,sell,83083.5,0.000011,1064621791
1790757258190,buy,83083.6,0.00240721,1064621790
1790757256187,sell,83084.3,0.00602244,1064621789
1790757256187,sell,83087.3,0.00031407,1064621788
1790757256187,sell,83087.6,0.00001977,1064621787
1790757256187,sell,83087.6,0.00031408,1064621786
1790757256187,sell,83087.6,0.00250895,1064621785
1790757256187,sell,83087.6,0.00050922,1064621784
1790757256187,sell,83087.6,0.00219486,1064621783
1790757255826,sell,83087.6,0.00031408,1064621782
1790757255826,sell,83087.6,0.00003102,1064621781
1790757255826,sell,83087.6,0.00250895,1064621780
1790757255826,sell,83087.6,0.00015002,1064621779
1790757255822,sell,83087.6,0.00370249,1064621778
1790757255822,sell,83087.6,0.00149751,1064621777
1790757255820,sell,83087.6,0.002355,1064621776
1790757255820,sell,83087.6,0.00250894,1064621775
1790757255820,sell,83087.6,0.00038405,1064621774
1790757255820,sell,83087.6,0.00000201,1064621773
1790757254190,buy,83087.7,0.00012035,1064621772
1790757254132,buy,83087.7,0.00008199,1064621771
1790757254080,buy,83087.7,0.00028,1064621770
1790757253039,sell,83087.6,0.000011,1064621769
1790757252353,sell,83087.6,0.00534589,1064621768
1790757252099,buy,83087.7,0.00008595,1064621767
1790757250435,buy,83087.7,0.00114,1064621766
1790757250318,buy,83087.7,0.00002647,1064621765
1790757250245,buy,83087.4,0.000011,1064621764
1790757250137,buy,83087.4,0.00002407,1064621763
1790757249651,buy,83084.1,0.0002999,1064621762
1790757249651,buy,83083.3,0.00033972,1064621761
1790757249650,buy,83082,0.00389943,1064621760
1790757249649,buy,83082,0.00063,1064621759
1790757249649,buy,83082,0.00084,1064621758
1790757249648,buy,83082,0.00065172,1064621757
1790757249644,buy,83080,0.00501632,1064621756
1790757249181,buy,83079.9,0.000011,1064621755
1790757247628,buy,83079.9,0.00006018,1064621754
1790757246842,buy,83079.9,0.00013315,1064621753
1790757246841,buy,83079.9,0.00003486,1064621752
1790757246841,buy,83079.9,0.00013314,1064621751
1790757246549,buy,83075.9,0.0001578,1064621750
1790757246549,buy,83075.3,0.0000102,1064621749
1790757246548,buy,83073.2,0.00001209,1064621748
1790757246548,buy,83071.4,0.00013314,1064621747
1790757246546,buy,83068.3,0.0000102,1064621746
1790757246546,buy,83068.2,0.01279376,1064621745
1790757245564,sell,83068.1,0.04214648,1064621744
1790757244752,buy,83067.3,0.00602261,1064621743
1790757244274,buy,83065,0.00501632,1064621742
1790757244274,buy,83064.5,0.00001209,1064621741
1790757244274,buy,83064.1,0.0000102,1064621740
1790757244274,buy,83063.2,0.0000102,1064621739
1790757323047,sell,83050.1,0.00001209,1064622058
1790757323047,sell,83050.4,0.0000102,1064622057
1790757323047,sell,83051.2,0.00018061,1064622056
1790757323047,sell,83051.8,0.00142768,1064622055
1790757323041,sell,83051.8,0.0004,1064622054
1790757323041,sell,83052.7,0.0001806,1064622053
1790757323041,sell,83053,0.00001209,1064622052
1790757323041,sell,83053.3,0.001,1064622051
1790757323041,sell,83053.4,0.001,1064622050
1790757323040,sell,83054.2,0.00013314,1064622049
1790757323040,sell,83054.5,0.00330561,1064622048
1790757323039,sell,83055,0.03881212,1064622047
1790757323038,sell,83055,0.00993937,1064622046
1790757323038,sell,83055,0.08,1064622045
1790757323037,sell,83055,0.00509922,1064622044
1790757323036,sell,83055,0.0047,1064622043
1790757323036,sell,83055.9,0.00182768,1064622042
1790757323036,sell,83055.9,0.00001209,1064622041
1790757323035,sell,83058.8,0.00001209,1064622040
1790757323035,sell,83060,0.00182768,1064622039
1790757323035,sell,83060.2,0.00301127,1064622038
1790757323035,sell,83061.7,0.00001209,1064622037
1790757323035,sell,83062.8,0.00013314,1064622036
1790757323035,sell,83064.1,0.00182768,1064622035
1790757323035,sell,83064.6,0.00001209,1064622034
1790757323035,sell,83064.8,0.00602183,1064622033
1790757323035,sell,83065,0.00015846,1064622032
1790757323035,sell,83065,0.00501632,1064622031
1790757323035,sell,83065.1,0.00002407,1064622030
1790757323035,sell,83065.9,0.0000102,1064622029
1790757323034,sell,83069,0.00002951,1064622028
1790757323034,sell,83069,0.00312929,1064622027
1790757323034,sell,83069,0.00312929,1064622026
1790757323034,sell,83069,0.00346286,1064622025
1790757323034,sell,83069,0.01016153,1064622024
1790757323034,sell,83069,0.01362439,1064622023
1790757323034,sell,83069,0.00049717,1064622022
1790757323034,sell,83069,0.00602183,1064622021
1790757322626,sell,83069,0.000011,1064622020
1790757322612,sell,83069,0.00475844,1064622019
1790757322612,sell,83069,0.00001647,1064622018
1790757322612,sell,83069,0.00053509,1064622017
1790757317753,buy,83068.3,0.0000102,1064622016
1790757317753,buy,83067.6,0.00009508,1064622015
1790757317753,buy,83067.6,0.00001,1064622014
1790757317753,buy,83067.6,0.0002931,1064622013
1790757317752,buy,83067.6,0.00232775,1064622012
1790757317752,buy,83067.6,0.00255819,1064622011
1790757317752,buy,83067.6,0.00032451,1064622010
1790757317752,buy,83067.6,0.00016322,1064622009
1790757317752,buy,83067.6,0.00001,1064622008
1790757317752,buy,83067.6,0.00001,1064622007
1790757317039,sell,83067.5,0.000168,1064622006
1790757317037,sell,83070.4,0.00001209,1064622005
1790757317037,sell,83071.4,0.00013314,1064622004
1790757317037,sell,83072.5,0.00014131,1064622003
1790757316656,sell,83076.7,0.00000685,1064622002
1790757316655,sell,83076.7,0.00000335,1064622001
1790757316655,sell,83076.8,0.00042117,1064622000
1790757316655,sell,83076.8,0.00001328,1064621999
1790757316655,sell,83076.8,0.0054222,1064621998
1790757316587,buy,83076.9,0.00009244,1064621997
1790757316544,sell,83076.8,0.00059978,1064621996
1790757316544,sell,83076.8,0.00106022,1064621995
1790757316542,sell,83076.8,0.00496176,1064621994
1790757316542,sell,83076.8,0.00048984,1064621993
1790757315025,sell,83078.4,0.0000102,1064621992
1790757315025,sell,83079.1,0.00001209,1064621991
1790757315025,sell,83080,0.0000102,1064621990
1790757315025,sell,83081.7,0.0000102,1064621989
1790757315025,sell,83083.5,0.0000153,1064621988
1790757315025,sell,83083.5,0.0000303,1064621987
1790757315025,sell,83083.5,0.00056974,1064621986
1790757313643,sell,83083.5,0.00011856,1064621985
1790757312712,buy,83081.6,0.0000102,1064621984
1790757312712,buy,83081,0.39303281,1064621983
1790757312712,buy,83081,0.00262093,1064621982
1790757312712,buy,83081,0.00262093,1064621981
1790757312712,buy,83081,0.00602137,1064621980
1790757311319,buy,83081,0.000011,1064621979
1790757308551,buy,83081,0.00001805,1064621978
1790757307250,buy,83079.9,0.00013314,1064621977
1790757307250,buy,83079,0.00331172,1064621976
1790757307249,buy,83079,0.00270987,1064621975
1790757306736,buy,83079,0.00132741,1064621974
1790757306733,buy,83075.8,0.0000102,1064621973
1790757306602,sell,83075,0.00685883,1064621972
1790757306224,buy,83074.9,0.0000102,1064621971
1790757306224,buy,83073.3,0.0000102,1064621970
1790757306224,buy,83072.6,0.00005035,1064621969
1790757306224,buy,83072.6,0.00210551,1064621968
1790757306224,buy,83072.6,0.00238563,1064621967
1790757306224,buy,83072.6,0.00027018,1064621966
1790757306224,buy,83072.6,0.00001,1064621965
1790757305025,buy,83072.6,0.00060188,1064621964
1790757303965,sell,83072.5,0.0001578,1064621963
1790757303965,sell,83075,0.0000102,1064621962
1790757303964,sell,83077.5,0.0000102,1064621961
1790757303964,sell,83078.9,0.00020077,1064621960
1790757303471,buy,83079.8,0.00041523,1064621959
1790757377023,buy,83087.6,0.00696943,1064622214
1790757376637,buy,83087.6,0.00252769,1064622213
1790757375990,sell,83087.5,0.00005282,1064622212
1790757375990,sell,83087.5,0.00000001,1064622211
1790757374169,buy,83084.9,0.00001209,1064622210
1790757374169,buy,83083.9,0.00018055,1064622209
1790757374169,buy,83080.8,0.0000102,1064622208
1790757374168,buy,83080,0.00494411,1064622207
1790757374049,buy,83079.9,0.0000102,1064622206
1790757374047,buy,83078.9,0.15194819,1064622205
1790757373591,buy,83078.9,0.00008999,1064622204
1790757373591,buy,83078.9,0.00000001,1064622203
1790757372239,sell,83078.8,0.000011,1064622202
1790757372237,sell,83079.2,0.0000102,1064622201
1790757372237,sell,83079.9,0.00002979,1064622200
1790757372237,sell,83079.9,0.0003381,1064622199
1790757371889,buy,83079.9,0.00013314,1064622198
1790757371295,buy,83076.1,0.00001209,1064622197
1790757370128,buy,83074.4,0.00273714,1064622196
1790757370126,buy,83073.2,0.00001209,1064622195
1790757370126,buy,83071.4,0.00024075,1064622194
1790757370125,buy,83070.3,0.00001209,1064622193
1790757370124,buy,83068.2,0.00024623,1064622192
1790757370123,buy,83066.7,0.00031142,1064622191
1790757370123,buy,83066.7,0.00208719,1064622190
1790757370123,buy,83066.7,0.00208718,1064622189
1790757367795,buy,83064.2,0.00208722,1064622188
1790757367795,buy,83064.2,0.00140345,1064622187
1790757367795,buy,83064.2,0.00068376,1064622186
1790757367635,sell,83064.1,0.00024623,1064622185
1790757367036,buy,83064.2,0.02452647,1064622184
1790757367036,buy,83064.2,0.07519143,1064622183
1790757367036,buy,83064.2,0.09749143,1064622182
1790757367036,buy,83064.2,0.1083,1064622181
1790757367036,buy,83064.2,0.00232881,1064622180
1790757367036,buy,83064.2,0.00116186,1064622179
1790757366530,buy,83064.2,0.00092583,1064622178
1790757366530,buy,83064.2,0.00001,1064622177
1790757366530,buy,83064.2,0.00022194,1064622176
1790757366530,buy,83064.2,0.00001,1064622175
1790757365653,sell,83065.4,0.00004592,1064622174
1790757365653,sell,83065.4,0.00001501,1064622173
1790757365652,sell,83066.6,0.0012,1064622172
1790757365645,sell,83066.6,0.00000001,1064622171
1790757365645,sell,83066.6,0.0015,1064622170
1790757365645,sell,83066.6,0.0012,1064622169
1790757365418,sell,83071.4,0.00013314,1064622168
1790757365418,sell,83073.3,0.00001209,1064622167
1790757365418,sell,83076.3,0.00018055,1064622166
1790757365418,sell,83076.3,0.00007479,1064622165
1790757365418,sell,83078.4,0.0000102,1064622164
1790757365314,sell,83078.8,0.00050756,1064622163
1790757365314,sell,83078.8,0.00602244,1064622162
1790757365312,sell,83079.9,0.00001224,1064622161
1790757362098,sell,83079.9,0.000242,1064622160
1790757362098,sell,83079.9,0.00001,1064622159
1790757361392,buy,83080,0.00007221,1064622158
1790757361154,buy,83079.9,0.00013314,1064622157
1790757361154,buy,83079,0.00001209,1064622156
1790757361154,buy,83078.8,0.00024073,1064622155
1790757361154,buy,83076.6,0.00001501,1064622154
1790757361081,buy,83073.2,0.00001209,1064622153
1790757361081,buy,83072.2,0.00018058,1064622152
1790757361081,buy,83070.3,0.00001209,1064622151
1790757361081,buy,83069.9,0.0000102,1064622150
1790757361081,buy,83066.5,0.0003848,1064622149
1790757361081,buy,83066.5,0.00237794,1064622148
1790757361081,buy,83066.5,0.00237794,1064622147
1790757360655,buy,83066.1,0.00001953,1064622146
1790757359016,buy,83065.8,0.0000102,1064622145
1790757359016,buy,83064.7,0.00242983,1064622144
1790757359016,buy,83064.7,0.001092,1064622143
1790757359015,buy,83064.7,0.00133761,1064622142
1790757359015,buy,83064.7,0.00001,1064622141
1790757359015,buy,83064.7,0.00001,1064622140
1790757358562,sell,83064.6,0.00071345,1064622139
1790757355483,sell,83064.6,0.01365494,1064622138
1790757355483,sell,83064.6,0.00001911,1064622137
1790757355483,sell,83064.6,0.00002942,1064622136
1790757355483,sell,83064.6,0.00022869,1064622135
1790757355483,sell,83064.6,0.00011123,1064622134
1790757355483,sell,83064.6,0.0015,1064622133
1790757355483,sell,83064.6,0.0012,1064622132
1790757355483,sell,83064.6,0.00602257,1064622131
1790757355483,sell,83064.6,0.00602446,1064622130
1790757355483,sell,83064.6,0.00018058,1064622129
1790757353687,sell,83067.2,0.00024835,1064622128
1790757353684,buy,83067.3,0.00163144,1064622127
1790757353682,sell,83067.5,0.00001209,1064622126
1790757353682,sell,83068.1,0.00026595,1064622125
1790757353682,sell,83073.4,0.00001714,1064622124
1790757353682,sell,83073.4,0.00003124,1064622123
1790757353682,sell,83073.4,0.00029347,1064622122
1790757352074,sell,83073.4,0.00011978,1064622121
1790757350916,buy,83073.2,0.00001209,1064622120
1790757350916,buy,83071.4,0.00013314,1064622119
1790757350916,buy,83070.3,0.00001209,1064622118
1790757350916,buy,83068.2,0.00025609,1064622117
1790757350916,buy,83068.2,0.00224779,1064622116
1790757350916,buy,83068.2,0.00224779,1064622115
1790781280912,sell,83989.4,0.00175322,1064911087
1790781280912,sell,83989.4,0.00109536,1064911086
1790781279700,buy,83989.5,0.000011,1064911085
1790781277912,sell,83989.4,0.000932,1064911084
1790781277912,sell,83989.4,0.00001987,1064911083
1790781274912,sell,83989.4,0.00198487,1064911082
1790781271913,sell,83990.4,0.0000102,1064911081
1790781271913,sell,83990.6,0.00017506,1064911080
1790781271913,sell,83990.6,0.00001797,1064911079
1790781271913,sell,83990.6,0.00001,1064911078
1790781271913,sell,83990.6,0.00001,1064911077
1790781271913,sell,83990.6,0.00141985,1064911076
1790781271912,sell,83990.6,0.00055448,1064911075
1790781271912,sell,83990.6,0.00012895,1064911074
1790781271912,sell,83990.6,0.00214323,1064911073
1790781271912,sell,83990.6,0.00001,1064911072
1790781271912,sell,83990.6,0.00001,1064911071
1790781271342,buy,83990.7,0.00016,1064911070
1790781269255,buy,83987.6,0.00001526,1064911069
1790781267592,buy,83982.8,0.001797,1064911068
1790781267045,buy,83982.6,0.00012704,1064911067
1790781267045,buy,83982.4,0.00001196,1064911066
1790781267045,buy,83981,0.000015,1064911065
1790781267040,buy,83979.4,0.00297857,1064911064
1790781267039,buy,83978.3,0.0000102,1064911063
1790781267035,buy,83974.2,0.0000102,1064911062
1790781267033,buy,83970.3,0.0000102,1064911061
1790781267033,buy,83970.2,0.00029796,1064911060
1790781267033,buy,83970.2,0.0023385,1064911059
1790781267033,buy,83970.2,0.00001,1064911058
1790781267033,buy,83970.2,0.00001,1064911057
1790781267033,buy,83970.2,0.0000374,1064911056
1790781267033,buy,83970.2,0.0044041,1064911055
1790781267033,buy,83970.2,0.01292309,1064911054
1790781267033,buy,83970.2,0.00223528,1064911053
1790781267033,buy,83970.2,0.00467962,1064911052
1790781267033,buy,83970.2,0.00228283,1064911051
1790781267033,buy,83970.2,0.00273226,1064911050
1790781267033,buy,83970.2,0.00185257,1064911049
1790781267033,buy,83970.2,0.01292322,1064911048
1790781267033,buy,83970.2,0.0000949,1064911047
1790781267033,buy,83970.2,0.00001,1064911046
1790781265912,sell,83970.1,0.00505248,1064911045
1790781265055,sell,83970.1,0.00001616,1064911044
1790781264070,sell,83970.8,0.00001196,1064911043
1790781264070,sell,83971.1,0.00005954,1064911042
1790781264070,sell,83972.1,0.0000102,1064911041
1790781264065,sell,83972.8,0.00091696,1064911040
1790781264060,sell,83973.4,0.001797,1064911039
1790781264060,sell,83973.7,0.00001196,1064911038
1790781264060,sell,83976.6,0.00001196,1064911037
1790781264060,sell,83979.6,0.00001196,1064911036
1790781264059,sell,83982.1,0.0000102,1064911035
1790781264059,sell,83982.7,0.00004608,1064911034
1790781264059,sell,83982.7,0.00213875,1064911033
1790781264058,sell,83982.7,0.00015367,1064911032
1790781264058,sell,83982.7,0.00224633,1064911031
1790781264056,sell,83982.7,0.00004609,1064911030
1790781264056,sell,83982.7,0.0020161,1064911029
1790781264056,sell,83982.7,0.00027631,1064911028
1790781264053,sell,83982.7,0.0020639,1064911027
1790781264053,sell,83982.7,0.0023402,1064911026
1790781264053,sell,83982.7,0.00001408,1064911025
1790781264053,sell,83982.7,0.00338182,1064911024
1790781263901,sell,83982.7,0.00020596,1064911023
1790781263653,sell,83982.7,0.04999,1064911022
1790781263631,sell,83982.7,0.000011,1064911021
1790781263153,buy,83985.2,0.05416,1064911020
1790781263150,sell,83985.4,0.00001196,1064911019
1790781263149,sell,83986.9,0.00035565,1064911018
1790781263148,sell,83990.4,0.0000102,1064911017
1790781263147,sell,83991,0.00400716,1064911016
1790781263133,sell,83991.5,0.00233996,1064911015
1790781263133,sell,83991.5,0.00233996,1064911014
1790781263133,sell,83991.5,0.00001291,1064911013
1790781263133,sell,83991.5,0.00328732,1064911012
1790781263058,sell,83991.5,0.000011,1064911011
1790781260682,buy,83991.6,0.0092783,1064911010
1790781260030,buy,83991.6,0.00005952,1064911009
1790781259104,buy,83991.6,0.000011,1064911008
1790781258435,sell,83991,0.00004758,1064911007
1790781255157,buy,83991.1,0.00000001,1064911006
1790781255157,buy,83991.1,0.00297821,1064911005
1790781254921,buy,83989.3,0.000015,1064911004
1790781254921,buy,83988.6,0.0000102,1064911003
1790781254921,buy,83988.3,0.00001196,1064911002
1790781254169,buy,83987,0.00002381,1064911001
1790781254138,buy,83987,0.00011906,1064911000
1790781253855,buy,83982.7,0.00001252,1064910999
1790781253545,sell,83986.9,0.00095409,1064910998
1790781253176,buy,83985.3,0.00001196,1064910997
1790781253176,buy,83984.6,0.0000102,1064910996
1790781253176,buy,83983.3,0.00033972,1064910995
1790781253078,buy,83982.4,0.00001196,1064910994
1790781253078,buy,83981,0.00001501,1064910993
1790781253070,buy,83978.3,0.0000102,1064910992
1790781253068,buy,83976.5,0.00001196,1064910991
1790781253067,buy,83973.6,0.0000102,1064910990
1790781253067,buy,83973.4,0.016173,1064910989
1790781253066,buy,83972.9,0.2,1064910988
1790781336299,buy,83953,0.00063999,1064911355
1790781336299,buy,83953,0.00000001,1064911354
1790781336109,sell,83952.9,0.000011,1064911353
1790781335908,sell,83953.4,0.00261299,1064911352
1790781335729,sell,83955.5,0.00595889,1064911351
1790781335729,sell,83955.5,0.0017179,1064911350
1790781335729,sell,83955.5,0.00171791,1064911349
1790781335729,sell,83955.5,0.00094478,1064911348
1790781335729,sell,83955.5,0.00595986,1064911347
1790781335655,buy,83955.6,0.00059555,1064911346
1790781335470,sell,83959,0.00001196,1064911345
1790781335468,sell,83966,0.0017177,1064911344
1790781335468,sell,83966,0.00171769,1064911343
1790781335468,sell,83966,0.00045887,1064911342
1790781335468,sell,83966,0.05416,1064911341
1790781335089,buy,83966.1,0.00000785,1064911340
1790781335089,buy,83966.1,0.00000001,1064911339
1790781334286,sell,83966.2,0.00066788,1064911338
1790781334213,buy,83966.3,0.000011,1064911337
1790781334206,buy,83966.3,0.0053,1064911336
1790781334200,buy,83964.8,0.00001196,1064911335
1790781334200,buy,83961.8,0.00001196,1064911334
1790781334200,buy,83960.3,0.0000102,1064911333
1790781334199,buy,83959.7,0.00297935,1064911332
1790781334197,buy,83957.8,0.00358,1064911331
1790781334192,buy,83957.8,0.01641564,1064911330
1790781334192,buy,83957.8,0.00777224,1064911329
1790781334191,buy,83957.8,0.03642776,1064911328
1790781334186,buy,83957.8,0.0058,1064911327
1790781333056,buy,83953.3,0.0000161,1064911326
1790781331956,buy,83953.3,0.00001777,1064911325
1790781331555,buy,83957.8,0.00000001,1064911324
1790781331555,buy,83956.1,0.00001501,1064911323
1790781331551,buy,83954.6,0.00297953,1064911322
1790781331541,buy,83953.3,0.0000102,1064911321
1790781331529,buy,83947.1,0.00001196,1064911320
1790781331526,buy,83944.2,0.00001196,1064911319
1790781331526,buy,83941.9,0.0000102,1064911318
1790781331526,buy,83941.4,0.0054,1064911317
1790781331525,buy,83941.3,0.00001196,1064911316
1790781331525,buy,83939.9,0.00000812,1064911315
1790781331524,buy,83939.9,0.00116188,1064911314
1790781331524,buy,83939.9,0.00028,1064911313
1790781331524,buy,83939.9,0.02631072,1064911312
1790781331524,buy,83939.9,0.02631072,1064911311
1790781331524,buy,83939.9,0.00184598,1064911310
1790781331524,buy,83939.9,0.00184598,1064911309
1790781331524,buy,83939.9,0.00001,1064911308
1790781331524,buy,83939.9,0.04853472,1064911307
1790781330855,buy,83935,0.00001506,1064911306
1790781330609,sell,83939.8,0.01489256,1064911305
1790781330484,buy,83939.9,0.00117,1064911304
1790781330330,buy,83935,0.00011437,1064911303
1790781329775,buy,83935,0.00001584,1064911302
1790781329202,buy,83939.9,0.00027428,1064911301
1790781328655,buy,83935,0.00001313,1064911300
1790781327555,buy,83935,0.00001389,1064911299
1790781325895,buy,83939.9,0.000011,1064911298
1790781325738,buy,83936.1,0.0000102,1064911297
1790781325474,buy,83934.6,0.00035742,1064911296
1790781323040,sell,83934.5,0.00897775,1064911295
1790781322986,sell,83934.8,0.00159141,1064911294
1790781322986,sell,83934.8,0.00159141,1064911293
1790781322260,sell,83934.8,0.04350747,1064911292
1790781322260,sell,83934.8,0.0015,1064911291
1790781322260,sell,83934.8,0.00001271,1064911290
1790781322260,sell,83934.8,0.00159141,1064911289
1790781322260,sell,83934.8,0.00159141,1064911288
1790781322260,sell,83934.8,0.001797,1064911287
1790781321949,buy,83934.9,0.02120197,1064911286
1790781321671,sell,83940.9,0.0000102,1064911285
1790781321670,sell,83945,0.00506257,1064911284
1790781321553,sell,83946.6,0.00001501,1064911283
1790781321553,sell,83947.2,0.00001196,1064911282
1790781321553,sell,83950.2,0.00001196,1064911281
1790781321552,sell,83955,0.00034966,1064911280
1790781321552,sell,83955,0.00001078,1064911279
1790781321552,sell,83955,0.00157997,1064911278
1790781321552,sell,83955,0.00158997,1064911277
1790781321552,sell,83955,0.00001,1064911276
1790781321552,sell,83955,0.032842,1064911275
1790781321552,sell,83955,0.00737102,1064911274
1790781321552,sell,83955,0.01394698,1064911273
1790781319417,sell,83955.1,0.00001154,1064911272
1790781319417,sell,83955.1,0.00001,1064911271
1790781319417,sell,83955.1,0.00158996,1064911270
1790781319417,sell,83955.1,0.00157997,1064911269
1790781316568,buy,83955.2,0.00017866,1064911268
1790781315696,sell,83955.1,0.00001,1064911267
1790781315694,sell,83955.1,0.2687911,1064911266
1790781315694,sell,83955.1,0.0015,1064911265
1790781315694,sell,83955.1,0.00001232,1064911264
1790781315694,sell,83955.1,0.00011958,1064911263
1790781315694,sell,83955.1,0.00021155,1064911262
1790781315694,sell,83955.1,0.00164192,1064911261
1790781315694,sell,83955.1,0.00152153,1064911260
1790781314355,buy,83955,0.00001964,1064911259
1790781313255,buy,83955,0.00001037,1064911258
1790781312184,buy,83955.2,0.00001163,1064911257
1790781312155,buy,83955,0.00001771,1064911256
1790781392106,sell,84021.3,0.0000102,1064912752
1790781392105,sell,84022.1,0.00233093,1064912751
1790781391908,sell,84022.1,0.00009501,1064912750
1790781391805,buy,84022.1,0.00001269,1064912749
1790781391804,buy,84022,0.01774,1064912748
1790781391795,buy,84022,0.000011,1064912747
1790781391788,buy,84021.8,0.00008482,1064912746
1790781391788,buy,84021.8,0.00001828,1064912745
1790781391788,buy,84021.7,0.00004615,1064912744
1790781391788,buy,84021.4,0.00002184,1064912743
1790781391788,buy,84021.3,0.00006898,1064912742
1790781391788,buy,84021.2,0.00015969,1064912741
1790781391788,buy,84021.2,0.00001003,1064912740
1790781391788,buy,84021.2,0.00009928,1064912739
1790781391788,buy,84021,0.00014508,1064912738
1790781391788,buy,84020.6,0.00079296,1064912737
1790781391788,buy,84020.6,0.00005018,1064912736
1790781391788,buy,84020.3,0.00005448,1064912735
1790781391788,buy,84020.1,0.00001183,1064912734
1790781391788,buy,84020,0.00026267,1064912733
1790781391788,buy,84020,0.00021266,1064912732
1790781391788,buy,84020,0.00006892,1064912731
1790781391788,buy,84020,0.00004143,1064912730
1790781391788,buy,84020,0.00001383,1064912729
1790781391788,buy,84020,0.0000612,1064912728
1790781391787,buy,84019.8,0.00101534,1064912727
1790781391787,buy,84019.8,0.00001055,1064912726
1790781391787,buy,84019.7,0.00001039,1064912725
1790781391787,buy,84019.7,0.00017859,1064912724
1790781391787,buy,84019.6,0.00037013,1064912723
1790781391787,buy,84019.6,0.00081311,1064912722
1790781391787,buy,84019.6,0.00001854,1064912721
1790781391787,buy,84019.4,0.00015863,1064912720
1790781391787,buy,84019.3,0.0000118,1064912719
1790781391787,buy,84019.3,0.00001427,1064912718
1790781391787,buy,84019.3,0.00001363,1064912717
1790781391787,buy,84019.3,0.00001102,1064912716
1790781391787,buy,84019.3,0.00010991,1064912715
1790781391787,buy,84019.3,0.00001862,1064912714
1790781391787,buy,84019.3,0.00001276,1064912713
1790781391787,buy,84019.3,0.00002399,1064912712
1790781391787,buy,84019.2,0.00001795,1064912711
1790781391787,buy,84019.2,0.00001221,1064912710
1790781391787,buy,84019.1,0.00001023,1064912709
1790781391787,buy,84019,0.00605542,1064912708
1790781391763,buy,84018.6,0.00004266,1064912707
1790781391763,buy,84018.6,0.00001039,1064912706
1790781391763,buy,84018.3,0.00069818,1064912705
1790781391763,buy,84018.3,0.00001076,1064912704
1790781391763,buy,84018.3,0.0000108,1064912703
1790781391763,buy,84018.3,0.0000108,1064912702
1790781391763,buy,84017.5,0.00002239,1064912701
1790781391763,buy,84017.3,0.00010119,1064912700
1790781391761,buy,84017.1,0.00002219,1064912699
1790781391761,buy,84017.1,0.00001695,1064912698
1790781391761,buy,84017.1,0.00002353,1064912697
1790781391761,buy,84017.1,0.00001698,1064912696
1790781391761,buy,84017.1,0.0002261,1064912695
1790781391761,buy,84017.1,0.00012118,1064912694
1790781391761,buy,84017.1,0.00002407,1064912693
1790781391761,buy,84017.1,0.00001788,1064912692
1790781391761,buy,84017.1,0.00057631,1064912691
1790781391761,buy,84017.1,0.00001493,1064912690
1790781391761,buy,84017.1,0.0000109,1064912689
1790781391761,buy,84017,0.00001035,1064912688
1790781391761,buy,84016.9,0.00001327,1064912687
1790781391761,buy,84016.9,0.00002271,1064912686
1790781391761,buy,84016.9,0.00032144,1064912685
1790781391761,buy,84016.8,0.00052023,1064912684
1790781391761,buy,84016.8,0.00005149,1064912683
1790781391761,buy,84016.8,0.00001149,1064912682
1790781391761,buy,84016.7,0.00001011,1064912681
1790781391761,buy,84016.6,0.00001026,1064912680
1790781391761,buy,84016.6,0.00033972,1064912679
1790781391761,buy,84016.4,0.00001597,1064912678
1790781391761,buy,84016.2,0.00001066,1064912677
1790781391761,buy,84016,0.00001061,1064912676
1790781391761,buy,84016,0.00001028,1064912675
1790781391761,buy,84016,0.00001032,1064912674
1790781391761,buy,84016,0.00001017,1064912673
1790781391761,buy,84015.9,0.00063073,1064912672
1790781391761,buy,84015.9,0.00001765,1064912671
1790781391761,buy,84015.8,0.0000102,1064912670
1790781391761,buy,84015.5,0.00016284,1064912669
1790781391761,buy,84015.5,0.00216004,1064912668
1790781391761,buy,84015.5,0.00001071,1064912667
1790781391761,buy,84015.4,0.00004718,1064912666
1790781391761,buy,84015.3,0.00007336,1064912665
1790781391760,buy,84015.2,0.00005847,1064912664
1790781391760,buy,84014.7,0.00001196,1064912663
1790781391760,buy,84014.7,0.00001093,1064912662
1790781391759,buy,84014.4,0.00001012,1064912661
1790781391759,buy,84014.3,0.00004928,1064912660
1790781391759,buy,84014.2,0.00062438,1064912659
1790781391759,buy,84014.2,0.00001123,1064912658
1790781391759,buy,84014.1,0.00001731,1064912657
1790781391759,buy,84014.1,0.01797,1064912656
1790781391759,buy,84013.8,0.00001834,1064912655
1790781391759,buy,84013.6,0.00132513,1064912654
1790781391759,buy,84013.5,0.0021338,1064912653
1790781445869,sell,83993.6,0.0566091,1064913120
1790781445869,sell,83993.7,0.0000102,1064913119
1790781445869,sell,83994.4,0.0015,1064913118
1790781445869,sell,83994.4,0.00074243,1064913117
1790781445869,sell,83994.4,0.00002021,1064913116
1790781445869,sell,83994.4,0.00184413,1064913115
1790781445869,sell,83994.4,0.00184393,1064913114
1790781445330,sell,83994.4,0.00001021,1064913113
1790781445330,sell,83994.4,0.00001,1064913112
1790781445330,sell,83994.4,0.00188405,1064913111
1790781445318,sell,83996,0.0018541,1064913110
1790781445318,sell,83996,0.0018541,1064913109
1790781445318,sell,83996,0.00001729,1064913108
1790781445318,sell,83996,0.0012322,1064913107
1790781445121,sell,83996,0.0015,1064913106
1790781445103,sell,83996,0.18062444,1064913105
1790781445103,sell,83996,0.1624,1064913104
1790781445101,sell,83996,0.03689798,1064913103
1790781445101,sell,83996,0.0254323,1064913102
1790781445088,sell,83996,0.0441,1064913101
1790781445052,sell,83996,0.000011,1064913100
1790781445052,sell,83996,0.08095839,1064913099
1790781445050,sell,83996,0.03764429,1064913098
1790781445050,sell,83996,0.00954453,1064913097
1790781445032,sell,83996,0.02976624,1064913096
1790781445030,sell,83996,0.36175704,1064913095
1790781445030,sell,83996.1,0.05424296,1064913094
1790781445030,sell,83998.7,0.0008608,1064913093
1790781445030,sell,83998.8,0.001854,1064913092
1790781445030,sell,83998.8,0.00184407,1064913091
1790781445030,sell,83998.8,0.00001,1064913090
1790781445030,sell,83998.8,0.00064262,1064913089
1790781444980,sell,84000.2,0.00001807,1064913088
1790781444980,sell,84000.2,0.00185401,1064913087
1790781444980,sell,84000.2,0.001854,1064913086
1790781444980,sell,84000.2,0.00000928,1064913085
1790781444255,buy,84000.3,0.0000182,1064913084
1790781444255,buy,84000.3,0.00000001,1064913083
1790781444005,sell,84000.2,0.00048,1064913082
1790781443864,sell,84003.6,0.00046009,1064913081
1790781443809,sell,84004.1,0.00177673,1064913080
1790781443809,sell,84004.1,0.00177673,1064913079
1790781443809,sell,84004.1,0.00184693,1064913078
1790781443809,sell,84004.1,0.00626021,1064913077
1790781443807,sell,84004.1,0.05372879,1064913076
1790781443338,sell,84004.1,0.000011,1064913075
1790781443233,buy,84004.2,0.00119041,1064913074
1790781443147,sell,84005.4,0.0000102,1064913073
1790781443147,sell,84005.8,0.00001021,1064913072
1790781443147,sell,84005.8,0.00213556,1064913071
1790781443147,sell,84005.8,0.00177669,1064913070
1790781443147,sell,84005.8,0.00176648,1064913069
1790781443057,sell,84005.8,0.0000102,1064913068
1790781443057,sell,84005.8,0.00000001,1064913067
1790781443056,buy,84005.7,0.00001605,1064913066
1790781442508,sell,84005.8,0.00002238,1064913065
1790781442508,sell,84005.8,0.0001,1064913064
1790781442508,sell,84005.8,0.0001,1064913063
1790781442508,sell,84005.8,0.0001,1064913062
1790781442508,sell,84005.8,0.0001,1064913061
1790781442508,sell,84005.8,0.0001,1064913060
1790781442508,sell,84005.8,0.0001,1064913059
1790781442508,sell,84005.8,0.0001,1064913058
1790781442508,sell,84005.8,0.0001,1064913057
1790781442508,sell,84005.8,0.0001,1064913056
1790781442508,sell,84005.8,0.00001,1064913055
1790781442508,sell,84005.8,0.00176059,1064913054
1790781442508,sell,84005.8,0.0017604,1064913053
1790781442508,sell,84005.8,0.00106325,1064913052
1790781442508,sell,84005.8,0.1624,1064913051
1790781442508,sell,84005.8,0.0015,1064913050
1790781442508,sell,84005.8,0.1855,1064913049
1790781442508,sell,84005.8,0.11974338,1064913048
1790781442508,sell,84005.8,0.17679,1064913047
1790781442508,sell,84005.8,0.051325,1064913046
1790781442155,buy,84002.1,0.00003571,1064913045
1790781441683,buy,83999.5,0.0000102,1064913044
1790781441683,buy,83998.7,0.0000102,1064913043
1790781441430,buy,83997.1,0.0000119,1064913042
1790781441207,buy,83997.1,0.04762069,1064913041
1790781440672,buy,83997.1,0.00040799,1064913040
1790781440672,buy,83997.1,0.00000001,1064913039
1790781440670,sell,83997.2,0.0000102,1064913038
1790781440670,sell,83997.4,0.00053739,1064913037
1790781440607,sell,84005.9,0.00180896,1064913036
1790781440607,sell,84006.9,0.00073148,1064913035
1790781440607,sell,84006.9,0.00594579,1064913034
1790781440591,sell,84007.5,0.00088591,1064913033
1790781440582,sell,84007.5,0.00241962,1064913032
1790781440582,sell,84007.5,0.02501363,1064913031
1790781440582,sell,84007.5,0.06034476,1064913030
1790781440520,sell,84007.7,0.0000102,1064913029
1790781440520,sell,84011.3,0.0000102,1064913028
1790781440520,sell,84011.7,0.00001611,1064913027
1790781440520,sell,84011.7,0.00047088,1064913026
1790781440435,buy,84011.8,0.00011903,1064913025
1790781438862,sell,84011.7,0.00007636,1064913024
1790781438862,sell,84011.7,0.00056765,1064913023
1790781437687,buy,84005.9,0.00001501,1064913022
1790781437687,sell,84005.8,0.00001,1064913021
1790781501948,buy,83877.2,0.00092277,1064913408
1790781496589,buy,83877.2,0.00003172,1064913407
1790781496589,buy,83877.2,0.00001,1064913406
1790781494645,sell,83877.1,0.02992602,1064913405
1790781494645,sell,83877.1,0.25752657,1064913404
1790781494645,sell,83877.1,0.00001968,1064913403
1790781494645,sell,83877.1,0.21997774,1064913402
1790781494645,sell,83877.1,0.0005469,1064913401
1790781494645,sell,83877.1,0.02077774,1064913400
1790781494645,sell,83877.1,0.00001,1064913399
1790781494645,sell,83877.1,0.00287937,1064913398
1790781494645,sell,83877.1,0.00286937,1064913397
1790781494645,sell,83877.1,0.00001,1064913396
1790781494645,sell,83877.1,0.00304361,1064913395
1790781490572,buy,83877.2,0.002,1064913394
1790781490311,buy,83877.2,0.000017,1064913393
1790781490307,sell,83877.8,0.02555907,1064913392
1790781490307,sell,83877.8,0.00287936,1064913391
1790781490307,sell,83877.8,0.00287936,1064913390
1790781490307,sell,83877.8,0.21569258,1064913389
1790781490307,sell,83877.8,0.1624,1064913388
1790781490307,sell,83877.8,0.00018361,1064913387
1790781490307,sell,83877.8,0.02509258,1064913386
1790781490307,sell,83877.8,0.14754407,1064913385
1790781490307,sell,83877.8,0.00001842,1064913384
1790781490307,sell,83877.8,0.00276136,1064913383
1790781490200,sell,83877.8,0.000011,1064913382
1790781489355,buy,83877.9,0.00005961,1064913381
1790781487700,buy,83877.9,0.00106448,1064913380
1790781484828,sell,83877.8,0.00001198,1064913379
1790781484828,sell,83877.8,0.00000059,1064913378
1790781484827,sell,83877.8,0.00037522,1064913377
1790781484827,sell,83877.8,0.00001913,1064913376
1790781484827,sell,83877.8,0.14754407,1064913375
1790781484827,sell,83877.8,0.00269146,1064913374
1790781484827,sell,83877.8,0.00269145,1064913373
1790781484827,sell,83877.8,0.00092467,1064913372
1790781484827,sell,83877.8,0.00705,1064913371
1790781483987,buy,83877.9,0.00063069,1064913370
1790781483516,buy,83877.9,0.00018359,1064913369
1790781483516,buy,83877.9,0.00000001,1064913368
1790781483428,sell,83878.5,0.00029999,1064913367
1790781483426,sell,83879.4,0.001797,1064913366
1790781483426,sell,83880,0.00001723,1064913365
1790781483426,sell,83880,0.00128361,1064913364
1790781483426,sell,83880,0.38497982,1064913363
1790781483425,sell,83880,0.0137673,1064913362
1790781483424,sell,83880,0.01379794,1064913361
1790781483424,sell,83880,0.08745494,1064913360
1790781483424,sell,83880,0.5,1064913359
1790781483424,sell,83880,0.29784506,1064913358
1790781483424,sell,83880,0.08937481,1064913357
1790781483424,sell,83880,0.10975034,1064913356
1790781482168,buy,83880.1,0.00007749,1064913355
1790781481912,sell,83880,0.00302979,1064913354
1790781481401,buy,83880.1,0.00252324,1064913353
1790781481401,buy,83880.1,0.00000001,1064913352
1790781481399,sell,83880.1,0.00051013,1064913351
1790781481395,sell,83883.2,0.00153736,1064913350
1790781481395,sell,83883.2,0.00000228,1064913349
1790781481379,sell,83883.2,0.00053,1064913348
1790781481348,sell,83883.3,0.00033972,1064913347
1790781481348,sell,83883.6,0.001797,1064913346
1790781481347,sell,83887.8,0.00001919,1064913345
1790781481347,sell,83887.8,0.00338297,1064913344
1790781481347,sell,83887.8,0.001786,1064913343
1790781480284,sell,83887.8,0.000011,1064913342
1790781480203,buy,83887.9,0.0006455,1064913341
1790781480203,buy,83887.9,0.00000001,1064913340
1790781480199,sell,83888.1,0.00172849,1064913339
1790781480199,sell,83888.5,0.00001197,1064913338
1790781480197,sell,83890,0.00183049,1064913337
1790781480197,sell,83890,0.9988,1064913336
1790781480195,sell,83890,0.0012,1064913335
1790781479760,sell,83891.4,0.00001197,1064913334
1790781479760,sell,83892,0.001797,1064913333
1790781479760,sell,83892.6,0.00001194,1064913332
1790781479760,sell,83892.6,0.00048805,1064913331
1790781479760,sell,83894.4,0.00001195,1064913330
1790781479759,sell,83897,0.00000031,1064913329
1790781479759,sell,83897,0.00044905,1064913328
1790781479759,sell,83897,0.00001795,1064913327
1790781478912,sell,83897,0.00081512,1064913326
1790781478912,sell,83897,0.0008738,1064913325
1790781478912,sell,83897,0.00059525,1064913324
1790781478912,sell,83897,0.001797,1064913323
1790781478097,sell,83897.8,0.00000532,1064913322
1790781478097,buy,83897.9,0.02548775,1064913321
1790781478097,buy,83897.9,0.005221,1064913320
1790781478097,sell,83897.8,0.0005,1064913319
1790781478095,sell,83900,0.00192896,1064913318
1790781478095,sell,83900,0.00062937,1064913317
1790781478095,sell,83900,0.93752086,1064913316
1790781478095,sell,83900,0.1624,1064913315
1790781478095,sell,83900,0.05758314,1064913314
1790781478095,sell,83900,0.0058,1064913313
1790781478095,sell,83900,0.0015,1064913312
1790781478094,sell,83900,0.02950176,1064913311
1790781478092,sell,83900,0.000011,1064913310
1790781478092,sell,83900,0.69026,1064913309
1790798798255,buy,83556.9,0.00001229,1064999793
1790798797646,buy,83556.9,0.000011,1064999792
1790798796652,buy,83556.9,0.000011,1064999791
1790798796188,buy,83553.5,0.00119622,1064999790
1790798793234,buy,83555.9,0.00001202,1064999789
1790798793234,buy,83555.1,0.0000102,1064999788
1790798793232,buy,83553.4,0.0000102,1064999787
1790798793229,buy,83552.6,0.000011,1064999786
1790798791908,buy,83552.6,0.00739147,1064999785
1790798791244,sell,83552.5,0.00001142,1064999784
1790798791244,sell,83552.5,0.00000001,1064999783
1790798791073,buy,83551.7,0.0000102,1064999782
1790798791071,buy,83551.2,0.02358786,1064999781
1790798790125,buy,83549.4,0.05707257,1064999780
1790798790125,buy,83548.6,0.000015,1064999779
1790798790125,buy,83548.5,0.00362562,1064999778
1790798790125,buy,83545.1,0.0000102,1064999777
1790798790125,buy,83545,0.00239548,1064999776
1790798790125,buy,83543.5,0.00045565,1064999775
1790798790125,buy,83543.4,0.00239548,1064999774
1790798790125,buy,83542.1,0.01403,1064999773
1790798790123,buy,83540,0.001,1064999772
1790798790122,buy,83536.8,0.005391,1064999771
1790798790122,buy,83536.2,0.19239236,1064999770
1790798790122,buy,83536.2,0.0186983,1064999769
1790798790122,buy,83534,0.08180681,1064999768
1790798790121,buy,83534,0.12702289,1064999767
1790798790121,buy,83533.6,0.00166244,1064999766
1790798790121,buy,83533.6,0.00166245,1064999765
1790798790121,buy,83533.6,0.10465222,1064999764
1790798789808,sell,83533.5,0.00043,1064999763
1790798787630,sell,83533.5,0.00047,1064999762
1790798787427,buy,83533.6,0.00160294,1064999761
1790798787417,buy,83533.6,0.000011,1064999760
1790798786617,sell,83533.5,0.00161,1064999759
1790798785472,buy,83533.6,0.000011,1064999758
1790798785461,buy,83532.7,0.07417488,1064999757
1790798785389,buy,83532.7,0.00005985,1064999756
1790798783226,buy,83531.8,0.00052807,1064999755
1790798783032,buy,83530.5,0.02813343,1064999754
1790798783000,buy,83528.1,0.0000102,1064999753
1790798782965,buy,83525.6,0.00014469,1064999752
1790798782965,buy,83525.6,0.00001,1064999751
1790798782965,buy,83525.6,0.00124057,1064999750
1790798782965,buy,83525.6,0.00026366,1064999749
1790798782965,buy,83525.6,0.00124058,1064999748
1790798782878,buy,83525.6,0.00017958,1064999747
1790798781074,sell,83531.7,0.00936398,1064999746
1790798780978,buy,83531.7,0.00080612,1064999745
1790798780978,buy,83531.7,0.21611355,1064999744
1790798780919,buy,83531.7,0.00614,1064999743
1790798780822,sell,83531.6,0.01005689,1064999742
1790798780822,sell,83531.6,0.0015,1064999741
1790798780822,sell,83531.6,0.00124058,1064999740
1790798780822,sell,83531.6,0.00124057,1064999739
1790798780822,sell,83531.6,0.00059318,1064999738
1790798779497,sell,83531.6,0.000011,1064999737
1790798777736,buy,83531.7,0.02994645,1064999736
1790798777371,buy,83523.1,0.0000102,1064999735
1790798777370,buy,83522.9,0.00006473,1064999734
1790798777370,buy,83522.9,0.0008883,1064999733
1790798777370,buy,83522.9,0.00782852,1064999732
1790798777370,buy,83522.9,0.00001,1064999731
1790798777370,buy,83522.9,0.00116056,1064999730
1790798777370,buy,83522.9,0.00782836,1064999729
1790798777370,buy,83522.9,0.00115087,1064999728
1790798777370,buy,83522.9,0.00001,1064999727
1790798777370,buy,83522.9,0.06,1064999726
1790798776475,sell,83520.8,0.05373699,1064999725
1790798776475,sell,83521.9,0.00001201,1064999724
1790798776475,sell,83522.5,0.0045639,1064999723
1790798776475,sell,83524.2,0.001797,1064999722
1790798776475,sell,83524.8,0.00001201,1064999721
1790798776475,sell,83525.1,0.000015,1064999720
1790798776475,sell,83528.4,0.001797,1064999719
1790798776475,sell,83529.4,0.30073164,1064999718
1790798776475,sell,83532.6,0.001797,1064999717
1790798776475,sell,83533.5,0.00093653,1064999716
1790798776475,sell,83533.5,0.13507032,1064999715
1790798776414,sell,83533.5,0.000011,1064999714
1790798776112,sell,83533.5,0.05936781,1064999713
1790798776070,buy,83533.6,0.00359136,1064999712
1790798776039,sell,83533.5,0.00376205,1064999711
1790798776036,sell,83533.5,0.01163266,1064999710
1790798776032,sell,83533.5,0.00466103,1064999709
1790798776030,sell,83533.5,0.01888248,1064999708
1790798776028,sell,83533.5,0.01934985,1064999707
1790798776027,sell,83533.5,0.00334365,1064999706
1790798776024,sell,83533.5,0.05369281,1064999705
1790798776017,sell,83533.5,0.19022634,1064999704
1790798775609,buy,83533.6,0.00599597,1064999703
1790798775602,sell,83536.8,0.0000102,1064999702
1790798775602,sell,83536.8,0.001797,1064999701
1790798775601,sell,83540,0.00004401,1064999700
1790798775599,sell,83540,0.001,1064999699
1790798775599,sell,83540,0.0069284,1064999698
1790798775569,sell,83540,0.00340001,1064999697
1790798775569,sell,83540,0.007622,1064999696
1790798775568,sell,83540,0.02992089,1064999695
1790798775568,sell,83540,0.01728018,1064999694
1790798851414,sell,83613.2,0.00100271,1064999983
1790798851414,sell,83613.2,0.00023964,1064999982
1790798851414,sell,83613.2,0.00173884,1064999981
1790798850668,sell,83613.2,0.00023579,1064999980
1790798850278,buy,83613.3,0.01523614,1064999979
1790798846940,buy,83610.7,0.0000598,1064999978
1790798844207,sell,83610.6,0.000011,1064999977
1790798843737,buy,83610.7,0.00001392,1064999976
1790798843737,buy,83610.7,0.00001,1064999975
1790798843261,sell,83612.7,0.00026141,1064999974
1790798843243,sell,83614,0.001797,1064999973
1790798843243,sell,83614.7,0.0000102,1064999972
1790798843243,sell,83615.9,0.00011031,1064999971
1790798843243,sell,83615.9,0.000011,1064999970
1790798843239,sell,83617.8,0.0000102,1064999969
1790798843239,sell,83618.2,0.001797,1064999968
1790798843237,sell,83621,0.00011549,1064999967
1790798843237,sell,83621,0.00017957,1064999966
1790798843237,sell,83621,0.00192912,1064999965
1790798843237,sell,83621,0.00095842,1064999964
1790798843237,sell,83621,0.00013999,1064999963
1790798843237,sell,83621,0.00095841,1064999962
1790798843237,sell,83621,0.00033776,1064999961
1790798843237,sell,83621,0.00057607,1064999960
1790798843237,sell,83621,0.0002999,1064999959
1790798843237,sell,83621,0.00042114,1064999958
1790798843237,sell,83621,0.00191944,1064999957
1790798843237,sell,83621,0.000272,1064999956
1790798843237,sell,83621,0.00021291,1064999955
1790798843237,sell,83621,0.00016522,1064999954
1790798843237,sell,83621,0.00071606,1064999953
1790798843237,sell,83621,0.00001,1064999952
1790798843237,sell,83621,0.00181676,1064999951
1790798843227,sell,83621,0.00001143,1064999950
1790798842268,buy,83618.4,0.00001202,1064999949
1790798842268,buy,83617.4,0.0000102,1064999948
1790798842266,buy,83616.6,0.00033972,1064999947
1790798842265,buy,83616,0.000272,1064999946
1790798842265,buy,83616,0.00248289,1064999945
1790798842265,buy,83616,0.00248288,1064999944
1790798842265,buy,83616,0.01794011,1064999943
1790798842138,buy,83616,0.00002989,1064999942
1790798841487,sell,83615.9,0.00095734,1064999941
1790798841401,sell,83615.9,0.00095853,1064999940
1790798840257,sell,83615.9,0.00143625,1064999939
1790798840257,sell,83615.9,0.00000001,1064999938
1790798839360,buy,83615.6,0.00001201,1064999937
1790798839360,buy,83613.2,0.0000102,1064999936
1790798838931,sell,83612.6,0.00095823,1064999935
1790798838696,sell,83612.6,0.00143628,1064999934
1790798837722,sell,83612.6,0.00143629,1064999933
1790798837401,buy,83612.7,0.000011,1064999932
1790798837326,sell,83612.6,0.00143613,1064999931
1790798837116,buy,83612.7,0.00609296,1064999930
1790798836106,buy,83612.6,0.00000024,1064999929
1790798836105,buy,83612.6,0.00000996,1064999928
1790798836105,buy,83612,0.00049984,1064999927
1790798836105,buy,83610.7,0.0000102,1064999926
1790798836105,buy,83609.9,0.00001201,1064999925
1790798835959,buy,83608.6,0.000011,1064999924
1790798835354,sell,83608.5,0.00095835,1064999923
1790798835316,buy,83608.6,0.00019136,1064999922
1790798834469,sell,83608.5,0.000798,1064999921
1790798834469,sell,83608.5,0.00016041,1064999920
1790798832707,sell,83608.5,0.00095834,1064999919
1790798831757,sell,83608.5,0.000011,1064999918
1790798831077,sell,83608.5,0.00095859,1064999917
1790798830081,buy,83605.6,0.0000102,1064999916
1790798830080,buy,83605.1,0.00201622,1064999915
1790798830080,buy,83605.1,0.00201621,1064999914
1790798830080,buy,83605.1,0.00095857,1064999913
1790798829166,sell,83605,0.00095858,1064999912
1790798828068,sell,83605,0.00081161,1064999911
1790798828068,sell,83605,0.0001469,1064999910
1790798827737,buy,83605.1,0.00002989,1064999909
1790798827737,buy,83605.1,0.00000001,1064999908
1790798826169,sell,83606.8,0.00016018,1064999907
1790798826067,sell,83610.3,0.00048159,1064999906
1790798825038,sell,83610.3,0.00095862,1064999905
1790798824671,sell,83610.3,0.00023565,1064999904
1790798823485,sell,83610.3,0.00095868,1064999903
1790798822182,buy,83604.2,0.00001201,1064999902
1790798822182,buy,83602.5,0.0000102,1064999901
1790798822182,buy,83602.3,0.00050601,1064999900
1790798822170,buy,83600.6,0.0000102,1064999899
1790798822170,buy,83600,0.01741882,1064999898
1790798822155,buy,83600,0.000011,1064999897
1790798821577,sell,83598,0.00095874,1064999896
1790798819456,sell,83598,0.00095881,1064999895
1790798819296,buy,83592.9,0.00001202,1064999894
1790798819296,buy,83590.7,0.0000102,1064999893
1790798819293,buy,83590.5,0.04284544,1064999892
1790798819222,buy,83590,0.00001202,1064999891
1790798819222,buy,83587.4,0.00026928,1064999890
1790798819222,buy,83587.4,0.00171359,1064999889
1790798819222,buy,83587.4,0.0017136,1064999888
1790798818715,buy,83587.3,0.0000102,1064999887
1790798818715,buy,83587.2,0.00001202,1064999886
1790798818715,buy,83584.7,0.01068501,1064999885
1790798818648,buy,83584.7,0.000011,1064999884
1790798907314,buy,83603,0.00461961,1065000194
1790798906812,buy,83603,0.0511,1065000193
1790798906417,buy,83603,0.00017999,1065000192
1790798906417,buy,83603,0.00000001,1065000191
1790798906114,sell,83602.9,0.00001143,1065000190
1790798905665,sell,83602.9,0.0001016,1065000189
1790798905665,sell,83602.9,0.00001624,1065000188
1790798903243,sell,83603.2,0.0000102,1065000187
1790798903243,sell,83603.3,0.00177887,1065000186
1790798903220,sell,83606.5,0.00242938,1065000185
1790798903220,sell,83606.5,0.00001,1065000184
1790798903220,sell,83606.5,0.00241927,1065000183
1790798903220,sell,83606.5,0.00001,1065000182
1790798903220,sell,83606.5,0.00477271,1065000181
1790798901841,sell,83606.5,0.00001143,1065000180
1790798901259,buy,83606.6,0.05469178,1065000179
1790798901259,buy,83606.6,0.18452378,1065000178
1790798901126,buy,83606.5,0.00001501,1065000177
1790798901126,buy,83603.5,0.00023922,1065000176
1790798901123,buy,83601.4,0.00001201,1065000175
1790798901119,buy,83598.5,0.00001201,1065000174
1790798901119,buy,83596.4,0.0000102,1065000173
1790798901116,buy,83596.1,0.00707633,1065000172
1790798901116,buy,83594.3,0.04817531,1065000171
1790798901116,buy,83594.3,0.09928197,1065000170
1790798901116,buy,83594.3,0.00008692,1065000169
1790798901116,buy,83594.3,0.00201413,1065000168
1790798901116,buy,83594.3,0.0004359,1065000167
1790798901116,buy,83594.3,0.00200449,1065000166
1790798901116,buy,83594.3,0.00001,1065000165
1790798900434,buy,83594.3,0.00018063,1065000164
1790798900416,sell,83599.8,0.00120022,1065000163
1790798899845,buy,83594.3,0.00077088,1065000162
1790798899845,buy,83594.3,0.0264,1065000161
1790798899845,buy,83594.3,0.00871342,1065000160
1790798899487,buy,83594.3,0.00181295,1065000159
1790798898382,buy,83594.3,0.00060122,1065000158
1790798897839,buy,83594.3,0.04728646,1065000157
1790798897839,buy,83594.3,0.00000001,1065000156
1790798897837,sell,83595.7,0.0000102,1065000155
1790798897837,sell,83595.8,0.00001201,1065000154
1790798897837,sell,83598.6,0.00001201,1065000153
1790798897837,sell,83599.8,0.0000102,1065000152
1790798897837,sell,83599.9,0.00001771,1065000151
1790798897785,sell,83599.9,0.000011,1065000150
1790798897749,sell,83600,0.00000001,1065000149
1790798897749,sell,83600,0.00002392,1065000148
1790798897748,sell,83603.4,0.00063327,1065000147
1790798897748,sell,83603.4,0.00001932,1065000146
1790798897748,sell,83603.4,0.00000846,1065000145
1790798897666,sell,83603.4,0.00169529,1065000144
1790798897666,sell,83603.4,0.00003471,1065000143
1790798896026,sell,83609,0.05957547,1065000142
1790798895936,sell,83607.2,0.00001201,1065000141
1790798895935,sell,83609.1,0.01196042,1065000140
1790798895935,sell,83609.1,0.00003787,1065000139
1790798895935,sell,83609.1,0.00248263,1065000138
1790798895582,sell,83609.1,0.000011,1065000137
1790798895455,sell,83609.1,0.00001243,1065000136
1790798894852,buy,83609.2,0.00514772,1065000135
1790798893464,buy,83609.2,0.00001196,1065000134
1790798893299,sell,83609.1,0.04262339,1065000133
1790798893299,sell,83609.1,0.00253704,1065000132
1790798893299,sell,83609.1,0.00047168,1065000131
1790798893299,sell,83609.1,0.00001,1065000130
1790798893299,sell,83609.1,0.00201414,1065000129
1790798893299,sell,83609.1,0.0004359,1065000128
1790798893299,sell,83609.1,0.00201413,1065000127
1790798893299,sell,83609.1,0.00004131,1065000126
1790798888831,buy,83609.2,0.00008282,1065000125
1790798888831,buy,83609.2,0.00000001,1065000124
1790798886926,sell,83609.3,0.0017876,1065000123
1790798885973,buy,83609.2,0.00202838,1065000122
1790798885973,buy,83609.2,0.00134753,1065000121
1790798885973,buy,83609.2,0.00067111,1065000120
1790798885973,buy,83609.2,0.00001,1065000119
1790798885151,sell,83609.1,0.00001143,1065000118
1790798884895,buy,83609.2,0.11978346,1065000117
1790798884537,buy,83609.2,0.00002392,1065000116
1790798882190,buy,83609.2,0.00002392,1065000115
1790798880965,sell,83609.1,0.00004475,1065000114
1790798880965,sell,83609.1,0.00001501,1065000113
1790798880595,sell,83610,0.00001201,1065000112
1790798880595,sell,83610.7,0.00001652,1065000111
1790798880594,sell,83614.4,0.0000102,1065000110
1790798880593,sell,83616.7,0.0000102,1065000109
1790798880591,sell,83617.5,0.0000102,1065000108
1790798880591,sell,83618.1,0.00007931,1065000107
1790798880591,sell,83618.1,0.00300698,1065000106
1790798880591,sell,83618.1,0.00115644,1065000105
1790798880591,sell,83618.1,0.00009737,1065000104
1790798880591,sell,83618.1,0.00002662,1065000103
1790798880591,sell,83618.1,0.00030519,1065000102
1790798880591,sell,83618.1,0.0023907,1065000101
1790798880591,sell,83618.1,0.00009809,1065000100
1790798880591,sell,83618.1,0.00001,1065000099
1790798880591,sell,83618.1,0.00230539,1065000098
1790798880591,sell,83618.1,0.00008759,1065000097
1790798880591,sell,83618.1,0.00242686,1065000096
1790798880591,sell,83618.1,0.00001,1065000095
1790798963720,sell,83610.1,0.000011,1065000287
1790798959633,sell,83612.8,0.00183474,1065000286
1790798955624,sell,83613.7,0.0264,1065000285
1790798955624,sell,83613.7,0.00015905,1065000284
1790798955624,sell,83613.7,0.09591,1065000283
1790798955624,sell,83613.7,0.000474,1065000282
1790798955624,sell,83613.7,0.00231246,1065000281
1790798955624,sell,83613.7,0.00058648,1065000280
1790798955624,sell,83613.7,0.00026302,1065000279
1790798955624,sell,83613.7,0.000718,1065000278
1790798955624,sell,83613.7,0.00012172,1065000277
1790798955624,sell,83613.7,0.00231225,1065000276
1790798955624,sell,83613.7,0.00001,1065000275
1790798955624,sell,83613.7,0.00133757,1065000274
1790798955624,sell,83613.7,0.17685905,1065000273
1790798955624,sell,83613.7,0.00144938,1065000272
1790798955608,sell,83613.7,0.07975062,1065000271
1790798955608,sell,83613.7,0.0015,1065000270
1790798955608,sell,83613.7,0.0264,1065000269
1790798955608,sell,83613.7,0.17951841,1065000268
1790798955608,sell,83613.7,0.00598394,1065000267
1790798955557,buy,83613.8,0.0002898,1065000266
1790798955557,buy,83613,0.00023919,1065000265
1790798955557,buy,83612.8,0.00001201,1065000264
1790798955553,buy,83609.9,0.00001201,1065000263
1790798955553,buy,83607.5,0.0000102,1065000262
1790798953855,buy,83603.8,0.00001753,1065000261
1790798950198,buy,83603.8,0.000011,1065000260
1790798947900,sell,83603.7,0.01704573,1065000259
1790798946165,sell,83604.3,0.00001201,1065000258
1790798946164,sell,83607.1,0.00082532,1065000257
1790798946164,sell,83607.1,0.00216165,1065000256
1790798945589,sell,83610.5,0.00144599,1065000255
1790798945589,sell,83610.5,0.00598374,1065000254
1790798945589,sell,83610.5,0.06,1065000253
1790798945584,sell,83615,0.00227554,1065000252
1790798945584,sell,83615,0.00093405,1065000251
1790798941537,buy,83615.1,0.00002391,1065000250
1790798940538,sell,83615,0.00129,1065000249
1790798940451,buy,83614.9,0.00001501,1065000248
1790798940451,buy,83614.6,0.0000102,1065000247
1790798940451,buy,83610.6,0.00046062,1065000246
1790798940411,buy,83610.6,0.0001518,1065000245
1790798940411,buy,83608.3,0.0000102,1065000244
1790798940409,buy,83606.5,0.00001501,1065000243
1790798940404,buy,83604.6,0.00158973,1065000242
1790798940402,buy,83604.6,0.05841027,1065000241
1790798940402,buy,83604.2,0.00001201,1065000240
1790798940402,buy,83603.8,0.02157772,1065000239
1790798940402,buy,83603.8,0.03842228,1065000238
1790798940402,buy,83603.6,0.00084811,1065000237
1790798940402,buy,83603.6,0.00069539,1065000236
1790798940402,buy,83601.4,0.00001201,1065000235
1790798940402,buy,83598.5,0.00001201,1065000234
1790798940402,buy,83597.2,0.0000102,1065000233
1790798940402,buy,83596.7,0.14920555,1065000232
1790798940402,buy,83596.7,0.0015,1065000231
1790798940402,buy,83595.5,0.0000102,1065000230
1790798940402,buy,83594.9,0.00289921,1065000229
1790798940402,buy,83594.9,0.00289921,1065000228
1790798940402,buy,83594.9,0.00082867,1065000227
1790798940402,buy,83594.9,0.00873,1065000226
1790798940402,buy,83594.9,0.1902043,1065000225
1790798940059,buy,83594.9,0.00276582,1065000224
1790798938178,buy,83594.9,0.000011,1065000223
1790798935376,buy,83594.9,0.08056711,1065000222
1790798932519,buy,83594.9,0.00195142,1065000221
1790798932519,buy,83594.9,0.00052621,1065000220
1790798932519,buy,83594.9,0.0026361,1065000219
1790798932519,buy,83594.9,0.00263611,1065000218
1790798932519,buy,83594.9,0.00140241,1065000217
1790798932519,buy,83594.9,0.00140241,1065000216
1790798932519,buy,83594.9,0.00108533,1065000215
1790798932004,buy,83594.9,0.0122,1065000214
1790798919411,sell,83594.8,0.00237395,1065000213
1790798919267,buy,83594.9,0.03617463,1065000212
1790798919267,buy,83594.9,0.0007,1065000211
1790798919265,sell,83595.4,0.00299208,1065000210
1790798919265,sell,83595.8,0.00001201,1065000209
1790798919265,sell,83598.6,0.00001201,1065000208
1790798919265,sell,83601.5,0.00001201,1065000207
1790798919265,sell,83602.9,0.0296232,1065000206
1790798919265,sell,83603.7,0.00278076,1065000205
1790798919265,sell,83603.7,0.00278075,1065000204
1790798919265,sell,83603.7,0.00168114,1065000203
1790798918607,sell,83603.7,0.000011,1065000202
1790798917496,sell,83604,0.0000102,1065000201
1790798917494,sell,83605.1,0.00278595,1065000200
1790798913882,buy,83605.2,0.00001021,1065000199
1790798913882,buy,83605.2,0.0001518,1065000198
1790798913882,buy,83603.9,0.0000102,1065000197
1790798912801,buy,83603,0.00641612,1065000196
1790798911929,sell,83602.9,0.00003956,1065000195
1790799018169,buy,83596.7,0.00023924,1065000452
1790799010208,buy,83596.7,0.00011962,1065000451
1790799005305,sell,83596.6,0.00001142,1065000450
1790799005305,sell,83596.6,0.00000001,1065000449
1790799003909,buy,83596.7,0.00126374,1065000448
1790799003551,buy,83594.7,0.0000102,1065000447
1790799003550,buy,83593.8,0.0000102,1065000446
1790799003550,buy,83593.5,0.00208272,1065000445
1790799003550,buy,83593.5,0.00208272,1065000444
1790799003550,buy,83593.5,0.00473947,1065000443
1790799003549,buy,83593.5,0.00081399,1065000442
1790799003549,buy,83593.5,0.00515601,1065000441
1790799003549,buy,83593.5,0.00039745,1065000440
1790799003549,buy,83593.5,0.00041455,1065000439
1790799003539,buy,83593.2,0.00598281,1065000438
1790799003539,buy,83593.2,0.00184,1065000437
1790799003539,buy,83593.2,0.0001,1065000436
1790799003539,buy,83593.2,0.00093514,1065000435
1790799003539,buy,83593.2,0.00454322,1065000434
1790798998044,sell,83598.6,0.00024934,1065000433
1790798998041,sell,83598.6,0.00775066,1065000432
1790798998041,sell,83598.6,0.00042979,1065000431
1790798997869,sell,83607.2,0.00047757,1065000430
1790798997855,sell,83592.8,0.06674621,1065000429
1790798997855,sell,83593,0.001797,1065000428
1790798997855,sell,83593,0.00001201,1065000427
1790798997855,sell,83595.7,0.0000102,1065000426
1790798997855,sell,83595.8,0.00001201,1065000425
1790798997855,sell,83597.2,0.001797,1065000424
1790798997855,sell,83598.6,0.00001201,1065000423
1790798997855,sell,83601.4,0.001797,1065000422
1790798997855,sell,83601.5,0.00001201,1065000421
1790798997855,sell,83602.1,0.0000102,1065000420
1790798997855,sell,83604.2,0.00598534,1065000419
1790798997855,sell,83604.3,0.00001201,1065000418
1790798997855,sell,83605.6,0.001797,1065000417
1790798997854,sell,83607.2,0.00001201,1065000416
1790798997853,sell,83607.8,0.02369312,1065000415
1790798997853,sell,83607.8,0.0015,1065000414
1790798997851,sell,83607.8,0.02480688,1065000413
1790798997851,sell,83608.7,0.00159312,1065000412
1790798997849,sell,83608.7,0.00439099,1065000411
1790798997849,sell,83609.8,0.001797,1065000410
1790798997849,sell,83610,0.00001201,1065000409
1790798997847,sell,83612.9,0.00001201,1065000408
1790798997847,sell,83614,0.001797,1065000407
1790798997847,sell,83614,0.0001875,1065000406
1790798997845,sell,83615.5,0.000011,1065000405
1790798997845,sell,83615.7,0.00001201,1065000404
1790798997844,sell,83618.2,0.001797,1065000403
1790798997844,sell,83618.5,0.00001201,1065000402
1790798997844,sell,83618.7,0.16396217,1065000401
1790798997844,sell,83619.2,0.06,1065000400
1790798997844,sell,83619.2,0.03594844,1065000399
1790798997844,sell,83620.2,0.06,1065000398
1790798997844,sell,83620.4,0.06,1065000397
1790798997844,sell,83621.2,0.00023917,1065000396
1790798997844,sell,83621.6,0.13304794,1065000395
1790798997844,sell,83621.6,0.0624,1065000394
1790798997844,sell,83621.7,0.17360218,1065000393
1790798997844,sell,83622.1,0.06,1065000392
1790798997844,sell,83622.6,0.00401027,1065000391
1790798997844,sell,83622.6,0.01769175,1065000390
1790798997844,sell,83622.6,0.0000102,1065000389
1790798997844,sell,83622.6,0.00299113,1065000388
1790798997844,sell,83622.8,0.00598411,1065000387
1790798997844,sell,83622.9,0.00013998,1065000386
1790798997844,sell,83622.9,0.000067,1065000385
1790798997844,sell,83624.3,0.00105519,1065000384
1790798997844,sell,83624.3,0.02,1065000383
1790798997844,sell,83624.3,0.00017715,1065000382
1790798997844,sell,83624.3,0.00017715,1065000381
1790798997844,sell,83624.3,0.00017715,1065000380
1790798997844,sell,83624.3,0.00020826,1065000379
1790798997844,sell,83624.3,0.00014473,1065000378
1790798997844,sell,83624.3,0.00055083,1065000377
1790798997844,sell,83624.3,0.00038784,1065000376
1790798997844,sell,83624.3,0.00005873,1065000375
1790798997844,sell,83624.3,0.00001,1065000374
1790798997844,sell,83624.3,0.002212,1065000373
1790798997844,sell,83624.3,0.00204354,1065000372
1790798997844,sell,83624.3,0.0001001,1065000371
1790798997844,sell,83624.3,0.00016704,1065000370
1790798997844,sell,83624.3,0.06,1065000369
1790798997844,sell,83624.3,0.0812,1065000368
1790798997844,sell,83624.3,0.0264,1065000367
1790798997844,sell,83624.3,0.0015,1065000366
1790798997844,sell,83624.3,0.17232821,1065000365
1790798997844,sell,83624.3,0.16667715,1065000364
1790798997844,sell,83624.3,0.21852,1065000363
1790798997844,sell,83624.3,0.056863,1065000362
1790798996709,buy,83620.3,0.00046991,1065000361
1790798996709,buy,83620.3,0.00046991,1065000360
1790798996709,buy,83620.3,0.00046991,1065000359
1790798996709,buy,83620.3,0.00046991,1065000358
1790798996709,buy,83620.3,0.00046991,1065000357
1790798996709,buy,83620.3,0.00046991,1065000356
1790798996709,buy,83620.3,0.00046991,1065000355
1790798996709,buy,83620.3,0.00046991,1065000354
1790798996709,buy,83620.3,0.00046991,1065000353
1790811955803,sell,83582.9,0.00437391,1065025663
1790811955803,sell,83583,0.00296998,1065025662
1790811955803,sell,83583,0.00345723,1065025661
1790811955803,sell,83583,0.00345724,1065025660
1790811955803,sell,83583,0.0453,1065025659
1790811953168,sell,83583.3,0.00177954,1065025658
1790811953168,sell,83583.3,0.00032872,1065025657
1790811953138,sell,83583.3,0.000011,1065025656
1790811953009,sell,83584.1,0.00029999,1065025655
1790811953009,sell,83584.6,0.001797,1065025654
1790811953007,sell,83587.4,0.0000102,1065025653
1790811953007,sell,83588.4,0.00023926,1065025652
1790811953007,sell,83588.8,0.001797,1065025651
1790811953006,sell,83590.1,0.000012,1065025650
1790811953004,sell,83592.4,0.00121793,1065025649
1790811953000,sell,83592.4,0.10321226,1065025648
1790811953000,sell,83592.4,0.0521,1065025647
1790811952999,sell,83593,0.001797,1065025646
1790811952999,sell,83593,0.00001201,1065025645
1790811952999,sell,83593.5,0.001196,1065025644
1790811952999,sell,83593.6,0.00230083,1065025643
1790811952999,sell,83595.8,0.000012,1065025642
1790811952999,sell,83597,0.0000114,1065025641
1790811952999,sell,83597.2,0.001797,1065025640
1790811952999,sell,83600,0.0001928,1065025639
1790811952999,sell,83600,0.00121746,1065025638
1790811952999,sell,83600,0.00345653,1065025637
1790811952999,sell,83600,0.00345654,1065025636
1790811952999,sell,83600,0.02990428,1065025635
1790811952999,sell,83600,0.0504,1065025634
1790811952999,sell,83600,0.0000363,1065025633
1790811952999,sell,83600,0.01339962,1065025632
1790811950485,buy,83600.1,0.00268899,1065025631
1790811947009,buy,83600.1,0.00035885,1065025630
1790811946603,buy,83600.1,0.00002392,1065025629
1790811942170,buy,83600.1,0.00058668,1065025628
1790811940916,buy,83600.1,0.00418645,1065025627
1790811940575,buy,83600.1,0.00628171,1065025626
1790811939967,buy,83600.1,0.00003947,1065025625
1790811936255,sell,83600,0.0000196,1065025624
1790811930312,sell,83600,0.00003376,1065025623
1790811928456,buy,83600.1,0.00001656,1065025622
1790811927410,buy,83600.1,0.02361713,1065025621
1790811926183,buy,83600.1,0.0003695,1065025620
1790811926070,sell,83600,0.00397684,1065025619
1790811926003,buy,83600.1,0.06014267,1065025618
1790811926003,buy,83600.1,0.00000001,1065025617
1790811925432,sell,83600.4,0.00001501,1065025616
1790811925432,sell,83601.4,0.001797,1065025615
1790811925428,sell,83605.4,0.0000102,1065025614
1790811925428,sell,83605.6,0.001797,1065025613
1790811925428,sell,83606.2,0.00017941,1065025612
1790811925428,sell,83607.2,0.00001201,1065025611
1790811925427,sell,83609,0.008115,1065025610
1790811925427,sell,83609.3,0.00383354,1065025609
1790811925427,sell,83609.3,0.0663,1065025608
1790811924776,sell,83609.5,0.0000102,1065025607
1790811924776,sell,83609.8,0.00031979,1065025606
1790811924776,sell,83609.8,0.00050667,1065025605
1790811924776,sell,83609.8,0.001797,1065025604
1790811924732,sell,83610,0.00001201,1065025603
1790811924732,sell,83610.4,0.0000102,1065025602
1790811924732,sell,83610.9,0.0001794,1065025601
1790811924732,sell,83611.2,0.00181063,1065025600
1790811924732,sell,83611.2,0.00015492,1065025599
1790811920590,buy,83611.3,0.0000299,1065025598
1790811919359,buy,83611.3,0.00401663,1065025597
1790811918937,buy,83611.3,0.0001196,1065025596
1790811918169,buy,83611.3,0.0008372,1065025595
1790811915199,sell,83612.9,0.00001201,1065025594
1790811915199,sell,83613.7,0.0000102,1065025593
1790811915199,sell,83614,0.001797,1065025592
1790811915199,sell,83615.6,0.00017939,1065025591
1790811915199,sell,83616.2,0.0000102,1065025590
1790811915198,sell,83617,0.00021287,1065025589
1790811915198,sell,83617.1,0.00270256,1065025588
1790811915198,sell,83617.1,0.00224798,1065025587
1790811915198,sell,83617.1,0.01793891,1065025586
1790811914970,buy,83617.2,0.00004783,1065025585
1790811914887,buy,83617.2,0.00003587,1065025584
1790811913333,sell,83618.2,0.001797,1065025583
1790811913333,sell,83619.1,0.00377633,1065025582
1790811913333,sell,83619.1,0.00177591,1065025581
1790811913255,sell,83620.2,0.00032081,1065025580
1790811913255,sell,83620.2,0.06,1065025579
1790811913255,sell,83620.4,0.0000102,1065025578
1790811913255,sell,83621.2,0.01196699,1065025577
1790811913255,sell,83622.9,0.0000102,1065025576
1790811913255,sell,83623.3,0.00006591,1065025575
1790811913255,sell,83623.3,0.00026297,1065025574
1790811913255,sell,83623.3,0.00182047,1065025573
1790811913255,sell,83623.3,0.0059835,1065025572
1790811913255,sell,83623.3,0.00108307,1065025571
1790811913255,sell,83623.3,0.00029378,1065025570
1790811913255,sell,83623.3,0.00001,1065025569
1790811913255,sell,83623.3,0.00001,1065025568
1790811913255,sell,83623.3,0.00109803,1065025567
1790811913255,sell,83623.3,0.00001,1065025566
1790811913255,sell,83623.3,0.00662069,1065025565
1790811913255,sell,83623.3,0.00001015,1065025564
1790812013783,sell,83580.2,0.00023565,1065025798
1790812010352,sell,83580.2,0.0007917,1065025797
1790812009061,buy,83580.3,0.00011964,1065025796
1790812007098,sell,83580.2,0.00012136,1065025795
1790812006880,sell,83581.8,2.35405015,1065025794
1790812006880,sell,83582.3,0.0361,1065025793
1790812006880,sell,83582.3,0.1054,1065025792
1790812006880,sell,83582.3,0.0015,1065025791
1790812006880,sell,83582.3,0.0011098,1065025790
1790812006880,sell,83582.3,0.00598633,1065025789
1790812006880,sell,83582.3,0.00453552,1065025788
1790812006880,sell,83582.3,0.0023118,1065025787
1790812006880,sell,83582.3,0.0699,1065025786
1790812006880,sell,83582.3,0.00026026,1065025785
1790812006880,sell,83582.3,0.00001,1065025784
1790812006880,sell,83582.3,0.00172871,1065025783
1790812006880,sell,83582.3,0.00001,1065025782
1790812006880,sell,83582.3,0.00026847,1065025781
1790812006880,sell,83582.3,0.00200708,1065025780
1790812006880,sell,83582.3,0.00171844,1065025779
1790812006880,sell,83582.3,0.0002615,1065025778
1790812006880,sell,83582.3,0.00001,1065025777
1790812006880,sell,83582.3,0.00001,1065025776
1790812006880,sell,83582.3,0.00026822,1065025775
1790812006880,sell,83582.3,0.00025848,1065025774
1790812006880,sell,83582.3,0.00228524,1065025773
1790812006880,sell,83582.3,0.00001,1065025772
1790812000966,buy,83582.4,0.00001232,1065025771
1790811998889,buy,83582.4,0.04033122,1065025770
1790811998889,buy,83582.4,0.00030431,1065025769
1790811998889,buy,83582.4,0.00226788,1065025768
1790811998889,buy,83582.4,0.0012,1065025767
1790811998889,buy,83582.4,0.0015,1065025766
1790811998889,buy,83582.4,0.00026026,1065025765
1790811998889,buy,83582.4,0.0017033,1065025764
1790811997867,buy,83582.3,0.00008853,1065025763
1790811994749,sell,83582.3,0.00002,1065025762
1790811991378,buy,83582.3,0.00017946,1065025761
1790811989135,buy,83582.3,0.00059821,1065025760
1790811988308,buy,83582.4,0.00043445,1065025759
1790811988308,buy,83582.4,0.00213774,1065025758
1790811987422,buy,83579.7,0.00179469,1065025757
1790811985195,sell,83582.3,0.01214418,1065025756
1790811982881,buy,83582.3,0.0012,1065025755
1790811982828,buy,83581.5,0.00001201,1065025754
1790811982827,buy,83579.6,0.008974,1065025753
1790811982754,buy,83579.6,0.000011,1065025752
1790811982698,buy,83575.7,0.00035895,1065025751
1790811982297,buy,83579,0.00213783,1065025750
1790811982297,buy,83579,0.00213783,1065025749
1790811982297,buy,83579,0.0012,1065025748
1790811979649,buy,83575.7,0.00239304,1065025747
1790811975931,buy,83575.7,0.00029913,1065025746
1790811975588,buy,83579,0.00011059,1065025745
1790811975588,buy,83578.7,0.00001201,1065025744
1790811975588,buy,83578.6,0.000015,1065025743
1790811975588,buy,83577.6,0.0000102,1065025742
1790811975588,buy,83576.8,0.0000102,1065025741
1790811975587,buy,83575.7,0.0012,1065025740
1790811975587,buy,83575.7,0.0015,1065025739
1790811973912,buy,83575.7,0.00295679,1065025738
1790811971647,buy,83574.7,0.0000102,1065025737
1790811971646,buy,83570.2,0.000015,1065025736
1790811971646,buy,83568.4,0.0000102,1065025735
1790811971645,buy,83567.2,0.01172767,1065025734
1790811971569,buy,83564.4,0.00001201,1065025733
1790811971569,buy,83562.2,0.00228605,1065025732
1790811971569,buy,83562.2,0.00228605,1065025731
1790811971569,buy,83562.2,0.011169,1065025730
1790811971461,buy,83562.2,0.000011,1065025729
1790811971398,buy,83561.7,0.0000102,1065025728
1790811971398,buy,83560.9,0.0000102,1065025727
1790811971395,buy,83559.2,0.0000102,1065025726
1790811971392,buy,83557.9,0.73756539,1065025725
1790811971392,buy,83557.9,0.18839191,1065025724
1790811971392,buy,83557.9,0.0361,1065025723
1790811971392,buy,83557.9,0.00009895,1065025722
1790811971392,buy,83557.9,0.00621769,1065025721
1790811971392,buy,83557.9,0.00001,1065025720
1790811971392,buy,83557.9,0.00207996,1065025719
1790811971392,buy,83557.9,0.00197959,1065025718
1790811971392,buy,83557.9,0.00001,1065025717
1790811971392,buy,83557.9,0.00011891,1065025716
1790811971392,buy,83557.9,0.0002499,1065025715
1790811971392,buy,83557.9,0.00277737,1065025714
1790811971392,buy,83557.9,0.00555456,1065025713
1790811971392,buy,83557.9,0.00001,1065025712
1790811971392,buy,83557.9,0.00206955,1065025711
1790811971392,buy,83557.9,0.00067979,1065025710
1790811971392,buy,83557.9,0.00001,1065025709
1790811971392,buy,83557.9,0.00068678,1065025708
1790811971392,buy,83557.9,0.00135993,1065025707
1790811971392,buy,83557.9,0.00001,1065025706
1790811971392,buy,83557.9,0.00538,1065025705
1790811971392,buy,83557.9,0.1532613,1065025704
1790811971392,buy,83557.9,0.1054,1065025703
1790811971392,buy,83557.9,0.1688171,1065025702
1790811969613,buy,83557.9,0.0063429,1065025701
1790811967517,buy,83557.9,0.00129155,1065025700
1790811967517,buy,83557.9,0.00000001,1065025699
1790812071095,buy,83569.3,0.00059821,1065025869
1790812067337,sell,83569.2,0.0006,1065025868
1790812064373,sell,83569.2,0.000011,1065025867
1790812063886,sell,83571.2,0.001797,1065025866
1790812063882,sell,83573.1,0.00001201,1065025865
1790812063881,sell,83575.4,0.001797,1065025864
1790812063881,sell,83575.6,0.0019003,1065025863
1790812063881,sell,83575.6,0.0019003,1065025862
1790812063881,sell,83575.6,0.01284601,1065025861
1790812063881,sell,83575.6,0.03345136,1065025860
1790812060205,sell,83581.6,0.00001201,1065025859
1790812060205,sell,83581.9,0.0000102,1065025858
1790812060205,sell,83585.3,0.0000102,1065025857
1790812060144,sell,83585.9,0.000011,1065025856
1790812053955,sell,83585.9,0.00001163,1065025855
1790812050450,buy,83586,0.00247478,1065025854
1790812050448,sell,83587.4,0.0000102,1065025853
1790812050448,sell,83587.8,0.00099643,1065025852
1790812050435,sell,83590.1,0.00001201,1065025851
1790812050435,sell,83590.2,0.00074694,1065025850
1790812050434,sell,83595.8,0.00001201,1065025849
1790812050434,sell,83595.9,0.00290674,1065025848
1790812050433,sell,83599.9,0.001711,1065025847
1790812050433,sell,83599.9,0.00034261,1065025846
1790812050433,sell,83599.9,0.00075404,1065025845
1790812050433,sell,83599.9,0.0936,1065025844
1790812050433,sell,83599.9,0.00001,1065025843
1790812050433,sell,83599.9,0.00226787,1065025842
1790812050433,sell,83599.9,0.00225708,1065025841
1790812050433,sell,83599.9,0.0003518,1065025840
1790812050433,sell,83599.9,0.00224862,1065025839
1790812050433,sell,83599.9,0.00001,1065025838
1790812050433,sell,83599.9,0.00001,1065025837
1790812050433,sell,83599.9,0.00139985,1065025836
1790812048281,buy,83600,0.00057064,1065025835
1790812046258,buy,83600,0.00012034,1065025834
1790812043617,buy,83600,0.00017224,1065025833
1790812035110,sell,83599.9,0.00085809,1065025832
1790812035110,sell,83599.9,0.00001,1065025831
1790812035110,sell,83599.9,0.00156004,1065025830
1790812034619,buy,83600,0.00504725,1065025829
1790812034619,buy,83599.8,0.0000102,1065025828
1790812034619,buy,83598.9,0.05,1065025827
1790812034619,buy,83597.1,0.01,1065025826
1790812034619,buy,83596.7,0.01143325,1065025825
1790812034619,buy,83596,0.0035093,1065025824
1790812034613,buy,83595.4,0.000015,1065025823
1790812034613,buy,83593.5,0.0000102,1065025822
1790812034611,buy,83592.9,0.00001201,1065025821
1790812034610,buy,83587.9,0.01,1065025820
1790812034600,buy,83586.8,0.0011297,1065025819
1790812034597,buy,83583.5,0.0000102,1065025818
1790812034595,buy,83582.4,0.06,1065025817
1790812034595,buy,83582.1,0.00445855,1065025816
1790812034595,buy,83581,0.01,1065025815
1790812034595,buy,83580.5,0.01,1065025814
1790812034595,buy,83580.3,0.26325,1065025813
1790812034595,buy,83580.3,0.00209191,1065025812
1790812034595,buy,83580.3,0.00244396,1065025811
1790812034595,buy,83580.3,0.00035204,1065025810
1790812031914,buy,83580.3,0.10710316,1065025809
1790812031914,buy,83580.3,0.00226788,1065025808
1790812031914,buy,83580.3,0.00225799,1065025807
1790812031914,buy,83580.3,0.00001,1065025806
1790812031914,buy,83580.3,0.0012,1065025805
1790812031914,buy,83580.3,0.0015,1065025804
1790812031914,buy,83580.3,0.06307422,1065025803
1790812029558,buy,83580.3,0.00002392,1065025802
1790812027856,buy,83580.3,0.0000186,1065025801
1790812027755,buy,83580.3,0.00119645,1065025800
1790812026938,buy,83580.3,0.00009383,1065025799
1790812126129,buy,83563.5,0.000011,1065025952
1790812124580,buy,83562.1,0.0000347,1065025951
1790812123856,sell,83563.4,0.00001364,1065025950
1790812123677,buy,83562.1,0.00005983,1065025949
1790812119908,sell,83563.4,0.01717705,1065025948
1790812119908,sell,83563.4,0.0024101,1065025947
1790812119908,sell,83563.4,0.00248476,1065025946
1790812119908,sell,83563.4,0.00009935,1065025945
1790812119908,sell,83563.4,0.00026289,1065025944
1790812119908,sell,83563.4,0.00125724,1065025943
1790812115948,buy,83561.8,0.00001501,1065025942
1790812115948,buy,83561.6,0.00001202,1065025941
1790812115946,buy,83558.7,0.00036726,1065025940
1790812115919,buy,83557.5,0.00005518,1065025939
1790812115919,buy,83557.5,0.00054298,1065025938
1790812115596,buy,83555.9,0.00001039,1065025937
1790812115595,buy,83551.7,0.0000102,1065025936
1790812115595,buy,83551.4,0.00059836,1065025935
1790812115556,buy,83551.4,0.000011,1065025934
1790812114321,buy,83551.4,0.000011,1065025933
1790812113848,buy,83550,0.0000102,1065025932
1790812113848,buy,83549.5,0.00088852,1065025931
1790812113848,buy,83546.4,0.00001453,1065025930
1790812113791,buy,83546.1,0.000011,1065025929
1790812107382,buy,83546.1,0.00035908,1065025928
1790812107244,buy,83546.1,0.00057505,1065025927
1790812107244,buy,83546.1,0.0015,1065025926
1790812107242,sell,83549.4,0.00102813,1065025925
1790812107238,sell,83549.4,0.000011,1065025924
1790812106191,buy,83549.5,0.00011968,1065025923
1790812104341,sell,83549.7,0.0000102,1065025922
1790812104341,sell,83549.9,0.00033972,1065025921
1790812104341,sell,83550,0.0011131,1065025920
1790812104341,sell,83550,0.00198683,1065025919
1790812104341,sell,83550,0.00001077,1065025918
1790812104288,sell,83550.2,0.001797,1065025917
1790812104288,sell,83550.3,0.000012,1065025916
1790812104287,sell,83551.4,0.20639541,1065025915
1790812104287,sell,83552,0.03470337,1065025914
1790812104287,sell,83553.2,0.000012,1065025913
1790812104287,sell,83554.4,0.00256529,1065025912
1790812104287,sell,83554.4,0.00255529,1065025911
1790812104287,sell,83554.4,0.00001,1065025910
1790812104287,sell,83554.4,0.00092634,1065025909
1790812104287,sell,83554.4,0.001797,1065025908
1790812104080,sell,83558.2,0.00121768,1065025907
1790812104078,sell,83558.2,0.00040502,1065025906
1790812102482,buy,83558.3,0.02383086,1065025905
1790812101407,sell,83558.2,0.00696244,1065025904
1790812101295,sell,83558.5,0.0000102,1065025903
1790812101295,sell,83558.6,0.001797,1065025902
1790812101295,sell,83559.2,0.00234395,1065025901
1790812101295,sell,83559.2,0.00234395,1065025900
1790812101295,sell,83559.2,0.00038966,1065025899
1790812100973,sell,83559.2,0.00820932,1065025898
1790812099856,sell,83559.2,0.000011,1065025897
1790812098524,sell,83559.2,0.00015483,1065025896
1790812097749,buy,83559.3,0.0023935,1065025895
1790812096555,buy,83559.3,0.00002393,1065025894
1790812092864,buy,83559.3,0.00100527,1065025893
1790812090189,buy,83559.3,0.00213835,1065025892
1790812090189,buy,83559.3,0.00000001,1065025891
1790812090187,sell,83561.7,0.00001201,1065025890
1790812090187,sell,83562.7,0.0000102,1065025889
1790812090187,sell,83562.8,0.001797,1065025888
1790812090187,sell,83563.3,0.00086616,1065025887
1790812090177,sell,83563.3,0.000011,1065025886
1790812088990,sell,83563.3,0.000011,1065025885
1790812085117,sell,83563.3,0.000011,1065025884
1790812083789,buy,83563.4,0.00029678,1065025883
1790812079184,sell,83563.3,0.00020919,1065025882
1790812076688,sell,83564.5,0.00001201,1065025881
1790812076688,sell,83566.8,0.0000102,1065025880
1790812076688,sell,83567,0.00031601,1065025879
1790812076688,sell,83567,0.00195649,1065025878
1790812076688,sell,83567,0.00195649,1065025877
1790812076688,sell,83567,0.00067694,1065025876
1790812076688,sell,83567,0.001797,1065025875
1790812073589,buy,83567.1,0.00200867,1065025874
1790812073589,buy,83567.1,0.00000001,1065025873
1790812073587,sell,83568.5,0.0000102,1065025872
1790812073587,sell,83569.2,0.00109861,1065025871
1790812073576,sell,83569.2,0.000011,1065025870
1790812180858,sell,83571.2,0.001797,1065026056
1790812180858,sell,83573.5,0.0000102,1065026055
1790812180858,sell,83575.2,0.0000102,1065026054
1790812180858,sell,83575.4,0.001797,1065026053
1790812180858,sell,83576.1,0.0000102,1065026052
1790812180858,sell,83576.4,0.00114876,1065026051
1790812180858,sell,83576.4,0.00190154,1065026050
1790812180858,sell,83576.4,0.00036008,1065026049
1790812180858,sell,83576.4,0.00249623,1065026048
1790812180858,sell,83576.4,0.0005947,1065026047
1790812179978,sell,83576.4,0.00190154,1065026046
1790812179978,sell,83576.4,0.00117772,1065026045
1790812179978,sell,83576.4,0.038889,1065026044
1790812172855,sell,83576.4,0.000011,1065026043
1790812172846,sell,83576.4,0.0015,1065026042
1790812172206,buy,83576.5,0.00036029,1065026041
1790812171110,sell,83585.3,0.0000102,1065026040
1790812171109,sell,83585.8,0.00261982,1065026039
1790812171109,sell,83585.8,0.00055554,1065026038
1790812171109,sell,83585.8,0.00019604,1065026037
1790812171109,sell,83585.8,0.095,1065026036
1790812171109,sell,83585.8,0.00001,1065026035
1790812171109,sell,83585.8,0.00286037,1065026034
1790812171109,sell,83585.8,0.00001,1065026033
1790812171109,sell,83585.8,0.00228407,1065026032
1790812171109,sell,83585.8,0.00001,1065026031
1790812171109,sell,83585.8,0.00012126,1065026030
1790812171109,sell,83585.8,0.00043479,1065026029
1790812170095,buy,83585.4,0.00229803,1065026028
1790812170094,buy,83584.3,0.00001201,1065026027
1790812170093,buy,83583.3,0.00033972,1065026026
1790812170090,buy,83581,0.0000102,1065026025
1790812170088,buy,83579.6,0.012579,1065026024
1790812170085,buy,83578.4,0.07548693,1065026023
1790812170085,buy,83578.4,0.0003773,1065026022
1790812170085,buy,83578.4,0.01272008,1065026021
1790812170085,buy,83578.4,0.02301643,1065026020
1790812170085,buy,83578.3,0.00976521,1065026019
1790812170085,buy,83578.3,0.00219481,1065026018
1790812170084,buy,83578.3,0.03796919,1065026017
1790812170084,buy,83578.3,0.01773889,1065026016
1790812170084,buy,83578.3,0.011121,1065026015
1790812170022,buy,83575.8,0.00001201,1065026014
1790812169446,buy,83574.1,0.00013255,1065026013
1790812169446,buy,83574.1,0.00002545,1065026012
1790812169435,buy,83574.1,0.00013,1065026011
1790812169435,buy,83574.1,0.000028,1065026010
1790812169423,buy,83573.4,0.00023931,1065026009
1790812169423,buy,83573,0.00001201,1065026008
1790812169422,buy,83571.8,0.06462165,1065026007
1790812169422,buy,83571.7,0.01719712,1065026006
1790812169422,buy,83571.7,0.02393485,1065026005
1790812169422,buy,83571.7,0.01302582,1065026004
1790812169422,buy,83571,0.04311042,1065026003
1790812169422,buy,83570.9,0.00196376,1065026002
1790812169422,buy,83570.8,0.00230718,1065026001
1790812169422,buy,83570.7,0.001,1065026000
1790812169421,buy,83570.3,0.05754769,1065025999
1790812169421,buy,83570.3,0.01737857,1065025998
1790812169421,buy,83570.1,0.00001201,1065025997
1790812169421,buy,83570,0.001,1065025996
1790812169421,buy,83567.5,0.001197,1065025995
1790812169421,buy,83567.3,0.00001201,1065025994
1790812169421,buy,83566.3,0.15452207,1065025993
1790812169421,buy,83563.4,0.0001788,1065025992
1790812169421,buy,83563.4,0.00047035,1065025991
1790812169421,buy,83563.4,0.00313878,1065025990
1790812169421,buy,83563.4,0.00266842,1065025989
1790812165938,sell,83563.3,0.00663407,1065025988
1790812165938,sell,83563.3,0.00291612,1065025987
1790812165938,sell,83563.3,0.00063205,1065025986
1790812162130,sell,83563.3,0.00228407,1065025985
1790812162130,sell,83563.3,0.0457148,1065025984
1790812159611,buy,83563.4,0.00181131,1065025983
1790812159593,buy,83563.4,0.00147505,1065025982
1790812159593,buy,83563.4,0.00021768,1065025981
1790812159593,buy,83563.4,0.00044531,1065025980
1790812159593,buy,83563.4,0.00002504,1065025979
1790812159348,buy,83563.4,0.0001244,1065025978
1790812159348,buy,83563.4,0.00269851,1065025977
1790812159348,buy,83563.4,0.00896033,1065025976
1790812159348,buy,83563.4,0.00001,1065025975
1790812159348,buy,83563.4,0.00042518,1065025974
1790812159348,buy,83563.4,0.00880089,1065025973
1790812159348,buy,83563.4,0.00001,1065025972
1790812159348,buy,83563.4,0.00268855,1065025971
1790812159348,buy,83563.4,0.00001,1065025970
1790812158229,buy,83563.4,0.013781,1065025969
1790812157338,buy,83563.4,0.00015796,1065025968
1790812153337,buy,83563.4,0.00002393,1065025967
1790812152566,buy,83563.4,0.01,1065025966
1790812152025,sell,83563.3,0.00062,1065025965
1790812149349,sell,83563.3,0.0250642,1065025964
1790812146826,buy,83563.4,0.02043082,1065025963
1790812144756,buy,83563.4,0.00262349,1065025962
1790812144167,buy,83563.4,0.00099682,1065025961
1790812144167,buy,83563.4,0.00000001,1065025960
1790812144166,sell,83563.4,0.00084615,1065025959
1790812144165,sell,83565,0.00058625,1065025958
1790812139554,buy,83565.1,0.00001935,1065025957
