timestamp_ms,side,price,size,trade_id
1782432045613,buy,59802.5,0.00157351,1025321202
1782432042714,buy,59802.5,0.00241141,1025321201
1782432042418,buy,59802.5,0.00150495,1025321200
1782432041244,buy,59802.5,0.00106196,1025321199
1782432040965,sell,59802.4,0.00016611,1025321198
1782432040111,sell,59802.4,0.00016577,1025321197
1782432040111,sell,59802.4,0.00000001,1025321196
1782432038622,buy,59802.5,0.0001783,1025321195
1782432038169,buy,59802.4,0.00052164,1025321194
1782432038169,buy,59801.8,0.00018153,1025321193
1782432038169,buy,59801.8,0.00058272,1025321192
1782432038132,buy,59801.8,0.05949038,1025321191
1782432038132,buy,59801.8,0.0013,1025321190
1782432038132,buy,59801.8,0.00061339,1025321189
1782432038132,buy,59801.8,0.008159,1025321188
1782432038114,buy,59801.7,0.00065431,1025321187
1782432038114,buy,59801.2,0.0000168,1025321186
1782432038114,buy,59800.9,0.0006457,1025321185
1782432038110,buy,59800.9,0.008371,1025321184
1782432038110,buy,59800.9,0.00114,1025321183
1782432038110,buy,59800.9,0.00001681,1025321182
1782432038110,buy,59800.9,0.00021054,1025321181
1782432038110,buy,59800.9,0.00067968,1025321180
1782432033968,buy,59800.9,0.00000001,1025321179
1782432033968,buy,59800.1,0.00001501,1025321178
1782432033968,buy,59798.8,0.0000168,1025321177
1782432033968,buy,59796.5,0.0000168,1025321176
1782432033968,buy,59794.1,0.0000168,1025321175
1782432033966,buy,59792.8,0.02054328,1025321174
1782432032412,buy,59789.3,0.0000168,1025321173
1782432031988,buy,59788.8,0.01307193,1025321172
1782432031323,buy,59786,0.00237,1025321171
1782432029509,buy,59789.9,0.00011205,1025321170
1782432029363,buy,59789.9,0.00012042,1025321169
1782432029363,buy,59789.9,0.00016725,1025321168
1782432029363,buy,59789.9,0.0003345,1025321167
1782432029363,buy,59789.9,0.00008362,1025321166
1782432029349,buy,59789.9,0.00016725,1025321165
1782432029349,buy,59789.9,0.0000669,1025321164
1782432029349,buy,59789.9,0.0002676,1025321163
1782432029349,buy,59789.9,0.00250878,1025321162
1782432029349,buy,59789.9,0.00167252,1025321161
1782432029349,buy,59789.9,0.00016725,1025321160
1782432029349,buy,59789.9,0.00050175,1025321159
1782432029349,buy,59789.9,0.0003345,1025321158
1782432029309,buy,59789.9,0.00005017,1025321157
1782432029309,buy,59789.9,0.00016725,1025321156
1782432029309,buy,59789.9,0.00016725,1025321155
1782432029309,buy,59789.9,0.000669,1025321154
1782432029308,buy,59789.9,0.0003345,1025321153
1782432029307,buy,59789.9,0.00008361,1025321152
1782432029307,buy,59789.9,0.00000001,1025321151
1782432028943,sell,59791.8,0.0000168,1025321150
1782432028943,sell,59793.3,0.00001501,1025321149
1782432028943,sell,59794.2,0.0000168,1025321148
1782432028943,sell,59796.6,0.0000168,1025321147
1782432028941,sell,59798.4,0.015068,1025321146
1782432028652,buy,59798.5,0.0044,1025321145
1782432028600,buy,59798.5,0.00025084,1025321144
1782432028564,buy,59798.5,0.00008361,1025321143
1782432028563,buy,59798.5,0.00016722,1025321142
1782432028549,buy,59798.5,0.00004682,1025321141
1782432028549,buy,59798.5,0.00008361,1025321140
1782432028549,buy,59798.5,0.00016722,1025321139
1782432028509,buy,59798.5,0.00003344,1025321138
1782432028506,buy,59798.5,0.00003344,1025321137
1782432028506,buy,59798.5,0.00050168,1025321136
1782432028463,buy,59798.5,0.00209035,1025321135
1782432028209,buy,59798.5,0.00020902,1025321134
1782432028209,buy,59798.5,0.00000001,1025321133
1782432028052,sell,59802,0.0005,1025321132
1782432028050,sell,59802.3,0.005,1025321131
1782432028050,sell,59802.3,0.01675509,1025321130
1782432027764,buy,59802.4,0.00016721,1025321129
1782432027764,buy,59802.4,0.00003344,1025321128
1782432027750,buy,59802.4,0.00167217,1025321127
1782432027750,buy,59802.4,0.00066886,1025321126
1782432027710,buy,59802.4,0.00033443,1025321125
1782432027709,buy,59802.4,0.0000836,1025321124
1782432027709,buy,59802.4,0.0000836,1025321123
1782432027706,buy,59802.4,0.00005016,1025321122
1782432027706,buy,59802.4,0.00167217,1025321121
1782432027706,buy,59802.4,0.00006688,1025321120
1782432027706,buy,59802.4,0.00010033,1025321119
1782432027706,buy,59802.4,0.00003344,1025321118
1782432027422,sell,59802.3,0.00016471,1025321117
1782432027095,sell,59802.3,0.00302209,1025321116
1782432026964,buy,59802.4,0.00003344,1025321115
1782432026964,buy,59802.4,0.00006688,1025321114
1782432026950,buy,59802.4,0.00055181,1025321113
1782432026906,buy,59802.4,0.00026754,1025321112
1782432026164,buy,59802.4,0.00005016,1025321111
1782432026150,buy,59802.4,0.00083608,1025321110
1782432026149,buy,59802.4,0.00083608,1025321109
1782432026149,buy,59802.4,0.0000836,1025321108
1782432026149,buy,59802.4,0.00167217,1025321107
1782432026106,buy,59802.4,0.00003344,1025321106
1782432026105,buy,59802.4,0.00033443,1025321105
1782432026105,buy,59802.4,0.00016888,1025321104
1782432026105,buy,59802.4,0.00005016,1025321103
1782432100805,buy,59800,0.00001672,1025321324
1782432099906,buy,59800,0.00017056,1025321323
1782432097142,sell,59799.9,0.00046397,1025321322
1782432097142,sell,59799.9,0.00013046,1025321321
1782432097142,sell,59799.9,0.00054557,1025321320
1782432097140,sell,59801,0.0005,1025321319
1782432097140,sell,59801.3,0.0000168,1025321318
1782432097140,sell,59801.5,0.00029998,1025321317
1782432097140,sell,59801.9,0.00158549,1025321316
1782432097140,sell,59805.2,0.00007584,1025321315
1782432097140,sell,59805.5,0.00016715,1025321314
1782432097138,sell,59806.3,0.00258279,1025321313
1782432097092,sell,59806.4,0.06395911,1025321312
1782432097092,sell,59806.4,0.003,1025321311
1782432097087,sell,59809,0.00007808,1025321310
1782432097087,sell,59810,0.005,1025321309
1782432097087,sell,59810.3,0.00271861,1025321308
1782432097087,sell,59810.3,0.007,1025321307
1782432093627,buy,59808.2,0.00065827,1025321306
1782432093618,buy,59807.5,0.00000105,1025321305
1782432093616,buy,59807.5,0.00045003,1025321304
1782432093616,buy,59806.5,0.00069297,1025321303
1782432092657,buy,59806.5,0.00219205,1025321302
1782432092657,buy,59806.5,0.00000001,1025321301
1782432092636,sell,59806.9,0.00073338,1025321300
1782432092636,sell,59807.4,0.0019311,1025321299
1782432090422,sell,59807.4,0.00290148,1025321298
1782432086110,buy,59807.5,0.00534803,1025321297
1782432083134,sell,59807.4,0.00016742,1025321296
1782432082385,buy,59807.5,0.0050094,1025321295
1782432080211,sell,59812.4,0.00008002,1025321294
1782432080211,sell,59814,0.002,1025321293
1782432079105,buy,59814.1,0.0016032,1025321292
1782432078837,buy,59810,0.0005,1025321291
1782432077144,sell,59808.5,0.0000168,1025321290
1782432077144,sell,59810.1,0.00126717,1025321289
1782432077144,sell,59811.4,0.00016715,1025321288
1782432077144,sell,59812.3,0.00008239,1025321287
1782432077144,sell,59813,0.0005,1025321286
1782432077063,sell,59814.4,0.00233989,1025321285
1782432077063,sell,59814.4,0.00337985,1025321284
1782432077063,sell,59814.4,0.00292987,1025321283
1782432077045,sell,59815.7,0.00001679,1025321282
1782432077045,sell,59818.1,0.00001679,1025321281
1782432077045,sell,59820.9,0.00008449,1025321280
1782432077043,sell,59822.5,0.013,1025321279
1782432074963,buy,59822.6,0.00003343,1025321278
1782432073308,buy,59822.6,0.00003343,1025321277
1782432069732,sell,59822.7,0.00279022,1025321276
1782432069732,sell,59822.7,0.00810172,1025321275
1782432069729,sell,59822.9,0.00001679,1025321274
1782432069729,sell,59823.1,0.00008703,1025321273
1782432069729,sell,59824.1,0.00073045,1025321272
1782432069727,sell,59824.6,0.01650898,1025321271
1782432069727,sell,59824.6,0.0286196,1025321270
1782432069727,sell,59824.6,0.04894465,1025321269
1782432068930,sell,59827.7,0.00001679,1025321268
1782432068930,sell,59830.1,0.00001679,1025321267
1782432068924,sell,59832.6,0.00008958,1025321266
1782432068922,sell,59834,0.00468,1025321265
1782432068922,sell,59834,0.00597637,1025321264
1782432068922,sell,59834,0.32128,1025321263
1782432067616,sell,59834,0.01524467,1025321262
1782432067616,sell,59834,0.08475532,1025321261
1782432067616,sell,59834,0.00000001,1025321260
1782432067583,buy,59832.3,0.00001681,1025321259
1782432067583,buy,59830.9,0.0015,1025321258
1782432067583,buy,59830,0.00001681,1025321257
1782432067580,buy,59826.4,0.06749441,1025321256
1782432067578,buy,59826.4,0.2963,1025321255
1782432067479,buy,59826.2,0.0005,1025321254
1782432067477,buy,59825.4,0.0016227,1025321253
1782432067477,buy,59825.2,0.00001681,1025321252
1782432067477,buy,59824.9,0.00013046,1025321251
1782432067475,buy,59824.2,0.0006,1025321250
1782432067475,buy,59823.5,0.00073338,1025321249
1782432067475,buy,59823.5,0.01554469,1025321248
1782432067138,buy,59823.5,0.0015946,1025321247
1782432066207,sell,59823.4,0.00120908,1025321246
1782432066207,sell,59823.4,0.00001682,1025321245
1782432065365,buy,59822.9,0.00029999,1025321244
1782432065365,buy,59822.9,0.00069381,1025321243
1782432065365,buy,59822.8,0.00001679,1025321242
1782432065365,buy,59820,0.0005,1025321241
1782432065365,buy,59819.9,0.00054557,1025321240
1782432065365,buy,59818,0.00001681,1025321239
1782432065362,buy,59817.3,0.003,1025321238
1782432065362,buy,59817.2,0.003,1025321237
1782432065362,buy,59817.1,0.00249842,1025321236
1782432065362,buy,59816.7,0.00260537,1025321235
1782432065362,buy,59814.5,0.0005,1025321234
1782432065362,buy,59814.5,0.00319797,1025321233
1782432065357,buy,59814.5,0.00496727,1025321232
1782432065357,buy,59814.1,0.00073364,1025321231
1782432065357,buy,59814.1,0.01547606,1025321230
1782432062105,buy,59814.1,0.00008359,1025321229
1782432061289,buy,59813.2,0.00008359,1025321228
1782432061160,buy,59813.2,0.000228,1025321227
1782432061159,buy,59814.3,0.00000001,1025321226
1782432061159,buy,59813.2,0.0000168,1025321225
1782432156101,buy,59818,0.00001672,1025321514
1782432153701,buy,59818,0.00001681,1025321513
1782432153698,buy,59815.6,0.0000168,1025321512
1782432153698,buy,59814.7,0.00242725,1025321511
1782432153695,buy,59813.2,0.0000168,1025321510
1782432153695,buy,59813,0.0005,1025321509
1782432153695,buy,59812.1,0.000015,1025321508
1782432153676,buy,59808.6,0.00049984,1025321507
1782432153676,buy,59808.4,0.0000168,1025321506
1782432153674,buy,59806.6,0.01206,1025321505
1782432153674,buy,59806.6,0.00143264,1025321504
1782432153674,buy,59806.6,0.00041113,1025321503
1782432153674,buy,59806.6,0.01562916,1025321502
1782432153674,buy,59806.6,0.00017884,1025321501
1782432152512,buy,59806,0.0000168,1025321500
1782432152512,buy,59803.6,0.0000168,1025321499
1782432152512,buy,59803,0.0005,1025321498
1782432152512,buy,59801.5,0.0002998,1025321497
1782432152510,buy,59800.4,0.00246604,1025321496
1782432152509,buy,59800.3,0.01567966,1025321495
1782432152509,buy,59800.3,0.0002299,1025321494
1782432152413,sell,59800.2,0.00032939,1025321493
1782432149496,buy,59796.2,0.00150834,1025321492
1782432149472,buy,59791.4,0.00574999,1025321491
1782432149470,buy,59791.4,0.00000001,1025321490
1782432149470,buy,59791,0.00158788,1025321489
1782432149002,sell,59793.9,0.00001942,1025321488
1782432149002,sell,59796.1,0.005,1025321487
1782432149002,sell,59796.1,0.00184945,1025321486
1782432148778,buy,59796.2,0.00001672,1025321485
1782432148461,buy,59791.3,0.00157409,1025321484
1782432147598,sell,59791.8,0.0000168,1025321483
1782432147598,sell,59794.2,0.0000168,1025321482
1782432147598,sell,59796.6,0.0000168,1025321481
1782432147598,sell,59798,0.00002002,1025321480
1782432147598,sell,59800.2,0.00006196,1025321479
1782432147598,sell,59800.2,0.00186383,1025321478
1782432145161,buy,59800.3,0.00027612,1025321477
1782432144720,sell,59800.2,0.00052405,1025321476
1782432144720,sell,59800.2,0.0012,1025321475
1782432143123,buy,59800.1,0.00001501,1025321474
1782432143123,buy,59799.9,0.00013046,1025321473
1782432143123,buy,59799.9,0.00054557,1025321472
1782432143121,buy,59798.8,0.0000168,1025321471
1782432143117,buy,59796.1,0.00022993,1025321470
1782432143117,buy,59796.1,0.00019162,1025321469
1782432143117,buy,59796.1,0.0015587,1025321468
1782432141742,sell,59791.3,0.000228,1025321467
1782432141742,sell,59791.3,0.00000001,1025321466
1782432141742,sell,59791.8,0.0000168,1025321465
1782432141742,sell,59794.9,0.00002067,1025321464
1782432141740,sell,59797.1,0.00000018,1025321463
1782432141738,sell,59797.1,0.01435315,1025321462
1782432141738,sell,59797.1,0.02095686,1025321461
1782432141738,sell,59797.1,0.00187999,1025321460
1782432140824,buy,59797.2,0.00310215,1025321459
1782432140293,buy,59797.2,0.00006742,1025321458
1782432140293,buy,59797.2,0.01706047,1025321457
1782432138352,buy,59795.6,0.003,1025321456
1782432138352,buy,59795.5,0.003,1025321455
1782432138352,buy,59795.4,0.003,1025321454
1782432138349,buy,59794.4,0.00154183,1025321453
1782432138322,buy,59794.2,0.00162298,1025321452
1782432138242,buy,59794.2,0.00501051,1025321451
1782432138200,buy,59794.1,0.00001501,1025321450
1782432138200,buy,59794.1,0.0000168,1025321449
1782432138200,buy,59792.2,0.00170845,1025321448
1782432137262,buy,59792.2,0.00339924,1025321447
1782432137262,buy,59792.2,0.00232948,1025321446
1782432137260,buy,59792.2,0.00241946,1025321445
1782432137256,buy,59792.2,0.0399664,1025321444
1782432137256,buy,59791.7,0.0000168,1025321443
1782432137256,buy,59789.3,0.0000168,1025321442
1782432137256,buy,59788,0.04,1025321441
1782432137256,buy,59788,0.04,1025321440
1782432137250,buy,59786.9,0.0000168,1025321439
1782432137250,buy,59784.5,0.00001361,1025321438
1782432137248,buy,59784.5,0.00000319,1025321437
1782432137248,buy,59782.1,0.00001681,1025321436
1782432137248,buy,59781.5,0.08,1025321435
1782432137106,buy,59781.5,0.000228,1025321434
1782432137102,buy,59781.3,0.008015,1025321433
1782432137102,buy,59780.3,0.00179871,1025321432
1782432137102,buy,59780.3,0.0012,1025321431
1782432137075,buy,59779.7,0.00001681,1025321430
1782432136412,buy,59776.1,0.00001501,1025321429
1782432136410,buy,59774.9,0.00001681,1025321428
1782432136399,buy,59772.5,0.00001681,1025321427
1782432136398,buy,59770.2,0.00001681,1025321426
1782432136397,buy,59769,0.09731928,1025321425
1782432136397,buy,59769,0.00020603,1025321424
1782432135550,sell,59768.9,0.00241112,1025321423
1782432135333,buy,59769,0.00038481,1025321422
1782432134158,buy,59769,0.00013384,1025321421
1782432133299,buy,59769,0.00334621,1025321420
1782432129402,sell,59764.3,0.00016716,1025321419
1782432129402,sell,59764.3,0.0015,1025321418
1782432129396,sell,59765.6,0.0016343,1025321417
1782432129394,sell,59767,0.00003346,1025321416
1782432129394,sell,59767.4,0.00002136,1025321415
1782432212130,sell,59854,0.00001678,1025321701
1782432212130,sell,59855.2,0.00267844,1025321700
1782432212112,sell,59858.4,0.004,1025321699
1782432211164,buy,59858.5,0.00334121,1025321698
1782432209556,buy,59858.5,0.0000167,1025321697
1782432208968,buy,59858.5,0.00016706,1025321696
1782432207025,buy,59858.5,0.00164,1025321695
1782432206681,sell,59858.4,0.12237395,1025321694
1782432206681,sell,59858.4,0.58991144,1025321693
1782432206681,sell,59858.4,0.02,1025321692
1782432206681,sell,59858.4,0.138798,1025321691
1782432206681,sell,59858.4,0.007305,1025321690
1782432206681,sell,59858.4,0.06792,1025321689
1782432206681,sell,59858.4,0.1010416,1025321688
1782432206681,sell,59858.4,0.00000001,1025321687
1782432206457,buy,59858.5,0.00017875,1025321686
1782432206090,buy,59858.5,0.00083295,1025321685
1782432205350,buy,59858.5,0.00006682,1025321684
1782432205183,buy,59856.3,0.00018,1025321683
1782432204654,buy,59856.3,0.00001679,1025321682
1782432204651,buy,59856.3,0.00001679,1025321681
1782432204648,buy,59857.4,0.00001679,1025321680
1782432204644,buy,59854.1,0.00001501,1025321679
1782432204641,buy,59851.5,0.00001678,1025321678
1782432204641,buy,59851.3,0.0000281,1025321677
1782432203032,buy,59847.2,0.00001671,1025321676
1782432199751,buy,59853.9,0.00001678,1025321675
1782432199748,buy,59851.4,0.00002917,1025321674
1782432199746,buy,59847.1,0.0006981,1025321673
1782432199746,buy,59847.1,0.00334602,1025321672
1782432197978,buy,59847.1,0.00244294,1025321671
1782432197978,buy,59847.1,0.00000001,1025321670
1782432197814,sell,59847.3,0.00001501,1025321669
1782432197814,sell,59849.2,0.00001679,1025321668
1782432197814,sell,59851.6,0.00001679,1025321667
1782432197814,sell,59854,0.00001678,1025321666
1782432197812,sell,59858,0.025,1025321665
1782432196881,sell,59858.8,0.00001678,1025321664
1782432195706,buy,59863.8,0.00011693,1025321663
1782432194823,buy,59863.8,0.0000334,1025321662
1782432194250,sell,59863.7,0.07058065,1025321661
1782432194250,sell,59863.7,0.00378817,1025321660
1782432192058,buy,59863.8,0.00001679,1025321659
1782432192056,buy,59863.5,0.00001678,1025321658
1782432192056,buy,59861.1,0.00001678,1025321657
1782432192056,buy,59858.1,0.00019,1025321656
1782432192056,buy,59858.1,0.00361576,1025321655
1782432192056,buy,59858.1,0.00073451,1025321654
1782432191449,sell,59859,0.0005,1025321653
1782432190928,sell,59865,0.00018755,1025321652
1782432189952,buy,59865.1,0.00889499,1025321651
1782432189393,sell,59865,0.00008553,1025321650
1782432185019,buy,59865.1,0.00167739,1025321649
1782432185017,buy,59864.8,0.00016738,1025321648
1782432185017,buy,59864,0.00007162,1025321647
1782432185017,buy,59864,0.00007138,1025321646
1782432185017,buy,59864,0.00007162,1025321645
1782432185017,buy,59864,0.0000714,1025321644
1782432185017,buy,59863.6,0.00253407,1025321643
1782432185017,buy,59863.5,0.0000168,1025321642
1782432185017,buy,59862.6,0.00127,1025321641
1782432185017,buy,59862.3,0.00003125,1025321640
1782432185017,buy,59861.3,0.00036,1025321639
1782432185017,buy,59861.3,0.00077308,1025321638
1782432184212,buy,59861.1,0.00001678,1025321637
1782432184212,buy,59858.1,0.00089,1025321636
1782432184212,buy,59858.1,0.00591341,1025321635
1782432184212,buy,59858.1,0.00081385,1025321634
1782432182039,sell,59858,0.00003446,1025321633
1782432182038,sell,59858,0.00021033,1025321632
1782432182038,sell,59858.7,0.00001767,1025321631
1782432182035,sell,59862.5,0.055207,1025321630
1782432182035,sell,59862.5,0.01505101,1025321629
1782432182035,sell,59862.5,0.0033453,1025321628
1782432179616,sell,59862.5,0.00018135,1025321627
1782432178429,sell,59862.5,0.00016474,1025321626
1782432178429,sell,59862.5,0.00000001,1025321625
1782432176162,buy,59861.1,0.0000168,1025321624
1782432176162,buy,59861.1,0.00051,1025321623
1782432176162,buy,59860.1,0.00001501,1025321622
1782432176162,buy,59859.9,0.00054557,1025321621
1782432176152,buy,59859.4,0.0015,1025321620
1782432176152,buy,59859.4,0.00127,1025321619
1782432176152,buy,59859.3,0.00052961,1025321618
1782432176152,buy,59859.3,0.00886225,1025321617
1782432174895,buy,59859.3,0.0434,1025321616
1782432174895,buy,59859.3,0.0072871,1025321615
1782432174895,buy,59858.7,0.0000168,1025321614
1782432174895,buy,59858.6,0.00334638,1025321613
1782432174895,buy,59858.2,0.00056,1025321612
1782432174895,buy,59856.9,0.00071,1025321611
1782432174895,buy,59856.3,0.0000168,1025321610
1782432174895,buy,59855.2,0.00091,1025321609
1782432174895,buy,59854,0.00135,1025321608
1782432174895,buy,59851.3,0.00070292,1025321607
1782432174895,buy,59851.3,0.00015397,1025321606
1782432174895,buy,59851.3,0.00253459,1025321605
1782432174885,buy,59850.4,0.00091,1025321604
1782432174882,buy,59850.2,0.0167084,1025321603
1782432174882,buy,59850.2,0.0167084,1025321602
1782432267196,buy,59857.1,0.00001169,1025321961
1782432265826,sell,59852.7,0.35678752,1025321960
1782432265826,sell,59853.3,0.00001501,1025321959
1782432265826,sell,59854.8,0.00002251,1025321958
1782432265826,sell,59856,0.00136107,1025321957
1782432265826,sell,59856.8,0.09434012,1025321956
1782432265826,sell,59856.9,0.028578,1025321955
1782432265826,sell,59857,0.1425,1025321954
1782432265826,sell,59857,0.00334549,1025321953
1782432265826,sell,59857,0.32128,1025321952
1782432265826,sell,59857,0.10981266,1025321951
1782432265826,sell,59857,0.00184759,1025321950
1782432265826,sell,59857,0.06238003,1025321949
1782432265826,sell,59857,0.0842,1025321948
1782432265826,sell,59857,0.0013,1025321947
1782432265211,sell,59858.4,0.0000232,1025321946
1782432265211,sell,59858.8,0.00001678,1025321945
1782432265211,sell,59859.3,0.000015,1025321944
1782432265211,sell,59860.6,0.00194473,1025321943
1782432265175,sell,59861.1,0.00204707,1025321942
1782432265175,sell,59861.1,0.00233874,1025321941
1782432265162,sell,59861.2,0.00001678,1025321940
1782432265162,sell,59862.2,0.00143449,1025321939
1782432265162,sell,59863.6,0.00002391,1025321938
1782432265162,sell,59863.6,0.00001678,1025321937
1782432264339,sell,59866,0.00001678,1025321936
1782432264339,sell,59868.4,0.00001678,1025321935
1782432264339,sell,59869.3,0.00002514,1025321934
1782432264336,sell,59871.8,0.00866113,1025321933
1782432264336,sell,59871.8,0.00215449,1025321932
1782432264336,sell,59871.8,0.00614249,1025321931
1782432264096,sell,59871.8,0.06042654,1025321930
1782432264096,sell,59871.8,0.00066957,1025321929
1782432264096,sell,59871.8,0.00226789,1025321928
1782432261643,buy,59871.9,0.00002854,1025321927
1782432261643,buy,59871.9,0.00002854,1025321926
1782432261643,buy,59871.9,0.00002854,1025321925
1782432261643,buy,59871.9,0.00002854,1025321924
1782432261643,buy,59871.9,0.00002854,1025321923
1782432261124,buy,59871.9,0.00003474,1025321922
1782432261124,buy,59871.9,0.0005597,1025321921
1782432261124,buy,59871.9,0.0005597,1025321920
1782432261124,buy,59871.9,0.0005597,1025321919
1782432256157,sell,59871.8,0.06469568,1025321918
1782432256157,sell,59871.8,0.25000885,1025321917
1782432256157,sell,59871.8,0.207,1025321916
1782432256157,sell,59871.8,0.0006693,1025321915
1782432256157,sell,59871.8,0.11757346,1025321914
1782432256157,sell,59871.8,0.0013,1025321913
1782432256157,sell,59871.8,0.00222271,1025321912
1782432255499,sell,59871.8,0.00016454,1025321911
1782432252300,buy,59871.9,0.00167023,1025321910
1782432251831,sell,59871.8,0.04693189,1025321909
1782432251831,sell,59871.8,0.0013,1025321908
1782432251831,sell,59871.8,0.00772522,1025321907
1782432251831,sell,59871.8,0.00251289,1025321906
1782432251776,sell,59871.8,0.00894125,1025321905
1782432251776,sell,59871.8,0.4373464,1025321904
1782432251776,sell,59871.8,0.23761407,1025321903
1782432251776,sell,59871.8,0.00264515,1025321902
1782432251776,sell,59871.8,0.0842,1025321901
1782432251776,sell,59871.8,0.28996816,1025321900
1782432251776,sell,59871.8,0.0013,1025321899
1782432251776,sell,59871.8,0.074502,1025321898
1782432251776,sell,59871.8,0.08233297,1025321897
1782432248914,buy,59871.9,0.00001002,1025321896
1782432248053,sell,59874.6,0.00002596,1025321895
1782432248053,sell,59877.1,0.00726214,1025321894
1782432248051,sell,59877.1,0.00173786,1025321893
1782432246466,sell,59865.8,0.51405692,1025321892
1782432246466,sell,59865.9,0.055196,1025321891
1782432246466,sell,59866,0.80265747,1025321890
1782432246466,sell,59866,0.00001678,1025321889
1782432246466,sell,59866.2,0.64451739,1025321888
1782432246466,sell,59866.3,0.16724613,1025321887
1782432246466,sell,59868.2,1.00317757,1025321886
1782432246466,sell,59868.3,0.2994485,1025321885
1782432246466,sell,59868.4,0.00001678,1025321884
1782432246466,sell,59869.3,0.01199692,1025321883
1782432246466,sell,59870.7,0.00001678,1025321882
1782432246466,sell,59871.3,0.00001501,1025321881
1782432246466,sell,59871.5,0.207,1025321880
1782432246466,sell,59872.2,0.08,1025321879
1782432246466,sell,59873.1,0.00001678,1025321878
1782432246466,sell,59873.2,0.08,1025321877
1782432246466,sell,59873.3,0.13766574,1025321876
1782432246466,sell,59873.4,0.00836123,1025321875
1782432246466,sell,59873.6,0.08,1025321874
1782432246466,sell,59875.4,0.00002694,1025321873
1782432246466,sell,59876.9,0.07231443,1025321872
1782432246466,sell,59877,0.0215939,1025321871
1782432246466,sell,59877.7,0.024319,1025321870
1782432246466,sell,59877.7,0.0027842,1025321869
1782432246466,sell,59877.7,0.21486,1025321868
1782432246466,sell,59877.7,0.207,1025321867
1782432246466,sell,59877.7,0.08,1025321866
1782432246466,sell,59877.7,0.24002579,1025321865
1782432246466,sell,59877.7,0.2500838,1025321864
1782432246466,sell,59877.7,0.4373732,1025321863
1782432246466,sell,59877.7,0.06583866,1025321862
1782448545516,buy,59921.1,0.00049949,1025470804
1782448544128,sell,59921.1,0.00001677,1025470803
1782448544128,sell,59923.7,0.00006214,1025470802
1782448544128,sell,59923.7,0.00002884,1025470801
1782448543243,sell,59925.3,0.05598515,1025470800
1782448543243,sell,59925.3,0.00001502,1025470799
1782448542716,buy,59925.4,0.04487375,1025470798
1782448542716,buy,59925.4,0.02014722,1025470797
1782448542700,buy,59925.4,0.00003003,1025470796
1782448542632,buy,59925.4,0.04,1025470795
1782448542630,buy,59923.4,0.00001677,1025470794
1782448542630,buy,59922.6,0.00015838,1025470793
1782448542623,buy,59922.6,0.0033,1025470792
1782448542568,buy,59922.2,0.0234,1025470791
1782448542095,buy,59922.2,0.00003179,1025470790
1782448542093,buy,59922.2,0.000228,1025470789
1782448542091,buy,59921,0.0001878,1025470788
1782448542088,buy,59919.5,0.00016681,1025470787
1782448542088,buy,59919.5,0.0000612,1025470786
1782448542088,buy,59919.5,0.0001668,1025470785
1782448541974,sell,59919.4,0.00051168,1025470784
1782448541679,sell,59919.4,0.01262821,1025470783
1782448540350,buy,59919.5,0.00041816,1025470782
1782448538112,sell,59919.4,0.00041,1025470781
1782448538105,sell,59919.4,0.000228,1025470780
1782448538104,sell,59919.4,0.00000001,1025470779
1782448538104,sell,59919.4,0.00006429,1025470778
1782448538104,sell,59919.4,0.00003087,1025470777
1782448538071,sell,59920.9,0.00009517,1025470776
1782448538071,sell,59920.9,0.0012,1025470775
1782448537779,buy,59921,0.000228,1025470774
1782448537778,buy,59921.1,0.00000001,1025470773
1782448537778,buy,59921,0.00001677,1025470772
1782448537775,buy,59918.6,0.00001677,1025470771
1782448537775,buy,59916.7,0.00001501,1025470770
1782448537418,buy,59915,0.00025035,1025470769
1782448537102,buy,59913.2,0.00017577,1025470768
1782448535151,buy,59913.2,0.00002336,1025470767
1782448535140,buy,59913.2,0.01907796,1025470766
1782448535140,buy,59911.7,0.012,1025470765
1782448535140,buy,59911.4,0.00001677,1025470764
1782448535140,buy,59910.7,0.00001501,1025470763
1782448535140,buy,59910.6,0.00835672,1025470762
1782448535140,buy,59909,0.00001677,1025470761
1782448535140,buy,59908,0.0005,1025470760
1782448535140,buy,59906.6,0.00001677,1025470759
1782448535137,buy,59901.9,0.00162562,1025470758
1782448535137,buy,59901.9,0.08644902,1025470757
1782448535135,buy,59901.9,0.00084598,1025470756
1782448534598,buy,59901.9,0.00060051,1025470755
1782448534463,sell,59901.8,0.00005977,1025470754
1782448533199,buy,59901.6,0.00018536,1025470753
1782448531615,sell,59901.8,0.00067411,1025470752
1782448531615,sell,59901.8,0.00010919,1025470751
1782448531615,sell,59901.8,0.00155,1025470750
1782448531264,buy,59901.9,0.00008346,1025470749
1782448529576,buy,59901.9,0.00023371,1025470748
1782448528685,sell,59901.8,0.00066207,1025470747
1782448528254,sell,59904.3,0.00006683,1025470746
1782448528254,sell,59904.3,0.00003598,1025470745
1782448528254,sell,59904.6,0.00050147,1025470744
1782448528254,sell,59904.6,0.00050147,1025470743
1782448528254,sell,59905.8,0.00010919,1025470742
1782448528254,sell,59905.8,0.0012,1025470741
1782448526694,buy,59905.9,0.0001853,1025470740
1782448525684,sell,59905.8,0.00012197,1025470739
1782448525684,sell,59905.8,0.00003713,1025470738
1782448525684,sell,59905.8,0.0000689,1025470737
1782448525680,sell,59907.3,0.0012,1025470736
1782448525544,buy,59901.9,0.0001951,1025470735
1782448525508,sell,59902.4,0.00015,1025470734
1782448525508,sell,59904.3,0.00001677,1025470733
1782448525508,sell,59904.6,0.00015,1025470732
1782448525508,sell,59906.1,0.00003839,1025470731
1782448525508,sell,59906.1,0.00007104,1025470730
1782448525338,buy,59907.7,0.0002052,1025470729
1782448525251,sell,59909.1,0.00001677,1025470728
1782448525244,sell,59913.9,0.00001677,1025470727
1782448525203,sell,59917.2,0.00003984,1025470726
1782448525203,sell,59917.2,0.00007324,1025470725
1782448524543,sell,59918.7,0.00001502,1025470724
1782448524543,sell,59918.7,0.00001677,1025470723
1782448524540,sell,59919.2,0.08,1025470722
1782448524540,sell,59919.2,0.00082918,1025470721
1782448524539,sell,59920,0.00082918,1025470720
1782448524539,sell,59920,0.08,1025470719
1782448524539,sell,59920,0.07043307,1025470718
1782448524535,sell,59923.5,0.00007554,1025470717
1782448524535,sell,59923.5,0.00004141,1025470716
1782448524533,sell,59925,0.001,1025470715
1782448524533,sell,59925,0.00468,1025470714
1782448524533,sell,59925,0.042,1025470713
1782448524533,sell,59925,0.20983322,1025470712
1782448524533,sell,59925,0.21728636,1025470711
1782448524533,sell,59925,0.09666966,1025470710
1782448524533,sell,59925,0.0013,1025470709
1782448524533,sell,59925,0.0012,1025470708
1782448524533,sell,59925,0.0505,1025470707
1782448524533,sell,59925,0.09666966,1025470706
1782448523780,buy,59925.1,0.00081992,1025470705
1782448597186,buy,59938.1,0.00001334,1025471008
1782448596391,buy,59938.1,0.00001835,1025471007
1782448595153,buy,59938.1,0.00087413,1025471006
1782448594163,sell,59940.2,0.00001676,1025471005
1782448594163,sell,59941.8,0.00001029,1025471004
1782448594163,sell,59944.1,0.00003336,1025471003
1782448594163,sell,59944.1,0.00067032,1025471002
1782448594163,sell,59944.1,0.00001666,1025471001
1782448590701,sell,59944.1,0.00082774,1025471000
1782448588600,sell,59944.1,0.00021761,1025470999
1782448588600,sell,59944.1,0.00001039,1025470998
1782448587838,buy,59946.5,0.03156502,1025470997
1782448587838,buy,59946.5,0.08,1025470996
1782448587838,buy,59944.9,0.00001676,1025470995
1782448587838,buy,59942.5,0.00001676,1025470994
1782448587838,buy,59940.7,0.00001501,1025470993
1782448587838,buy,59940.3,0.04838645,1025470992
1782448587838,buy,59940.3,0.03161355,1025470991
1782448587838,buy,59940.2,0.04838645,1025470990
1782448587838,buy,59940.2,0.03161355,1025470989
1782448587838,buy,59940.1,0.00001676,1025470988
1782448587838,buy,59939.9,0.00835293,1025470987
1782448587838,buy,59937.7,0.00001676,1025470986
1782448587835,buy,59934.6,0.00467,1025470985
1782448587835,buy,59934.6,0.07443464,1025470984
1782448587835,buy,59934.6,0.00556536,1025470983
1782448587835,buy,59934.6,0.00003591,1025470982
1782448587835,buy,59934.6,0.07864997,1025470981
1782448587835,buy,59934.6,0.00443,1025470980
1782448587835,buy,59934.6,0.00141681,1025470979
1782448587835,buy,59934.6,0.07821988,1025470978
1782448587279,buy,59934.6,0.00083253,1025470977
1782448587272,buy,59934.6,0.01666483,1025470976
1782448586163,sell,59936.6,0.00001501,1025470975
1782448586163,sell,59937.3,0.00062425,1025470974
1782448586163,sell,59937.6,0.00001,1025470973
1782448586163,sell,59937.8,0.00001676,1025470972
1782448584855,sell,59940.2,0.00001676,1025470971
1782448584855,sell,59943.8,0.00001,1025470970
1782448584855,sell,59946.4,0.004,1025470969
1782448584550,buy,59946.5,0.00003336,1025470968
1782448584376,buy,59946.4,0.0001905,1025470967
1782448584376,buy,59944.8,0.0000375,1025470966
1782448584327,buy,59944,0.00189096,1025470965
1782448584171,buy,59940.2,0.00189096,1025470964
1782448583949,buy,59937.4,0.00039,1025470963
1782448583687,sell,59937.3,0.008829,1025470962
1782448582825,sell,59937.8,0.00001676,1025470961
1782448582825,sell,59940.2,0.00001676,1025470960
1782448582825,sell,59942.6,0.00001676,1025470959
1782448582825,sell,59945,0.00001676,1025470958
1782448582825,sell,59945.8,0.00075062,1025470957
1782448582825,sell,59945.8,0.00153739,1025470956
1782448582618,sell,59948.2,0.001,1025470955
1782448576499,buy,59951.3,0.00000001,1025470954
1782448576499,buy,59949.9,0.00003932,1025470953
1782448576499,buy,59949.9,0.00189171,1025470952
1782448576406,buy,59945.9,0.00004151,1025470951
1782448575594,sell,59947.4,0.00001676,1025470950
1782448575594,sell,59948.6,0.000015,1025470949
1782448575594,sell,59949.8,0.00001676,1025470948
1782448575594,sell,59952.2,0.00001676,1025470947
1782448575592,sell,59954.4,0.011,1025470946
1782448574116,buy,59958.2,0.00030388,1025470945
1782448574116,buy,59958.2,0.00030388,1025470944
1782448574116,buy,59958.2,0.00030388,1025470943
1782448574116,buy,59958.2,0.00030388,1025470942
1782448574116,buy,59958.2,0.00030388,1025470941
1782448574116,buy,59958.2,0.00030388,1025470940
1782448574116,buy,59958.2,0.00030388,1025470939
1782448574116,buy,59958.2,0.00030388,1025470938
1782448574116,buy,59958.2,0.00030388,1025470937
1782448574116,buy,59958.2,0.00030388,1025470936
1782448574116,buy,59958.2,0.00030388,1025470935
1782448574116,buy,59958.2,0.00030388,1025470934
1782448574116,buy,59958.2,0.00028451,1025470933
1782448574116,buy,59958.2,0.00001937,1025470932
1782448574116,buy,59958.2,0.00002397,1025470931
1782448574116,buy,59958.2,0.00027991,1025470930
1782448573363,buy,59958.2,0.00025017,1025470929
1782448573235,buy,59956.9,0.00001676,1025470928
1782448573233,buy,59954.5,0.00001676,1025470927
1782448573233,buy,59952.7,0.00075062,1025470926
1782448573233,buy,59951.7,0.00004581,1025470925
1782448573094,buy,59947.4,0.00004834,1025470924
1782448572204,buy,59947.4,0.00077858,1025470923
1782448572204,buy,59947.4,0.00005089,1025470922
1782448570303,buy,59952.1,0.00001676,1025470921
1782448570303,buy,59952,0.0002999,1025470920
1782448570301,buy,59950.1,0.00245366,1025470919
1782448569691,buy,59947.3,0.00001676,1025470918
1782448569691,buy,59944.9,0.00001676,1025470917
1782448569691,buy,59943,0.00005369,1025470916
1782448569658,buy,59943,0.000228,1025470915
1782448569658,buy,59943,0.00003353,1025470914
1782448569656,buy,59942.5,0.00001676,1025470913
1782448569656,buy,59941.1,0.00005658,1025470912
1782448569656,buy,59941.1,0.00231974,1025470911
1782448568997,sell,59941,0.00079172,1025470910
1782448568293,buy,59940.7,0.00001501,1025470909
1782448655628,sell,59930.6,0.0001,1025471147
1782448655535,sell,59930.6,0.00117265,1025471146
1782448654591,sell,59930.6,0.00016443,1025471145
1782448652624,buy,59930.7,0.00002968,1025471144
1782448652624,buy,59930.7,0.00002968,1025471143
1782448652624,buy,59930.7,0.00002968,1025471142
1782448652624,buy,59930.7,0.00002968,1025471141
1782448652624,buy,59930.7,0.00002968,1025471140
1782448652624,buy,59930.7,0.00002968,1025471139
1782448652624,buy,59930.7,0.00002968,1025471138
1782448652624,buy,59930.7,0.00002968,1025471137
1782448652624,buy,59930.7,0.00002968,1025471136
1782448652624,buy,59930.7,0.00002968,1025471135
1782448652624,buy,59930.7,0.00002968,1025471134
1782448652624,buy,59930.7,0.00002968,1025471133
1782448652624,buy,59930.7,0.00002968,1025471132
1782448652624,buy,59930.7,0.00002968,1025471131
1782448652624,buy,59930.7,0.00002968,1025471130
1782448651225,buy,59930.7,0.0113064,1025471129
1782448651225,buy,59930.7,0.00001,1025471128
1782448648858,sell,59930.6,0.00033177,1025471127
1782448648786,sell,59933,0.00055324,1025471126
1782448648786,sell,59933,0.00001676,1025471125
1782448648500,sell,59936,0.0005,1025471124
1782448648499,sell,59937.6,0.00215349,1025471123
1782448644322,sell,59937.6,0.00117265,1025471122
1782448644017,buy,59937.7,0.00083002,1025471121
1782448642830,sell,59937.6,0.000228,1025471120
1782448642830,sell,59937.8,0.00001676,1025471119
1782448642828,sell,59938.1,0.00005004,1025471118
1782448642828,sell,59939,0.0005,1025471117
1782448642828,sell,59939.9,0.00054557,1025471116
1782448642828,sell,59942.4,0.00066832,1025471115
1782448642054,buy,59942.5,0.00223627,1025471114
1782448639341,sell,59942.4,0.00027,1025471113
1782448638865,buy,59942.5,0.00503883,1025471112
1782448638865,buy,59942.5,0.00373791,1025471111
1782448637287,sell,59942.4,0.00841317,1025471110
1782448636612,sell,59942.6,0.00001676,1025471109
1782448636612,sell,59942.6,0.000015,1025471108
1782448636612,sell,59945,0.0005,1025471107
1782448636612,sell,59945,0.00001676,1025471106
1782448636612,sell,59945.3,0.00018557,1025471105
1782448636612,sell,59945.6,0.002,1025471104
1782448635074,sell,59946.9,0.0009608,1025471103
1782448635072,sell,59946.9,0.0790392,1025471102
1782448635072,sell,59947.4,0.00001676,1025471101
1782448635072,sell,59948,0.0005,1025471100
1782448635072,sell,59948.6,0.000015,1025471099
1782448635072,sell,59948.6,0.00035778,1025471098
1782448635072,sell,59951.3,0.00129596,1025471097
1782448635072,sell,59951.3,0.003,1025471096
1782448635072,sell,59951.3,0.00331583,1025471095
1782448635072,sell,59951.3,0.16683447,1025471094
1782448634164,buy,59951.4,0.00166801,1025471093
1782448630474,sell,59951.3,0.00015553,1025471092
1782448630474,sell,59951.3,0.00001,1025471091
1782448629937,sell,59950.3,0.00321997,1025471090
1782448627749,buy,59950.4,0.00002134,1025471089
1782448627749,buy,59949.9,0.00002133,1025471088
1782448627305,sell,59949.8,0.00000001,1025471087
1782448627305,sell,59949.8,0.00001676,1025471086
1782448626950,buy,59952.5,0.00033359,1025471085
1782448626425,sell,59958.1,0.003,1025471084
1782448626339,sell,59958.1,0.00082935,1025471083
1782448625045,buy,59955,0.0005,1025471082
1782448625045,buy,59954.5,0.00001282,1025471081
1782448625045,buy,59953.7,0.00002235,1025471080
1782448625034,buy,59953.7,0.0041,1025471079
1782448625014,buy,59953.7,0.00052959,1025471078
1782448625014,buy,59953.7,0.00076,1025471077
1782448625011,buy,59952.4,0.00002356,1025471076
1782448624151,buy,59950.9,0.00001384,1025471075
1782448624151,buy,59948.7,0.00002491,1025471074
1782448621692,sell,59948.6,0.02843557,1025471073
1782448621687,sell,59948.6,0.00021299,1025471072
1782448621687,sell,59948.6,0.00001501,1025471071
1782448621684,sell,59949.8,0.00001676,1025471070
1782448621684,sell,59951.3,0.0012,1025471069
1782448621378,sell,59954.6,0.00001675,1025471068
1782448621378,sell,59954.6,0.000015,1025471067
1782448621378,sell,59957,0.00001675,1025471066
1782448621378,sell,59959.4,0.00001675,1025471065
1782448621186,sell,59960.6,0.00001501,1025471064
1782448621186,sell,59961.8,0.00001675,1025471063
1782448621186,sell,59962,0.0005,1025471062
1782448621186,sell,59964.2,0.00001675,1025471061
1782448621186,sell,59966.6,0.00001675,1025471060
1782448621184,sell,59968.5,0.00967137,1025471059
1782448620380,buy,59968.6,0.08337696,1025471058
1782448618661,sell,59968.5,0.00032863,1025471057
1782448618047,sell,59971.3,0.00001507,1025471056
1782448617175,buy,59973.3,0.00418686,1025471055
1782448615294,buy,59973.2,0.00002555,1025471054
1782448615291,buy,59973.3,0.00123144,1025471053
1782448615291,buy,59971.3,0.00001675,1025471052
1782448615288,buy,59970,0.00035778,1025471051
1782448614864,buy,59969.3,0.0002,1025471050
1782448614864,buy,59968.9,0.00001675,1025471049
1782448614864,buy,59966.7,0.00001501,1025471048
1782448710461,sell,59909,0.0007,1025471268
1782448709835,sell,59909,0.01185423,1025471267
1782448709834,sell,59909,0.01001424,1025471266
1782448709834,sell,59909,0.00053999,1025471265
1782448709824,sell,59909,0.00076,1025471264
1782448709823,sell,59909,0.00000001,1025471263
1782448709823,sell,59909,0.0005,1025471262
1782448709823,sell,59909.1,0.00001677,1025471261
1782448709823,sell,59911.5,0.00003746,1025471260
1782448709820,sell,59913.4,0.01114584,1025471259
1782448709820,sell,59914.3,0.00287911,1025471258
1782448709806,sell,59914.3,0.000015,1025471257
1782448709804,sell,59914.3,0.000015,1025471256
1782448709802,sell,59914.3,0.000015,1025471255
1782448709801,sell,59914.3,0.03324376,1025471254
1782448707837,sell,59914,0.00166501,1025471253
1782448706909,buy,59914.1,0.00008345,1025471252
1782448706847,buy,59911.4,0.00001677,1025471251
1782448706841,buy,59910.7,0.00003179,1025471250
1782448706841,buy,59910.7,0.00021299,1025471249
1782448706841,buy,59910.7,0.00001501,1025471248
1782448706741,buy,59906.6,0.00000094,1025471247
1782448706739,buy,59906.6,0.03764627,1025471246
1782448706739,buy,59906.6,0.09187974,1025471245
1782448706739,buy,59906.6,0.01602,1025471244
1782448706739,buy,59906.6,0.00188943,1025471243
1782448706739,buy,59906.6,0.057,1025471242
1782448706739,buy,59906.6,0.0004676,1025471241
1782448706739,buy,59906.6,0.0505,1025471240
1782448706739,buy,59906.6,0.08550692,1025471239
1782448706739,buy,59906.6,0.20987204,1025471238
1782448706122,buy,59906.9,0.00021123,1025471237
1782448706122,buy,59906.6,0.00001677,1025471236
1782448704522,buy,59903.2,0.0008345,1025471235
1782448703759,sell,59903.1,0.00012,1025471234
1782448703034,sell,59903.1,0.0008298,1025471233
1782448698973,buy,59903.2,0.00100161,1025471232
1782448697069,sell,59903.1,0.00032154,1025471231
1782448695329,sell,59904.3,0.00001677,1025471230
1782448695327,sell,59906.5,0.0000379,1025471229
1782448695325,sell,59908.9,0.00245594,1025471228
1782448694150,buy,59910.5,0.000228,1025471227
1782448694150,buy,59910.5,0.00000001,1025471226
1782448694150,buy,59909,0.00001677,1025471225
1782448693421,buy,59905,0.00001678,1025471224
1782448693419,buy,59904,0.00044231,1025471223
1782448693410,buy,59900.2,0.00018331,1025471222
1782448693279,sell,59900.1,0.00229467,1025471221
1782448691823,sell,59900.1,0.14012999,1025471220
1782448690549,sell,59900.1,0.0001639,1025471219
1782448690549,sell,59900.1,0.00017,1025471218
1782448690448,sell,59900.6,0.000015,1025471217
1782448690448,sell,59900.7,0.00016699,1025471216
1782448690448,sell,59901.5,0.0015,1025471215
1782448690448,sell,59901.9,0.00001677,1025471214
1782448690448,sell,59902,0.00008521,1025471213
1782448690448,sell,59904.3,0.00001677,1025471212
1782448690435,sell,59909.3,0.00230331,1025471211
1782448690433,sell,59908.9,0.0003,1025471210
1782448690433,sell,59909.3,0.00003871,1025471209
1782448690433,sell,59909.3,0.003,1025471208
1782448690433,sell,59909.4,0.003,1025471207
1782448690433,sell,59909.5,0.003,1025471206
1782448690422,sell,59911.5,0.01209062,1025471205
1782448690422,sell,59911.5,0.0001878,1025471204
1782448690266,buy,59911.6,0.00040469,1025471203
1782448690266,buy,59911.6,0.00000001,1025471202
1782448689866,sell,59911.5,0.000228,1025471201
1782448689863,sell,59912.6,0.00001501,1025471200
1782448689863,sell,59913.9,0.00174855,1025471199
1782448689863,sell,59914.3,0.00003921,1025471198
1782448689863,sell,59915.5,0.0001669,1025471197
1782448689863,sell,59915.5,0.00025764,1025471196
1782448686149,buy,59916.1,0.0001669,1025471195
1782448683078,sell,59916,0.00076,1025471194
1782448683076,sell,59916.5,0.0048,1025471193
1782448682362,sell,59918.8,0.00004041,1025471192
1782448681877,buy,59921.1,0.00089223,1025471191
1782448681875,sell,59921,0.03281694,1025471190
1782448681875,sell,59921,0.20987202,1025471189
1782448681875,sell,59921,0.023826,1025471188
1782448681875,sell,59921,0.00043433,1025471187
1782448681280,sell,59921,0.00008337,1025471186
1782448681232,sell,59923.8,0.00498203,1025471185
1782448681232,sell,59923.8,0.00316903,1025471184
1782448680650,buy,59923.9,0.01663776,1025471183
1782448674654,sell,59923.8,0.00020978,1025471182
1782448671043,sell,59923.8,0.01158878,1025471181
1782448671043,sell,59923.8,0.00493,1025471180
1782448671043,sell,59923.8,0.0013,1025471179
1782448671043,sell,59923.8,0.0505,1025471178
1782448671043,sell,59923.8,0.0012,1025471177
1782448671043,sell,59923.8,0.09226791,1025471176
1782448668483,buy,59923.9,0.002632,1025471175
1782448668483,buy,59923.9,0.00001677,1025471174
1782448668483,buy,59923.4,0.00001676,1025471173
1782448668483,buy,59922.7,0.000015,1025471172
1782448668483,buy,59922,0.0005,1025471171
1782448668483,buy,59921,0.00001676,1025471170
1782448668483,buy,59919.2,0.00017756,1025471169
1782448766701,buy,59900.2,0.00003338,1025471380
1782448766229,sell,59900.1,0.00060138,1025471379
1782448763933,buy,59900.2,0.00003505,1025471378
1782448762960,sell,59900.1,0.02636381,1025471377
1782448762960,sell,59900.1,0.00126454,1025471376
1782448762954,sell,59900.1,0.00023546,1025471375
1782448757680,buy,59900.2,0.00083035,1025471374
1782448757337,buy,59900.2,0.00092,1025471373
1782448754916,sell,59901.9,0.00001677,1025471372
1782448754916,sell,59904.3,0.00001677,1025471371
1782448754916,sell,59908.5,0.00001048,1025471370
1782448754906,buy,59908.9,0.00050076,1025471369
1782448754868,sell,59908.9,0.003,1025471368
1782448754531,sell,59909.1,0.00001677,1025471367
1782448754529,sell,59910.3,0.00026641,1025471366
1782448754529,sell,59910.3,0.00067329,1025471365
1782448754529,sell,59910.3,0.03878192,1025471364
1782448754528,sell,59910.3,0.01168533,1025471363
1782448754526,sell,59910.3,0.0104,1025471362
1782448749512,buy,59910.4,0.00026691,1025471361
1782448748506,buy,59910.4,0.00010014,1025471360
1782448745363,buy,59910.4,0.00008345,1025471359
1782448743547,sell,59912,0.0005,1025471358
1782448743545,sell,59912.6,0.00001501,1025471357
1782448743545,sell,59912.7,0.00001059,1025471356
1782448743545,sell,59913.9,0.00001676,1025471355
1782448743545,sell,59914.6,0.00213247,1025471354
1782448743443,buy,59914.7,0.00575985,1025471353
1782448742315,sell,59916.3,0.00001676,1025471352
1782448742315,sell,59918.7,0.00001676,1025471351
1782448742315,sell,59921.3,0.004,1025471350
1782448742268,sell,59922.5,0.00001087,1025471349
1782448742268,sell,59923,0.0005,1025471348
1782448742268,sell,59923.5,0.00001676,1025471347
1782448742115,sell,59927.7,0.00003378,1025471346
1782448742115,sell,59929.6,0.00279743,1025471345
1782448741810,buy,59928.7,0.000015,1025471344
1782448741810,buy,59928.2,0.00001676,1025471343
1782448741801,buy,59923.9,0.00064831,1025471342
1782448741797,buy,59923.8,0.01973359,1025471341
1782448741797,buy,59923.8,0.00026641,1025471340
1782448741797,buy,59923.8,0.02,1025471339
1782448741797,buy,59923.8,0.08,1025471338
1782448741191,sell,59923.7,0.00173241,1025471337
1782448739337,sell,59923.7,0.00082977,1025471336
1782448737967,buy,59923.7,0.00103178,1025471335
1782448737967,buy,59923.7,0.00110823,1025471334
1782448737967,buy,59923.4,0.00001676,1025471333
1782448737967,buy,59922.7,0.00001501,1025471332
1782448737965,buy,59920,0.0005,1025471331
1782448737965,buy,59920,0.0005,1025471330
1782448737965,buy,59919.9,0.003,1025471329
1782448737941,buy,59919.8,0.003,1025471328
1782448737928,buy,59919.7,0.00169591,1025471327
1782448737904,buy,59918.6,0.00001676,1025471326
1782448737900,buy,59914.9,0.07726839,1025471325
1782448737900,buy,59913.8,0.0005687,1025471324
1782448737900,buy,59913.8,0.021615,1025471323
1782448737900,buy,59913.8,0.00838494,1025471322
1782448737236,buy,59913.8,0.00173415,1025471321
1782448733584,buy,59913.8,0.00069933,1025471320
1782448732952,buy,59913.8,0.00001001,1025471319
1782448730418,buy,59913.7,0.00059864,1025471318
1782448730300,buy,59913.6,0.00050986,1025471317
1782448730300,buy,59913.6,0.00063014,1025471316
1782448730029,buy,59912,0.0005,1025471315
1782448730029,buy,59911.4,0.00001677,1025471314
1782448730027,buy,59907.7,0.20987104,1025471313
1782448730027,buy,59907.7,0.00066348,1025471312
1782448730027,buy,59907.7,0.0601954,1025471311
1782448730027,buy,59907.7,0.05892,1025471310
1782448730027,buy,59907.7,0.00151724,1025471309
1782448729307,sell,59907.6,0.00527104,1025471308
1782448729125,sell,59907.6,0.00005154,1025471307
1782448729123,sell,59909.8,0.00003476,1025471306
1782448729123,sell,59911.9,0.003,1025471305
1782448726939,buy,59910.3,0.00055032,1025471304
1782448726922,buy,59908.3,0.00001678,1025471303
1782448723476,buy,59903.8,0.00166934,1025471302
1782448723323,sell,59903.7,0.00001678,1025471301
1782448723323,sell,59903.7,0.000518,1025471300
1782448723323,sell,59903.7,0.000518,1025471299
1782448723321,sell,59904.3,0.00001677,1025471298
1782448723321,sell,59906.6,0.00001501,1025471297
1782448723321,sell,59906.7,0.00001677,1025471296
1782448723321,sell,59907.9,0.00003572,1025471295
1782448723321,sell,59910,0.0043311,1025471294
1782448722450,sell,59910,0.06,1025471293
1782448722450,sell,59910,0.04,1025471292
1782448722016,buy,59913.8,0.00001677,1025471291
1782448722016,buy,59913.6,0.00054039,1025471290
1782448722013,buy,59909,0.00001677,1025471289
1782448722009,buy,59906.7,0.00021713,1025471288
1782448722008,buy,59905.2,0.00069847,1025471287
1782448722008,buy,59905.2,0.07925571,1025471286
1782448722007,buy,59905.2,0.00246891,1025471285
1782448722007,buy,59905.2,0.00496,1025471284
1782448722007,buy,59905.2,0.158759,1025471283
1782448722007,buy,59905.2,0.00490704,1025471282
1782448721565,sell,59906.6,0.00277906,1025471281
1782461913957,buy,60221.7,0.00018785,1025553994
1782461913861,sell,60221.6,0.00008,1025553993
1782461913499,buy,60215.9,0.00133563,1025553992
1782461913499,buy,60215.9,0.0012,1025553991
1782461913496,buy,60218.8,0.00000001,1025553990
1782461913496,buy,60215.9,0.00288665,1025553989
1782461913484,sell,60216.1,0.08,1025553988
1782461913484,sell,60216.1,0.03000883,1025553987
1782461913484,sell,60216.2,0.00001455,1025553986
1782461913484,sell,60216.2,0.00002471,1025553985
1782461913484,sell,60216.3,0.0000181,1025553984
1782461913484,sell,60216.6,0.00001666,1025553983
1782461913484,sell,60216.6,0.00008569,1025553982
1782461913484,sell,60216.6,0.00001338,1025553981
1782461913484,sell,60217,0.0060132,1025553980
1782461913484,sell,60217.1,0.00003384,1025553979
1782461913484,sell,60217.3,0.0000168,1025553978
1782461913484,sell,60217.3,0.00001002,1025553977
1782461913484,sell,60217.3,0.0000168,1025553976
1782461913484,sell,60217.3,0.00004619,1025553975
1782461913484,sell,60217.3,0.00013151,1025553974
1782461913484,sell,60217.3,0.0000162,1025553973
1782461913484,sell,60217.3,0.00006052,1025553972
1782461913484,sell,60217.3,0.00075205,1025553971
1782461913484,sell,60217.3,0.00050414,1025553970
1782461913484,sell,60217.8,0.0000965,1025553969
1782461913484,sell,60218.2,0.00003983,1025553968
1782461913484,sell,60218.3,0.000015,1025553967
1782461913484,sell,60219,0.00001667,1025553966
1782461913484,sell,60219,0.00001068,1025553965
1782461913484,sell,60219,0.00003835,1025553964
1782461913484,sell,60219,0.00046015,1025553963
1782461913484,sell,60219.1,0.0000103,1025553962
1782461913484,sell,60219.7,0.00002107,1025553961
1782461913484,sell,60220,0.00397841,1025553960
1782461913484,sell,60220,0.00003119,1025553959
1782461913484,sell,60220,0.00003399,1025553958
1782461913484,sell,60220.9,0.0005,1025553957
1782461913484,sell,60220.9,0.00001235,1025553956
1782461913484,sell,60221.1,0.00067154,1025553955
1782461913484,sell,60221.3,0.0001423,1025553954
1782461913484,sell,60221.4,0.00001666,1025553953
1782461913484,sell,60221.4,0.00002371,1025553952
1782461913484,sell,60221.5,0.00002555,1025553951
1782461913484,sell,60221.6,0.0001661,1025553950
1782461913484,sell,60222.1,0.00016577,1025553949
1782461913484,sell,60222.1,0.00002356,1025553948
1782461913484,sell,60222.1,0.00001177,1025553947
1782461913484,sell,60222.1,0.00001294,1025553946
1782461913484,sell,60222.1,0.00001171,1025553945
1782461913484,sell,60222.2,0.01729937,1025553944
1782461913484,sell,60222.2,0.00023754,1025553943
1782461913484,sell,60222.2,0.00002314,1025553942
1782461913484,sell,60222.2,0.0000691,1025553941
1782461913484,sell,60222.2,0.00001855,1025553940
1782461913484,sell,60222.2,0.00003436,1025553939
1782461913484,sell,60222.2,0.00025901,1025553938
1782461913484,sell,60222.5,0.00001048,1025553937
1782461913484,sell,60222.8,0.00002036,1025553936
1782461913484,sell,60222.8,0.00001801,1025553935
1782461913484,sell,60222.9,0.00001004,1025553934
1782461913484,sell,60222.9,0.00444557,1025553933
1782461913484,sell,60222.9,0.00015681,1025553932
1782461913484,sell,60222.9,0.00022464,1025553931
1782461913484,sell,60223.2,0.00004992,1025553930
1782461913484,sell,60223.6,0.003,1025553929
1782461913484,sell,60223.7,0.003,1025553928
1782461913484,sell,60223.8,0.003,1025553927
1782461913484,sell,60223.8,0.00002079,1025553926
1782461913484,sell,60224,0.00057139,1025553925
1782461913484,sell,60224.2,0.00002279,1025553924
1782461913484,sell,60224.2,0.00229974,1025553923
1782461913484,sell,60224.3,0.00002073,1025553922
1782461913484,sell,60225,0.00012007,1025553921
1782461913484,sell,60226.4,0.00004831,1025553920
1782461913484,sell,60226.5,0.00069999,1025553919
1782461913476,buy,60227.1,0.00158028,1025553918
1782461913409,sell,60228.6,0.00001668,1025553917
1782461913409,sell,60229,0.00197186,1025553916
1782461913404,sell,60232.6,0.00008946,1025553915
1782461913404,sell,60232.8,0.0013821,1025553914
1782461913404,sell,60232.8,0.0015,1025553913
1782461913404,sell,60232.8,0.00045714,1025553912
1782461913404,sell,60232.8,0.0006056,1025553911
1782461913404,sell,60232.8,0.00668789,1025553910
1782461913404,sell,60232.8,0.00924213,1025553909
1782461913403,sell,60232.8,0.08260107,1025553908
1782461913042,buy,60232.9,0.0001914,1025553907
1782461912077,buy,60232.9,0.00428232,1025553906
1782461912077,buy,60232.9,0.00000001,1025553905
1782461911912,sell,60233.5,0.00001667,1025553904
1782461911912,sell,60233.5,0.0015,1025553903
1782461911912,sell,60233.7,0.00029999,1025553902
1782461911736,sell,60235.9,0.00001667,1025553901
1782461911736,sell,60236.9,0.000015,1025553900
1782461911736,sell,60237.8,0.00026736,1025553899
1782461911736,sell,60238.3,0.00001667,1025553898
1782461911733,sell,60239,0.00046015,1025553897
1782461911733,sell,60240,0.0000332,1025553896
1782461911733,sell,60241,0.00051634,1025553895
1782461969942,buy,60206.1,0.00000001,1025554520
1782461969942,buy,60204.5,0.00001669,1025554519
1782461969942,buy,60201.3,0.00153133,1025554518
1782461968285,sell,60202.1,0.00001669,1025554517
1782461968281,sell,60204.6,0.00001669,1025554516
1782461968281,sell,60207,0.00001669,1025554515
1782461968281,sell,60207.2,0.00001725,1025554514
1782461968281,sell,60207.2,0.00003897,1025554513
1782461968281,sell,60208,0.00363344,1025554512
1782461968276,sell,60208.3,0.00115774,1025554511
1782461968276,sell,60208.3,0.00047197,1025554510
1782461968276,sell,60208.3,0.00188493,1025554509
1782461968276,sell,60208.3,0.00002,1025554508
1782461968276,sell,60208.3,0.0012531,1025554507
1782461966895,buy,60208.4,0.00120054,1025554506
1782461962363,sell,60208.3,0.00167417,1025554505
1782461962356,sell,60210.9,0.00069009,1025554504
1782461959949,buy,60211,0.00068756,1025554503
1782461959542,buy,60211,0.00102322,1025554502
1782461959398,buy,60210,0.00047197,1025554501
1782461959398,buy,60208.4,0.00202642,1025554500
1782461959398,buy,60208.4,0.0015125,1025554499
1782461958856,buy,60208.4,0.00167584,1025554498
1782461958372,sell,60209.9,0.0035421,1025554497
1782461957993,sell,60209.9,0.0004,1025554496
1782461957268,buy,60210,0.00170901,1025554495
1782461957158,buy,60209.3,0.00001668,1025554494
1782461957158,buy,60202.5,0.00159227,1025554493
1782461957019,sell,60202.4,0.00023199,1025554492
1782461957019,sell,60202.4,0.00000001,1025554491
1782461957017,buy,60202.4,0.00047208,1025554490
1782461957017,buy,60202.4,0.00167607,1025554489
1782461956843,sell,60202.3,0.00012278,1025554488
1782461956763,sell,60203.5,0.00028581,1025554487
1782461956763,sell,60203.8,0.00001799,1025554486
1782461956763,sell,60203.8,0.00004547,1025554485
1782461956734,sell,60204,0.006229,1025554484
1782461956720,sell,60204.6,0.00001669,1025554483
1782461956720,sell,60206,0.0005,1025554482
1782461956720,sell,60207,0.0005,1025554481
1782461956720,sell,60208,0.00540437,1025554480
1782461956637,buy,60208.1,0.00030721,1025554479
1782461956510,buy,60208.1,0.00024913,1025554478
1782461953418,sell,60208,0.0016746,1025554477
1782461953418,sell,60208,0.00000001,1025554476
1782461952698,buy,60207.5,0.00028581,1025554475
1782461952698,buy,60207,0.0005,1025554474
1782461952698,buy,60207,0.0005,1025554473
1782461952698,buy,60207,0.00001501,1025554472
1782461952698,buy,60206.9,0.00001668,1025554471
1782461952698,buy,60204.5,0.00001668,1025554470
1782461952698,buy,60203.6,0.00176425,1025554469
1782461952660,buy,60203.6,0.00000001,1025554468
1782461952660,buy,60202,0.00001668,1025554467
1782461952660,buy,60201,0.00001501,1025554466
1782461952660,buy,60200.4,0.00096974,1025554465
1782461952660,buy,60199.6,0.00001669,1025554464
1782461952660,buy,60198.7,0.00016611,1025554463
1782461952660,buy,60198.1,0.00045001,1025554462
1782461952660,buy,60198.1,0.00185725,1025554461
1782461951738,buy,60196.5,0.00195504,1025554460
1782461951723,buy,60196.5,0.00038241,1025554459
1782461951723,buy,60196.5,0.00205793,1025554458
1782461950173,buy,60196.5,0.00000001,1025554457
1782461950173,buy,60194.8,0.00216628,1025554456
1782461950149,buy,60194.8,0.000232,1025554455
1782461950149,buy,60194.8,0.0000167,1025554454
1782461950149,buy,60194.8,0.00001669,1025554453
1782461950142,sell,60192.5,0.00023199,1025554452
1782461950142,sell,60192.5,0.00000001,1025554451
1782461950140,buy,60192.1,0.00228037,1025554450
1782461950081,buy,60192.1,0.00167629,1025554449
1782461946543,sell,60192,0.005,1025554448
1782461945377,sell,60193.7,0.00001904,1025554447
1782461945377,sell,60193.7,0.00006108,1025554446
1782461945377,sell,60195.2,0.00124557,1025554445
1782461944969,buy,60195.3,0.00262458,1025554444
1782461943106,sell,60198,0.00303681,1025554443
1782461940921,buy,60197.2,0.00100571,1025554442
1782461940921,buy,60197.2,0.00001669,1025554441
1782461940921,buy,60194.8,0.00001669,1025554440
1782461940916,buy,60192.1,0.00240038,1025554439
1782461940707,buy,60192.1,0.00262458,1025554438
1782461940408,buy,60192.1,0.01655955,1025554437
1782461940359,buy,60192.1,0.00428627,1025554436
1782461939282,buy,60192.1,0.0090083,1025554435
1782461938869,buy,60192.1,0.00018583,1025554434
1782461938698,buy,60192.1,0.00086573,1025554433
1782461938698,buy,60192.1,0.00016616,1025554432
1782461938462,sell,60192.1,0.00012324,1025554431
1782461938462,sell,60192.1,0.00021001,1025554430
1782461938462,sell,60192.3,0.00072804,1025554429
1782461938462,sell,60192.3,0.00025093,1025554428
1782461938462,sell,60192.3,0.00246028,1025554427
1782461938462,sell,60192.3,0.00032502,1025554426
1782461938462,sell,60192.5,0.00001667,1025554425
1782461938462,sell,60192.5,0.0000304,1025554424
1782461938462,sell,60193,0.00002834,1025554423
1782461938462,sell,60193.2,0.00003949,1025554422
1782461938462,sell,60193.3,0.00001075,1025554421
1782462024531,sell,60208.7,0.0000199,1025554626
1782462024531,sell,60208.7,0.00006613,1025554625
1782462024531,sell,60209.9,0.0006659,1025554624
1782462023522,sell,60209.9,0.0012625,1025554623
1782462023062,buy,60210,0.00039681,1025554622
1782462021917,sell,60209.9,0.00105182,1025554621
1782462021917,sell,60209.9,0.00270102,1025554620
1782462021561,buy,60210,0.06856291,1025554619
1782462021561,buy,60210,0.00974468,1025554618
1782462020638,buy,60210,0.00002657,1025554617
1782462020122,buy,60210,0.0000735,1025554616
1782462019684,sell,60209.9,0.00768318,1025554615
1782462019684,sell,60209.9,0.09507705,1025554614
1782462019684,sell,60209.9,0.3243025,1025554613
1782462019684,sell,60209.9,0.0561,1025554612
1782462019684,sell,60209.9,0.17473736,1025554611
1782462019684,sell,60209.9,0.05988931,1025554610
1782462019684,sell,60209.9,0.00529898,1025554609
1782462019684,sell,60209.9,0.022,1025554608
1782462019091,buy,60210,0.00074801,1025554607
1782462016048,buy,60209.3,0.00001669,1025554606
1782462016048,buy,60205.6,0.0011256,1025554605
1782462016016,buy,60205.5,0.00110665,1025554604
1782462015648,buy,60205.5,0.00331697,1025554603
1782462014034,buy,60205.5,0.00012291,1025554602
1782462013974,buy,60205.5,0.01162634,1025554601
1782462013186,buy,60205.5,0.00128061,1025554600
1782462011826,sell,60205.4,0.0016942,1025554599
1782462011538,sell,60206,0.00002334,1025554598
1782462011538,sell,60206,0.00006917,1025554597
1782462011538,sell,60208,0.004,1025554596
1782462011250,sell,60208,0.00342261,1025554595
1782462011250,sell,60208,0.01224132,1025554594
1782462010852,sell,60208,0.00332659,1025554593
1782462010124,buy,60208.1,0.0000735,1025554592
1782462009655,buy,60208.1,0.00743753,1025554591
1782462008765,sell,60208,0.00161205,1025554590
1782462007241,sell,60208,0.00282,1025554589
1782462006802,buy,60208.1,0.01413317,1025554588
1782462006802,buy,60208.1,0.0002381,1025554587
1782462006802,buy,60208.1,0.00118477,1025554586
1782462006059,sell,60208,0.00032569,1025554585
1782462005697,sell,60208,0.00167435,1025554584
1782462003420,buy,60207,0.00001501,1025554583
1782462003420,buy,60206.9,0.00001669,1025554582
1782462003418,buy,60201.9,0.00055863,1025554581
1782462003418,buy,60201.9,0.0012473,1025554580
1782462003193,buy,60201.9,0.00332165,1025554579
1782462002814,buy,60201.9,0.00167602,1025554578
1782462001784,buy,60201.9,0.00000001,1025554577
1782462001784,buy,60199.6,0.00001669,1025554576
1782462001784,buy,60196.4,0.00055878,1025554575
1782462000330,sell,60197.9,0.00047208,1025554574
1782462000330,sell,60198,0.002,1025554573
1782461998747,buy,60198.1,0.0098374,1025554572
1782461998747,buy,60198.1,0.0101626,1025554571
1782461996243,sell,60202.1,0.00001669,1025554570
1782461996241,sell,60204.6,0.00001669,1025554569
1782461996241,sell,60207,0.00001669,1025554568
1782461996241,sell,60207.2,0.00001649,1025554567
1782461996241,sell,60208.7,0.00002501,1025554566
1782461996241,sell,60208.7,0.00001579,1025554565
1782461996238,sell,60210.3,0.0865827,1025554564
1782461996238,sell,60210.9,0.00024039,1025554563
1782461996238,sell,60210.9,0.0023,1025554562
1782461996237,sell,60210.9,0.0067,1025554561
1782461994722,buy,60211,0.00016608,1025554560
1782461994218,sell,60210.9,0.00005024,1025554559
1782461993276,buy,60211,0.00174005,1025554558
1782461991328,sell,60207.2,0.00047419,1025554557
1782461991328,sell,60207.2,0.0012,1025554556
1782461987846,buy,60207.3,0.00092729,1025554555
1782461987846,buy,60207.3,0.00074858,1025554554
1782461987449,buy,60207.3,0.00055142,1025554553
1782461985493,sell,60207.2,0.02860836,1025554552
1782461985493,sell,60207.2,0.0000484,1025554551
1782461985018,buy,60207.2,0.00018361,1025554550
1782461985018,buy,60207,0.00001501,1025554549
1782461985018,buy,60206.9,0.00001669,1025554548
1782461985018,buy,60204.5,0.00001669,1025554547
1782461984766,buy,60199.9,0.00132964,1025554546
1782461983288,sell,60200.9,0.00001501,1025554545
1782461983288,sell,60202.1,0.00001669,1025554544
1782461983288,sell,60204.6,0.00001669,1025554543
1782461983288,sell,60207,0.00001669,1025554542
1782461983288,sell,60208.1,0.00002979,1025554541
1782461983288,sell,60208.1,0.00001646,1025554540
1782461983288,sell,60208.7,0.00008964,1025554539
1782461983288,sell,60210,0.00083056,1025554538
1782461983286,sell,60210.9,0.00838272,1025554537
1782461981798,sell,60210.9,0.00167409,1025554536
1782461979591,buy,60211,0.00161927,1025554535
1782461978483,buy,60211,0.00167577,1025554534
1782461976956,buy,60209.3,0.00001669,1025554533
1782461976956,buy,60208.8,0.00131274,1025554532
1782461976952,buy,60208.8,0.08,1025554531
1782461976185,buy,60208.8,0.00375288,1025554530
1782461973261,buy,60208.8,0.00215,1025554529
1782461973261,buy,60208.8,0.00085,1025554528
1782461972253,sell,60208.7,0.01293295,1025554527
1782462078513,buy,60217.6,0.000232,1025554783
1782462078512,buy,60217.6,0.00001669,1025554782
1782462078444,buy,60214.9,0.00000001,1025554781
1782462078444,buy,60214.9,0.00263396,1025554780
1782462078406,buy,60212,0.00000001,1025554779
1782462078406,buy,60212,0.0012646,1025554778
1782462078080,sell,60211.9,0.00031668,1025554777
1782462078079,sell,60211.6,0.00028001,1025554776
1782462078079,sell,60211.9,0.00029999,1025554775
1782462078075,sell,60212.9,0.00001501,1025554774
1782462078075,sell,60214.2,0.00001668,1025554773
1782462078075,sell,60216.6,0.00001668,1025554772
1782462078075,sell,60217.8,0.0011176,1025554771
1782462078075,sell,60218.3,0.00004344,1025554770
1782462078075,sell,60218.3,0.00002928,1025554769
1782462078075,sell,60219,0.00001668,1025554768
1782462078073,sell,60220,0.015,1025554767
1782462077846,buy,60220.1,0.0016888,1025554766
1782462077388,buy,60220.1,0.00083028,1025554765
1782462075139,sell,60220,0.00168405,1025554764
1782462074910,buy,60220.1,0.00033211,1025554763
1782462072277,sell,60220,0.000773,1025554762
1782462072277,sell,60220,0.00000001,1025554761
1782462072277,sell,60222,0.0005,1025554760
1782462072277,sell,60223.3,0.00003131,1025554759
1782462072277,sell,60223.3,0.00004526,1025554758
1782462070989,buy,60225,0.00026172,1025554757
1782462070476,buy,60225,0.00255476,1025554756
1782462070121,buy,60225,0.00007351,1025554755
1782462067679,sell,60224.9,0.00053429,1025554754
1782462067679,sell,60224.9,0.0013,1025554753
1782462067173,sell,60224.8,0.00001502,1025554752
1782462067172,sell,60224.8,0.00021699,1025554751
1782462067172,sell,60224.9,0.00001501,1025554750
1782462067168,sell,60226.2,0.00001668,1025554749
1782462067168,sell,60228.3,0.0021648,1025554748
1782462067168,sell,60228.3,0.0208,1025554747
1782462067158,sell,60228.3,0.00000001,1025554746
1782462067158,sell,60228.3,0.00227874,1025554745
1782462067128,sell,60228.3,0.0000317,1025554744
1782462067128,sell,60232.3,0.00004683,1025554743
1782462067128,sell,60232.3,0.00003269,1025554742
1782462067128,sell,60233.6,0.00239852,1025554741
1782462065342,buy,60233.7,0.0002804,1025554740
1782462065342,buy,60233.7,0.0002996,1025554739
1782462065338,buy,60233.4,0.00001668,1025554738
1782462065338,buy,60233.4,0.00143885,1025554737
1782462065338,buy,60231.2,0.0561,1025554736
1782462065338,buy,60231.2,0.00097048,1025554735
1782462065338,buy,60231.2,0.0013,1025554734
1782462065141,buy,60231.1,0.000217,1025554733
1782462065141,buy,60231,0.000015,1025554732
1782462065087,buy,60228.4,0.003,1025554731
1782462065087,buy,60228.3,0.003,1025554730
1782462065085,buy,60226.1,0.00001501,1025554729
1782462065085,buy,60226.1,0.00001668,1025554728
1782462065085,buy,60225,0.00012007,1025554727
1782462065085,buy,60225,0.00001501,1025554726
1782462065085,buy,60224.8,0.00102174,1025554725
1782462065043,buy,60224,0.0005,1025554724
1782462065043,buy,60223.7,0.00001668,1025554723
1782462065043,buy,60219,0.00046015,1025554722
1782462065043,buy,60218.9,0.00001668,1025554721
1782462065036,buy,60217.9,0.00036787,1025554720
1782462065036,buy,60217.9,0.00107572,1025554719
1782462062850,buy,60217.9,0.0000166,1025554718
1782462062675,buy,60214,0.0005,1025554717
1782462062669,buy,60213,0.000015,1025554716
1782462062669,buy,60211.7,0.00001668,1025554715
1782462062666,buy,60211,0.00072302,1025554714
1782462062666,buy,60211,0.00010974,1025554713
1782462062666,buy,60211,0.06785589,1025554712
1782462062666,buy,60210.9,0.00113253,1025554711
1782462062666,buy,60210.9,0.27942249,1025554710
1782462062666,buy,60210.9,0.0061517,1025554709
1782462062666,buy,60210.9,0.01017804,1025554708
1782462062223,sell,60210.8,0.00167575,1025554707
1782462061927,buy,60210.9,0.00038575,1025554706
1782462061927,buy,60210.9,0.00129999,1025554705
1782462061319,buy,60210.9,0.00000001,1025554704
1782462061319,buy,60210.9,0.00501969,1025554703
1782462061316,buy,60208,0.0002,1025554702
1782462061314,buy,60206.9,0.00001668,1025554701
1782462061042,buy,60202.4,0.00119238,1025554700
1782462060465,sell,60202.3,0.00069074,1025554699
1782462060119,buy,60202.4,0.00007351,1025554698
1782462058410,buy,60202.4,0.00001079,1025554697
1782462056381,sell,60202.3,0.00021309,1025554696
1782462054956,sell,60202.3,0.00498906,1025554695
1782462051833,buy,60202.4,0.01768572,1025554694
1782462051833,buy,60202.4,0.0012265,1025554693
1782462050122,buy,60202.4,0.0000735,1025554692
1782462048999,sell,60202.3,0.0000317,1025554691
1782462048997,sell,60202.3,0.000232,1025554690
1782462048997,sell,60204.6,0.00001668,1025554689
1782462048995,sell,60207,0.00001668,1025554688
1782462048995,sell,60209.9,0.00001595,1025554687
1782462048995,sell,60209.9,0.00005969,1025554686
1782462048986,sell,60210.9,0.0102,1025554685
1782462046707,buy,60210.9,0.00125489,1025554684
1782462134910,buy,60322.2,0.00004973,1025555017
1782462134808,buy,60322.2,0.22820289,1025555016
1782462134808,buy,60320.2,0.00001666,1025555015
1782462134808,buy,60317.7,0.00001666,1025555014
1782462134808,buy,60316.7,0.00004977,1025555013
1782462134808,buy,60316.7,0.00001218,1025555012
1782462134808,buy,60316.7,0.00006779,1025555011
1782462134808,buy,60313.8,0.00099439,1025555010
1782462133307,buy,60313.8,0.00014441,1025555009
1782462133307,buy,60313.8,0.00022524,1025555008
1782462133307,buy,60313.8,0.00022524,1025555007
1782462133283,buy,60313.8,0.04167253,1025555006
1782462132298,buy,60312.1,0.00073776,1025555005
1782462132298,buy,60312.1,0.00104677,1025555004
1782462131297,sell,60313,0.00001665,1025555003
1782462131297,sell,60314.9,0.00001501,1025555002
1782462131294,sell,60316.1,0.00238865,1025555001
1782462130300,sell,60316.1,0.04,1025555000
1782462130300,sell,60316.1,0.07983717,1025554999
1782462130300,sell,60317.8,0.00001665,1025554998
1782462130300,sell,60320.1,0.00014618,1025554997
1782462130292,sell,60325.5,0.01532878,1025554996
1782462130292,sell,60325.5,0.08950677,1025554995
1782462130120,buy,60325.6,0.00007351,1025554994
1782462129569,buy,60325.6,0.00044259,1025554993
1782462129143,buy,60325.6,0.00000001,1025554992
1782462129143,buy,60325.6,0.00008467,1025554991
1782462129138,buy,60325,0.00001668,1025554990
1782462129138,buy,60325,0.00012007,1025554989
1782462129138,buy,60324,0.0001661,1025554988
1782462129137,buy,60322.6,0.00001668,1025554987
1782462129137,buy,60321.9,0.0015,1025554986
1782462129137,buy,60320.9,0.0002999,1025554985
1782462129137,buy,60320,0.00005137,1025554984
1782462129137,buy,60320,0.00001259,1025554983
1782462129137,buy,60320,0.0000708,1025554982
1782462129137,buy,60319,0.00046015,1025554981
1782462129132,buy,60317.7,0.00001668,1025554980
1782462129129,buy,60315.7,0.08289722,1025554979
1782462129129,buy,60315.7,0.00012946,1025554978
1782462129129,buy,60315.7,0.00071596,1025554977
1782462129129,buy,60315.7,0.00026008,1025554976
1782462128042,buy,60315.7,0.0008356,1025554975
1782462125262,buy,60315.7,0.00012431,1025554974
1782462125118,buy,60315.3,0.00001667,1025554973
1782462125118,buy,60313.6,0.00049984,1025554972
1782462125118,buy,60312.9,0.00001668,1025554971
1782462125118,buy,60312.4,0.00005297,1025554970
1782462125118,buy,60312.3,0.00008426,1025554969
1782462125118,buy,60312,0.0005089,1025554968
1782462125118,buy,60312,0.00094982,1025554967
1782462125118,buy,60312,0.01447221,1025554966
1782462125117,buy,60309.3,0.00007389,1025554965
1782462125117,buy,60309.3,0.00001301,1025554964
1782462125113,buy,60308.2,0.07471892,1025554963
1782462125113,buy,60308.2,0.02688157,1025554962
1782462124853,buy,60308.2,0.11360745,1025554961
1782462123587,sell,60308.1,0.06806008,1025554960
1782462120595,buy,60307.4,0.00011039,1025554959
1782462120591,buy,60305.2,0.002095,1025554958
1782462120591,buy,60305.2,0.00063567,1025554957
1782462120591,buy,60305.2,0.00063568,1025554956
1782462120121,buy,60305.2,0.00007351,1025554955
1782462119122,sell,60305.1,0.00031,1025554954
1782462117559,buy,60305.2,0.01659031,1025554953
1782462115958,buy,60305.2,0.00103471,1025554952
1782462115155,sell,60305.1,0.00001184,1025554951
1782462115127,buy,60305.2,0.00024871,1025554950
1782462114156,sell,60305.1,0.00017191,1025554949
1782462114156,sell,60305.1,0.00003744,1025554948
1782462114156,sell,60305.1,0.00002265,1025554947
1782462114153,sell,60308.5,0.03074874,1025554946
1782462114050,sell,60308.5,0.00006197,1025554945
1782462114050,sell,60308.5,0.00017004,1025554944
1782462114050,sell,60308.5,0.00002336,1025554943
1782462114050,sell,60308.5,0.0000386,1025554942
1782462113715,buy,60310.5,0.00001668,1025554941
1782462113715,buy,60308.1,0.00001666,1025554940
1782462113715,buy,60306.1,0.00265108,1025554939
1782462113714,buy,60306.1,0.000232,1025554938
1782462113712,buy,60306.1,0.00011692,1025554937
1782462113712,buy,60305.9,0.003,1025554936
1782462113677,buy,60305.7,0.003,1025554935
1782462113677,buy,60305.7,0.00001668,1025554934
1782462113677,buy,60305.3,0.00208839,1025554933
1782462113675,buy,60303.3,0.00001668,1025554932
1782462113675,buy,60302.8,0.00102778,1025554931
1782462113675,buy,60302.8,0.0829188,1025554930
1782462113288,buy,60301.1,0.0015,1025554929
1782462113288,buy,60301,0.00016615,1025554928
1782462113288,buy,60300,0.00091579,1025554927
1782462113283,buy,60300,0.00016616,1025554926
1782462113283,buy,60300,0.00562074,1025554925
1782462112734,buy,60300,0.02228144,1025554924
1782462112698,buy,60300,0.00849072,1025554923
1782462112695,buy,60300,0.00894536,1025554922
1782462112688,buy,60300,0.00172268,1025554921
1782462112670,buy,60300,0.07156291,1025554920
1782462112670,buy,60300,0.01332836,1025554919
1782462112670,buy,60300,0.00012007,1025554918
1782472703395,buy,59393.6,0.00001692,1025614662
1782472703395,buy,59391.2,0.00001692,1025614661
1782472703395,buy,59390.2,0.00025,1025614660
1782472703395,buy,59388.9,0.00001692,1025614659
1782472703395,buy,59388,0.00050818,1025614658
1782472702423,buy,59384.7,0.00001501,1025614657
1782472702421,buy,59381.7,0.00053512,1025614656
1782472701351,buy,59382.1,0.000232,1025614655
1782472701351,buy,59382.1,0.00000001,1025614654
1782472701351,buy,59381.7,0.00001692,1025614653
1782472701351,buy,59379.4,0.00001692,1025614652
1782472701309,buy,59378.6,0.00003368,1025614651
1782472700808,sell,59374.3,0.19295391,1025614650
1782472700808,sell,59374.3,0.22858,1025614649
1782472700665,buy,59367.9,0.00056369,1025614648
1782472699600,buy,59367.9,0.00014316,1025614647
1782472699600,buy,59367.9,0.00000001,1025614646
1782472698438,sell,59367.8,0.00024,1025614645
1782472698311,sell,59368.3,0.00001501,1025614644
1782472698307,sell,59370,0.00001692,1025614643
1782472698304,sell,59370.8,0.00008515,1025614642
1782472698303,sell,59370.8,0.00014686,1025614641
1782472698303,sell,59372.9,0.00004889,1025614640
1782472698303,sell,59372.9,0.00003625,1025614639
1782472698301,sell,59375,0.08739754,1025614638
1782472698300,sell,59375,0.00730789,1025614637
1782472698300,sell,59375,0.00812506,1025614636
1782472698300,sell,59375,0.04716951,1025614635
1782472698131,sell,59377.1,0.00001692,1025614634
1782472698131,sell,59379.7,0.00005048,1025614633
1782472698131,sell,59379.7,0.00003732,1025614632
1782472698131,sell,59381.8,0.0013014,1025614631
1782472698078,buy,59381.9,0.00003368,1025614630
1782472697831,sell,59381.8,0.00008,1025614629
1782472697457,sell,59381.8,0.00001502,1025614628
1782472697457,sell,59381.8,0.00156655,1025614627
1782472697454,sell,59381.1,0.00003194,1025614626
1782472697452,sell,59384.2,0.00001692,1025614625
1782472697452,sell,59385.3,0.00003833,1025614624
1782472697452,sell,59385.3,0.0000523,1025614623
1782472697452,sell,59387.5,0.00248126,1025614622
1782472696509,buy,59387.6,0.00033677,1025614621
1782472695173,buy,59386.5,0.0005928,1025614620
1782472694297,sell,59386.4,0.00001502,1025614619
1782472694295,sell,59386.6,0.00001692,1025614618
1782472694293,sell,59388.7,0.00005447,1025614617
1782472694293,sell,59388.7,0.00003926,1025614616
1782472694293,sell,59389,0.00001692,1025614615
1782472694293,sell,59390.9,0.00045618,1025614614
1782472692141,buy,59391,0.00256361,1025614613
1782472692141,buy,59391,0.00000001,1025614612
1782472691299,sell,59392.9,0.00004038,1025614611
1782472691299,sell,59392.9,0.00005633,1025614610
1782472691299,sell,59395.2,0.00154382,1025614609
1782472689999,buy,59390.8,0.00062387,1025614608
1782472689426,sell,59390.7,0.00168061,1025614607
1782472689188,buy,59390.8,0.00005999,1025614606
1782472689071,buy,59385.9,0.00065685,1025614605
1782472689029,buy,59385.1,0.00069144,1025614604
1782472688898,sell,59388.4,0.00004146,1025614603
1782472688898,sell,59388.4,0.00005848,1025614602
1782472688898,sell,59390.7,0.00083889,1025614601
1782472688898,sell,59390.7,0.00281712,1025614600
1782472688679,sell,59390.7,0.00001676,1025614599
1782472688679,sell,59390.7,0.00000001,1025614598
1782472688473,buy,59390.8,0.00156421,1025614597
1782472687608,buy,59390.7,0.00001501,1025614596
1782472687608,buy,59388.9,0.00001692,1025614595
1782472686293,sell,59380.1,0.00001501,1025614594
1782472686291,sell,59381.8,0.00001692,1025614593
1782472686291,sell,59383.6,0.00006061,1025614592
1782472686291,sell,59383.6,0.00004261,1025614591
1782472686018,sell,59388.7,0.00006305,1025614590
1782472686018,sell,59388.7,0.00004368,1025614589
1782472686018,sell,59390.9,0.0014614,1025614588
1782472685753,sell,59391.1,0.00197993,1025614587
1782472684165,sell,59391.1,0.00171978,1025614586
1782472683567,buy,59391.2,0.00554321,1025614585
1782472683567,buy,59391.2,0.094397,1025614584
1782472683123,sell,59393.2,0.000045,1025614583
1782472683123,sell,59393.2,0.00006505,1025614582
1782472683123,sell,59395.6,0.00010061,1025614581
1782472682777,buy,59391.2,0.00001691,1025614580
1782472682775,buy,59386,0.0005,1025614579
1782472682775,buy,59385.8,0.03936766,1025614578
1782472682316,buy,59385.8,0.00033106,1025614577
1782472682108,buy,59385.8,0.00005051,1025614576
1782472681382,buy,59385.3,0.00089993,1025614575
1782472681382,buy,59385.3,0.00087819,1025614574
1782472681382,buy,59385.3,0.00068787,1025614573
1782472680668,buy,59381,0.0020018,1025614572
1782472680667,buy,59379.3,0.00057973,1025614571
1782472680571,buy,59379.2,0.00391811,1025614570
1782472680571,buy,59379.2,0.00280621,1025614569
1782472680568,buy,59379.2,0.01051216,1025614568
1782472680566,buy,59379.2,0.01080608,1025614567
1782472680564,buy,59379.2,0.00455304,1025614566
1782472680561,buy,59379.2,0.00082652,1025614565
1782472680555,buy,59379.2,0.00045301,1025614564
1782472680555,buy,59379.2,0.00061025,1025614563
1782472756621,sell,59449.7,0.14988,1025615073
1782472756093,sell,59449.7,0.01196352,1025615072
1782472756093,sell,59455.2,0.00276891,1025615071
1782472755811,sell,59455.2,0.0207776,1025615070
1782472755811,sell,59455.2,0.0045034,1025615069
1782472755811,sell,59455.2,0.08,1025615068
1782472755511,buy,59455.3,0.00170548,1025615067
1782472752896,buy,59453.2,0.00124034,1025615066
1782472751951,buy,59450.7,0.00001501,1025615065
1782472751951,buy,59447.2,0.00055907,1025615064
1782472751951,buy,59447.2,0.00052649,1025615063
1782472751951,buy,59447.2,0.00055907,1025615062
1782472751949,buy,59440.5,0.00028626,1025615061
1782472751948,buy,59440.5,0.02001374,1025615060
1782472751948,buy,59440.5,0.005,1025615059
1782472751946,buy,59440.5,0.08,1025615058
1782472751404,buy,59440.5,0.0787,1025615057
1782472751404,buy,59440.5,0.0013,1025615056
1782472750061,buy,59447.2,0.00008242,1025615055
1782472749260,sell,59454.4,0.00046624,1025615054
1782472749260,sell,59454.4,0.04336982,1025615053
1782472749260,sell,59454.4,0.07882818,1025615052
1782472749259,sell,59454.4,0.03607995,1025615051
1782472749245,buy,59450.2,0.0002999,1025615050
1782472749179,buy,59444.5,0.00130587,1025615049
1782472747757,buy,59450.2,0.00150209,1025615048
1782472747364,sell,59457.2,0.00216659,1025615047
1782472747359,sell,59457.2,0.00000001,1025615046
1782472747359,sell,59457.2,0.00228062,1025615045
1782472747204,buy,59457.3,0.00283384,1025615044
1782472747202,buy,59457.3,0.00133384,1025615043
1782472747202,buy,59457.3,0.0015,1025615042
1782472747197,buy,59454.9,0.017,1025615041
1782472747197,buy,59453.5,0.063,1025615040
1782472747160,sell,59454.8,0.00240073,1025615039
1782472747080,buy,59454.9,0.059,1025615038
1782472747080,buy,59454.9,0.021,1025615037
1782472747065,buy,59453,0.00001692,1025615036
1782472747065,buy,59453,0.00049968,1025615035
1782472747065,buy,59450.6,0.00001692,1025615034
1782472747065,buy,59449.8,0.00013046,1025615033
1782472747062,buy,59448.5,0.0000842,1025615032
1782472747062,buy,59448.3,0.0000169,1025615031
1782472747060,buy,59446,0.003,1025615030
1782472747060,buy,59445.9,0.003,1025615029
1782472747030,sell,59445.8,0.00023199,1025615028
1782472747030,sell,59445.8,0.00000001,1025615027
1782472747028,buy,59445.8,0.003,1025615026
1782472746907,sell,59445.2,0.00002353,1025615025
1782472746791,buy,59444.7,0.00001501,1025615024
1782472746791,buy,59443.5,0.0000169,1025615023
1782472746791,buy,59443.3,0.00001,1025615022
1782472746788,buy,59441.7,0.0242183,1025615021
1782472746788,buy,59441.1,0.0000169,1025615020
1782472746788,buy,59439.8,0.00054557,1025615019
1782472746788,buy,59438.8,0.0000169,1025615018
1782472746788,buy,59438.7,0.00001501,1025615017
1782472746788,buy,59436.6,0.00125356,1025615016
1782472746788,buy,59436.6,0.0007,1025615015
1782472746788,buy,59436.6,0.0002,1025615014
1782472746786,buy,59434.9,0.00090263,1025615013
1782472746786,buy,59434.9,0.00089989,1025615012
1782472746786,buy,59434.9,0.00089989,1025615011
1782472746786,buy,59434.9,0.00089989,1025615010
1782472746786,buy,59434.9,0.00089989,1025615009
1782472746786,buy,59434.9,0.00089989,1025615008
1782472746786,buy,59434.9,0.00090029,1025615007
1782472746786,buy,59434.9,0.00090154,1025615006
1782472746786,buy,59434.9,0.00089989,1025615005
1782472746786,buy,59434.9,0.00089989,1025615004
1782472746786,buy,59434.9,0.00089989,1025615003
1782472746786,buy,59434.9,0.00089989,1025615002
1782472746786,buy,59434.9,0.00089989,1025615001
1782472746786,buy,59434.9,0.00089989,1025615000
1782472746786,buy,59434.9,0.00089989,1025614999
1782472746786,buy,59434.9,0.00090026,1025614998
1782472746786,buy,59434.9,0.0008427,1025614997
1782472746702,buy,59433.7,0.00001501,1025614996
1782472746699,buy,59432.7,0.00001501,1025614995
1782472746694,buy,59431.6,0.0000169,1025614994
1782472746691,buy,59427.1,0.0086,1025614993
1782472746690,buy,59427.1,0.0034,1025614992
1782472746690,buy,59426.9,0.00001691,1025614991
1782472746688,buy,59425.3,0.08,1025614990
1782472746672,buy,59425.3,0.08,1025614989
1782472746671,buy,59424.5,0.00001691,1025614988
1782472746671,buy,59423.9,0.00116241,1025614987
1782472746671,buy,59423.9,0.001413,1025614986
1782472746664,buy,59420.7,0.00001501,1025614985
1782472746663,buy,59420,0.00012,1025614984
1782472746660,buy,59418,0.056051,1025614983
1782472746660,buy,59418,0.0057788,1025614982
1782472746660,buy,59417.9,0.00650611,1025614981
1782472746660,buy,59417.9,0.00192071,1025614980
1782472746660,buy,59416.9,0.00012,1025614979
1782472746659,buy,59415.5,0.01,1025614978
1782472746659,buy,59415,0.01,1025614977
1782472746659,buy,59414.8,0.07019999,1025614976
1782472746659,buy,59414.7,0.0269247,1025614975
1782472746659,buy,59414.7,0.00001501,1025614974
1782472814004,sell,59441.2,0.0000169,1025615258
1782472814004,sell,59445,0.00096455,1025615257
1782472814004,sell,59445,0.00064299,1025615256
1782472813192,sell,59445,0.00001511,1025615255
1782472812832,sell,59444.6,0.00000001,1025615254
1782472812832,sell,59445,0.00001501,1025615253
1782472812827,sell,59448.4,0.0000169,1025615252
1782472812827,sell,59450.7,0.00001689,1025615251
1782472812826,sell,59453.2,0.00050042,1025615250
1782472812825,sell,59453.2,0.00074339,1025615249
1782472812825,sell,59453.2,0.00042853,1025615248
1782472812825,sell,59453.2,0.00884024,1025615247
1782472811192,sell,59454,0.0005,1025615246
1782472811187,sell,59455.5,0.00017487,1025615245
1782472811187,sell,59455.5,0.0028855,1025615244
1782472809300,buy,59455.6,0.00660757,1025615243
1782472809205,buy,59455.6,0.00290972,1025615242
1782472809205,buy,59455.6,0.00000001,1025615241
1782472808926,sell,59457.9,0.00001689,1025615240
1782472808010,sell,59462.4,0.00261225,1025615239
1782472805591,buy,59462.5,0.00010611,1025615238
1782472805591,buy,59462.5,0.00001689,1025615237
1782472805588,buy,59460.8,0.00017487,1025615236
1782472805588,buy,59460.3,0.00003591,1025615235
1782472805588,buy,59460.3,0.00004812,1025615234
1782472805588,buy,59460.2,0.00001689,1025615233
1782472805588,buy,59460.1,0.00001,1025615232
1782472805588,buy,59457.4,0.00001,1025615231
1782472805588,buy,59457.1,0.00073943,1025615230
1782472804885,buy,59457.1,0.00008,1025615229
1782472804829,buy,59457.1,0.00096966,1025615228
1782472804825,buy,59457.1,0.00114738,1025615227
1782472804825,buy,59457.1,0.00091966,1025615226
1782472804820,buy,59457.1,0.00140171,1025615225
1782472804637,buy,59457.1,0.00020182,1025615224
1782472803976,buy,59456.5,0.00003696,1025615223
1782472803976,buy,59456.4,0.0000496,1025615222
1782472803976,buy,59455.4,0.00001689,1025615221
1782472802322,buy,59453.2,0.00788014,1025615220
1782472801772,sell,59454.6,0.00002,1025615219
1782472801772,sell,59455.5,0.00001689,1025615218
1782472801772,sell,59456.8,0.00001501,1025615217
1782472801772,sell,59458.3,0.00182482,1025615216
1782472799248,sell,59458.3,0.00023199,1025615215
1782472799248,sell,59458.3,0.00000001,1025615214
1782472799247,buy,59457.1,0.0013,1025615213
1782472798518,sell,59460.3,0.00175512,1025615212
1782472798506,sell,59460.7,0.00067385,1025615211
1782472798506,sell,59460.7,0.00238201,1025615210
1782472797874,buy,59460.8,0.03330429,1025615209
1782472795239,sell,59460.7,0.10265025,1025615208
1782472795239,sell,59462.7,0.00001501,1025615207
1782472795239,sell,59464.8,0.00067319,1025615206
1782472795239,sell,59468.6,0.00364994,1025615205
1782472795191,sell,59468.6,0.02484726,1025615204
1782472795191,sell,59468.6,0.19529,1025615203
1782472795191,sell,59468.6,0.09396,1025615202
1782472794892,buy,59468.7,0.00010799,1025615201
1782472794892,buy,59468.7,0.00001501,1025615200
1782472791981,buy,59462.7,0.00001501,1025615199
1782472791981,buy,59462.5,0.00001689,1025615198
1782472791981,buy,59460.2,0.00001689,1025615197
1782472791981,buy,59459.2,0.00226508,1025615196
1782472791975,buy,59459,0.0682166,1025615195
1782472791975,buy,59454.8,0.01075,1025615194
1782472791975,buy,59454.8,0.0010334,1025615193
1782472791825,sell,59455.5,0.0000169,1025615192
1782472791825,sell,59456.8,0.00001501,1025615191
1782472791825,sell,59459.1,0.00223914,1025615190
1782472791455,sell,59459.1,0.00593564,1025615189
1782472791455,sell,59459.1,0.0013,1025615188
1782472790814,buy,59459.2,0.00319963,1025615187
1782472788313,sell,59460.3,0.0000169,1025615186
1782472788311,sell,59462.7,0.000015,1025615185
1782472788311,sell,59463.1,0.002,1025615184
1782472787048,buy,59463.2,0.00305529,1025615183
1782472786675,buy,59463.2,0.00646,1025615182
1782472786611,buy,59463.2,0.01188423,1025615181
1782472786308,sell,59467.4,0.00001689,1025615180
1782472786308,sell,59469.8,0.00001689,1025615179
1782472786308,sell,59473.1,0.00677294,1025615178
1782472786038,sell,59473.1,0.00219693,1025615177
1782472784485,sell,59473.6,0.00245261,1025615176
1782472784477,sell,59473.6,0.00000001,1025615175
1782472784477,sell,59473.6,0.00258169,1025615174
1782472783350,sell,59473.6,0.00295001,1025615173
1782472783350,sell,59473.6,0.0013,1025615172
1782472783350,sell,59473.6,0.034015,1025615171
1782472783350,sell,59473.6,0.024,1025615170
1782472783350,sell,59473.6,0.165735,1025615169
1782472782571,buy,59472.1,0.00001689,1025615168
1782472782569,buy,59471.4,0.00008447,1025615167
1782472782569,buy,59470.7,0.00011,1025615166
1782472782569,buy,59470.6,0.00220897,1025615165
1782472781662,buy,59468.4,0.02880185,1025615164
1782472780736,sell,59468.3,0.00037553,1025615163
1782472780103,sell,59468.3,0.00034541,1025615162
1782472779693,sell,59468.3,0.00025084,1025615161
1782472779248,buy,59467.8,0.0015,1025615160
1782472779248,buy,59467.7,0.00082244,1025615159
1782472867010,sell,59415.5,0.00234085,1025615526
1782472866759,sell,59415.5,0.01784585,1025615525
1782472864997,buy,59415.6,0.00156187,1025615524
1782472864538,sell,59415.5,0.00003193,1025615523
1782472864537,sell,59415.5,0.00021699,1025615522
1782472864537,sell,59415.5,0.00001501,1025615521
1782472864535,sell,59415.6,0.00053618,1025615520
1782472864534,sell,59415.6,0.00026875,1025615519
1782472864534,sell,59417.1,0.00050425,1025615518
1782472864529,sell,59419.8,0.00001691,1025615517
1782472864526,sell,59423,0.01305484,1025615516
1782472864525,sell,59423,0.00702364,1025615515
1782472864525,sell,59423,0.00831596,1025615514
1782472864525,sell,59423,0.11197741,1025615513
1782472864525,sell,59423,0.00592259,1025615512
1782472864524,sell,59423,0.00447808,1025615511
1782472863909,sell,59423,0.0291,1025615510
1782472863083,buy,59423.1,0.0008551,1025615509
1782472862906,buy,59423.1,0.1403,1025615508
1782472862320,buy,59423.1,0.00004543,1025615507
1782472862248,buy,59423.1,0.04,1025615506
1782472862248,buy,59423.1,0.08,1025615505
1782472862103,buy,59423.1,0.08,1025615504
1782472862072,buy,59423.1,0.05771,1025615503
1782472862062,buy,59423.1,0.23183,1025615502
1782472862059,buy,59423.1,0.08,1025615501
1782472862059,buy,59423.1,0.32,1025615500
1782472862059,buy,59423.1,0.16,1025615499
1782472862059,buy,59423.1,0.26428,1025615498
1782472862045,buy,59422.9,0.02586506,1025615497
1782472862009,buy,59422.9,0.07946609,1025615496
1782472862009,buy,59422.9,0.00053391,1025615495
1782472860730,buy,59422.9,0.11995517,1025615494
1782472860730,buy,59422.9,0.04004483,1025615493
1782472860730,buy,59422.9,0.04,1025615492
1782472860730,buy,59422.9,0.04,1025615491
1782472860730,buy,59422.9,0.04,1025615490
1782472859925,buy,59422.9,0.00024401,1025615489
1782472859523,buy,59422.9,0.036,1025615488
1782472858410,buy,59422.9,0.044,1025615487
1782472856832,buy,59422.8,0.0248,1025615486
1782472856832,buy,59422.8,0.00011843,1025615485
1782472856832,buy,59422.1,0.00001691,1025615484
1782472856832,buy,59420.7,0.000015,1025615483
1782472856832,buy,59420,0.0005,1025615482
1782472856832,buy,59419.8,0.00054557,1025615481
1782472856832,buy,59419.7,0.00001691,1025615480
1782472856832,buy,59419.1,0.00222563,1025615479
1782472856832,buy,59417.7,0.00002622,1025615478
1782472856832,buy,59417.7,0.00003562,1025615477
1782472856832,buy,59417.7,0.00029971,1025615476
1782472856829,buy,59415.7,0.0038,1025615475
1782472856829,buy,59415.7,0.00601472,1025615474
1782472856829,buy,59415,0.00001691,1025615473
1782472856829,buy,59413.8,0.00156837,1025615472
1782472856827,buy,59413.8,0.08,1025615471
1782472856717,buy,59413.8,0.0013,1025615470
1782472856717,buy,59413.8,0.00056467,1025615469
1782472856717,buy,59413.8,0.0139019,1025615468
1782472852531,sell,59413.7,0.00001143,1025615467
1782472851438,buy,59412.9,0.00003672,1025615466
1782472851438,buy,59412.9,0.00002702,1025615465
1782472851438,buy,59412.6,0.00001691,1025615464
1782472851438,buy,59410.2,0.00001691,1025615463
1782472851438,buy,59409.3,0.0013,1025615462
1782472851438,buy,59409.3,0.002226,1025615461
1782472851369,buy,59409,0.0013,1025615460
1782472851280,buy,59409,0.04,1025615459
1782472850547,sell,59408.9,0.04149378,1025615458
1782472850547,sell,59408.9,0.19534,1025615457
1782472850547,sell,59408.9,0.094348,1025615456
1782472850547,sell,59408.9,0.086885,1025615455
1782472850353,buy,59408.7,0.00001501,1025615454
1782472850350,buy,59407.9,0.00003786,1025615453
1782472850350,buy,59407.9,0.00002786,1025615452
1782472850350,buy,59406,0.0005,1025615451
1782472850346,buy,59405.5,0.00001692,1025615450
1782472850346,buy,59405.5,0.00059509,1025615449
1782472850346,buy,59405.5,0.00001691,1025615448
1782472850267,buy,59403.9,0.00054828,1025615447
1782472850267,buy,59403.9,0.00002869,1025615446
1782472850267,buy,59403.9,0.00003903,1025615445
1782472850264,buy,59402.9,0.00235905,1025615444
1782472850264,buy,59401.9,0.00009,1025615443
1782472850196,buy,59401.6,0.0136,1025615442
1782472850182,buy,59400.7,0.00001691,1025615441
1782472849886,sell,59399.9,0.04214529,1025615440
1782472849068,buy,59400,0.04,1025615439
1782472849068,buy,59400,0.08,1025615438
1782472847591,buy,59400,0.0024697,1025615437
1782472846971,sell,59399.9,0.01190575,1025615436
1782472846654,sell,59399.9,0.00171305,1025615435
1782472846487,buy,59400,0.00003125,1025615434
1782472846328,buy,59398.8,0.00009,1025615433
1782472846328,buy,59398.6,0.00002957,1025615432
1782472846328,buy,59398.4,0.00001691,1025615431
1782472846328,buy,59396.7,0.00001501,1025615430
1782472846328,buy,59396,0.00001691,1025615429
1782472846328,buy,59394.7,0.00004023,1025615428
1782472845470,buy,59394.7,0.04,1025615427
1782472922277,sell,59410.8,0.0017796,1025615729
1782472922277,sell,59410.8,0.00031665,1025615728
1782472921868,buy,59408.2,0.00126375,1025615727
1782472921795,sell,59408.1,0.00001692,1025615726
1782472921795,sell,59409.6,0.00001501,1025615725
1782472921795,sell,59410.3,0.00001691,1025615724
1782472921795,sell,59412.8,0.00221334,1025615723
1782472921771,sell,59415.1,0.00001691,1025615722
1782472921771,sell,59415.5,0.00001501,1025615721
1782472921771,sell,59416.8,0.00089815,1025615720
1782472921398,buy,59416.9,0.06391955,1025615719
1782472921398,buy,59416.9,0.00557696,1025615718
1782472921398,buy,59416.9,0.09050349,1025615717
1782472921398,buy,59416.9,0.02355664,1025615716
1782472921398,buy,59416.9,0.01644336,1025615715
1782472921398,buy,59416.9,0.06355664,1025615714
1782472921398,buy,59416.9,0.00040682,1025615713
1782472921398,buy,59416.9,0.0012135,1025615712
1782472921398,buy,59416.9,0.0004,1025615711
1782472921398,buy,59416.9,0.01442304,1025615710
1782472917700,buy,59416.9,0.00094417,1025615709
1782472916695,buy,59416.9,0.00663279,1025615708
1782472915078,sell,59417.5,0.00001691,1025615707
1782472915078,sell,59419.8,0.00001691,1025615706
1782472915078,sell,59423,0.0051258,1025615705
1782472914921,sell,59423,0.0003,1025615704
1782472914293,buy,59423.1,0.16,1025615703
1782472913895,buy,59422.1,0.00001691,1025615702
1782472913895,buy,59421,0.0005,1025615701
1782472913895,buy,59419.9,0.00002778,1025615700
1782472913895,buy,59419.7,0.00001691,1025615699
1782472913895,buy,59418.5,0.00047181,1025615698
1782472913670,sell,59418.4,0.00001143,1025615697
1782472912949,buy,59415.8,0.0013,1025615696
1782472912949,buy,59415.8,0.0012774,1025615695
1782472912938,buy,59415.8,0.04248801,1025615694
1782472912938,buy,59415.8,0.00002864,1025615693
1782472912934,buy,59415,0.00001691,1025615692
1782472912934,buy,59414.7,0.000015,1025615691
1782472912934,buy,59414.4,0.00051213,1025615690
1782472912934,buy,59414.4,0.00134467,1025615689
1782472912934,buy,59414.4,0.00050672,1025615688
1782472912069,sell,59414.3,0.00078333,1025615687
1782472911006,sell,59414.3,0.18181017,1025615686
1782472911006,sell,59414.3,0.19529,1025615685
1782472911006,sell,59414.3,0.04089786,1025615684
1782472910658,buy,59412.6,0.00001691,1025615683
1782472910658,buy,59410.2,0.00001691,1025615682
1782472910658,buy,59407,0.00002567,1025615681
1782472910658,buy,59407,0.00002952,1025615680
1782472910590,buy,59405.7,0.04,1025615679
1782472910579,buy,59405.7,0.01945731,1025615678
1782472910579,buy,59405.7,0.00141569,1025615677
1782472910579,buy,59405.7,0.059127,1025615676
1782472910560,buy,59405.7,0.04,1025615675
1782472910526,buy,59405.7,0.08,1025615674
1782472910525,buy,59405.7,0.03999,1025615673
1782472910525,buy,59405.7,0.00001,1025615672
1782472909154,sell,59405.6,0.00132822,1025615671
1782472908938,sell,59405.6,0.00035484,1025615670
1782472908139,sell,59405.6,0.0124088,1025615669
1782472906281,buy,59405.7,0.02907296,1025615668
1782472906157,buy,59405.7,0.00147965,1025615667
1782472905887,sell,59405.6,0.00009161,1025615666
1782472905012,sell,59405.6,0.000232,1025615665
1782472905012,sell,59405.6,0.00258893,1025615664
1782472905012,sell,59405.6,0.00001691,1025615663
1782472904938,sell,59406.7,0.04774452,1025615662
1782472904937,sell,59408.9,0.0028742,1025615661
1782472904937,sell,59408.9,0.00056467,1025615660
1782472904937,sell,59408.9,0.00336649,1025615659
1782472904389,sell,59409.6,0.000015,1025615658
1782472904389,sell,59410.3,0.00001691,1025615657
1782472904389,sell,59412.7,0.00001691,1025615656
1782472904389,sell,59413.4,0.00051826,1025615655
1782472904318,sell,59417.3,0.00053391,1025615654
1782472904318,sell,59417.3,0.006,1025615653
1782472902552,buy,59417.4,0.04,1025615652
1782472902483,buy,59415,0.00001691,1025615651
1782472902483,buy,59414,0.00003041,1025615650
1782472902483,buy,59414,0.00008951,1025615649
1782472902483,buy,59413,0.0005,1025615648
1782472902198,buy,59410.4,0.00149006,1025615647
1782472902198,buy,59410.4,0.0013,1025615646
1782472902198,buy,59410.4,0.00003135,1025615645
1782472902198,buy,59410.4,0.00009219,1025615644
1782472900671,buy,59409,0.01363312,1025615643
1782472900671,buy,59409,0.00001692,1025615642
1782472900376,sell,59409.6,0.00001501,1025615641
1782472900376,sell,59410.3,0.00001691,1025615640
1782472900376,sell,59410.5,0.00006191,1025615639
1782472900376,sell,59411,0.0005,1025615638
1782472900374,sell,59415.1,0.00001691,1025615637
1782472900374,sell,59415.5,0.0001683,1025615636
1782472900372,sell,59420,0.008,1025615635
1782472900372,sell,59420,0.4822088,1025615634
1782472900370,sell,59420,0.1179,1025615633
1782472900370,sell,59420,0.0013,1025615632
1782472900368,sell,59420,0.00305998,1025615631
1782472900368,sell,59420,0.1179,1025615630
1782480334948,buy,58910.1,0.04807266,1025699916
1782480334948,buy,58910.1,0.04671367,1025699915
1782480334948,buy,58910.1,0.06521367,1025699914
1782480334948,buy,58910.1,0.0021,1025699913
1782480334948,buy,58910.1,0.0779,1025699912
1782480334948,buy,58910.1,0.04,1025699911
1782480334407,sell,58905.4,0.00008117,1025699910
1782480333995,buy,58905.5,0.0017,1025699909
1782480333991,buy,58905.5,0.0134,1025699908
1782480333991,buy,58905.5,0.04,1025699907
1782480333943,sell,58909.8,0.00001544,1025699906
1782480333943,sell,58909.8,0.00003343,1025699905
1782480332977,buy,58909.9,0.003,1025699904
1782480332975,buy,58906.3,0.00152975,1025699903
1782480332975,buy,58906.3,0.00050285,1025699902
1782480332975,buy,58906.3,0.00468054,1025699901
1782480332790,sell,58903.9,0.00015433,1025699900
1782480332551,buy,58904,0.00009163,1025699899
1782480332551,buy,58904,0.00000001,1025699898
1782480332440,sell,58903.9,0.00012982,1025699897
1782480332343,sell,58903.9,0.13633527,1025699896
1782480332239,sell,58906.2,0.00196367,1025699895
1782480331740,buy,58902.4,0.00150703,1025699894
1782480331740,buy,58902.4,0.0012,1025699893
1782480331731,buy,58902.4,0.00000001,1025699892
1782480331731,buy,58902.4,0.00158634,1025699891
1782480331723,buy,58897,0.00487672,1025699890
1782480331723,buy,58897,0.09803695,1025699889
1782480331333,buy,58897,0.0004955,1025699888
1782480330688,sell,58896.9,0.000227,1025699887
1782480330685,sell,58899.7,0.00013046,1025699886
1782480330685,sell,58899.7,0.00054557,1025699885
1782480330683,sell,58902.9,0.00001587,1025699884
1782480330683,sell,58902.9,0.0000345,1025699883
1782480330683,sell,58903,0.0005,1025699882
1782480330677,sell,58904.3,0.003,1025699881
1782480330677,sell,58904.4,0.003,1025699880
1782480330616,sell,58904.5,0.003,1025699879
1782480330616,sell,58905.1,0.00020301,1025699878
1782480330607,sell,58908.7,0.05832912,1025699877
1782480330607,sell,58908.7,0.0013,1025699876
1782480330541,buy,58908.8,0.00000001,1025699875
1782480330541,buy,58905.2,0.00166974,1025699874
1782480330530,sell,58911,0.00001501,1025699873
1782480330530,sell,58913.7,0.00001635,1025699872
1782480330530,sell,58913.7,0.00003553,1025699871
1782480330527,sell,58916.5,0.0611,1025699870
1782480330485,sell,58916.9,0.0016,1025699869
1782480330470,sell,58916.9,0.000227,1025699868
1782480330470,sell,58916.9,0.00000001,1025699867
1782480330470,sell,58916.9,0.00001501,1025699866
1782480330235,sell,58919.5,0.003,1025699865
1782480330235,sell,58921.9,0.00003661,1025699864
1782480330235,sell,58921.9,0.00001684,1025699863
1782480330232,sell,58927.6,0.06448204,1025699862
1782480330232,sell,58927.6,0.0073,1025699861
1782480329905,sell,58927.5,0.00286896,1025699860
1782480329905,buy,58927.5,0.005349,1025699859
1782480329903,buy,58927.5,0.0327,1025699858
1782480329903,buy,58927.5,0.0012,1025699857
1782480329903,buy,58927.8,0.00049969,1025699856
1782480329901,buy,58927.8,0.009,1025699855
1782480329901,buy,58927.8,0.01,1025699854
1782480329901,buy,58927.8,0.02098897,1025699853
1782480329901,buy,58927.5,0.00049968,1025699852
1782480329901,buy,58926.4,0.00151135,1025699851
1782480329901,buy,58926.4,0.011,1025699850
1782480329901,buy,58926.4,0.011,1025699849
1782480329900,buy,58926.4,0.018,1025699848
1782480329900,buy,58926.4,0.011,1025699847
1782480329900,buy,58926.4,0.00869599,1025699846
1782480329900,buy,58926.2,0.00130401,1025699845
1782480329900,buy,58926.2,0.0010097,1025699844
1782480329900,buy,58925.1,0.003,1025699843
1782480329900,buy,58925,0.003,1025699842
1782480329900,buy,58924.9,0.003,1025699841
1782480329900,buy,58924.7,0.00013046,1025699840
1782480329900,buy,58923.5,0.00185984,1025699839
1782480329899,buy,58924.2,0.00663793,1025699838
1782480329899,buy,58923.6,0.00001501,1025699837
1782480329899,buy,58922.7,0.00001706,1025699836
1782480329899,buy,58922.2,0.00333,1025699835
1782480329897,buy,58920.4,0.00001707,1025699834
1782480329897,buy,58919.7,0.00054557,1025699833
1782480329896,buy,58917.7,0.0015,1025699832
1782480329895,buy,58917.3,0.00038144,1025699831
1782480329895,buy,58917,0.09403364,1025699830
1782480329619,buy,58916.6,0.031851,1025699829
1782480329617,buy,58917.1,0.00000001,1025699828
1782480329617,buy,58916.6,0.0013,1025699827
1782480329609,buy,58915.9,0.0291,1025699826
1782480329609,buy,58915.9,0.05448586,1025699825
1782480329605,buy,58915.9,0.0339,1025699824
1782480329605,buy,58915.6,0.00001706,1025699823
1782480329603,buy,58913.6,0.0003,1025699822
1782480329603,buy,58913.5,0.00009805,1025699821
1782480329603,buy,58913.3,0.00001707,1025699820
1782480329603,buy,58911.8,0.08008,1025699819
1782480329603,buy,58911.8,0.00406802,1025699818
1782480329602,buy,58911.8,0.016,1025699817
1782480391078,sell,58938.1,0.0002312,1025700557
1782480390103,sell,58941.9,0.00001382,1025700556
1782480390103,sell,58941.9,0.00002996,1025700555
1782480389888,buy,58946.3,0.00001,1025700554
1782480389511,buy,58941.3,0.00109078,1025700553
1782480389303,buy,58941.3,0.00000001,1025700552
1782480389303,buy,58941.3,0.00001501,1025700551
1782480389294,buy,58939.7,0.0335208,1025700550
1782480389294,buy,58939.7,0.00054557,1025700549
1782480389294,buy,58939.2,0.00001705,1025700548
1782480389294,buy,58938.7,0.00016998,1025700547
1782480389294,buy,58938,0.0032,1025700546
1782480389294,buy,58936.9,0.00001705,1025700545
1782480389294,buy,58935.4,0.000015,1025700544
1782480389294,buy,58935.1,0.00001501,1025700543
1782480389294,buy,58934.5,0.00069955,1025700542
1782480389294,buy,58934.5,0.00029999,1025700541
1782480389294,buy,58933.7,0.0015,1025700540
1782480389293,buy,58932.7,0.00114845,1025700539
1782480389293,buy,58932.7,0.10117745,1025700538
1782480389291,buy,58932.7,0.1179,1025700537
1782480389282,sell,58932.6,0.00376491,1025700536
1782480389282,sell,58932.6,0.00000001,1025700535
1782480389280,buy,58932.1,0.00001705,1025700534
1782480389280,buy,58931.9,0.00008824,1025700533
1782480389280,buy,58931,0.0005,1025700532
1782480389277,buy,58928.7,0.07290735,1025700531
1782480389277,buy,58928.7,0.00120901,1025700530
1782480389277,buy,58928.7,0.00071428,1025700529
1782480389277,buy,58928.7,0.00322578,1025700528
1782480389277,buy,58928.7,0.01250351,1025700527
1782480389214,buy,58923.4,0.0012728,1025700526
1782480388534,sell,58923.3,0.00060193,1025700525
1782480388471,sell,58924.4,0.00001375,1025700524
1782480388471,sell,58924.4,0.00003063,1025700523
1782480388471,sell,58925.2,0.00001705,1025700522
1782480387501,buy,58928.7,0.00011878,1025700521
1782480387210,buy,58927.7,0.0015,1025700520
1782480387210,buy,58927.5,0.00049984,1025700519
1782480387210,buy,58927.4,0.00001705,1025700518
1782480387114,buy,58925.1,0.01824656,1025700517
1782480387114,buy,58925.1,0.00001705,1025700516
1782480387114,buy,58923.6,0.000015,1025700515
1782480387114,buy,58923.5,0.00943694,1025700514
1782480387114,buy,58919.6,0.00394654,1025700513
1782480387114,buy,58919.6,0.06833557,1025700512
1782480386713,buy,58919.6,0.00021906,1025700511
1782480386713,buy,58919.6,0.00021906,1025700510
1782480386713,buy,58919.6,0.00021906,1025700509
1782480386713,buy,58919.6,0.00021906,1025700508
1782480386713,buy,58919.6,0.00021906,1025700507
1782480386713,buy,58919.6,0.00021906,1025700506
1782480386713,buy,58919.6,0.00021906,1025700505
1782480386713,buy,58919.6,0.00021906,1025700504
1782480386713,buy,58919.6,0.00021906,1025700503
1782480386713,buy,58919.6,0.00021906,1025700502
1782480386713,buy,58919.6,0.00021906,1025700501
1782480386713,buy,58919.6,0.00021906,1025700500
1782480386713,buy,58919.6,0.00021906,1025700499
1782480386713,buy,58919.6,0.00021906,1025700498
1782480386713,buy,58919.6,0.00021906,1025700497
1782480386713,buy,58919.6,0.00021906,1025700496
1782480386713,buy,58919.6,0.00021906,1025700495
1782480386713,buy,58919.6,0.00021906,1025700494
1782480386713,buy,58919.6,0.00021906,1025700493
1782480386713,buy,58919.6,0.00021906,1025700492
1782480386713,buy,58919.6,0.00021906,1025700491
1782480386713,buy,58919.6,0.00021906,1025700490
1782480386713,buy,58919.6,0.00021906,1025700489
1782480386713,buy,58919.6,0.00021906,1025700488
1782480386713,buy,58919.6,0.00021906,1025700487
1782480386713,buy,58919.6,0.00021906,1025700486
1782480386713,buy,58919.6,0.00021906,1025700485
1782480386713,buy,58919.6,0.00021906,1025700484
1782480386713,buy,58919.6,0.00021906,1025700483
1782480386713,buy,58919.6,0.00021906,1025700482
1782480386713,buy,58919.6,0.00021906,1025700481
1782480386713,buy,58919.6,0.00021906,1025700480
1782480386713,buy,58919.6,0.00021906,1025700479
1782480386713,buy,58919.6,0.00021906,1025700478
1782480386713,buy,58919.6,0.00021906,1025700477
1782480386713,buy,58919.6,0.00021906,1025700476
1782480386713,buy,58919.6,0.00021906,1025700475
1782480386713,buy,58919.6,0.00021906,1025700474
1782480386713,buy,58919.6,0.00021906,1025700473
1782480386713,buy,58919.6,0.00021906,1025700472
1782480386713,buy,58919.6,0.00021906,1025700471
1782480386713,buy,58919.6,0.00021906,1025700470
1782480386713,buy,58919.6,0.00021906,1025700469
1782480386713,buy,58919.6,0.00021906,1025700468
1782480386713,buy,58919.6,0.00021906,1025700467
1782480385814,buy,58919.6,0.00026137,1025700466
1782480384734,buy,58919.6,0.0500387,1025700465
1782480384734,buy,58919.5,0.1468894,1025700464
1782480384734,buy,58915.8,0.07381179,1025700463
1782480383861,sell,58915.7,0.00001705,1025700462
1782480383860,sell,58916.9,0.00001501,1025700461
1782480383860,sell,58918.1,0.00001705,1025700460
1782480383860,sell,58920.5,0.00001705,1025700459
1782480383860,sell,58920.5,0.00001288,1025700458
1782480445758,buy,58873.6,0.00003498,1025700978
1782480445758,buy,58873.6,0.00007562,1025700977
1782480445626,buy,58870,0.00025,1025700976
1782480444510,sell,58873.9,0.036,1025700975
1782480444510,sell,58873.9,0.17458615,1025700974
1782480444282,sell,58873.9,0.0003537,1025700973
1782480444282,sell,58873.9,0.07842109,1025700972
1782480444116,buy,58874,0.00016985,1025700971
1782480443835,sell,58873.9,0.00156064,1025700970
1782480443835,sell,58873.9,0.00004651,1025700969
1782480443401,sell,58873.9,0.00014046,1025700968
1782480442640,buy,58874,0.00010191,1025700967
1782480442549,buy,58874,0.00006047,1025700966
1782480442247,buy,58874,0.0587,1025700965
1782480442247,buy,58874,0.0013,1025700964
1782480441673,buy,58871.2,0.0000781,1025700963
1782480441673,buy,58871.2,0.00003575,1025700962
1782480441068,sell,58868.6,0.00001705,1025700961
1782480441068,sell,58869.2,0.00008585,1025700960
1782480441068,sell,58871,0.00001705,1025700959
1782480441068,sell,58871.2,0.000015,1025700958
1782480441068,sell,58872,0.00029999,1025700957
1782480441068,sell,58873.3,0.00001706,1025700956
1782480441068,sell,58874.7,0.00013046,1025700955
1782480440916,sell,58875.1,0.001137,1025700954
1782480440916,sell,58875.1,0.00073482,1025700953
1782480440916,sell,58875.1,0.00040218,1025700952
1782480440915,sell,58875.1,0.00023682,1025700951
1782480440912,sell,58875.6,0.00001501,1025700950
1782480440912,sell,58875.7,0.00001706,1025700949
1782480440912,sell,58879.7,0.00054557,1025700948
1782480440802,buy,58880.6,0.0001919,1025700947
1782480440802,buy,58880.6,0.00000001,1025700946
1782480440801,sell,58881.5,0.00001501,1025700945
1782480440801,sell,58882.8,0.00001706,1025700944
1782480440801,sell,58883.7,0.00184137,1025700943
1782480440801,sell,58885.1,0.00001706,1025700942
1782480440801,sell,58885.9,0.00069954,1025700941
1782480440801,sell,58886.8,0.00070367,1025700940
1782480440799,sell,58888,0.0996,1025700939
1782480440798,sell,58888,0.0004,1025700938
1782480440796,sell,58888.2,0.00132329,1025700937
1782480440796,sell,58888.2,0.00098663,1025700936
1782480440796,sell,58888.2,0.11691337,1025700935
1782480440795,sell,58888.2,0.00955668,1025700934
1782480440794,sell,58888.2,0.00351405,1025700933
1782480440793,sell,58888.2,0.00034641,1025700932
1782480440793,sell,58888.2,0.00584959,1025700931
1782480440787,sell,58888.2,0.00208562,1025700930
1782480440784,sell,58888.2,0.00161231,1025700929
1782480440781,sell,58888.2,0.00185003,1025700928
1782480440776,sell,58888.2,0.01671426,1025700927
1782480440762,sell,58888.2,0.0682275,1025700926
1782480440759,sell,58890.2,0.003,1025700925
1782480440759,sell,58890.3,0.003,1025700924
1782480440759,sell,58890.4,0.003,1025700923
1782480440732,sell,58892.2,0.00001706,1025700922
1782480440732,sell,58892.8,0.00049999,1025700921
1782480440732,sell,58892.8,0.00029989,1025700920
1782480440732,sell,58894.5,0.00001705,1025700919
1782480440729,sell,58895.1,0.001373,1025700918
1782480440729,sell,58895.2,0.00181992,1025700917
1782480440729,sell,58896,0.00075869,1025700916
1782480440727,sell,58897.1,0.00243123,1025700915
1782480440718,sell,58897.1,0.00000001,1025700914
1782480440718,sell,58897.1,0.00035155,1025700913
1782480440718,sell,58897.1,0.00255919,1025700912
1782480440176,buy,58896.1,0.0044692,1025700911
1782480439706,buy,58896.1,0.00003395,1025700910
1782480439256,buy,58896.1,0.00167636,1025700909
1782480439256,buy,58896.1,0.00015838,1025700908
1782480438025,sell,58896.9,0.00001705,1025700907
1782480438025,sell,58897.8,0.001,1025700906
1782480438025,sell,58899.2,0.00001501,1025700905
1782480438025,sell,58899.3,0.00001705,1025700904
1782480438025,sell,58904,0.0005,1025700903
1782480438022,sell,58905.5,0.0003448,1025700902
1782480438022,sell,58905.5,0.01396663,1025700901
1782480438021,sell,58905.5,0.00056067,1025700900
1782480438021,sell,58905.5,0.01143701,1025700899
1782480438021,sell,58905.5,0.00603227,1025700898
1782480438021,sell,58905.5,0.0007,1025700897
1782480438020,sell,58905.5,0.01064721,1025700896
1782480438020,sell,58905.5,0.1179,1025700895
1782480438020,sell,58905.5,0.0005,1025700894
1782480438020,sell,58905.5,0.06466067,1025700893
1782480438019,sell,58905.5,0.14175044,1025700892
1782480438019,sell,58905.5,0.1777,1025700891
1782480437220,buy,58905.6,0.00015787,1025700890
1782480437192,sell,58905.5,0.0008306,1025700889
1782480436568,sell,58906.3,0.00001705,1025700888
1782480436566,sell,58908.5,0.03321604,1025700887
1782480436510,buy,58908.6,0.00008487,1025700886
1782480435718,buy,58908.6,0.00101819,1025700885
1782480435527,sell,58908.7,0.00001705,1025700884
1782480435527,sell,58911,0.00001501,1025700883
1782480435290,buy,58918.2,0.00026434,1025700882
1782480434272,buy,58918,0.00001705,1025700881
1782480434272,buy,58917.7,0.00001501,1025700880
1782480434272,buy,58915,0.00088006,1025700879
1782480500682,buy,58887,0.0114813,1025701705
1782480500682,buy,58887,0.00000001,1025701704
1782480500406,sell,58887.4,0.00001501,1025701703
1782480500406,sell,58887.5,0.00001705,1025701702
1782480500404,sell,58892.8,0.0024641,1025701701
1782480500358,sell,58892.9,0.00033601,1025701700
1782480500358,sell,58893.3,0.00001501,1025701699
1782480500356,sell,58894.4,0.00259374,1025701698
1782480500116,sell,58896.3,0.001137,1025701697
1782480500113,sell,58896.3,0.00000001,1025701696
1782480500113,sell,58896.5,0.0000588,1025701695
1782480500113,sell,58896.9,0.00076593,1025701694
1782480500113,sell,58896.9,0.00001705,1025701693
1782480499988,sell,58899,0.00053207,1025701692
1782480499988,sell,58899,0.00022594,1025701691
1782480499988,sell,58899.2,0.00001501,1025701690
1782480499988,sell,58899.3,0.00001705,1025701689
1782480499988,sell,58903,0.0005,1025701688
1782480499986,sell,58903.9,0.00272998,1025701687
1782480499981,sell,58903.8,0.00050001,1025701686
1782480499981,sell,58905.1,0.00287367,1025701685
1782480499431,sell,58905,0.000227,1025701684
1782480499431,sell,58905,0.00000001,1025701683
1782480499431,sell,58905.1,0.00001501,1025701682
1782480499083,buy,58910.5,0.00208988,1025701681
1782480499083,buy,58910.5,0.0013,1025701680
1782480498515,buy,58910.5,0.00054899,1025701679
1782480498478,sell,58914,0.0005,1025701678
1782480498250,sell,58916.2,0.000433,1025701677
1782480498250,sell,58916.2,0.0013,1025701676
1782480497807,buy,58913.6,0.0002999,1025701675
1782480497807,buy,58912.3,0.00001422,1025701674
1782480497807,buy,58911.8,0.000015,1025701673
1782480497804,buy,58910.7,0.00309732,1025701672
1782480497802,buy,58910.7,0.03759798,1025701671
1782480497802,buy,58909.3,0.00250202,1025701670
1782480496850,buy,58909.3,0.00169734,1025701669
1782480496417,buy,58909.1,0.00001465,1025701668
1782480496325,buy,58906.1,0.00729618,1025701667
1782480496325,buy,58905.9,0.00001501,1025701666
1782480496325,buy,58905,0.0005,1025701665
1782480496325,buy,58904.4,0.00001502,1025701664
1782480496325,buy,58903.9,0.00085976,1025701663
1782480496325,buy,58902,0.0005,1025701662
1782480496325,buy,58901.3,0.00432389,1025701661
1782480496229,buy,58901.3,0.00008488,1025701660
1782480495880,buy,58901.3,0.0236,1025701659
1782480495794,buy,58901.3,0.00466535,1025701658
1782480495794,buy,58901.3,0.0012,1025701657
1782480495794,buy,58901.3,0.00253465,1025701656
1782480495792,buy,58901.3,0.07755539,1025701655
1782480495792,buy,58901.3,0.0013,1025701654
1782480495792,buy,58901.3,0.01074461,1025701653
1782480495704,buy,58901.3,0.00016977,1025701652
1782480495652,buy,58901.3,0.028,1025701651
1782480495446,buy,58901.3,0.0104,1025701650
1782480495033,buy,58901.3,0.12450407,1025701649
1782480495033,buy,58900,0.000015,1025701648
1782480495033,buy,58896.2,0.06830071,1025701647
1782480495033,buy,58896,0.00001546,1025701646
1782480495033,buy,58892.9,0.00451582,1025701645
1782480494894,buy,58892.9,0.00495387,1025701644
1782480494636,buy,58890.1,0.00001591,1025701643
1782480494636,buy,58887.5,0.00318056,1025701642
1782480494636,buy,58887.5,0.00142024,1025701641
1782480494512,buy,58887,0.00057858,1025701640
1782480494323,sell,58887.5,0.00001705,1025701639
1782480494319,sell,58892.8,0.09235794,1025701638
1782480494163,buy,58892.9,0.00005093,1025701637
1782480493170,buy,58892.9,0.05253774,1025701636
1782480493004,sell,58895.7,0.0029658,1025701635
1782480492895,buy,58895.8,0.000227,1025701634
1782480492894,buy,58893.2,0.00001632,1025701633
1782480492892,buy,58889.9,0.00045285,1025701632
1782480492609,sell,58888.3,0.00025096,1025701631
1782480492609,sell,58889.8,0.00001705,1025701630
1782480492609,sell,58892.8,0.00029999,1025701629
1782480492609,sell,58893.3,0.00001501,1025701628
1782480492558,sell,58898.2,0.00001,1025701627
1782480492545,sell,58898.4,0.00050453,1025701626
1782480491740,sell,58898.4,0.000227,1025701625
1782480491738,sell,58898.3,0.00003207,1025701624
1782480491737,sell,58898.3,0.00021199,1025701623
1782480491737,sell,58899.2,0.00001501,1025701622
1782480491623,sell,58904,0.00001705,1025701621
1782480491623,sell,58905,0.00046924,1025701620
1782480491159,sell,58905,0.00000001,1025701619
1782480491159,sell,58905,0.0012,1025701618
1782480491155,sell,58905,0.00000001,1025701617
1782480491155,sell,58905,0.0005,1025701616
1782480491155,sell,58905,0.0005,1025701615
1782480491155,sell,58905.1,0.000015,1025701614
1782480490978,sell,58913.6,0.00000001,1025701613
1782480490978,sell,58913.6,0.00311,1025701612
1782480490929,sell,58917.2,0.0013,1025701611
1782480490788,buy,58917.3,0.00117708,1025701610
1782480490788,buy,58917.3,0.00046924,1025701609
1782480490788,buy,58917.3,0.00344726,1025701608
1782480490306,buy,58913.7,0.0002998,1025701607
1782480490306,buy,58913.7,0.00095747,1025701606
1782480556050,sell,58852.2,0.00001705,1025702172
1782480556050,sell,58852.3,0.00009562,1025702171
1782480556050,sell,58854.1,0.0015,1025702170
1782480556050,sell,58854.5,0.00001706,1025702169
1782480556050,sell,58858.2,0.00049999,1025702168
1782480556050,sell,58859.2,0.00001705,1025702167
1782480556048,sell,58859.7,0.00054557,1025702166
1782480556048,sell,58860,0.03360968,1025702165
1782480556045,sell,58860,0.00036925,1025702164
1782480555101,sell,58862,0.0005,1025702163
1782480555101,sell,58863,0.00017671,1025702162
1782480555101,sell,58863.9,0.0006,1025702161
1782480555101,sell,58863.9,0.00037352,1025702160
1782480552778,buy,58864,0.00066396,1025702159
1782480551001,buy,58864,0.00762605,1025702158
1782480550626,sell,58870.2,0.00267602,1025702157
1782480550618,sell,58874.3,0.00554875,1025702156
1782480550616,sell,58874.3,0.00428758,1025702155
1782480550615,sell,58875.2,0.04087919,1025702154
1782480550615,sell,58875.2,0.01480579,1025702153
1782480550612,sell,58877.7,0.17459379,1025702152
1782480550612,sell,58877.7,0.00041324,1025702151
1782480550612,sell,58877.7,0.00254062,1025702150
1782480550612,sell,58877.7,0.06560337,1025702149
1782480550612,sell,58877.7,0.1179,1025702148
1782480550612,sell,58877.7,0.042,1025702147
1782480550612,sell,58877.7,0.0012,1025702146
1782480550612,sell,58877.7,0.0013,1025702145
1782480550612,sell,58877.7,0.00001502,1025702144
1782480550612,sell,58877.7,0.12072,1025702143
1782480550612,sell,58877.7,0.15836112,1025702142
1782480550558,buy,58877.8,0.00102,1025702141
1782480549905,sell,58877.7,0.00418788,1025702140
1782480549819,buy,58876.4,0.00001501,1025702139
1782480549258,buy,58871.9,0.00004495,1025702138
1782480549258,buy,58871.9,0.00001581,1025702137
1782480549258,buy,58870.6,0.00090154,1025702136
1782480549181,buy,58868.7,0.00094905,1025702135
1782480548980,buy,58868.7,0.00309575,1025702134
1782480548973,sell,58875.8,0.002577,1025702133
1782480548805,sell,58875.8,0.00368891,1025702132
1782480548708,buy,58874.7,0.01947807,1025702131
1782480548708,buy,58870.5,0.00001501,1025702130
1782480548708,buy,58869.1,0.012,1025702129
1782480548708,buy,58868.7,0.00850692,1025702128
1782480548702,buy,58863.2,0.00004636,1025702127
1782480548702,buy,58863.2,0.00001632,1025702126
1782480548700,buy,58860.1,0.00944139,1025702125
1782480548698,buy,58860.1,0.0777305,1025702124
1782480548698,buy,58860.1,0.00086362,1025702123
1782480548698,buy,58860.1,0.00132985,1025702122
1782480548535,buy,58860.1,0.00151367,1025702121
1782480548535,buy,58860.1,0.00001707,1025702120
1782480548457,sell,58861.6,0.00001706,1025702119
1782480548457,sell,58863.8,0.000015,1025702118
1782480548457,sell,58863.9,0.00001705,1025702117
1782480548457,sell,58866.4,0.00009674,1025702116
1782480548457,sell,58866.9,0.0020385,1025702115
1782480548453,sell,58869.7,0.00445249,1025702114
1782480548452,sell,58869.7,0.02275938,1025702113
1782480548450,sell,58869.7,0.02719332,1025702112
1782480548450,sell,58869.7,0.0611,1025702111
1782480548379,sell,58869.7,0.00554476,1025702110
1782480548379,sell,58869.7,0.00003397,1025702109
1782480548076,buy,58869.8,0.0000957,1025702108
1782480548076,buy,58869.8,0.00000001,1025702107
1782480548072,sell,58871,0.00001705,1025702106
1782480548072,sell,58871.2,0.00001501,1025702105
1782480548072,sell,58872,0.00029959,1025702104
1782480548072,sell,58872.2,0.0015,1025702103
1782480548072,sell,58873.3,0.00001706,1025702102
1782480548072,sell,58873.9,0.00050041,1025702101
1782480548072,sell,58874.7,0.00013046,1025702100
1782480548070,sell,58876.6,0.00082987,1025702099
1782480548061,sell,58878,0.0005,1025702098
1782480548061,sell,58878.1,0.00001706,1025702097
1782480548060,sell,58879,0.00050017,1025702096
1782480548060,sell,58879,0.00050017,1025702095
1782480548060,sell,58879,0.0009511,1025702094
1782480548060,sell,58879.7,0.00054557,1025702093
1782480548059,sell,58880,0.10481396,1025702092
1782480548059,sell,58880,0.0489757,1025702091
1782480548057,sell,58880,0.00284888,1025702090
1782480548050,sell,58880,0.00289505,1025702089
1782480548043,sell,58880,0.00282834,1025702088
1782480548037,sell,58880,0.00290518,1025702087
1782480548030,sell,58880,0.00239133,1025702086
1782480548024,sell,58880,0.0029109,1025702085
1782480548017,sell,58880,0.00297253,1025702084
1782480548010,sell,58880,0.00483523,1025702083
1782480548007,sell,58880,0.00295003,1025702082
1782480548000,sell,58880,0.00193796,1025702081
1782480547996,sell,58880,0.00300899,1025702080
1782480547989,sell,58880,0.04783032,1025702079
1782480547944,sell,58880,0.00989741,1025702078
1782480547874,sell,58880,0.00315669,1025702077
1782480547869,sell,58880,0.0149005,1025702076
1782480547821,sell,58880,0.00413342,1025702075
1782480547811,sell,58880,0.00492936,1025702074
1782480547808,sell,58880,0.00285718,1025702073
1782488394374,sell,60465.2,0.00001661,1025825977
1782488394326,sell,60467.6,0.00001661,1025825976
1782488394326,sell,60469.4,0.00137208,1025825975
1782488394326,sell,60469.4,0.00072244,1025825974
1782488393578,sell,60473.7,0.00446142,1025825973
1782488393561,buy,60473.8,0.00023,1025825972
1782488393561,buy,60473.8,0.00000001,1025825971
1782488393561,buy,60473,0.00001501,1025825970
1782488393561,buy,60473,0.00001975,1025825969
1782488393552,buy,60469.5,0.01,1025825968
1782488393552,buy,60469.5,0.011,1025825967
1782488393552,buy,60469.5,0.015,1025825966
1782488393378,sell,60472.7,0.000015,1025825965
1782488393378,sell,60474.7,0.00063367,1025825964
1782488393376,sell,60476.9,0.0661421,1025825963
1782488392894,buy,60474.8,0.00057477,1025825962
1782488392838,sell,60474.7,0.00025148,1025825961
1782488392639,sell,60481.3,0.00055971,1025825960
1782488392257,sell,60481.3,0.0050735,1025825959
1782488392220,sell,60481.3,0.10589886,1025825958
1782488392220,sell,60481.3,0.00047516,1025825957
1782488392212,buy,60481.3,0.00001645,1025825956
1782488392212,buy,60481.3,0.000023,1025825955
1782488392212,buy,60480.5,0.00002038,1025825954
1782488392212,buy,60480.5,0.0000155,1025825953
1782488392208,buy,60479,0.00046015,1025825952
1782488392208,buy,60478.9,0.0005,1025825951
1782488392208,buy,60478.1,0.07524102,1025825950
1782488392194,buy,60477.1,0.13778679,1025825949
1782488392078,buy,60477.1,0.00001663,1025825948
1782488392075,buy,60476.1,0.0015,1025825947
1782488392075,buy,60475.9,0.00008848,1025825946
1782488392075,buy,60475.7,0.000021,1025825945
1782488392075,buy,60475.7,0.00001597,1025825944
1782488392070,buy,60475,0.00012007,1025825943
1782488392070,buy,60474.1,0.00029991,1025825942
1782488392070,buy,60472.8,0.00001501,1025825941
1782488392068,buy,60472.3,0.08322882,1025825940
1782488392068,buy,60472.3,0.05000013,1025825939
1782488392068,buy,60472.3,0.00060509,1025825938
1782488392068,buy,60472.3,0.1395727,1025825937
1782488391888,buy,60469.7,0.00001646,1025825936
1782488391888,buy,60469.7,0.00002164,1025825935
1782488391888,buy,60466.3,0.0006371,1025825934
1782488391307,sell,60472.2,0.05350901,1025825933
1782488391307,sell,60472.2,0.0013,1025825932
1782488391307,sell,60472.2,0.13958635,1025825931
1782488391307,sell,60472.2,0.03590463,1025825930
1782488391307,sell,60472.2,0.00000001,1025825929
1782488391211,buy,60469.9,0.00001662,1025825928
1782488391211,buy,60466,0.00001697,1025825927
1782488391211,buy,60466,0.00002231,1025825926
1782488391211,buy,60465.1,0.00067067,1025825925
1782488391191,buy,60464.3,0.00070599,1025825924
1782488391191,buy,60464.3,0.00089984,1025825923
1782488391191,buy,60464.3,0.00089983,1025825922
1782488391191,buy,60464.3,0.00089984,1025825921
1782488391191,buy,60464.3,0.00089984,1025825920
1782488391191,buy,60464.3,0.00090104,1025825919
1782488390932,buy,60462.6,0.00074319,1025825918
1782488390006,buy,60462.6,0.01027652,1025825917
1782488390006,buy,60462.6,0.00472348,1025825916
1782488390005,buy,60462.6,0.011,1025825915
1782488390003,buy,60462.6,0.0012971,1025825914
1782488390003,buy,60461.1,0.00002301,1025825913
1782488390003,buy,60461.1,0.00001751,1025825912
1782488390003,buy,60460.8,0.00001501,1025825911
1782488390003,buy,60460.5,0.00089984,1025825910
1782488390003,buy,60460.5,0.00090013,1025825909
1782488390003,buy,60460.5,0.00089984,1025825908
1782488390003,buy,60460.5,0.00086393,1025825907
1782488390003,buy,60460.5,0.00051188,1025825906
1782488390003,buy,60460.5,0.00051188,1025825905
1782488390003,buy,60460.5,0.00051188,1025825904
1782488390003,buy,60460.5,0.00205502,1025825903
1782488390003,buy,60460.4,0.00078236,1025825902
1782488390003,buy,60460.4,0.00071061,1025825901
1782488390003,buy,60460.4,0.012,1025825900
1782488390003,buy,60460.4,0.014,1025825899
1782488390003,buy,60460.4,0.01,1025825898
1782488389999,buy,60457.6,0.08506321,1025825897
1782488389999,buy,60457.6,0.00082362,1025825896
1782488386327,buy,60454.3,0.00086706,1025825895
1782488386310,sell,60460.4,0.00053045,1025825894
1782488385759,buy,60460.3,0.00001662,1025825893
1782488385759,buy,60457.8,0.00001662,1025825892
1782488385759,buy,60456.7,0.00002374,1025825891
1782488385759,buy,60456.7,0.00001808,1025825890
1782488385759,buy,60455.4,0.00001662,1025825889
1782488385759,buy,60455,0.0005,1025825888
1782488385116,buy,60453.2,0.00001654,1025825887
1782488384517,buy,60453.2,0.00646781,1025825886
1782488384332,buy,60452.1,0.00002448,1025825885
1782488384332,buy,60452.1,0.00001867,1025825884
1782488384332,buy,60452,0.00276006,1025825883
1782488384332,buy,60452,0.00236258,1025825882
1782488384016,buy,60452,0.00005309,1025825881
1782488383920,buy,60448.5,0.00091286,1025825880
1782488383920,buy,60448.5,0.07084646,1025825879
1782488381413,buy,60443,0.00002524,1025825878
1782488449612,sell,60465.2,0.00001661,1025827215
1782488449612,sell,60467.5,0.0012,1025827214
1782488449612,sell,60467.5,0.00192719,1025827213
1782488449567,sell,60467.6,0.00001661,1025827212
1782488449199,sell,60468.1,0.00065722,1025827211
1782488448962,sell,60469.8,0.000015,1025827210
1782488448962,sell,60470,0.00001661,1025827209
1782488448962,sell,60472.4,0.00001661,1025827208
1782488448598,sell,60472.8,0.00019222,1025827207
1782488448500,sell,60473,0.0005,1025827206
1782488448500,sell,60474.1,0.00029998,1025827205
1782488448500,sell,60475.8,0.000015,1025827204
1782488448498,sell,60476.8,0.00233071,1025827203
1782488448441,sell,60477.3,0.00001661,1025827202
1782488448187,buy,60480.6,0.005,1025827201
1782488448172,sell,60484.7,0.00184379,1025827200
1782488447974,sell,60484.7,0.000266,1025827199
1782488447974,sell,60488,0.0005,1025827198
1782488447295,buy,60489.4,0.0192513,1025827197
1782488447041,sell,60495.8,0.00245283,1025827196
1782488446659,buy,60491.7,0.00001661,1025827195
1782488446657,buy,60489.3,0.00001661,1025827194
1782488446657,buy,60485.1,0.00001307,1025827193
1782488446657,buy,60485.1,0.00001225,1025827192
1782488446657,buy,60484.6,0.0012084,1025827191
1782488446657,buy,60484.6,0.00204132,1025827190
1782488446539,buy,60482.4,0.00089848,1025827189
1782488446512,buy,60481.5,0.0017941,1025827188
1782488446512,buy,60481.5,0.00094579,1025827187
1782488446355,buy,60478.8,0.00099565,1025827186
1782488446292,buy,60477.8,0.00001344,1025827185
1782488446292,buy,60477.8,0.00001261,1025827184
1782488446292,buy,60474.2,0.00497752,1025827183
1782488446292,buy,60474.2,0.00104818,1025827182
1782488445927,sell,60474.7,0.000015,1025827181
1782488445927,sell,60474.9,0.00001661,1025827180
1782488445927,sell,60475,0.00012007,1025827179
1782488445927,sell,60475.8,0.000015,1025827178
1782488445927,sell,60477,0.00189194,1025827177
1782488445927,sell,60477.3,0.00001661,1025827176
1782488445925,sell,60479,0.00046015,1025827175
1782488445922,sell,60479.3,0.02536215,1025827174
1782488445922,sell,60479.3,0.00237778,1025827173
1782488445902,sell,60479.7,0.00001661,1025827172
1782488445902,sell,60482.1,0.00001661,1025827171
1782488445902,sell,60483.6,0.0064,1025827170
1782488445808,sell,60483.6,0.0044304,1025827169
1782488445763,sell,60483.6,0.03249386,1025827168
1782488445763,sell,60484.5,0.04499085,1025827167
1782488445763,sell,60484.5,0.00001661,1025827166
1782488445763,sell,60485.2,0.008,1025827165
1782488445763,sell,60486.4,0.008,1025827164
1782488445763,sell,60487,0.00001661,1025827163
1782488445763,sell,60487.8,0.00001501,1025827162
1782488445763,sell,60489.4,0.00001661,1025827161
1782488445763,sell,60491.8,0.00001661,1025827160
1782488445763,sell,60493.1,0.00183963,1025827159
1782488445763,sell,60494,0.0005,1025827158
1782488445763,sell,60494.2,0.00001661,1025827157
1782488445763,sell,60494.3,0.00250249,1025827156
1782488445763,sell,60494.3,0.00157511,1025827155
1782488445763,sell,60494.3,0.00061252,1025827154
1782488445761,sell,60494.3,0.0003258,1025827153
1782488445758,sell,60494.3,0.00172915,1025827152
1782488445757,sell,60494.3,0.00046816,1025827151
1782488445755,sell,60494.3,0.00076132,1025827150
1782488445753,sell,60494.3,0.00107786,1025827149
1782488445752,sell,60494.3,0.0005404,1025827148
1782488445751,sell,60494.3,0.00045925,1025827147
1782488445750,sell,60494.3,0.06185082,1025827146
1782488445742,sell,60494.3,0.00953904,1025827145
1782488445740,sell,60494.3,0.01764489,1025827144
1782488445736,sell,60494.5,0.001,1025827143
1782488445641,buy,60494.6,0.00046415,1025827142
1782488445641,buy,60494.6,0.01953585,1025827141
1782488445640,buy,60494.6,0.012,1025827140
1782488445640,buy,60494.6,0.01,1025827139
1782488445640,buy,60494.6,0.009,1025827138
1782488445640,buy,60494.6,0.011,1025827137
1782488445640,buy,60494.6,0.00051285,1025827136
1782488445640,buy,60494.6,0.01048715,1025827135
1782488445640,buy,60494.6,0.002,1025827134
1782488445640,buy,60494.6,0.011,1025827133
1782488445640,buy,60494.6,0.02,1025827132
1782488445608,sell,60494.5,0.00014998,1025827131
1782488445563,sell,60494.5,0.03507131,1025827130
1782488445563,sell,60494.5,0.02253062,1025827129
1782488445560,sell,60494.5,0.00149219,1025827128
1782488445190,buy,60494.6,0.017,1025827127
1782488445189,buy,60494.6,0.0062396,1025827126
1782488445189,buy,60494.6,0.0008459,1025827125
1782488445189,buy,60494.6,0.0049145,1025827124
1782488445189,buy,60494.6,0.014,1025827123
1782488445189,buy,60494.6,0.014,1025827122
1782488445189,buy,60494.6,0.012,1025827121
1782488445189,buy,60494.6,0.01,1025827120
1782488445189,buy,60494.6,0.011,1025827119
1782488445189,buy,60494.6,0.0140855,1025827118
1782488445189,buy,60494.6,0.0059145,1025827117
1782488445189,buy,60494.6,0.0080342,1025827116
1782488505043,buy,60430.3,0.00029969,1025827787
1782488505043,buy,60429,0.0005,1025827786
1782488505008,buy,60428,0.011,1025827785
1782488505006,buy,60428,0.01,1025827784
1782488505003,buy,60428,0.017,1025827783
1782488504992,buy,60427.3,0.00085686,1025827782
1782488504992,buy,60427.3,0.00077084,1025827781
1782488504079,buy,60427.3,0.01,1025827780
1782488504037,buy,60426.4,0.00001662,1025827779
1782488504037,buy,60425,0.00012007,1025827778
1782488504037,buy,60423.9,0.00001501,1025827777
1782488504037,buy,60423,0.00049951,1025827776
1782488504034,buy,60421.6,0.00001663,1025827775
1782488504031,buy,60419.5,0.07157806,1025827774
1782488504029,buy,60419,0.00089988,1025827773
1782488504029,buy,60419,0.00089988,1025827772
1782488504029,buy,60419,0.00089988,1025827771
1782488504029,buy,60419,0.00077113,1025827770
1782488504029,buy,60419,0.00089988,1025827769
1782488504029,buy,60419,0.00088331,1025827768
1782488504029,buy,60419,0.00959962,1025827767
1782488504029,buy,60419,0.00046015,1025827766
1782488503604,buy,60417.9,0.00001501,1025827765
1782488503604,buy,60416.7,0.00001663,1025827764
1782488503601,buy,60411,0.00077143,1025827763
1782488503601,buy,60411,0.07158812,1025827762
1782488503494,sell,60410.9,0.00004929,1025827761
1782488503018,buy,60411,0.025,1025827760
1782488503015,buy,60408.4,0.00029959,1025827759
1782488503015,buy,60407.1,0.00001663,1025827758
1782488503013,buy,60401.7,0.00016955,1025827757
1782488502330,sell,60401.6,0.00062807,1025827756
1782488501283,buy,60399.9,0.00001501,1025827755
1782488501283,buy,60399.8,0.00001663,1025827754
1782488501280,buy,60393.4,0.003,1025827753
1782488501280,buy,60393.3,0.003,1025827752
1782488501280,buy,60393.2,0.07421368,1025827751
1782488501280,buy,60393.2,0.003,1025827750
1782488501068,sell,60393.1,0.02021358,1025827749
1782488501037,sell,60393.1,0.00032576,1025827748
1782488501037,sell,60393.1,0.00000001,1025827747
1782488500482,buy,60392.8,0.00083956,1025827746
1782488500480,buy,60390.2,0.00090303,1025827745
1782488500476,buy,60390.2,0.011,1025827744
1782488500476,buy,60390.2,0.016,1025827743
1782488500431,buy,60390.2,0.011,1025827742
1782488500430,buy,60390.2,0.016,1025827741
1782488500430,buy,60390.2,0.011,1025827740
1782488500314,sell,60390.1,0.002541,1025827739
1782488499753,buy,60392.5,0.00023,1025827738
1782488499750,buy,60388.8,0.00023037,1025827737
1782488499750,buy,60383.5,0.00095074,1025827736
1782488499742,buy,60383.5,0.05089922,1025827735
1782488499742,buy,60383.5,0.00100078,1025827734
1782488498662,sell,60383.4,0.00070441,1025827733
1782488498662,sell,60383.4,0.0012,1025827732
1782488498662,sell,60383.4,0.0015,1025827731
1782488498450,sell,60384.4,0.00001501,1025827730
1782488498450,sell,60385.4,0.00001662,1025827729
1782488498450,sell,60386.5,0.00049999,1025827728
1782488498450,sell,60386.5,0.00029999,1025827727
1782488498448,sell,60387.5,0.003,1025827726
1782488498448,sell,60387.6,0.003,1025827725
1782488498448,sell,60387.7,0.003,1025827724
1782488498301,sell,60387.8,0.00001662,1025827723
1782488498301,sell,60388.7,0.00009212,1025827722
1782488498257,sell,60388.7,0.00173784,1025827721
1782488498195,sell,60388.7,0.00137369,1025827720
1782488498194,sell,60388.7,0.08300967,1025827719
1782488496546,buy,60388.8,0.00003311,1025827718
1782488495276,buy,60388.8,0.0458235,1025827717
1782488495276,buy,60388.8,0.0799425,1025827716
1782488495276,buy,60388.8,0.07887448,1025827715
1782488495276,buy,60388.8,0.0013,1025827714
1782488495276,buy,60388.8,0.0842,1025827713
1782488495276,buy,60388.8,0.16291,1025827712
1782488495276,buy,60388.8,0.009189,1025827711
1782488495276,buy,60388.8,0.009189,1025827710
1782488495165,sell,60390,0.01826122,1025827709
1782488495165,sell,60391.8,0.00001501,1025827708
1782488495163,sell,60392.7,0.00096047,1025827707
1782488495163,sell,60392.7,0.0015,1025827706
1782488495163,sell,60392.7,0.07143,1025827705
1782488495163,sell,60392.7,0.05,1025827704
1782488495163,sell,60392.7,0.07502037,1025827703
1782488494933,sell,60392.7,0.00107005,1025827702
1782488494542,sell,60392,0.00001663,1025827701
1782488494539,sell,60394.7,0.00016559,1025827700
1782488494539,sell,60395.3,0.00011149,1025827699
1782488494317,sell,60397.5,0.000287,1025827698
1782488494314,sell,60397.8,0.00001501,1025827697
1782488494314,sell,60399,0.00046015,1025827696
1782488494314,sell,60400,0.00012007,1025827695
1782488493901,sell,60401,0.00115,1025827694
1782488493901,sell,60402.3,0.00001663,1025827693
1782488493897,sell,60405.6,0.0008385,1025827692
1782488493739,sell,60405.6,0.0001661,1025827691
1782488493180,sell,60407.2,0.00001661,1025827690
1782488493178,sell,60408.4,0.0015,1025827689
1782488493178,sell,60408.4,0.00029999,1025827688
1782488558985,sell,60453,0.0005,1025828231
1782488558649,sell,60457.1,0.0084044,1025828230
1782488558288,buy,60454.8,0.077,1025828229
1782488558288,buy,60454.8,0.003,1025828228
1782488558280,buy,60454.7,0.003,1025828227
1782488558280,buy,60454.6,0.003,1025828226
1782488558280,buy,60453.9,0.000015,1025828225
1782488558280,buy,60451.3,0.00087873,1025828224
1782488558279,buy,60450.6,0.02360996,1025828223
1782488558279,buy,60450,0.01,1025828222
1782488558272,buy,60449.6,0.03997952,1025828221
1782488558272,buy,60449.5,0.00122274,1025828220
1782488558266,buy,60449.6,0.00000001,1025828219
1782488558266,buy,60447.9,0.000015,1025828218
1782488558261,buy,60447.4,0.016,1025828217
1782488558260,buy,60447.4,0.0105,1025828216
1782488558260,buy,60446,0.0005,1025828215
1782488558258,buy,60439.9,0.03943937,1025828214
1782488558257,buy,60439.9,0.03276828,1025828213
1782488558257,buy,60439.9,0.00128736,1025828212
1782488558257,buy,60439.9,0.18583156,1025828211
1782488558257,buy,60439.9,0.05760196,1025828210
1782488558257,buy,60439.9,0.00889804,1025828209
1782488558257,buy,60439.9,0.07750196,1025828208
1782488558257,buy,60439.9,0.00369804,1025828207
1782488558257,buy,60439.9,0.0797,1025828206
1782488558257,buy,60439.9,0.0250478,1025828205
1782488558257,buy,60439.9,0.0633,1025828204
1782488558257,buy,60439.9,0.02292169,1025828203
1782488558257,buy,60439.9,0.03259247,1025828202
1782488558257,buy,60439.9,0.06790753,1025828201
1782488558257,buy,60439.9,0.09650247,1025828200
1782488557916,sell,60439.8,0.00096042,1025828199
1782488557863,sell,60439.8,0.00061928,1025828198
1782488557149,sell,60443.4,0.00001662,1025828197
1782488557133,sell,60444.4,0.00303201,1025828196
1782488557132,sell,60444.4,0.08736536,1025828195
1782488557105,sell,60445.8,0.00001501,1025828194
1782488557103,sell,60449.2,0.003,1025828193
1782488557103,sell,60449.3,0.003,1025828192
1782488557103,sell,60449.4,0.00233161,1025828191
1782488557099,sell,60449.4,0.00066839,1025828190
1782488557095,sell,60450.5,0.00001662,1025828189
1782488557095,sell,60451.2,0.0021278,1025828188
1782488556993,sell,60451.2,0.00168013,1025828187
1782488556965,sell,60451.2,0.00023,1025828186
1782488556962,sell,60451.8,0.00001501,1025828185
1782488556961,sell,60453.1,0.00001662,1025828184
1782488556961,sell,60455,0.0005,1025828183
1782488556958,sell,60457.1,0.03176618,1025828182
1782488556958,sell,60457.1,0.00223962,1025828181
1782488556958,sell,60457.1,0.00057277,1025828180
1782488556958,sell,60457.1,0.00057278,1025828179
1782488554525,buy,60457.2,0.02201851,1025828178
1782488554525,buy,60457.2,0.00112475,1025828177
1782488554517,sell,60457.1,0.00070358,1025828176
1782488554303,buy,60457.2,0.00164309,1025828175
1782488554303,buy,60457.2,0.00001,1025828174
1782488554153,sell,60457.1,0.00113024,1025828173
1782488553552,sell,60457.1,0.0336,1025828172
1782488553552,sell,60457.1,0.002915,1025828171
1782488553286,sell,60460.9,0.00001653,1025828170
1782488552769,buy,60461,0.00001653,1025828169
1782488552104,sell,60460.9,0.00214373,1025828168
1782488552032,sell,60460.9,0.02368125,1025828167
1782488552032,sell,60460.9,0.0022982,1025828166
1782488551720,buy,60460.3,0.00001662,1025828165
1782488551718,buy,60459.9,0.00000146,1025828164
1782488551718,buy,60459.5,0.00049967,1025828163
1782488551718,buy,60459,0.00046015,1025828162
1782488551718,buy,60458.1,0.08635651,1025828161
1782488551718,buy,60457,0.0842,1025828160
1782488551718,buy,60457,0.06730875,1025828159
1782488551602,buy,60455,0.003,1025828158
1782488551602,buy,60454.9,0.003,1025828157
1782488551577,buy,60454.8,0.15880875,1025828156
1782488551577,buy,60454.8,0.0012,1025828155
1782488551577,buy,60454.8,0.003,1025828154
1782488551459,buy,60454.3,0.00024215,1025828153
1782488551456,buy,60453,0.0005,1025828152
1782488551456,buy,60452.3,0.0039989,1025828151
1782488551456,buy,60452.2,0.00089986,1025828150
1782488551456,buy,60452.2,0.00089987,1025828149
1782488551456,buy,60452.2,0.00089986,1025828148
1782488551456,buy,60452.2,0.00092229,1025828147
1782488551456,buy,60452.1,0.033,1025828146
1782488551456,buy,60451.4,0.00089988,1025828145
1782488551456,buy,60451.4,0.00089989,1025828144
1782488551456,buy,60451.4,0.00089989,1025828143
1782488551456,buy,60451.4,0.00034282,1025828142
1782488551456,buy,60451.4,0.00089988,1025828141
1782488551453,buy,60450.6,0.00001662,1025828140
1782488551453,buy,60450.2,0.18383947,1025828139
1782488551453,buy,60450.2,0.03736,1025828138
1782488551451,buy,60448.2,0.00001662,1025828137
1782488551451,buy,60447.9,0.00001501,1025828136
1782488551451,buy,60447,0.08637324,1025828135
1782488551451,buy,60446.8,0.00000381,1025828134
1782488551451,buy,60446.8,0.07999619,1025828133
1782488551451,buy,60446.8,0.00106328,1025828132
1782488615357,sell,60478,0.0005,1025828633
1782488615180,buy,60478.3,0.00047725,1025828632
1782488615171,sell,60478.2,0.00019678,1025828631
1782488615171,sell,60479.7,0.00001661,1025828630
1782488615171,sell,60482.1,0.00001661,1025828629
1782488615169,sell,60484.5,0.0012,1025828628
1782488613683,buy,60484.6,0.00046943,1025828627
1782488613683,buy,60484.6,0.00090001,1025828626
1782488613683,buy,60484.6,0.0009,1025828625
1782488613683,buy,60484.6,0.0009,1025828624
1782488613683,buy,60484.6,0.00090001,1025828623
1782488613683,buy,60484.6,0.00091991,1025828622
1782488611282,buy,60482,0.00001396,1025828621
1782488610674,sell,60476.2,0.00067424,1025828620
1782488610674,sell,60477.3,0.00001661,1025828619
1782488610674,sell,60479,0.00046015,1025828618
1782488610636,sell,60481.8,0.00001501,1025828617
1782488610636,sell,60482.1,0.00001661,1025828616
1782488610466,buy,60484.6,0.06508975,1025828615
1782488610466,buy,60484.6,0.05731,1025828614
1782488609447,buy,60484.6,0.02269661,1025828613
1782488609447,buy,60484.6,0.00050219,1025828612
1782488609447,buy,60484.6,0.076,1025828611
1782488608993,sell,60484.5,0.00204809,1025828610
1782488608777,sell,60487.1,0.00001662,1025828609
1782488608770,sell,60490.2,0.06612635,1025828608
1782488607710,buy,60495,0.00006612,1025828607
1782488607206,buy,60495,0.00501694,1025828606
1782488606967,buy,60495,0.01954269,1025828605
1782488606872,sell,60494.9,0.00224053,1025828604
1782488606743,sell,60494.9,0.01527763,1025828603
1782488606304,buy,60501.9,0.00031364,1025828602
1782488606177,buy,60501.9,0.000015,1025828601
1782488606167,buy,60499,0.07782165,1025828600
1782488606167,buy,60499,0.04398,1025828599
1782488606167,buy,60499,0.0005282,1025828598
1782488606167,buy,60499,0.076,1025828597
1782488606167,buy,60499,0.0842,1025828596
1782488606167,buy,60499,0.0336,1025828595
1782488606167,buy,60499,0.00046015,1025828594
1782488606052,buy,60496.8,0.00055606,1025828593
1782488606047,buy,60496.8,0.06589066,1025828592
1782488606047,buy,60496.8,0.0299,1025828591
1782488606047,buy,60496.8,0.17311817,1025828590
1782488606047,buy,60496.8,0.0013,1025828589
1782488606032,buy,60496.8,0.012,1025828588
1782488606032,buy,60498.2,0.015,1025828587
1782488606031,buy,60498.2,0.024,1025828586
1782488606031,buy,60498.2,0.023,1025828585
1782488606031,buy,60498.2,0.012,1025828584
1782488606031,buy,60498.2,0.011,1025828583
1782488606031,buy,60498.2,0.016,1025828582
1782488606031,buy,60498.2,0.011,1025828581
1782488606031,buy,60498.2,0.01768452,1025828580
1782488606031,buy,60496.8,0.00531548,1025828579
1782488606031,buy,60496.8,0.012,1025828578
1782488606031,buy,60496.8,0.015,1025828577
1782488606031,buy,60496.8,0.01193516,1025828576
1782488606031,buy,60496.5,0.00001661,1025828575
1782488606031,buy,60495.9,0.00001501,1025828574
1782488606031,buy,60494.1,0.00001661,1025828573
1782488606031,buy,60491.7,0.00001661,1025828572
1782488606031,buy,60489.3,0.00001661,1025828571
1782488606031,buy,60488.1,0.00001435,1025828570
1782488606030,buy,60487.9,0.00058558,1025828569
1782488605952,buy,60486.9,0.00001661,1025828568
1782488605952,buy,60483.7,0.00061652,1025828567
1782488605944,buy,60483.7,0.00000001,1025828566
1782488605944,buy,60483.7,0.0002791,1025828565
1782488605939,buy,60480.3,0.00000001,1025828564
1782488605939,buy,60480.3,0.00064906,1025828563
1782488605922,buy,60480.3,0.08899144,1025828562
1782488605922,buy,60480.3,0.00169,1025828561
1782488605922,buy,60480.3,0.00001,1025828560
1782488604920,buy,60482,0.00001661,1025828559
1782488604920,buy,60480.2,0.00001478,1025828558
1782488604920,buy,60479.6,0.00001661,1025828557
1782488604920,buy,60475.8,0.00027916,1025828556
1782488604920,buy,60475.8,0.00068335,1025828555
1782488604640,sell,60475.7,0.00041338,1025828554
1782488604526,sell,60475.7,0.00360404,1025828553
1782488604389,sell,60475.8,0.00001501,1025828552
1782488604389,sell,60477.3,0.00001661,1025828551
1782488604387,sell,60479,0.00030022,1025828550
1782488604387,sell,60479,0.05613677,1025828549
1782488603082,sell,60479,0.00019865,1025828548
1782488602959,sell,60479.7,0.00001661,1025828547
1782488602959,sell,60482.1,0.00001661,1025828546
1782488602810,sell,60484.6,0.00364145,1025828545
1782488601424,buy,60484.7,0.00055979,1025828544
1782488601424,buy,60484.7,0.00001521,1025828543
1782488601420,buy,60481,0.0005,1025828542
1782488601420,buy,60480.1,0.00071919,1025828541
1782488601411,buy,60480.1,0.011,1025828540
1782488601411,buy,60480.1,0.011,1025828539
1782488601411,buy,60480.1,0.012,1025828538
1782488601411,buy,60480.1,0.016,1025828537
1782488600226,buy,60480.1,0.00000001,1025828536
1782488600226,buy,60480.1,0.0013,1025828535
1782488600216,sell,60479.4,0.000251,1025828534
1782494672657,sell,60153.9,0.00001723,1025878982
1782494672444,sell,60156.1,0.00221531,1025878981
1782494672347,buy,60153.2,0.000015,1025878980
1782494672346,buy,60151.5,0.0000167,1025878979
1782494672308,buy,60148,0.000266,1025878978
1782494672308,buy,60148,0.0005,1025878977
1782494672252,buy,60145,0.0005,1025878976
1782494672250,buy,60144.3,0.0000167,1025878975
1782494672247,buy,60143.2,0.00073337,1025878974
1782494672247,buy,60141.2,0.0003177,1025878973
1782494672247,buy,60138.7,0.09568884,1025878972
1782494672247,buy,60135.9,0.00116836,1025878971
1782494672247,buy,60135.9,0.05728286,1025878970
1782494672247,buy,60135.9,0.03065385,1025878969
1782494672246,buy,60135.9,0.0305,1025878968
1782494672246,buy,60135.9,0.02338078,1025878967
1782494672246,buy,60135.9,0.04614191,1025878966
1782494672246,buy,60135.9,0.15545809,1025878965
1782494672246,buy,60135.9,0.01858831,1025878964
1782494672243,buy,60135.9,0.0468036,1025878963
1782494672243,buy,60135.9,0.08067,1025878962
1782494672243,buy,60135.9,0.0209444,1025878961
1782494672157,sell,60138.6,0.00227092,1025878960
1782494672157,sell,60138.6,0.00001772,1025878959
1782494670905,buy,60138.7,0.01450438,1025878958
1782494669690,buy,60138.7,0.00025432,1025878957
1782494669271,buy,60141.1,0.00031771,1025878956
1782494669268,buy,60137.1,0.0000167,1025878955
1782494669266,buy,60135,0.0005,1025878954
1782494669258,buy,60133.7,0.03947315,1025878953
1782494669257,buy,60133.7,0.04918066,1025878952
1782494669257,buy,60133.7,0.02237336,1025878951
1782494669256,buy,60129.9,0.02493884,1025878950
1782494669256,buy,60129.9,0.01364826,1025878949
1782494669256,buy,60128.7,0.00111053,1025878948
1782494669256,buy,60128.7,0.08942038,1025878947
1782494669256,buy,60128.7,0.00124967,1025878946
1782494669256,buy,60128.7,0.22210528,1025878945
1782494669256,buy,60128.7,0.06569237,1025878944
1782494669256,buy,60128.7,0.11728763,1025878943
1782494668154,sell,60128.6,0.000013,1025878942
1782494668130,sell,60132.3,0.0000167,1025878941
1782494668130,sell,60134.8,0.0000167,1025878940
1782494668130,sell,60135,0.0005,1025878939
1782494668128,sell,60137,0.00233205,1025878938
1782494668128,sell,60137,0.06651423,1025878937
1782494668128,sell,60137,0.0005,1025878936
1782494668108,sell,60138.6,0.00001822,1025878935
1782494668108,sell,60141.1,0.00245467,1025878934
1782494667915,buy,60141.2,0.00001662,1025878933
1782494667250,buy,60141.2,0.00080144,1025878932
1782494666187,sell,60141.1,0.08166969,1025878931
1782494666187,sell,60141.1,0.00258386,1025878930
1782494665112,sell,60141.1,0.00016375,1025878929
1782494665112,sell,60141.1,0.00000001,1025878928
1782494664135,buy,60141.2,0.00065009,1025878927
1782494664135,buy,60141.2,0.00001501,1025878926
1782494663098,buy,60134,0.00115232,1025878925
1782494657510,sell,60133.9,0.00000001,1025878924
1782494657510,sell,60135,0.00001855,1025878923
1782494657507,sell,60138.6,0.00271993,1025878922
1782494657507,sell,60138.6,0.00207754,1025878921
1782494657128,sell,60138.6,0.00032751,1025878920
1782494656592,sell,60139,0.0013,1025878919
1782494656502,sell,60139,0.00000001,1025878918
1782494656502,sell,60139,0.0013,1025878917
1782494656499,sell,60139,0.00003341,1025878916
1782494656499,sell,60139,0.00046015,1025878915
1782494656496,sell,60143.1,0.000015,1025878914
1782494656483,sell,60145.2,0.05102,1025878913
1782494656483,sell,60146.1,0.24987565,1025878912
1782494656483,sell,60146.7,0.0136108,1025878911
1782494656482,sell,60146.7,0.02309438,1025878910
1782494656482,sell,60146.7,0.01421482,1025878909
1782494656480,sell,60146.9,0.0816415,1025878908
1782494656476,sell,60153.9,0.00001907,1025878907
1782494656467,sell,60154.6,0.00240441,1025878906
1782494654503,sell,60162.9,0.00286238,1025878905
1782494654503,sell,60162.9,0.00315,1025878904
1782494654503,sell,60162.9,0.00001963,1025878903
1782494653826,buy,60165.9,0.0000167,1025878902
1782494653826,buy,60165.2,0.00001501,1025878901
1782494653824,buy,60163.5,0.0000167,1025878900
1782494653824,buy,60161,0.0005,1025878899
1782494653811,buy,60160.5,0.00158517,1025878898
1782494653811,buy,60159,0.00046015,1025878897
1782494653808,buy,60157,0.00032537,1025878896
1782494653807,buy,60157,0.09318476,1025878895
1782494653807,buy,60156.8,0.00044,1025878894
1782494653806,buy,60155,0.00089986,1025878893
1782494653806,buy,60155,0.00089986,1025878892
1782494653806,buy,60155,0.00089986,1025878891
1782494653806,buy,60155,0.00087736,1025878890
1782494653806,buy,60155,0.00918069,1025878889
1782494653023,buy,60153.2,0.00264968,1025878888
1782494653023,buy,60153.2,0.00226972,1025878887
1782494653023,buy,60153.2,0.00901889,1025878886
1782494653023,buy,60153.2,0.00295963,1025878885
1782494653023,buy,60153.2,0.00089989,1025878884
1782494653023,buy,60153.2,0.00089989,1025878883
1782494729272,sell,60101.1,0.00077007,1025879180
1782494727965,sell,60103.4,0.00015339,1025879179
1782494727965,sell,60103.4,0.00017661,1025879178
1782494725911,sell,60103.4,0.00139862,1025879177
1782494725911,sell,60103.4,0.00029999,1025879176
1782494723418,sell,60103.5,0.0001664,1025879175
1782494723418,sell,60105.9,0.00033553,1025879174
1782494723241,buy,60106,0.00133042,1025879173
1782494722813,buy,60106,0.00170032,1025879172
1782494720722,buy,60106,0.00009,1025879171
1782494720456,sell,60109.8,0.00049756,1025879170
1782494719931,sell,60109.8,0.00025071,1025879169
1782494718859,sell,60109.8,0.00001351,1025879168
1782494718110,buy,60109.9,0.00003327,1025879167
1782494716768,sell,60109.8,0.0864972,1025879166
1782494716752,sell,60110.7,0.00227847,1025879165
1782494715781,sell,60116.3,0.00040001,1025879164
1782494715684,buy,60116.4,0.00780168,1025879163
1782494715684,buy,60116.4,0.0013,1025879162
1782494715684,buy,60116.4,0.0012,1025879161
1782494715470,sell,60122.8,0.00173426,1025879160
1782494714624,buy,60120.7,0.00002158,1025879159
1782494714622,buy,60118.2,0.00110371,1025879158
1782494714622,buy,60118.2,0.0756595,1025879157
1782494714456,buy,60112.3,0.00002225,1025879156
1782494714456,buy,60109.9,0.00116204,1025879155
1782494714109,buy,60109.9,0.00003327,1025879154
1782494713107,sell,60109.8,0.00016379,1025879153
1782494712828,sell,60109.8,0.06985773,1025879152
1782494712602,sell,60110.7,0.00001671,1025879151
1782494712602,sell,60113.1,0.00001671,1025879150
1782494712599,sell,60118.5,0.07263279,1025879149
1782494712599,sell,60118.5,0.1811056,1025879148
1782494712599,sell,60118.5,0.14485137,1025879147
1782494712597,sell,60118.5,0.00882662,1025879146
1782494712569,sell,60118.5,0.00572749,1025879145
1782494712548,sell,60118.5,0.00449188,1025879144
1782494712540,sell,60118.5,0.00715403,1025879143
1782494712534,sell,60118.5,0.00527769,1025879142
1782494712522,sell,60118.5,0.00509897,1025879141
1782494712516,sell,60118.5,0.00505532,1025879140
1782494712501,sell,60118.5,0.00499971,1025879139
1782494712481,buy,60118.6,0.00054423,1025879138
1782494712471,sell,60118.5,0.00615969,1025879137
1782494712440,sell,60118.5,0.00584611,1025879136
1782494712432,sell,60118.5,0.00518312,1025879135
1782494712429,sell,60118.5,0.00540658,1025879134
1782494712425,sell,60118.5,0.00508986,1025879133
1782494712423,sell,60118.5,0.08556902,1025879132
1782494712123,buy,60118.6,0.00064518,1025879131
1782494711777,sell,60118.5,0.00665775,1025879130
1782494711759,buy,60118.6,0.00002036,1025879129
1782494711759,buy,60118.6,0.00002036,1025879128
1782494711759,buy,60118.6,0.00002036,1025879127
1782494711759,buy,60118.6,0.00002036,1025879126
1782494711759,buy,60118.6,0.00002036,1025879125
1782494711759,buy,60118.6,0.00002036,1025879124
1782494711759,buy,60118.6,0.00002036,1025879123
1782494711759,buy,60118.6,0.00002036,1025879122
1782494711759,buy,60118.6,0.00002036,1025879121
1782494711759,buy,60118.6,0.00002036,1025879120
1782494711759,buy,60118.6,0.00002036,1025879119
1782494711759,buy,60118.6,0.00002036,1025879118
1782494711759,buy,60118.6,0.00002036,1025879117
1782494711759,buy,60118.6,0.00002036,1025879116
1782494711759,buy,60118.6,0.00002036,1025879115
1782494711759,buy,60118.6,0.00002036,1025879114
1782494711759,buy,60118.6,0.00002036,1025879113
1782494711759,buy,60118.6,0.00002036,1025879112
1782494711759,buy,60118.6,0.00002036,1025879111
1782494711759,buy,60118.6,0.00002036,1025879110
1782494711759,buy,60118.6,0.00002036,1025879109
1782494711759,buy,60118.6,0.00002036,1025879108
1782494711759,buy,60118.6,0.00002036,1025879107
1782494711759,buy,60118.6,0.00002036,1025879106
1782494711759,buy,60118.6,0.00002036,1025879105
1782494711759,buy,60118.6,0.00002036,1025879104
1782494711759,buy,60118.6,0.00002036,1025879103
1782494711759,buy,60118.6,0.00002036,1025879102
1782494711759,buy,60118.6,0.00002036,1025879101
1782494711759,buy,60118.6,0.00002036,1025879100
1782494711759,buy,60118.6,0.00002036,1025879099
1782494711759,buy,60118.6,0.00002036,1025879098
1782494711759,buy,60118.6,0.00002036,1025879097
1782494711759,buy,60118.6,0.00002036,1025879096
1782494711759,buy,60118.6,0.00002036,1025879095
1782494711759,buy,60118.6,0.00002036,1025879094
1782494711759,buy,60118.6,0.00002036,1025879093
1782494711759,buy,60118.6,0.00002036,1025879092
1782494711759,buy,60118.6,0.00002036,1025879091
1782494711759,buy,60118.6,0.00002036,1025879090
1782494711759,buy,60118.6,0.00002036,1025879089
1782494711759,buy,60118.6,0.00002036,1025879088
1782494711324,sell,60118.5,0.02959342,1025879087
1782494711311,sell,60119,0.0005,1025879086
1782494711311,sell,60119.8,0.0001,1025879085
1782494709407,sell,60119.8,0.00091216,1025879084
1782494709260,sell,60120.3,0.00001671,1025879083
1782494709260,sell,60122.7,0.00001671,1025879082
1782494709258,sell,60125.8,0.00029014,1025879081
1782494783011,buy,60109.9,0.00194643,1025879333
1782494782251,buy,60109.9,0.00018195,1025879332
1782494781010,buy,60109.9,0.00166361,1025879331
1782494779944,sell,60109.8,0.01315281,1025879330
1782494778981,sell,60112.1,0.01906184,1025879329
1782494778949,sell,60112.1,0.00133465,1025879328
1782494778928,sell,60115.4,0.00002563,1025879327
1782494778915,sell,60115.5,0.00001671,1025879326
1782494778915,sell,60115.8,0.000015,1025879325
1782494778915,sell,60117.9,0.00004548,1025879324
1782494776244,buy,60118,0.00003,1025879323
1782494775924,buy,60118,0.00171496,1025879322
1782494775501,sell,60120.3,0.00001671,1025879321
1782494775501,sell,60121.2,0.00002697,1025879320
1782494775501,sell,60123.4,0.00005684,1025879319
1782494771359,sell,60123.4,0.00024399,1025879318
1782494768177,sell,60127,0.00002782,1025879317
1782494768177,sell,60129.1,0.00008855,1025879316
1782494768177,sell,60129.1,0.00242712,1025879315
1782494767798,buy,60128.7,0.00001501,1025879314
1782494767798,buy,60126.9,0.00148981,1025879313
1782494767794,buy,60125.1,0.0002998,1025879312
1782494767794,buy,60125,0.00012007,1025879311
1782494767794,buy,60125,0.00001671,1025879310
1782494767794,buy,60122.6,0.00001671,1025879309
1782494767786,buy,60120.5,0.00002647,1025879308
1782494767785,buy,60119,0.00046015,1025879307
1782494767785,buy,60118.6,0.00083428,1025879306
1782494767785,buy,60118.6,0.07873943,1025879305
1782494767785,buy,60118.6,0.063802,1025879304
1782494766829,sell,60117.7,0.1,1025879303
1782494766823,buy,60116.7,0.00001501,1025879302
1782494766823,buy,60115.4,0.00001671,1025879301
1782494766823,buy,60112,0.00002728,1025879300
1782494766821,buy,60110,0.08506625,1025879299
1782494766821,buy,60110,0.00089985,1025879298
1782494766821,buy,60110,0.0004724,1025879297
1782494766821,buy,60110,0.00089985,1025879296
1782494766821,buy,60110,0.00089986,1025879295
1782494766821,buy,60110,0.00089985,1025879294
1782494766821,buy,60110,0.00089984,1025879293
1782494766221,buy,60105.7,0.00002812,1025879292
1782494766218,buy,60103.7,0.08507516,1025879291
1782494766106,buy,60103.4,0.00001671,1025879290
1782494766106,buy,60101.8,0.00002897,1025879289
1782494766106,buy,60100.3,0.00094722,1025879288
1782494766057,buy,60099.7,0.0009,1025879287
1782494766057,buy,60099.7,0.00090001,1025879286
1782494766057,buy,60099.7,0.00090001,1025879285
1782494766057,buy,60099.7,0.0009,1025879284
1782494765954,sell,60099.6,0.0001105,1025879283
1782494765954,sell,60099.6,0.0000295,1025879282
1782494760857,sell,60104.8,0.00003048,1025879281
1782494759256,sell,60109.9,0.0001,1025879280
1782494759080,sell,60109.9,0.00236082,1025879279
1782494759080,sell,60109.9,0.00220074,1025879278
1782494759080,sell,60109.9,0.00229078,1025879277
1782494759079,sell,60109.9,0.0028661,1025879276
1782494759030,buy,60110,0.00476127,1025879275
1782494758406,buy,60110.2,0.000766,1025879274
1782494758406,buy,60110.2,0.00003173,1025879273
1782494758406,buy,60110,0.0005,1025879272
1782494758406,buy,60108.2,0.00001671,1025879271
1782494758402,buy,60105.8,0.00001671,1025879270
1782494758402,buy,60103.4,0.00001781,1025879269
1782494758400,buy,60101.5,0.08662673,1025879268
1782494758400,buy,60101.5,0.00099703,1025879267
1782494758400,buy,60101.5,0.0065,1025879266
1782494758323,buy,60101.2,0.00038421,1025879265
1782494758280,buy,60099.5,0.00001836,1025879264
1782494758280,buy,60097,0.00104963,1025879263
1782494757413,sell,60101.1,0.00001,1025879262
1782494756430,buy,60099,0.0013,1025879261
1782494756430,buy,60099,0.00007365,1025879260
1782494756426,buy,60099,0.00023,1025879259
1782494756424,buy,60099,0.00000001,1025879258
1782494756424,buy,60098.7,0.00001501,1025879257
1782494756424,buy,60098.6,0.00001672,1025879256
1782494756421,buy,60096.2,0.00001672,1025879255
1782494756421,buy,60093,0.00001894,1025879254
1782494756419,buy,60090.8,0.00110505,1025879253
1782494756419,buy,60090.8,0.09925316,1025879252
1782494755149,buy,60090.5,0.00038431,1025879251
1782494755149,buy,60090.5,0.00116322,1025879250
1782494754044,buy,60090.5,0.00048169,1025879249
1782494753717,sell,60090.4,0.00079901,1025879248
1782494753691,sell,60091.5,0.00001672,1025879247
1782494753691,sell,60091.8,0.00001501,1025879246
1782494753691,sell,60092.9,0.0005246,1025879245
1782494753691,sell,60096.2,0.00049999,1025879244
1782494753691,sell,60096.3,0.00028264,1025879243
1782494751959,sell,60096.3,0.00419237,1025879242
1782494751946,sell,60096.3,0.00225128,1025879241
1782494751946,sell,60096.3,0.00394223,1025879240
1782494751926,sell,60096.3,0.00090051,1025879239
1782494751827,sell,60096.3,0.00090051,1025879238
1782494751746,sell,60096.3,0.00090051,1025879237
1782494751639,sell,60096.3,0.00090051,1025879236
1782494751615,sell,60096.3,0.00007797,1025879235
1782494751549,sell,60096.3,0.00090051,1025879234
1782494837457,buy,60182.2,0.0015,1025879641
1782494837457,buy,60181,0.00015,1025879640
1782494837457,buy,60180.4,0.00001671,1025879639
1782494837455,buy,60179,0.00046015,1025879638
1782494837455,buy,60177.3,0.0006768,1025879637
1782494837455,buy,60177.3,0.0023232,1025879636
1782494837455,buy,60177.2,0.003,1025879635
1782494837455,buy,60177.1,0.003,1025879634
1782494837455,buy,60176.1,0.00076319,1025879633
1782494837455,buy,60176.1,0.01986015,1025879632
1782494837455,buy,60176.1,0.00209302,1025879631
1782494837454,buy,60176.1,0.04961408,1025879630
1782494837454,buy,60176.1,0.00328864,1025879629
1782494837454,buy,60176.1,0.00035253,1025879628
1782494837454,buy,60176.1,0.00084522,1025879627
1782494837454,buy,60176.1,0.00109302,1025879626
1782494835012,buy,60175.7,0.00069978,1025879625
1782494835012,buy,60175.6,0.00001671,1025879624
1782494835012,buy,60175,0.00012007,1025879623
1782494835012,buy,60173,0.00043,1025879622
1782494835012,buy,60172.1,0.00001672,1025879621
1782494835012,buy,60170.9,0.00009383,1025879620
1782494834887,buy,60168.5,0.00049936,1025879619
1782494834887,buy,60168.5,0.0002992,1025879618
1782494834887,buy,60168.2,0.00079901,1025879617
1782494834887,buy,60168.2,0.00035259,1025879616
1782494834887,buy,60168.2,0.00158496,1025879615
1782494833298,sell,60168.1,0.00311003,1025879614
1782494833215,sell,60168.1,0.00001329,1025879613
1782494831660,buy,60167.7,0.00052656,1025879612
1782494831660,buy,60167.7,0.0015,1025879611
1782494831658,buy,60162.5,0.01155197,1025879610
1782494831658,buy,60162.5,0.017,1025879609
1782494831658,buy,60162.5,0.00035265,1025879608
1782494831658,buy,60162.5,0.00524917,1025879607
1782494831657,buy,60162.5,0.00299651,1025879606
1782494831651,buy,60162.5,0.04530911,1025879605
1782494831651,buy,60162.5,0.03117766,1025879604
1782494831651,buy,60162.5,0.0207,1025879603
1782494830391,sell,60162.4,0.00580859,1025879602
1782494830391,sell,60162.4,0.00000001,1025879601
1782494830332,buy,60161.1,0.0000167,1025879600
1782494830332,buy,60160.6,0.00008531,1025879599
1782494830332,buy,60160,0.0005,1025879598
1782494830332,buy,60159,0.00046015,1025879597
1782494830332,buy,60156.9,0.00002,1025879596
1782494830279,buy,60153.9,0.00086741,1025879595
1782494830279,buy,60153.9,0.00089988,1025879594
1782494830279,buy,60153.9,0.00089977,1025879593
1782494830279,buy,60153.9,0.00089978,1025879592
1782494830279,buy,60153.9,0.00089977,1025879591
1782494830279,buy,60153.9,0.00089978,1025879590
1782494830279,buy,60153.9,0.00089977,1025879589
1782494830279,buy,60153.9,0.00089977,1025879588
1782494830279,buy,60153.9,0.00089978,1025879587
1782494830279,buy,60153.9,0.00091577,1025879586
1782494830279,buy,60153.9,0.00089983,1025879585
1782494830279,buy,60153.9,0.00089982,1025879584
1782494830279,buy,60153.9,0.00089983,1025879583
1782494830279,buy,60153.9,0.00089983,1025879582
1782494830279,buy,60153.9,0.00089978,1025879581
1782494830279,buy,60153.9,0.00089977,1025879580
1782494830279,buy,60153.9,0.00072082,1025879579
1782494830204,buy,60153.9,0.00017895,1025879578
1782494830204,buy,60153.9,0.00089978,1025879577
1782494830204,buy,60153.9,0.00089977,1025879576
1782494830204,buy,60153.9,0.00089978,1025879575
1782494830204,buy,60153.9,0.00089977,1025879574
1782494830204,buy,60153.9,0.00089977,1025879573
1782494830204,buy,60153.9,0.00089978,1025879572
1782494830204,buy,60153.9,0.00089977,1025879571
1782494830204,buy,60153.9,0.00089977,1025879570
1782494830204,buy,60153.9,0.00089983,1025879569
1782494830204,buy,60153.9,0.00089983,1025879568
1782494830204,buy,60153.9,0.00089983,1025879567
1782494830204,buy,60153.9,0.00089983,1025879566
1782494830204,buy,60153.9,0.00089983,1025879565
1782494830204,buy,60153.9,0.00089977,1025879564
1782494830204,buy,60153.9,0.00089978,1025879563
1782494830204,buy,60153.9,0.00089983,1025879562
1782494830204,buy,60153.9,0.00089988,1025879561
1782494830204,buy,60153.9,0.00089988,1025879560
1782494830204,buy,60153.9,0.00024861,1025879559
1782494830203,buy,60153.9,0.00065122,1025879558
1782494830203,buy,60153.9,0.00089983,1025879557
1782494830203,buy,60153.9,0.00089982,1025879556
1782494830203,buy,60153.9,0.00089983,1025879555
1782494830203,buy,60153.9,0.00089984,1025879554
1782494830203,buy,60153.9,0.00089983,1025879553
1782494830203,buy,60153.9,0.00089983,1025879552
1782494830203,buy,60153.9,0.00089983,1025879551
1782494830203,buy,60153.9,0.00089977,1025879550
1782494830203,buy,60153.9,0.00089978,1025879549
1782494830203,buy,60153.9,0.00089977,1025879548
1782494830203,buy,60153.9,0.00089978,1025879547
1782494830203,buy,60153.9,0.00089977,1025879546
1782494830203,buy,60153.9,0.00092078,1025879545
1782494830203,buy,60153.9,0.00089977,1025879544
1782494830203,buy,60153.9,0.00089975,1025879543
1782494830203,buy,60153.9,0.00089975,1025879542
1782494894164,buy,60231.2,0.0000498,1025880033
1782494892682,sell,60232.7,0.00033204,1025880032
1782494892677,sell,60233.7,0.00029887,1025880031
1782494892677,sell,60234.4,0.00143584,1025880030
1782494892677,sell,60235,0.0005,1025880029
1782494891721,sell,60235.8,0.000015,1025880028
1782494891721,sell,60238.4,0.00025084,1025880027
1782494891636,sell,60240.7,0.00001667,1025880026
1782494891636,sell,60241.3,0.00033503,1025880025
1782494891636,sell,60241.3,0.00049447,1025880024
1782494891636,sell,60241.3,0.00044763,1025880023
1782494891636,sell,60241.3,0.00046111,1025880022
1782494891633,sell,60241.3,0.000214,1025880021
1782494891633,sell,60241.3,0.0009497,1025880020
1782494891633,sell,60241.3,0.00018064,1025880019
1782494891630,sell,60241.3,0.00071065,1025880018
1782494891630,sell,60241.3,0.0027,1025880017
1782494891629,sell,60241.3,0.002259,1025880016
1782494891629,sell,60241.3,0.00025008,1025880015
1782494891623,sell,60241.3,0.00113883,1025880014
1782494891609,sell,60241.8,0.00029447,1025880013
1782494891498,sell,60241.6,0.00000001,1025880012
1782494891498,sell,60241.8,0.000015,1025880011
1782494891454,sell,60247.9,0.00131567,1025880010
1782494891454,sell,60247.9,0.00001667,1025880009
1782494891454,sell,60248.3,0.00001112,1025880008
1782494891454,sell,60248.3,0.00010722,1025880007
1782494891318,sell,60252.1,0.00004795,1025880006
1782494891315,sell,60252.1,0.00124293,1025880005
1782494891305,sell,60252.8,0.00193755,1025880004
1782494891305,sell,60252.8,0.000018,1025880003
1782494889310,buy,60252.9,0.00003319,1025880002
1782494889229,buy,60256.1,0.00001887,1025880001
1782494889229,buy,60255.7,0.00056166,1025880000
1782494889229,buy,60255.5,0.00029999,1025879999
1782494889229,buy,60255.5,0.00028512,1025879998
1782494889229,buy,60255.2,0.00016628,1025879997
1782494889229,buy,60255.1,0.00009088,1025879996
1782494889229,buy,60255.1,0.00001354,1025879995
1782494889229,buy,60255,0.0005,1025879994
1782494889213,buy,60254.9,0.00001327,1025879993
1782494889208,buy,60254.6,0.00001417,1025879992
1782494889208,buy,60252.1,0.00014377,1025879991
1782494889208,buy,60252.1,0.00002933,1025879990
1782494889208,buy,60252.1,0.00004647,1025879989
1782494889208,buy,60252.1,0.00003582,1025879988
1782494889208,buy,60251,0.00016628,1025879987
1782494889198,buy,60250.3,0.08002496,1025879986
1782494889198,buy,60250,0.00005531,1025879985
1782494889198,buy,60250,0.0000272,1025879984
1782494889198,buy,60250,0.00347839,1025879983
1782494889198,buy,60250,0.00001022,1025879982
1782494889198,buy,60250,0.00030013,1025879981
1782494889198,buy,60250,0.00030379,1025879980
1782494889198,buy,60250,0.00039829,1025879979
1782494889198,buy,60250,0.00637103,1025879978
1782494889198,buy,60250,0.00181061,1025879977
1782494889198,buy,60250,0.00012007,1025879976
1782494888450,buy,60249.6,0.00039,1025879975
1782494888354,buy,60249,0.00001051,1025879974
1782494887891,sell,60248.6,0.00437134,1025879973
1782494887884,buy,60248.7,0.00040052,1025879972
1782494887884,buy,60248.7,0.000015,1025879971
1782494887884,buy,60248.5,0.00021,1025879970
1782494887884,buy,60247.8,0.0000167,1025879969
1782494887882,buy,60246.2,0.00145472,1025879968
1782494887882,buy,60246.2,0.0013,1025879967
1782494887882,buy,60246.2,0.08554917,1025879966
1782494887882,buy,60246.2,0.1393964,1025879965
1782494887882,buy,60246.2,0.0002,1025879964
1782494887861,buy,60245.5,0.00001426,1025879963
1782494887861,buy,60244.7,0.00001002,1025879962
1782494887861,buy,60244.7,0.00002179,1025879961
1782494887861,buy,60244.7,0.00001066,1025879960
1782494887861,buy,60244.6,0.00041918,1025879959
1782494887861,buy,60244.1,0.00001019,1025879958
1782494887861,buy,60244,0.00004874,1025879957
1782494887861,buy,60243.3,0.0015,1025879956
1782494887861,buy,60243.2,0.00033421,1025879955
1782494887858,buy,60242.7,0.00001501,1025879954
1782494887858,buy,60242,0.00004427,1025879953
1782494887856,buy,60242,0.00045573,1025879952
1782494887856,buy,60242,0.0005,1025879951
1782494887856,buy,60241.5,0.00051285,1025879950
1782494887856,buy,60240.6,0.00001668,1025879949
1782494887856,buy,60240,0.00089988,1025879948
1782494887856,buy,60240,0.00089988,1025879947
1782494887856,buy,60240,0.00089987,1025879946
1782494887856,buy,60240,0.00089988,1025879945
1782494887856,buy,60240,0.00089988,1025879944
1782494887856,buy,60240,0.00089988,1025879943
1782494887856,buy,60240,0.00089988,1025879942
1782494887856,buy,60240,0.00089988,1025879941
1782494887856,buy,60240,0.00089988,1025879940
1782494887856,buy,60240,0.00089988,1025879939
1782494887856,buy,60240,0.00089987,1025879938
1782494887856,buy,60240,0.00089988,1025879937
1782494887856,buy,60240,0.00089988,1025879936
1782494887856,buy,60240,0.00089988,1025879935
1782494887856,buy,60240,0.00089988,1025879934
1782501552126,buy,59983.3,0.01785535,1025916970
1782501551767,sell,59983.4,0.00001674,1025916969
1782501551767,sell,59985.1,0.00001501,1025916968
1782501551767,sell,59985.3,0.00002397,1025916967
1782501551767,sell,59988.2,0.0001,1025916966
1782501551625,sell,59988.2,0.00000001,1025916965
1782501551625,sell,59988.2,0.00001674,1025916964
1782501551620,sell,59990.6,0.00001674,1025916963
1782501551620,sell,59993,0.00001674,1025916962
1782501551620,sell,59993.2,0.00002647,1025916961
1782501551618,sell,59996,0.13334211,1025916960
1782501549561,sell,59996,0.00997726,1025916959
1782501547107,buy,59995.3,0.00001674,1025916958
1782501547107,buy,59994.3,0.00002368,1025916957
1782501547107,buy,59992.9,0.00001674,1025916956
1782501547015,buy,59991.6,0.003,1025916955
1782501547013,buy,59991.5,0.003,1025916954
1782501546936,buy,59990.9,0.00002453,1025916953
1782501546936,buy,59989.2,0.00168412,1025916952
1782501546934,buy,59988.1,0.00264644,1025916951
1782501546934,buy,59988.1,0.00060628,1025916950
1782501546934,buy,59988.1,0.00076629,1025916949
1782501545686,buy,59986.5,0.00069629,1025916948
1782501545686,buy,59986.5,0.00105633,1025916947
1782501545685,buy,59985.7,0.00001674,1025916946
1782501545683,buy,59984.7,0.00002238,1025916945
1782501545680,buy,59983,0.0005,1025916944
1782501545677,buy,59981.5,0.00152787,1025916943
1782501545677,buy,59981.5,0.01380895,1025916942
1782501545677,buy,59981.5,0.0580051,1025916941
1782501545677,buy,59981.5,0.0167,1025916940
1782501545677,buy,59981.5,0.05996041,1025916939
1782501541089,buy,59981.5,0.00012503,1025916938
1782501539176,sell,59984.8,0.00014,1025916937
1782501539176,sell,59985.8,0.00151217,1025916936
1782501539176,sell,59986.1,0.003,1025916935
1782501539176,sell,59986.2,0.003,1025916934
1782501539176,sell,59986.3,0.003,1025916933
1782501539176,sell,59986.4,0.20896268,1025916932
1782501539176,sell,59986.4,0.13336345,1025916931
1782501539040,sell,59988,0.0005,1025916930
1782501539040,sell,59988.2,0.00001675,1025916929
1782501539038,sell,59989.1,0.26671489,1025916928
1782501538904,sell,59990.6,0.00001675,1025916927
1782501538904,sell,59991.1,0.000015,1025916926
1782501538904,sell,59992.6,0.00064029,1025916925
1782501537848,buy,59995.9,0.00234671,1025916924
1782501536796,buy,59995.9,0.00002324,1025916923
1782501535257,sell,59997,0.00016,1025916922
1782501535090,sell,59997.1,0.00001501,1025916921
1782501535087,sell,59997.8,0.00001674,1025916920
1782501532769,sell,60005.5,0.00009999,1025916919
1782501532767,sell,60006.8,0.00000001,1025916918
1782501532767,sell,60006.8,0.00190084,1025916917
1782501532165,sell,60006.8,0.0003285,1025916916
1782501531485,buy,60006.1,0.00002414,1025916915
1782501531485,buy,60006,0.00064029,1025916914
1782501531485,buy,60004.9,0.00001674,1025916913
1782501531485,buy,60003.9,0.00008398,1025916912
1782501531485,buy,60003.1,0.0012,1025916911
1782501531348,buy,59996.9,0.00002496,1025916910
1782501531346,buy,59996.3,0.07525313,1025916909
1782501531346,buy,59996.3,0.06012198,1025916908
1782501530215,buy,59994.1,0.00150786,1025916907
1782501529466,sell,59997.1,0.000015,1025916906
1782501529466,sell,59997.8,0.00001674,1025916905
1782501529466,sell,60001.2,0.0001,1025916904
1782501529466,sell,60001.2,0.0019217,1025916903
1782501529402,sell,60005.9,0.0020227,1025916902
1782501528406,buy,60006,0.00128487,1025916901
1782501527843,sell,60005.9,0.00099,1025916900
1782501527843,sell,60005.9,0.0012,1025916899
1782501527843,sell,60005.9,0.16441,1025916898
1782501527507,buy,60005.3,0.00001501,1025916897
1782501527507,buy,60004.9,0.00001675,1025916896
1782501527507,buy,60002.5,0.00001675,1025916895
1782501527507,buy,60001.7,0.00002586,1025916894
1782501527409,buy,60000,0.00013046,1025916893
1782501527409,buy,60000,0.00054557,1025916892
1782501527409,buy,59999.4,0.00054,1025916891
1782501527150,buy,59999.2,0.0358561,1025916890
1782501527147,buy,59997.7,0.00002667,1025916889
1782501527147,buy,59997.7,0.00001675,1025916888
1782501527147,buy,59995.2,0.00064048,1025916887
1782501526833,buy,59995.2,0.00004852,1025916886
1782501526833,buy,59995.2,0.0002998,1025916885
1782501526833,buy,59994,0.0000275,1025916884
1782501526828,buy,59991.8,0.003,1025916883
1782501526826,buy,59991.7,0.003,1025916882
1782501526826,buy,59991.6,0.003,1025916881
1782501526658,buy,59990.5,0.00001675,1025916880
1782501526658,buy,59988.1,0.0000284,1025916879
1782501526658,buy,59988,0.00049969,1025916878
1782501526658,buy,59986.4,0.00241325,1025916877
1782501526312,buy,59985.7,0.00064068,1025916876
1782501526312,buy,59985.7,0.00137986,1025916875
1782501525531,buy,59986.1,0.00001676,1025916874
1782501525531,buy,59986.1,0.00021325,1025916873
1782501525531,buy,59985.7,0.00001675,1025916872
1782501525528,buy,59983.4,0.0000293,1025916871
1782501607644,sell,59971,0.0824,1025917100
1782501607521,sell,59971,0.0094,1025917099
1782501607521,sell,59971,0.003,1025917098
1782501607503,sell,59971.1,0.003,1025917097
1782501607503,sell,59971.4,0.00001675,1025917096
1782501607500,sell,59973.1,0.000015,1025917095
1782501607500,sell,59973.6,0.00029979,1025917094
1782501607500,sell,59973.8,0.00001675,1025917093
1782501607500,sell,59974.9,0.00013046,1025917092
1782501607500,sell,59975,0.0005,1025917091
1782501607500,sell,59976.2,0.00001674,1025917090
1782501607499,sell,59978.6,0.00001675,1025917089
1782501607499,sell,59979.9,0.00054557,1025917088
1782501607496,sell,59981.5,3.97122526,1025917087
1782501607495,sell,59981.5,0.023,1025917086
1782501607495,sell,59981.5,0.03539614,1025917085
1782501607495,sell,59981.5,0.00955682,1025917084
1782501607494,sell,59981.5,0.0093044,1025917083
1782501607494,sell,59981.5,0.009852,1025917082
1782501607494,sell,59981.5,0.0842,1025917081
1782501607493,sell,59981.5,0.00411284,1025917080
1782501607493,sell,59981.5,0.0577,1025917079
1782501607493,sell,59981.5,0.02660659,1025917078
1782501607493,sell,59981.5,0.04602061,1025917077
1782501607493,sell,59981.5,0.1274,1025917076
1782501607493,sell,59981.5,0.0673,1025917075
1782501607493,sell,59981.5,0.0453,1025917074
1782501607493,sell,59981.5,0.01022883,1025917073
1782501607493,sell,59981.5,0.03,1025917072
1782501607492,sell,59981.5,0.02098103,1025917071
1782501607492,sell,59981.5,0.0447,1025917070
1782501607488,sell,59982,0.0005,1025917069
1782501607488,sell,59983.3,0.00026946,1025917068
1782501607486,sell,59983.3,0.00298326,1025917067
1782501607486,sell,59983.4,0.00001674,1025917066
1782501607485,sell,59985.1,0.00179929,1025917065
1782501607485,sell,59985.1,0.54714648,1025917064
1782501607483,sell,59985.1,0.0351327,1025917063
1782501607482,sell,59985.1,0.02224786,1025917062
1782501607482,sell,59985.1,0.0068,1025917061
1782501607482,sell,59985.1,0.0192213,1025917060
1782501607482,sell,59985.1,0.01477729,1025917059
1782501607482,sell,59985.1,0.12577617,1025917058
1782501607481,sell,59985.1,0.08910971,1025917057
1782501606363,sell,59985.1,0.0001,1025917056
1782501606084,sell,59985.1,0.00067,1025917055
1782501604595,sell,59985.1,0.0038,1025917054
1782501604568,sell,59985.1,0.13481849,1025917053
1782501604287,sell,59985.1,0.0004,1025917052
1782501603305,buy,59985.2,0.00000012,1025917051
1782501603305,buy,59985.2,0.00001321,1025917050
1782501601142,sell,59986.4,0.0000132,1025917049
1782501601140,sell,59988,0.06926794,1025917048
1782501601140,sell,59988,0.00030327,1025917047
1782501601140,sell,59988,0.00681297,1025917046
1782501596485,buy,59988.1,0.06770803,1025917045
1782501596485,buy,59988.1,0.05674279,1025917044
1782501596485,buy,59988.1,0.0200519,1025917043
1782501596032,sell,59988,0.00053409,1025917042
1782501594845,sell,59988,0.00117472,1025917041
1782501593668,buy,59988.1,0.00740531,1025917040
1782501593668,buy,59988.1,0.0013,1025917039
1782501593668,buy,59988.1,0.00266241,1025917038
1782501593668,buy,59988.1,0.00868419,1025917037
1782501593668,buy,59988.1,0.12445082,1025917036
1782501593668,buy,59988.1,0.00000001,1025917035
1782501591186,sell,59988.2,0.00001674,1025917034
1782501591183,sell,59990,0.0005,1025917033
1782501591183,sell,59990.6,0.00001674,1025917032
1782501591183,sell,59991.1,0.00001501,1025917031
1782501591183,sell,59993,0.00001674,1025917030
1782501591183,sell,59994.9,0.0000142,1025917029
1782501591183,sell,59995.4,0.00001674,1025917028
1782501583794,sell,59998.8,0.00000941,1025917027
1782501583794,sell,59998.8,0.00000546,1025917026
1782501583794,sell,60000.5,0.00028154,1025917025
1782501583793,sell,60000.5,0.001612,1025917024
1782501583790,sell,60000.5,0.00001488,1025917023
1782501583790,sell,60000.5,0.0019932,1025917022
1782501581329,buy,59999.3,0.00001754,1025917021
1782501580918,sell,59997.6,0.00019975,1025917020
1782501580460,sell,59997.6,0.00008241,1025917019
1782501579196,sell,59997.6,0.00032842,1025917018
1782501578813,sell,59997.6,0.00168185,1025917017
1782501576266,buy,59994,0.0000182,1025917016
1782501576266,buy,59992.3,0.00141088,1025917015
1782501573437,buy,59992.3,0.00168354,1025917014
1782501573308,sell,59995.9,0.00001666,1025917013
1782501573289,sell,59997.6,0.00202394,1025917012
1782501572722,sell,59997.6,0.00671916,1025917011
1782501572470,sell,59997.6,0.06684404,1025917010
1782501571539,buy,59997.7,0.00023,1025917009
1782501571533,buy,59991.8,0.00001888,1025917008
1782501571533,buy,59991.8,0.00021113,1025917007
1782501571533,buy,59991.8,0.00001887,1025917006
1782501571530,buy,59990.1,0.00137867,1025917005
1782501571133,sell,59993,0.0005,1025917004
1782501571133,sell,59995.1,0.00001756,1025917003
1782501571129,sell,59996.7,0.0001706,1025917002
1782501569416,buy,59990.8,0.00001955,1025917001
1782501661907,buy,59945.5,0.00098152,1025917304
1782501661858,buy,59945.4,0.003,1025917303
1782501661855,buy,59945.3,0.00103318,1025917302
1782501661842,buy,59944.9,0.00001676,1025917301
1782501661842,buy,59943.3,0.00035396,1025917300
1782501661842,buy,59943.3,0.00108761,1025917299
1782501660598,sell,59943.2,0.0036374,1025917298
1782501660598,sell,59943.2,0.00351228,1025917297
1782501660336,buy,59942.8,0.00114487,1025917296
1782501660271,buy,59942.8,0.03895868,1025917295
1782501660271,buy,59942.8,0.02432456,1025917294
1782501660221,buy,59942.8,0.00001677,1025917293
1782501660221,buy,59942.5,0.00001676,1025917292
1782501660221,buy,59939.3,0.00001501,1025917291
1782501660216,buy,59935.3,0.00001676,1025917290
1782501660216,buy,59934.1,0.0167,1025917289
1782501660211,buy,59931.1,0.00002161,1025917288
1782501660211,buy,59931.1,0.01878527,1025917287
1782501660211,buy,59931.1,0.06893942,1025917286
1782501660211,buy,59931.1,0.00057531,1025917285
1782501660194,buy,59931.1,0.0003,1025917284
1782501660193,buy,59930.5,0.00001676,1025917283
1782501660191,buy,59929,0.00120552,1025917282
1782501660191,buy,59929,0.05246367,1025917281
1782501660188,buy,59929,0.08,1025917280
1782501660178,buy,59929,0.0362,1025917279
1782501660168,buy,59929,0.00377687,1025917278
1782501660168,buy,59929,0.0000102,1025917277
1782501660168,buy,59929,0.00001293,1025917276
1782501660154,buy,59926.1,0.00035408,1025917275
1782501660154,buy,59926.1,0.00106183,1025917274
1782501660154,buy,59926.1,0.00000706,1025917273
1782501657749,sell,59926,0.02270494,1025917272
1782501657749,sell,59926,0.0013,1025917271
1782501657749,sell,59926,0.05006228,1025917270
1782501657749,sell,59926,0.00066909,1025917269
1782501656950,buy,59926.1,0.00020016,1025917268
1782501656720,buy,59926.1,0.00111771,1025917267
1782501655988,sell,59926,0.00007,1025917266
1782501652002,sell,59934,0.00133116,1025917265
1782501651168,buy,59934.1,0.00116303,1025917264
1782501649854,buy,59933.3,0.00001501,1025917263
1782501649852,buy,59930.5,0.00001676,1025917262
1782501649852,buy,59928.8,0.0000134,1025917261
1782501649852,buy,59928.8,0.0000104,1025917260
1782501649852,buy,59926.1,0.00139466,1025917259
1782501649633,buy,59926.1,0.00001635,1025917258
1782501649205,sell,59926,0.00098225,1025917257
1782501649205,sell,59926,0.00008775,1025917256
1782501648268,sell,59927.1,0.00117684,1025917255
1782501648268,sell,59927.3,0.00014,1025917254
1782501648268,sell,59928.3,0.00001675,1025917253
1782501648268,sell,59929.3,0.00042193,1025917252
1782501648268,sell,59929.8,0.00001235,1025917251
1782501648268,sell,59930.5,0.00029999,1025917250
1782501648268,sell,59930.6,0.00001674,1025917249
1782501648268,sell,59930.7,0.00001057,1025917248
1782501648265,sell,59931.2,0.00354392,1025917247
1782501648263,sell,59931.2,0.08887403,1025917246
1782501648263,sell,59931.2,0.00067477,1025917245
1782501648263,sell,59931.2,0.0002212,1025917244
1782501646925,sell,59931.2,0.01005,1025917243
1782501646923,sell,59931.2,0.01831,1025917242
1782501646282,sell,59931.4,0.00002152,1025917241
1782501646282,sell,59931.9,0.00001113,1025917240
1782501646282,sell,59932.1,0.00009029,1025917239
1782501646282,sell,59932.6,0.00054825,1025917238
1782501646282,sell,59932.6,0.0001,1025917237
1782501646282,sell,59933,0.00001676,1025917236
1782501646282,sell,59933.6,0.00190041,1025917235
1782501646278,sell,59937.1,0.08444768,1025917234
1782501646240,sell,59937.1,0.02799916,1025917233
1782501646240,sell,59937.1,0.00022115,1025917232
1782501646240,sell,59937.1,0.05598669,1025917231
1782501646240,sell,59937.1,0.056,1025917230
1782501646240,sell,59937.1,0.056,1025917229
1782501646223,sell,59939.3,0.00056206,1025917228
1782501646223,sell,59939.3,0.0001,1025917227
1782501645399,sell,59939.3,0.01065522,1025917226
1782501645148,sell,59939.3,0.03331,1025917225
1782501645146,sell,59939.3,0.011,1025917224
1782501644873,sell,59939.3,0.0174,1025917223
1782501644873,sell,59939.3,0.0091,1025917222
1782501644871,sell,59939.3,0.0189,1025917221
1782501643966,sell,59945.9,0.0011351,1025917220
1782501643023,buy,59945.3,0.00001501,1025917219
1782501643023,buy,59941.9,0.00206981,1025917218
1782501643022,buy,59939.4,0.00001054,1025917217
1782501643022,buy,59939.4,0.00001407,1025917216
1782501643020,buy,59937.2,0.08999218,1025917215
1782501642364,buy,59937.2,0.00028363,1025917214
1782501641568,sell,59934.7,0.00000001,1025917213
1782501641568,sell,59935.4,0.00001676,1025917212
1782501641568,sell,59937.1,0.00001501,1025917211
1782501641568,sell,59937.8,0.00001676,1025917210
1782501641568,sell,59939.9,0.00054557,1025917209
1782501641563,sell,59940.6,0.00054557,1025917208
1782501641561,sell,59940.6,0.003,1025917207
1782501641552,sell,59940.7,0.003,1025917206
1782501641549,sell,59940.8,0.00166991,1025917205
1782501715764,sell,59953.3,0.00013001,1025917521
1782501715764,sell,59953.3,0.00009999,1025917520
1782501715762,sell,59953.3,0.00010001,1025917519
1782501715762,sell,59953.3,0.0019761,1025917518
1782501714795,buy,59950.3,0.00143149,1025917517
1782501714645,sell,59949.7,0.00472762,1025917516
1782501714139,sell,59956.7,0.00200467,1025917515
1782501712086,sell,59952,0.09989999,1025917514
1782501712086,sell,59952,0.00000001,1025917513
1782501710523,buy,59949.6,0.00140134,1025917512
1782501710286,sell,59949.8,0.00001676,1025917511
1782501710286,sell,59949.9,0.00013046,1025917510
1782501710286,sell,59952,0.00029979,1025917509
1782501710286,sell,59952,0.00049999,1025917508
1782501710228,sell,59955,0.00003178,1025917507
1782501710228,sell,59955,0.0005,1025917506
1782501710226,sell,59955.1,0.00001501,1025917505
1782501710226,sell,59957,0.00001676,1025917504
1782501710226,sell,59959.3,0.00183458,1025917503
1782501709440,sell,59959.9,0.00054557,1025917502
1782501709440,sell,59961,0.00074714,1025917501
1782501709391,buy,59961.1,0.03443742,1025917500
1782501709391,buy,59961.1,0.16441,1025917499
1782501708185,sell,59961,0.00035884,1025917498
1782501708185,sell,59961,0.00096937,1025917497
1782501707954,sell,59961,0.00033063,1025917496
1782501706880,sell,59961.1,0.00001501,1025917495
1782501706880,sell,59961.1,0.00001501,1025917494
1782501706880,sell,59961.6,0.00001006,1025917493
1782501706880,sell,59961.8,0.00001676,1025917492
1782501706878,sell,59964.3,0.00045685,1025917491
1782501706878,sell,59964.3,0.00203621,1025917490
1782501706690,sell,59964.2,0.00001677,1025917489
1782501706688,sell,59964.2,0.00016474,1025917488
1782501706688,sell,59964.2,0.00001676,1025917487
1782501706688,sell,59966.6,0.00001675,1025917486
1782501706688,sell,59967.1,0.000015,1025917485
1782501706688,sell,59969,0.00001675,1025917484
1782501706686,sell,59970,0.00023,1025917483
1782501706684,sell,59970,0.00000001,1025917482
1782501706684,sell,59970,0.0005,1025917481
1782501706684,sell,59970,0.0005,1025917480
1782501706684,sell,59970,0.00174878,1025917479
1782501706640,sell,59971,0.00130915,1025917478
1782501706638,sell,59971,0.00169085,1025917477
1782501706638,sell,59971.1,0.003,1025917476
1782501706629,sell,59971.2,0.00001033,1025917475
1782501704098,sell,59978.5,0.00001062,1025917474
1782501704098,sell,59981.2,0.00214288,1025917473
1782501703209,buy,59981.3,0.00011336,1025917472
1782501702677,sell,59981.2,0.00957024,1025917471
1782501702164,sell,59981.2,0.00032873,1025917470
1782501702090,buy,59981.3,0.00001501,1025917469
1782501702087,buy,59978,0.0005,1025917468
1782501702087,buy,59978,0.0005,1025917467
1782501700750,sell,59971.4,0.00001675,1025917466
1782501700746,sell,59976,0.00192468,1025917465
1782501700743,sell,59971.8,0.00015001,1025917464
1782501700743,sell,59971.8,0.00008,1025917463
1782501700743,sell,59976,0.00015,1025917462
1782501700741,sell,59976,0.00115,1025917461
1782501700740,sell,59971.7,0.00000001,1025917460
1782501700740,sell,59973.1,0.00001501,1025917459
1782501700740,sell,59973.8,0.00001675,1025917458
1782501700740,sell,59974.8,0.00169563,1025917457
1782501700740,sell,59976,0.0005,1025917456
1782501700740,sell,59976,0.0005,1025917455
1782501700740,sell,59976.2,0.00001675,1025917454
1782501700740,sell,59978.2,0.00001093,1025917453
1782501700738,sell,59980.2,0.03155389,1025917452
1782501699797,sell,59981,0.00001674,1025917451
1782501699797,sell,59983.4,0.00001674,1025917450
1782501699797,sell,59984.1,0.00001126,1025917449
1782501699797,sell,59986.7,0.00164139,1025917448
1782501699657,sell,59990.1,0.00001159,1025917447
1782501699657,sell,59992.7,0.00226744,1025917446
1782501699335,buy,59990.5,0.00001674,1025917445
1782501699335,buy,59988.8,0.0004909,1025917444
1782501699333,buy,59988.8,0.00355824,1025917443
1782501699333,buy,59988.5,0.00223052,1025917442
1782501699333,buy,59988,0.00049984,1025917441
1782501699333,buy,59987.4,0.00404909,1025917440
1782501699162,buy,59986,0.0005,1025917439
1782501699162,buy,59986,0.0005,1025917438
1782501699159,buy,59985,0.00101675,1025917437
1782501699155,buy,59985,0.04,1025917436
1782501699151,buy,59985,0.0321859,1025917435
1782501699151,buy,59984.4,0.06014321,1025917434
1782501699151,buy,59983.4,0.06767089,1025917433
1782501699151,buy,59983.4,0.08,1025917432
1782501699151,buy,59983.4,0.0842,1025917431
1782501699149,buy,59981.3,0.00001501,1025917430
1782501699147,buy,59980.3,0.003,1025917429
1782501699147,buy,59980.2,0.003,1025917428
1782501699147,buy,59980.1,0.003,1025917427
1782501699147,buy,59980,0.06537807,1025917426
1782501699147,buy,59980,0.02735174,1025917425
1782501699147,buy,59979.9,0.00010049,1025917424
1782501699147,buy,59979.9,0.01944,1025917423
1782501699147,buy,59979.9,0.0011228,1025917422
1782501769849,sell,59914.7,0.0000143,1025917757
1782501769406,sell,59914.7,0.00083548,1025917756
1782501769303,sell,59914.7,0.00083549,1025917755
1782501769226,sell,59914.7,0.00083548,1025917754
1782501769146,sell,59914.7,0.00083548,1025917753
1782501769063,sell,59914.7,0.00083549,1025917752
1782501768977,sell,59914.7,0.00083548,1025917751
1782501768906,sell,59914.7,0.00083549,1025917750
1782501768806,sell,59914.7,0.00083548,1025917749
1782501768726,sell,59914.7,0.00083548,1025917748
1782501768642,sell,59914.7,0.0007946,1025917747
1782501768642,sell,59914.7,0.00004089,1025917746
1782501768553,sell,59914.7,0.00083548,1025917745
1782501768473,sell,59914.7,0.00083548,1025917744
1782501768406,sell,59914.7,0.00083549,1025917743
1782501768305,sell,59914.7,0.00021494,1025917742
1782501767684,sell,59915.7,0.0015,1025917741
1782501767684,sell,59915.9,0.00014389,1025917740
1782501767684,sell,59915.9,0.00004651,1025917739
1782501767684,sell,59915.9,0.00003585,1025917738
1782501767684,sell,59915.9,0.00002936,1025917737
1782501767684,sell,59916,0.00016,1025917736
1782501767684,sell,59916.1,0.00049999,1025917735
1782501767684,sell,59916.2,0.00001515,1025917734
1782501767684,sell,59916.2,0.00027617,1025917733
1782501767679,sell,59917,0.001658,1025917732
1782501767679,sell,59917,0.00270693,1025917731
1782501767679,sell,59917,0.00001434,1025917730
1782501767035,sell,59918.9,0.00001,1025917729
1782501767024,sell,59918.9,0.00115,1025917728
1782501767024,sell,59918.9,0.00013396,1025917727
1782501767024,sell,59918.9,0.00078202,1025917726
1782501767021,sell,59919,0.00008612,1025917725
1782501767021,sell,59919.6,0.00014,1025917724
1782501767021,sell,59919.9,0.00054557,1025917723
1782501767021,sell,59920,0.0003,1025917722
1782501767021,sell,59920,0.00035408,1025917721
1782501765715,sell,59920.6,0.00013,1025917720
1782501765715,sell,59921.4,0.00002107,1025917719
1782501765707,sell,59921.9,0.01940433,1025917718
1782501765707,sell,59921.9,0.0015,1025917717
1782501765699,sell,59922.2,0.000018,1025917716
1782501765699,sell,59922.4,0.00193471,1025917715
1782501765699,sell,59923.5,0.00001676,1025917714
1782501765624,sell,59925.4,0.00061249,1025917713
1782501765624,sell,59925.4,0.00002267,1025917712
1782501765624,sell,59925.4,0.00026552,1025917711
1782501765534,sell,59925.4,0.00090068,1025917710
1782501765443,sell,59925.4,0.00090067,1025917709
1782501765353,sell,59925.4,0.00090067,1025917708
1782501765266,sell,59925.4,0.00090068,1025917707
1782501765173,sell,59925.4,0.00090068,1025917706
1782501764898,sell,59925.4,0.00440378,1025917705
1782501763297,sell,59925.4,0.00090078,1025917704
1782501763206,sell,59925.4,0.00090078,1025917703
1782501763114,sell,59925.4,0.00090078,1025917702
1782501763023,sell,59925.4,0.00090077,1025917701
1782501762946,sell,59925.4,0.00090077,1025917700
1782501762846,sell,59925.4,0.00090078,1025917699
1782501762753,sell,59925.4,0.00090077,1025917698
1782501762666,sell,59925.4,0.00092774,1025917697
1782501762577,sell,59925.4,0.00047066,1025917696
1782501762577,sell,59925.4,0.00036467,1025917695
1782501762504,sell,59925.4,0.00083533,1025917694
1782501762417,sell,59925.4,0.00083534,1025917693
1782501762330,sell,59925.9,0.00001676,1025917692
1782501762330,sell,59928.3,0.00001676,1025917691
1782501762326,sell,59929.4,0.00080695,1025917690
1782501762326,sell,59929.4,0.00002833,1025917689
1782501762244,sell,59929.4,0.00163528,1025917688
1782501761956,sell,59931.3,0.00215117,1025917687
1782501761922,sell,59931.4,0.00003542,1025917686
1782501760720,buy,59930.5,0.00001676,1025917685
1782501760720,buy,59929.7,0.00026552,1025917684
1782501759831,buy,59929.5,0.00049853,1025917683
1782501759831,buy,59929.5,0.00065147,1025917682
1782501759829,buy,59929.5,0.00026553,1025917681
1782501759828,buy,59929.5,0.000383,1025917680
1782501759826,buy,59927.7,0.00001535,1025917679
1782501759826,buy,59925.4,0.00124858,1025917678
1782501758984,buy,59925.4,0.00000001,1025917677
1782501758984,buy,59924.8,0.00001584,1025917676
1782501758869,buy,59922.5,0.00131437,1025917675
1782501758612,sell,59922.8,0.0001669,1025917674
1782501758612,sell,59923,0.00004228,1025917673
1782501758612,sell,59923,0.00022924,1025917672
1782501758612,sell,59923.3,0.00069999,1025917671
1782501758612,sell,59923.5,0.00001676,1025917670
1782501758612,sell,59923.5,0.00002469,1025917669
1782501758612,sell,59923.6,0.00016693,1025917668
1782501758612,sell,59923.6,0.00001008,1025917667
1782501758612,sell,59924.9,0.00013046,1025917666
1782501758612,sell,59925.2,0.00016688,1025917665
1782501758612,sell,59927.5,0.00008825,1025917664
1782501758610,sell,59929.4,0.003,1025917663
1782501758610,sell,59929.5,0.003,1025917662
1782501758606,sell,59929.6,0.08090873,1025917661
1782501758606,sell,59929.6,0.003,1025917660
1782501758583,sell,59930.5,0.00051614,1025917659
1782501758583,sell,59930.5,0.00053144,1025917658
