timestamp_ms,side,price,size,trade_id
1788663985360,buy,79915.1,0.00006256,1053870857
1788663985094,buy,79915.1,0.0005,1053870856
1788663984563,buy,79915.1,0.00012888,1053870855
1788663981510,buy,79915.1,0.00016767,1053870854
1788663981356,buy,79915.1,0.00002502,1053870853
1788663975799,buy,79915.1,0.00050053,1053870852
1788663975093,buy,79915.1,0.0005,1053870851
1788663974654,sell,79915,0.0059,1053870850
1788663971687,sell,79915,0.00001268,1053870849
1788663969118,sell,79915,0.00331871,1053870848
1788663969118,sell,79915,0.00494304,1053870847
1788663965166,buy,79915.1,0.00030782,1053870846
1788663963802,buy,79915.1,0.00012513,1053870845
1788663963085,buy,79915.1,0.0016,1053870844
1788663961847,sell,79915,0.00755696,1053870843
1788663961847,sell,79915,0.0031279,1053870842
1788663961824,buy,79915.1,0.00096581,1053870841
1788663961084,buy,79915.1,0.0016,1053870840
1788663960627,sell,79917.1,0.0000102,1053870839
1788663959084,buy,79917.9,0.00007528,1053870838
1788663959084,buy,79917.9,0.00001874,1053870837
1788663959084,buy,79917.9,0.00150598,1053870836
1788663959019,buy,79917.9,0.00001001,1053870835
1788663957924,buy,79917.9,0.00001185,1053870834
1788663957084,buy,79917.9,0.0016,1053870833
1788663953683,buy,79913.8,0.0000002,1053870832
1788663953682,buy,79913.8,0.00001,1053870831
1788663953682,buy,79913.7,0.0035,1053870830
1788663953678,buy,79912.2,0.0000102,1053870829
1788663953675,buy,79911.4,0.0000102,1053870828
1788663953675,buy,79910.6,0.0250178,1053870827
1788663953675,buy,79910.6,0.05038694,1053870826
1788663953675,buy,79910.6,0.00300526,1053870825
1788663953675,buy,79910.6,0.00002084,1053870824
1788663953675,buy,79910.6,0.00001204,1053870823
1788663953675,buy,79910.6,0.00036578,1053870822
1788663953675,buy,79910.6,0.00011566,1053870821
1788663953675,buy,79910.6,0.00456036,1053870820
1788663953675,buy,79910.6,0.00001,1053870819
1788663953675,buy,79910.6,0.00282303,1053870818
1788663953675,buy,79910.6,0.00159103,1053870817
1788663953675,buy,79910.6,0.00001,1053870816
1788663952370,sell,79914.2,0.000015,1053870815
1788663952369,sell,79916.8,0.00001501,1053870814
1788663952369,sell,79917.1,0.00001257,1053870813
1788663952368,sell,79918.7,0.0000102,1053870812
1788663952368,sell,79919.2,0.00279087,1053870811
1788663952361,sell,79921.9,0.00312805,1053870810
1788663952361,sell,79922.2,0.04169988,1053870809
1788663952361,sell,79922.2,0.0012,1053870808
1788663952361,sell,79922.2,0.0039,1053870807
1788663952361,sell,79922.2,0.06,1053870806
1788663952361,sell,79922.2,0.08087696,1053870805
1788663952361,sell,79922.2,0.02502357,1053870804
1788663952361,sell,79922.2,0.00078356,1053870803
1788663952361,sell,79922.2,0.00002698,1053870802
1788663952361,sell,79922.2,0.00760469,1053870801
1788663952361,sell,79922.2,0.00535527,1053870800
1788663952361,sell,79922.2,0.00001613,1053870799
1788663952361,sell,79922.2,0.00081883,1053870798
1788663952361,sell,79922.2,0.00380254,1053870797
1788663952361,sell,79922.2,0.00011584,1053870796
1788663952361,sell,79922.2,0.00073245,1053870795
1788663952361,sell,79922.2,0.00421155,1053870794
1788663952361,sell,79922.2,0.00001,1053870793
1788663952361,sell,79922.2,0.00763702,1053870792
1788663952361,sell,79922.2,0.01016631,1053870791
1788663952361,sell,79922.2,0.0008047,1053870790
1788663952361,sell,79922.2,0.00298135,1053870789
1788663952361,sell,79922.2,0.00206739,1053870788
1788663952361,sell,79922.2,0.00001,1053870787
1788663952361,sell,79922.2,0.00557025,1053870786
1788663952354,sell,79922.2,0.00532387,1053870785
1788663952349,sell,79922.2,0.00943,1053870784
1788663952209,sell,79922.2,0.00500082,1053870783
1788663951636,sell,79922.2,0.00612572,1053870782
1788663948353,sell,79922.2,0.0071,1053870781
1788663945093,buy,79920.1,0.0005,1053870780
1788663942027,buy,79920.1,0.00129754,1053870779
1788663940085,buy,79922.3,0.00001204,1053870778
1788663938514,buy,79920.1,0.00030029,1053870777
1788663935679,sell,79922.2,0.00018768,1053870776
1788663935093,buy,79920.1,0.0005,1053870775
1788663931480,buy,79920.1,0.1,1053870774
1788663930085,buy,79922.3,0.0016,1053870773
1788663925094,buy,79920.1,0.0005,1053870772
1788663922135,sell,79922.2,0.00378,1053870771
1788663922134,sell,79922.2,0.0036483,1053870770
1788663922134,sell,79922.2,0.0028817,1053870769
1788663920101,buy,79922.3,0.0001253,1053870768
1788663920101,buy,79922.3,0.00002318,1053870767
1788663918963,buy,79920.1,0.00050049,1053870766
1788663916536,sell,79922.2,0.01518,1053870765
1788663915094,buy,79920.1,0.0005,1053870764
1788663914971,sell,79922.2,0.01702607,1053870763
1788663914961,buy,79920.1,0.00012512,1053870762
1788663911759,buy,79920.1,0.00006256,1053870761
1788663911756,sell,79922.2,0.00001973,1053870760
1788663911644,buy,79922.3,0.00002422,1053870759
1788663910774,buy,79920.1,0.00000126,1053870758
1788664035093,buy,79915.1,0.0005,1053870891
1788664032851,sell,79915,0.03533907,1053870890
1788664031035,sell,79915,0.00536883,1053870889
1788664030258,sell,79915,0.00001062,1053870888
1788664029567,buy,79915.1,0.00004844,1053870887
1788664028832,sell,79915,0.00712894,1053870886
1788664027759,buy,79915.1,0.00006256,1053870885
1788664023084,buy,79915.1,0.0016,1053870884
1788664022759,buy,79915.1,0.00002422,1053870883
1788664021085,buy,79915.1,0.0016,1053870882
1788664019093,buy,79915.1,0.01074068,1053870881
1788664019085,buy,79915.1,0.0016,1053870880
1788664017085,buy,79915.1,0.0016,1053870879
1788664014633,sell,79915,0.00334392,1053870878
1788664013249,sell,79915,0.00730833,1053870877
1788664012838,sell,79915,0.0002,1053870876
1788664005095,buy,79915.1,0.0005,1053870875
1788664004640,sell,79915,0.00072505,1053870874
1788664001667,buy,79915.1,0.01776059,1053870873
1788664001667,buy,79915.1,0.000016,1053870872
1788664001667,buy,79915.1,0.00030511,1053870871
1788664001667,buy,79915.1,0.0034092,1053870870
1788664001299,buy,79915.1,0.00022244,1053870869
1788664001299,buy,79915.1,0.00363165,1053870868
1788663995095,buy,79915.1,0.0005,1053870867
1788663992572,sell,79915,0.00488722,1053870866
1788663990622,sell,79915,0.00008551,1053870865
1788663990084,buy,79915.1,0.0016,1053870864
1788663988817,buy,79915.1,0.00012,1053870863
1788663988070,buy,79915.1,0.01037621,1053870862
1788663988070,buy,79915.1,0.05219018,1053870861
1788663987345,buy,79915.1,0.00070074,1053870860
1788663986618,buy,79915.1,0.00062566,1053870859
1788663986102,sell,79915,0.00226767,1053870858
1788664095094,buy,79916.2,0.0005,1053870928
1788664094056,sell,79916.1,0.00001134,1053870927
1788664089358,buy,79916.2,0.00043795,1053870926
1788664086938,sell,79916.1,0.00345063,1053870925
1788664086938,sell,79916.1,0.00312761,1053870924
1788664086938,sell,79916.1,0.00131101,1053870923
1788664085852,sell,79916.1,0.0065933,1053870922
1788664085212,sell,79916.1,0.00711109,1053870921
1788664084562,buy,79916.2,0.00002502,1053870920
1788664084130,sell,79916.1,0.0083135,1053870919
1788664083084,buy,79916.2,0.0016,1053870918
1788664081085,buy,79916.2,0.0016,1053870917
1788664079085,buy,79916.2,0.0016,1053870916
1788664077084,buy,79916.2,0.0016,1053870915
1788664073517,buy,79916,0.6983079,1053870914
1788664073517,buy,79915.9,0.02142756,1053870913
1788664073517,buy,79915.4,0.0000102,1053870912
1788664073517,buy,79915.4,0.00312555,1053870911
1788664073517,buy,79915.1,0.06,1053870910
1788664073517,buy,79915.1,0.0037842,1053870909
1788664073517,buy,79915.1,0.0037842,1053870908
1788664073517,buy,79915.1,0.0098599,1053870907
1788664073517,buy,79915.1,0.144118,1053870906
1788664073517,buy,79915.1,0.04313307,1053870905
1788664073517,buy,79915.1,0.00001439,1053870904
1788664072077,buy,79915.1,0.000011,1053870903
1788664069832,sell,79915,0.00284189,1053870902
1788664069832,sell,79915,0.00192027,1053870901
1788664065094,buy,79915.1,0.0005,1053870900
1788664061782,sell,79915,0.00006043,1053870899
1788664061782,sell,79915,0.0183194,1053870898
1788664055094,buy,79915.1,0.0005,1053870897
1788664050084,buy,79915.1,0.0016,1053870896
1788664047931,buy,79915.1,0.00489168,1053870895
1788664047013,buy,79915.1,0.00006256,1053870894
1788664046364,sell,79915,0.00008544,1053870893
1788664045094,buy,79915.1,0.0005,1053870892
1788664148970,sell,79915.8,0.00450786,1053870993
1788664148970,sell,79915.8,0.0027191,1053870992
1788664148289,sell,79916.1,0.00025026,1053870991
1788664143789,sell,79915.8,0.00046927,1053870990
1788664143633,sell,79915.8,0.0009056,1053870989
1788664143633,sell,79915.8,0.0009944,1053870988
1788664143085,buy,79915.9,0.0016,1053870987
1788664141184,buy,79915.9,0.0001,1053870986
1788664141085,buy,79915.9,0.0016,1053870985
1788664141031,sell,79915.8,0.00309956,1053870984
1788664141031,sell,79915.8,0.00004227,1053870983
1788664141031,sell,79915.8,0.00312829,1053870982
1788664140654,buy,79915.9,0.03272064,1053870981
1788664140447,buy,79915.9,0.0012513,1053870980
1788664140447,buy,79915.9,0.00000001,1053870979
1788664140067,sell,79916.1,0.00005101,1053870978
1788664139769,sell,79916.1,0.00312829,1053870977
1788664139769,sell,79916.1,0.00006154,1053870976
1788664139769,sell,79916.1,0.00190482,1053870975
1788664139769,sell,79916.1,0.00110308,1053870974
1788664139768,sell,79916.1,0.00299087,1053870973
1788664139768,sell,79916.1,0.00218913,1053870972
1788664139714,sell,79916.1,0.00124967,1053870971
1788664139714,sell,79916.1,0.00028906,1053870970
1788664139714,sell,79916.1,0.00065515,1053870969
1788664139714,sell,79916.1,0.00409395,1053870968
1788664139714,sell,79916.1,0.0001431,1053870967
1788664139707,sell,79916.1,0.00377926,1053870966
1788664139645,buy,79916.2,0.00118999,1053870965
1788664139085,buy,79916.2,0.0016,1053870964
1788664137085,buy,79916.2,0.0016,1053870963
1788664135945,sell,79916.1,0.00540085,1053870962
1788664135280,buy,79916.2,0.021674,1053870961
1788664134050,buy,79916.2,0.00802763,1053870960
1788664130001,buy,79916.2,0.00032283,1053870959
1788664125094,buy,79916.2,0.0005,1053870958
1788664124603,sell,79916.1,0.00169121,1053870957
1788664124603,sell,79916.1,0.0034388,1053870956
1788664115094,buy,79916.2,0.0005,1053870955
1788664112187,buy,79916.2,0.00001251,1053870954
1788664111753,sell,79916.1,0.00065515,1053870953
1788664111753,sell,79916.1,0.00409395,1053870952
1788664110300,buy,79916.2,0.00120022,1053870951
1788664110084,buy,79916.2,0.0016,1053870950
1788664105094,buy,79916.2,0.0005,1053870949
1788664100565,buy,79916.2,0.00002502,1053870948
1788664098163,buy,79916.2,0.00125131,1053870947
1788664097050,sell,79916.1,0.00379591,1053870946
1788664097050,sell,79916.1,0.00312776,1053870945
1788664097050,sell,79916.1,0.06,1053870944
1788664097050,sell,79916.1,0.0119,1053870943
1788664097050,sell,79916.1,0.05693328,1053870942
1788664097050,sell,79916.1,0.00303328,1053870941
1788664097050,sell,79916.1,0.06323328,1053870940
1788664097050,sell,79916.1,0.02953328,1053870939
1788664097050,sell,79916.1,0.0006195,1053870938
1788664097050,sell,79916.1,0.00001,1053870937
1788664097050,sell,79916.1,0.00284189,1053870936
1788664097050,sell,79916.1,0.00363165,1053870935
1788664097050,sell,79916.1,0.00030511,1053870934
1788664097050,sell,79916.1,0.00354879,1053870933
1788664097050,sell,79916.1,0.00078975,1053870932
1788664097050,sell,79916.1,0.00198069,1053870931
1788664097050,sell,79916.1,0.00472614,1053870930
1788664097050,sell,79916.1,0.00025215,1053870929
1788664205964,buy,79912.5,0.00005151,1053871061
1788664205964,buy,79912.5,0.00005151,1053871060
1788664203085,buy,79912.5,0.0007,1053871059
1788664203084,buy,79912.5,0.0009,1053871058
1788664202048,sell,79912.4,0.00484459,1053871057
1788664202048,sell,79912.4,0.00047,1053871056
1788664202048,sell,79912.4,0.00230209,1053871055
1788664201540,buy,79912.5,0.00020615,1053871054
1788664201084,buy,79912.5,0.0016,1053871053
1788664199088,buy,79912.5,0.0016,1053871052
1788664197084,buy,79912.5,0.0016,1053871051
1788664193090,sell,79912.4,0.00271781,1053871050
1788664193090,sell,79912.4,0.00392219,1053871049
1788664191597,buy,79912.5,0.00013582,1053871048
1788664187292,buy,79912.5,0.00044673,1053871047
1788664185094,buy,79912.5,0.0005,1053871046
1788664178882,sell,79912.4,0.00061628,1053871045
1788664175094,buy,79912.5,0.0005,1053871044
1788664171730,buy,79912.5,0.00500547,1053871043
1788664171323,buy,79912.5,0.00001001,1053871042
1788664170085,buy,79912.5,0.00150282,1053871041
1788664170085,buy,79912.5,0.00009718,1053871040
1788664165841,sell,79912.4,0.00001143,1053871039
1788664165363,buy,79912.5,0.00024026,1053871038
1788664165095,buy,79912.5,0.0005,1053871037
1788664163194,sell,79912.4,0.00047,1053871036
1788664162270,sell,79912.4,0.00607473,1053871035
1788664162270,sell,79912.4,0.00052271,1053871034
1788664162203,buy,79912.5,0.00006256,1053871033
1788664162183,sell,79912.4,0.00198,1053871032
1788664162156,sell,79915.4,0.00001674,1053871031
1788664161693,sell,79914,0.00001257,1053871030
1788664161692,sell,79914.7,0.0000102,1053871029
1788664161692,sell,79915.1,0.00125132,1053871028
1788664161691,sell,79915.4,0.00135,1053871027
1788664161691,sell,79915.4,0.00491851,1053871026
1788664161691,sell,79915.4,0.00252,1053871025
1788664161691,sell,79915.4,0.00088614,1053871024
1788664161691,sell,79915.4,0.00023694,1053871023
1788664161182,sell,79915.4,0.00135,1053871022
1788664161181,sell,79915.4,0.00292578,1053871021
1788664161181,sell,79915.4,0.00199273,1053871020
1788664160537,sell,79915.4,0.00252,1053871019
1788664159611,sell,79915.4,0.00158503,1053871018
1788664159611,sell,79915.4,0.0031173,1053871017
1788664159403,sell,79915.4,0.000011,1053871016
1788664159166,sell,79915.5,0.0000102,1053871015
1788664159165,sell,79915.8,0.0045127,1053871014
1788664159165,sell,79915.8,0.00005943,1053871013
1788664159165,sell,79915.8,0.00023987,1053871012
1788664159165,sell,79915.8,0.00191249,1053871011
1788664159165,sell,79915.8,0.00279396,1053871010
1788664159165,sell,79915.8,0.00141944,1053871009
1788664159096,sell,79915.8,0.00309326,1053871008
1788664159096,sell,79915.8,0.00147887,1053871007
1788664158825,sell,79915.8,0.00023987,1053871006
1788664158696,sell,79915.8,0.00100036,1053871005
1788664158696,sell,79915.8,0.00046927,1053871004
1788664158696,sell,79915.8,0.0019,1053871003
1788664158696,sell,79915.8,0.00003504,1053871002
1788664158696,sell,79915.8,0.00309956,1053871001
1788664158696,sell,79915.8,0.00083747,1053871000
1788664158491,sell,79915.8,0.00928,1053870999
1788664158491,sell,79915.8,0.00499,1053870998
1788664158491,sell,79915.8,0.00751,1053870997
1788664155094,buy,79915.9,0.0005,1053870996
1788664153679,buy,79915.9,0.00001453,1053870995
1788664150999,buy,79915.9,0.00002502,1053870994
1788681108239,sell,79828.4,0.003,1053918226
1788681108199,buy,79828.5,0.03895389,1053918225
1788681108199,buy,79828.5,0.02706197,1053918224
1788681108199,buy,79828.5,0.045,1053918223
1788681108199,buy,79828.5,0.045,1053918222
1788681108199,buy,79828.5,0.0023,1053918221
1788681108199,buy,79828.5,0.03680019,1053918220
1788681108129,sell,79828.4,0.009,1053918219
1788681108109,sell,79828.4,0.001,1053918218
1788681107199,buy,79828.5,0.00319981,1053918217
1788681107199,buy,79828.5,0.1501,1053918216
1788681107199,buy,79828.5,0.00474002,1053918215
1788681107199,buy,79828.5,0.00474002,1053918214
1788681107199,buy,79828.5,0.02917573,1053918213
1788681107188,buy,79828.5,0.00047007,1053918212
1788681106399,sell,79828.4,0.037,1053918211
1788681106193,sell,79828.4,0.057,1053918210
1788681105939,buy,79828.5,0.0000238,1053918209
1788681105200,buy,79828.5,0.0303304,1053918208
1788681105200,buy,79828.5,0.0513,1053918207
1788681105200,buy,79828.5,0.02706202,1053918206
1788681105200,buy,79828.5,0.045,1053918205
1788681105200,buy,79828.5,0.045,1053918204
1788681105094,buy,79826.2,0.0005,1053918203
1788681104199,buy,79828.5,0.00420479,1053918202
1788681104199,buy,79828.5,0.001,1053918201
1788681104199,buy,79828.5,0.00001,1053918200
1788681104199,buy,79828.5,0.04,1053918199
1788681104199,buy,79828.5,0.1435,1053918198
1788681104199,buy,79828.5,0.00929802,1053918197
1788681103200,buy,79826.8,0.02706421,1053918196
1788681103200,buy,79826.7,0.00001258,1053918195
1788681103200,buy,79823.5,0.0000102,1053918194
1788681103200,buy,79823.2,0.00312924,1053918193
1788681103200,buy,79823,0.00268819,1053918192
1788681103200,buy,79823,0.00474035,1053918191
1788681103200,buy,79823,0.00474034,1053918190
1788681103200,buy,79823,0.045,1053918189
1788681103200,buy,79823,0.00001993,1053918188
1788681103200,buy,79823,0.03821029,1053918187
1788681102199,buy,79823,0.19070321,1053918186
1788681101199,buy,79823,0.19736608,1053918185
1788681100201,buy,79823,0.17372042,1053918184
1788681100201,buy,79823,0.00004664,1053918183
1788681100201,buy,79823,0.00474035,1053918182
1788681100201,buy,79823,0.00474034,1053918181
1788681100201,buy,79823,0.00523443,1053918180
1788681099201,buy,79823,0.03976557,1053918179
1788681099201,buy,79823,0.00010914,1053918178
1788681099201,buy,79823,0.00474035,1053918177
1788681099201,buy,79823,0.00474034,1053918176
1788681099201,buy,79823,0.1353997,1053918175
1788681098093,sell,79822.9,0.04,1053918174
1788681098093,sell,79822.9,0.01978026,1053918173
1788681098093,sell,79822.9,0.00021974,1053918172
1788681098093,sell,79822.9,0.06,1053918171
1788681097201,buy,79823,0.1846003,1053918170
1788681097201,buy,79823,0.00025541,1053918169
1788681097201,buy,79823,0.00474034,1053918168
1788681097201,buy,79823,0.00474035,1053918167
1788681096199,buy,79823,0.35149887,1053918166
1788681095199,buy,79823,0.04086097,1053918165
1788681095093,buy,79823,0.0005,1053918164
1788681094200,buy,79823,0.16178406,1053918163
1788681094200,buy,79823,0.045,1053918162
1788681094200,buy,79823,0.00059532,1053918161
1788681094200,buy,79823,0.00474034,1053918160
1788681094200,buy,79823,0.00474035,1053918159
1788681093650,buy,79823,0.5,1053918158
1788681093199,buy,79823,0.04030443,1053918157
1788681093199,buy,79823,0.045,1053918156
1788681093199,buy,79823,0.00139526,1053918155
1788681093199,buy,79823,0.00474035,1053918154
1788681093199,buy,79823,0.00474034,1053918153
1788681093199,buy,79823,0.1026,1053918152
1788681093199,buy,79823,0.00128584,1053918151
1788681092200,buy,79823,0.24811379,1053918150
1788681091204,buy,79823,0.25669108,1053918149
1788681090199,buy,79823,0.09263929,1053918148
1788681090084,buy,79823,0.0016,1053918147
1788681088767,buy,79823,0.00003553,1053918146
1788681088200,buy,79823,0.18317157,1053918145
1788681087207,buy,79823,0.22891509,1053918144
1788681086457,buy,79823,0.00025055,1053918143
1788681086199,buy,79823,0.12659604,1053918142
1788681085199,buy,79823,0.22137563,1053918141
1788681085093,buy,79823,0.0005,1053918140
1788681084560,buy,79823,0.00062638,1053918139
1788681084199,buy,79823,0.36300523,1053918138
1788681083517,buy,79823,0.00375647,1053918137
1788681083200,buy,79823,0.17817338,1053918136
1788681083200,buy,79823,0.06,1053918135
1788681083200,buy,79823,0.00001,1053918134
1788681083200,buy,79823,0.0156,1053918133
1788681083200,buy,79823,0.01313555,1053918132
1788681082200,buy,79823,0.13696445,1053918131
1788681082200,buy,79823,0.0005,1053918130
1788681082200,buy,79823,0.08507,1053918129
1788681081199,buy,79823,0.00362694,1053918128
1788681081199,buy,79823,0.006392,1053918127
1788681164200,buy,79832.2,0.00368645,1053918576
1788681164200,buy,79832.2,0.02706017,1053918575
1788681164200,buy,79832.2,0.04,1053918574
1788681164200,buy,79832.2,0.00001021,1053918573
1788681164200,buy,79832.2,0.00414198,1053918572
1788681164200,buy,79832.2,0.00413176,1053918571
1788681163410,sell,79832.1,0.00012801,1053918570
1788681163202,buy,79832.2,0.00001021,1053918569
1788681163199,buy,79832.2,0.01716397,1053918568
1788681163199,buy,79832,0.002505,1053918567
1788681163199,buy,79831.8,0.045,1053918566
1788681163199,buy,79831.8,0.045,1053918565
1788681163199,buy,79831.8,0.045,1053918564
1788681163199,buy,79831.8,0.00430304,1053918563
1788681163199,buy,79831.8,0.00430303,1053918562
1788681163199,buy,79831.8,0.04,1053918561
1788681163199,buy,79831.8,0.02706218,1053918560
1788681163199,buy,79831.8,0.00929802,1053918559
1788681162200,buy,79828.6,0.04,1053918558
1788681162200,buy,79828.3,0.0000102,1053918557
1788681162200,buy,79827.8,0.00430325,1053918556
1788681162200,buy,79827.8,0.00430325,1053918555
1788681162200,buy,79827.8,0.045,1053918554
1788681162200,buy,79827.8,0.001,1053918553
1788681162200,buy,79827.8,0.00313153,1053918552
1788681162200,buy,79827.8,0.00010636,1053918551
1788681162200,buy,79827.8,0.00009872,1053918550
1788681162200,buy,79827.8,0.00619884,1053918549
1788681162076,buy,79827.7,0.00313171,1053918548
1788681162076,buy,79827.5,0.0000102,1053918547
1788681162073,buy,79826.5,0.00625807,1053918546
1788681162073,buy,79826.3,0.00002668,1053918545
1788681162073,buy,79826.3,0.00000065,1053918544
1788681162067,buy,79826.3,0.000011,1053918543
1788681161200,buy,79826.3,0.19940972,1053918542
1788681161200,buy,79826.3,0.00001365,1053918541
1788681161200,buy,79826.3,0.00002292,1053918540
1788681161200,buy,79826.3,0.02706219,1053918539
1788681161200,buy,79826.3,0.00430333,1053918538
1788681161200,buy,79826.3,0.00430333,1053918537
1788681160201,buy,79826.3,0.21253635,1053918536
1788681159201,buy,79826.3,0.087092,1053918535
1788681159201,buy,79826.3,0.045,1053918534
1788681159201,buy,79826.3,0.045,1053918533
1788681159201,buy,79826.3,0.02706225,1053918532
1788681159201,buy,79826.3,0.00430333,1053918531
1788681159201,buy,79826.3,0.00380333,1053918530
1788681159201,buy,79826.3,0.0005,1053918529
1788681158202,buy,79826.3,0.21227154,1053918528
1788681157807,buy,79826.3,0.00037,1053918527
1788681156200,buy,79826.3,0.16648404,1053918526
1788681155199,buy,79826.3,0.06319334,1053918525
1788681155199,buy,79826.3,0.045,1053918524
1788681155199,buy,79826.3,0.04495105,1053918523
1788681155199,buy,79826.3,0.00001967,1053918522
1788681155199,buy,79826.3,0.00006865,1053918521
1788681155199,buy,79826.3,0.02706229,1053918520
1788681155199,buy,79826.3,0.00430333,1053918519
1788681155199,buy,79826.3,0.00380333,1053918518
1788681155095,buy,79826.3,0.0005,1053918517
1788681154201,buy,79826.3,0.1849805,1053918516
1788681153460,buy,79826.3,0.00001712,1053918515
1788681153460,buy,79826.3,0.00001712,1053918514
1788681153460,buy,79826.3,0.00001712,1053918513
1788681153460,buy,79826.3,0.00001712,1053918512
1788681153460,buy,79826.3,0.00001712,1053918511
1788681153460,buy,79826.3,0.00001712,1053918510
1788681153460,buy,79826.3,0.00001712,1053918509
1788681153460,buy,79826.3,0.00001712,1053918508
1788681153460,buy,79826.3,0.00001712,1053918507
1788681153460,buy,79826.3,0.00001712,1053918506
1788681153460,buy,79826.3,0.00001712,1053918505
1788681153460,buy,79826.3,0.00001712,1053918504
1788681153460,buy,79826.3,0.00001712,1053918503
1788681153459,buy,79826.3,0.00001712,1053918502
1788681153459,buy,79826.3,0.00001712,1053918501
1788681153459,buy,79826.3,0.00001712,1053918500
1788681153459,buy,79826.3,0.00001712,1053918499
1788681153459,buy,79826.3,0.00001712,1053918498
1788681153459,buy,79826.3,0.00001712,1053918497
1788681153459,buy,79826.3,0.00001712,1053918496
1788681153459,buy,79826.3,0.00001712,1053918495
1788681153459,buy,79826.3,0.00001712,1053918494
1788681153459,buy,79826.3,0.00001712,1053918493
1788681153459,buy,79826.3,0.00001712,1053918492
1788681153459,buy,79826.3,0.00001712,1053918491
1788681153459,buy,79826.3,0.00001712,1053918490
1788681153459,buy,79826.3,0.00001712,1053918489
1788681153459,buy,79826.3,0.00001712,1053918488
1788681153459,buy,79826.3,0.00001712,1053918487
1788681153459,buy,79826.3,0.00001712,1053918486
1788681153459,buy,79826.3,0.00001712,1053918485
1788681153459,buy,79826.3,0.00001712,1053918484
1788681153459,buy,79826.3,0.00001712,1053918483
1788681153459,buy,79826.3,0.00001712,1053918482
1788681153459,buy,79826.3,0.00001712,1053918481
1788681153459,buy,79826.3,0.00001712,1053918480
1788681153459,buy,79826.3,0.00001712,1053918479
1788681153459,buy,79826.3,0.00001712,1053918478
1788681153459,buy,79826.3,0.00001712,1053918477
1788681218200,buy,79839.2,0.20859962,1053918802
1788681217201,buy,79839.2,0.20773268,1053918801
1788681216200,buy,79839.2,0.14545523,1053918800
1788681216200,buy,79839.2,0.00313124,1053918799
1788681216200,buy,79839.2,0.02705853,1053918798
1788681216200,buy,79839.2,0.00626259,1053918797
1788681216200,buy,79839.2,0.00114397,1053918796
1788681216200,buy,79839.2,0.02166084,1053918795
1788681215094,buy,79839.2,0.0005,1053918794
1788681214719,sell,79839.1,0.0000451,1053918793
1788681214201,buy,79839.2,0.012677,1053918792
1788681214201,buy,79839.2,0.01252518,1053918791
1788681214201,buy,79839.2,0.01878776,1053918790
1788681214201,buy,79839.2,0.01878776,1053918789
1788681214201,buy,79839.2,0.002274,1053918788
1788681214201,buy,79839.2,0.00164008,1053918787
1788681214201,buy,79839.2,0.02505035,1053918786
1788681214201,buy,79839.2,0.0513,1053918785
1788681214201,buy,79839.2,0.01878776,1053918784
1788681214201,buy,79839.2,0.02505035,1053918783
1788681214201,buy,79839.2,0.01878776,1053918782
1788681214201,buy,79839.2,0.00395203,1053918781
1788681214201,buy,79839.2,0.00097886,1053918780
1788681213201,buy,79839.2,0.64915862,1053918779
1788681211913,sell,79839.1,0.00049287,1053918778
1788681211395,sell,79839.1,0.02,1053918777
1788681210199,buy,79839.2,0.20657832,1053918776
1788681210084,buy,79839.2,0.0016,1053918775
1788681209201,buy,79839.2,0.20776558,1053918774
1788681209072,sell,79839.1,0.00339745,1053918773
1788681209072,sell,79839.1,0.00280139,1053918772
1788681208200,buy,79839.2,0.1787221,1053918771
1788681207200,buy,79839.2,0.02403849,1053918770
1788681206447,sell,79839.1,0.013,1053918769
1788681206200,buy,79839.2,0.17929311,1053918768
1788681205199,buy,79839.2,0.20421741,1053918767
1788681205093,buy,79839.2,0.0005,1053918766
1788681204651,sell,79839.1,0.000433,1053918765
1788681204200,buy,79839.2,0.21980932,1053918764
1788681203840,sell,79839.1,0.00183079,1053918763
1788681203200,buy,79839.2,0.20251973,1053918762
1788681203200,buy,79839.2,0.00313126,1053918761
1788681203200,buy,79839.2,0.00418777,1053918760
1788681203200,buy,79839.2,0.00418777,1053918759
1788681202200,buy,79839.2,0.02563905,1053918758
1788681202200,buy,79839.2,0.01,1053918757
1788681202200,buy,79839.2,0.02705836,1053918756
1788681202200,buy,79839.2,0.02505035,1053918755
1788681202200,buy,79839.2,0.01878776,1053918754
1788681202200,buy,79839.2,0.00220083,1053918753
1788681202200,buy,79839.2,0.00626259,1053918752
1788681202200,buy,79839.2,0.0040281,1053918751
1788681202200,buy,79839.2,0.01252518,1053918750
1788681202200,buy,79839.2,0.01108335,1053918749
1788681202200,buy,79839.2,0.02505035,1053918748
1788681202200,buy,79839.2,0.01878776,1053918747
1788681202200,buy,79839.2,0.00147015,1053918746
1788681202200,buy,79839.2,0.01878776,1053918745
1788681201199,buy,79839.2,0.00693088,1053918744
1788681201199,buy,79839.2,0.01878776,1053918743
1788681201199,buy,79839.2,0.00687919,1053918742
1788681201199,buy,79839.2,0.00544853,1053918741
1788681201199,buy,79839.2,0.01878776,1053918740
1788681201199,buy,79839.2,0.0399583,1053918739
1788681201199,buy,79839.2,0.00313124,1053918738
1788681201199,buy,79839.2,0.00418777,1053918737
1788681201199,buy,79839.2,0.00418777,1053918736
1788681201199,buy,79839.2,0.0513,1053918735
1788681201199,buy,79839.2,0.05251835,1053918734
1788681200824,buy,79839.2,0.01295103,1053918733
1788681200200,buy,79839.2,0.20477178,1053918732
1788681199286,buy,79839.2,0.06377756,1053918731
1788681199200,buy,79839.2,0.22256073,1053918730
1788681198824,sell,79839.1,0.00016327,1053918729
1788681198690,sell,79839.1,0.019454,1053918728
1788681197200,buy,79839.2,0.21718425,1053918727
1788681196200,buy,79839.2,0.20909528,1053918726
1788681195200,buy,79839.2,0.20448643,1053918725
1788681195093,buy,79839.2,0.0005,1053918724
1788681194962,buy,79839.2,0.00125251,1053918723
1788681194746,sell,79839.1,0.02,1053918722
1788681194201,buy,79839.2,0.20351393,1053918721
1788681193216,sell,79839.1,0.00127324,1053918720
1788681193200,buy,79839.2,0.39179728,1053918719
1788681192200,buy,79839.2,0.39392556,1053918718
1788681191199,buy,79839.2,0.27096809,1053918717
1788681189847,buy,79839.2,0.0178379,1053918716
1788681189201,buy,79839.2,0.20683728,1053918715
1788681188771,buy,79839.2,0.0001,1053918714
1788681188200,buy,79839.2,0.16592204,1053918713
1788681188200,buy,79839.2,0.0001,1053918712
1788681188200,buy,79839.2,0.00418777,1053918711
1788681188200,buy,79839.2,0.00418777,1053918710
1788681188200,buy,79839.2,0.00337001,1053918709
1788681188200,buy,79839.2,0.02705838,1053918708
1788681188200,buy,79839.2,0.00258083,1053918707
1788681188062,sell,79839.1,0.00139828,1053918706
1788681187761,buy,79839.2,0.0001503,1053918705
1788681187200,buy,79839.2,0.00368218,1053918704
1788681187200,buy,79839.2,0.20635512,1053918703
1788681273200,buy,79839.4,0.215516,1053919040
1788681272200,buy,79839.4,0.2132715,1053919039
1788681271200,buy,79839.4,0.21230043,1053919038
1788681270586,buy,79839.4,0.00001252,1053919037
1788681270200,buy,79839.4,0.21080303,1053919036
1788681270085,buy,79839.4,0.0016,1053919035
1788681269357,buy,79839.4,0.00002505,1053919034
1788681269200,buy,79839.4,0.2141214,1053919033
1788681268200,buy,79839.4,0.21712314,1053919032
1788681267778,buy,79839.2,0.00007765,1053919031
1788681267199,buy,79839.4,0.16690536,1053919030
1788681267199,buy,79839.4,0.00418777,1053919029
1788681267199,buy,79839.4,0.00418777,1053919028
1788681267199,buy,79839.4,0.0375056,1053919027
1788681266200,buy,79839.4,0.19535559,1053919026
1788681266200,buy,79839.2,0.04499129,1053919025
1788681266200,buy,79839.2,0.045,1053919024
1788681266200,buy,79839.2,0.045,1053919023
1788681266200,buy,79839.2,0.00250503,1053919022
1788681266200,buy,79839.2,0.0005,1053919021
1788681266200,buy,79839.2,0.0156,1053919020
1788681266200,buy,79839.2,0.02705863,1053919019
1788681266200,buy,79839.2,0.00313122,1053919018
1788681266200,buy,79839.2,0.04,1053919017
1788681266200,buy,79839.2,0.00418777,1053919016
1788681266200,buy,79839.2,0.00118274,1053919015
1788681265137,buy,79839.2,0.00250503,1053919014
1788681265092,buy,79839.2,0.0005,1053919013
1788681263200,buy,79839.2,0.04204128,1053919012
1788681263200,buy,79839.2,0.045,1053919011
1788681263200,buy,79839.2,0.04496125,1053919010
1788681263200,buy,79839.2,0.02705863,1053919009
1788681263200,buy,79839.2,0.00460228,1053919008
1788681263200,buy,79839.2,0.00313121,1053919007
1788681263200,buy,79839.2,0.04,1053919006
1788681263200,buy,79839.2,0.00418777,1053919005
1788681263200,buy,79839.2,0.00418777,1053919004
1788681262201,buy,79839.2,0.01763875,1053919003
1788681262201,buy,79839.2,0.045,1053919002
1788681262201,buy,79839.2,0.05,1053919001
1788681262201,buy,79839.2,0.02705884,1053919000
1788681262201,buy,79839.2,0.00313121,1053918999
1788681262201,buy,79839.2,0.01878776,1053918998
1788681262201,buy,79839.2,0.04,1053918997
1788681262201,buy,79839.2,0.00418777,1053918996
1788681262201,buy,79839.2,0.00418777,1053918995
1788681262152,sell,79839.1,0.00797436,1053918994
1788681261200,buy,79839.2,0.02566743,1053918993
1788681261200,buy,79839.2,0.04494256,1053918992
1788681261200,buy,79839.2,0.045,1053918991
1788681261200,buy,79839.2,0.02705866,1053918990
1788681261200,buy,79839.2,0.00313123,1053918989
1788681261200,buy,79839.2,0.01878776,1053918988
1788681261200,buy,79839.2,0.04,1053918987
1788681261200,buy,79839.2,0.00418777,1053918986
1788681261200,buy,79839.2,0.00418777,1053918985
1788681260200,buy,79839.2,0.01235744,1053918984
1788681260200,buy,79839.2,0.045,1053918983
1788681260200,buy,79839.2,0.04495883,1053918982
1788681260200,buy,79839.2,0.00313122,1053918981
1788681260200,buy,79839.2,0.01706089,1053918980
1788681260200,buy,79839.2,0.01878776,1053918979
1788681260200,buy,79839.2,0.04,1053918978
1788681260200,buy,79839.2,0.00418777,1053918977
1788681260200,buy,79839.2,0.00418777,1053918976
1788681260173,sell,79839.1,0.10824041,1053918975
1788681260173,sell,79839.1,0.00835959,1053918974
1788681259201,buy,79839.2,0.0142569,1053918973
1788681259201,buy,79839.2,0.0031313,1053918972
1788681259201,buy,79839.2,0.039,1053918971
1788681259201,buy,79839.2,0.01878776,1053918970
1788681259201,buy,79839.2,0.02505035,1053918969
1788681259201,buy,79839.2,0.01878776,1053918968
1788681259201,buy,79839.2,0.05,1053918967
1788681259201,buy,79839.2,0.04,1053918966
1788681259201,buy,79839.2,0.00418777,1053918965
1788681259201,buy,79839.2,0.00418777,1053918964
1788681258200,buy,79839.2,0.01689158,1053918963
1788681258200,buy,79839.2,0.00308112,1053918962
1788681258158,buy,79839.2,0.0000501,1053918961
1788681256201,buy,79839.2,0.01174587,1053918960
1788681256201,buy,79839.2,0.00582638,1053918959
1788681256201,buy,79839.2,0.0108706,1053918958
1788681256201,buy,79839.2,0.02505035,1053918957
1788681256201,buy,79839.2,0.01878776,1053918956
1788681256201,buy,79839.2,0.04,1053918955
1788681256201,buy,79839.2,0.00418777,1053918954
1788681256201,buy,79839.2,0.00418777,1053918953
1788681256201,buy,79839.2,0.2,1053918952
1788681256201,buy,79839.2,0.05,1053918951
1788681255849,sell,79839.1,0.00061687,1053918950
1788681255201,buy,79839.2,0.03224117,1053918949
1788681255201,buy,79839.2,0.02705846,1053918948
1788681255201,buy,79839.2,0.00276968,1053918947
1788681255201,buy,79839.2,0.01878776,1053918946
1788681255201,buy,79839.2,0.02505035,1053918945
1788681255201,buy,79839.2,0.01878776,1053918944
1788681255201,buy,79839.2,0.01878776,1053918943
1788681255201,buy,79839.2,0.04,1053918942
1788681255201,buy,79839.2,0.00418777,1053918941
1788681329200,buy,79839.3,0.2267812,1053919331
1788681328601,buy,79839.3,0.00016282,1053919330
1788681328200,buy,79839.3,0.19930151,1053919329
1788681327200,buy,79839.3,0.20599751,1053919328
1788681327200,buy,79839.3,0.0045431,1053919327
1788681327200,buy,79839.3,0.0012,1053919326
1788681327200,buy,79839.3,0.00114354,1053919325
1788681326202,buy,79839.3,0.12025646,1053919324
1788681326202,buy,79839.3,0.0156,1053919323
1788681326202,buy,79839.3,0.06,1053919322
1788681326202,buy,79839.3,0.01884653,1053919321
1788681325287,sell,79839.2,0.00243842,1053919320
1788681325200,buy,79839.3,0.01813149,1053919319
1788681325094,buy,79839.3,0.0005,1053919318
1788681324298,buy,79839.3,0.00002758,1053919317
1788681323199,buy,79832.1,0.00112594,1053919316
1788681323199,buy,79832.1,0.0513,1053919315
1788681323199,buy,79832.1,0.00255512,1053919314
1788681323199,buy,79832.1,0.00511118,1053919313
1788681323199,buy,79832.1,0.00255464,1053919312
1788681323199,buy,79832.1,0.00001,1053919311
1788681323199,buy,79832.1,0.00132305,1053919310
1788681323199,buy,79832.1,0.00377908,1053919309
1788681323199,buy,79832.1,0.00001,1053919308
1788681323199,buy,79832.1,0.15438622,1053919307
1788681322994,sell,79832,0.00706124,1053919306
1788681322960,buy,79832.1,0.00043842,1053919305
1788681322956,buy,79832.1,0.00017536,1053919304
1788681322720,sell,79832,0.001,1053919303
1788681322717,sell,79832,0.00987765,1053919302
1788681322717,sell,79839.5,0.00511117,1053919301
1788681322717,sell,79839.5,0.00511118,1053919300
1788681322717,sell,79832,0.00383695,1053919299
1788681322717,sell,79833,0.00001258,1053919298
1788681322717,sell,79839.1,0.00123726,1053919297
1788681322717,sell,79839.1,0.04291321,1053919296
1788681322717,sell,79839.1,0.01708679,1053919295
1788681322717,sell,79839.2,0.06,1053919294
1788681322717,sell,79839.2,0.00313129,1053919293
1788681322717,sell,79839.3,0.04278192,1053919292
1788681322717,sell,79839.3,0.01721808,1053919291
1788681322717,sell,79839.4,0.02528192,1053919290
1788681322717,sell,79839.4,0.0148,1053919289
1788681322717,sell,79839.4,0.01991808,1053919288
1788681322717,sell,79839.5,0.00579095,1053919287
1788681322717,sell,79839.5,0.05389097,1053919286
1788681322716,sell,79839.5,0.12405285,1053919285
1788681322716,sell,79839.5,0.04392332,1053919284
1788681322716,sell,79839.5,0.00511118,1053919283
1788681322716,sell,79839.5,0.01877191,1053919282
1788681322716,sell,79839.5,0.04854074,1053919281
1788681322716,sell,79839.5,0.06088258,1053919280
1788681322716,sell,79839.5,0.10077191,1053919279
1788681322716,sell,79839.5,0.00889886,1053919278
1788681322716,sell,79839.5,0.02144665,1053919277
1788681322716,sell,79839.5,0.0265,1053919276
1788681322716,sell,79839.5,0.03779547,1053919275
1788681322716,sell,79839.5,0.00511117,1053919274
1788681322716,sell,79839.5,0.00939336,1053919273
1788681322716,sell,79839.5,0.0492,1053919272
1788681322713,sell,79839.5,0.02714877,1053919271
1788681322713,sell,79839.5,0.00511118,1053919270
1788681322713,sell,79839.5,0.00795239,1053919269
1788681322713,sell,79839.5,0.0156,1053919268
1788681322713,sell,79839.5,0.02878766,1053919267
1788681322712,sell,79839.5,0.03121234,1053919266
1788681322712,sell,79839.5,0.11138766,1053919265
1788681322712,sell,79839.5,0.06648425,1053919264
1788681322712,sell,79839.5,0.0012,1053919263
1788681322712,sell,79839.5,0.16771575,1053919262
1788681322712,sell,79839.5,0.16,1053919261
1788681322712,sell,79839.5,0.0974,1053919260
1788681322200,buy,79839.6,0.00378813,1053919259
1788681322200,buy,79839.6,0.00511117,1053919258
1788681322200,buy,79839.6,0.02705899,1053919257
1788681322200,buy,79839.6,0.00626256,1053919256
1788681322200,buy,79839.6,0.00837794,1053919255
1788681322200,buy,79839.6,0.01700184,1053919254
1788681322200,buy,79839.6,0.01488821,1053919253
1788681322200,buy,79839.6,0.01218639,1053919252
1788681322200,buy,79839.6,0.0031312,1053919251
1788681322200,buy,79839.6,0.09794226,1053919250
1788681321200,buy,79839.6,0.21272402,1053919249
1788681320201,buy,79839.6,0.21366058,1053919248
1788681320031,sell,79839.5,0.001381,1053919247
1788681319200,buy,79839.6,0.21346309,1053919246
1788681319138,buy,79839.6,0.00124983,1053919245
1788681318200,buy,79839.6,0.21385117,1053919244
1788681317639,buy,79839.6,0.00006137,1053919243
1788681317200,buy,79839.6,0.21269045,1053919242
1788681316586,buy,79839.6,0.00187876,1053919241
1788681316354,sell,79839.5,0.0324,1053919240
1788681316199,buy,79839.6,0.00004475,1053919239
1788681316095,sell,79839.5,0.00131607,1053919238
1788681315757,buy,79839.6,0.0002505,1053919237
1788681315200,buy,79839.6,0.21740378,1053919236
1788681315094,buy,79839.6,0.0005,1053919235
1788681314669,buy,79839.6,0.00189379,1053919234
1788681314530,sell,79839.5,0.00052833,1053919233
1788681314200,buy,79839.6,0.21272405,1053919232
1788695549205,buy,79940.1,0.00625468,1053946461
1788695547922,sell,79940,0.0143275,1053946460
1788695546916,sell,79940,0.00012586,1053946459
1788695546916,sell,79940,0.00432269,1053946458
1788695546916,sell,79940,0.00229345,1053946457
1788695546792,sell,79940,0.0280206,1053946456
1788695546214,buy,79940.1,0.00005003,1053946455
1788695545516,sell,79940,0.01491304,1053946454
1788695545516,sell,79940,0.00008096,1053946453
1788695545093,buy,79940.1,0.0004,1053946452
1788695545092,buy,79940.1,0.0001,1053946451
1788695543297,sell,79945.1,0.000011,1053946450
1788695542930,sell,79945.4,0.00025017,1053946449
1788695542928,sell,79947.5,0.0000102,1053946448
1788695542928,sell,79948.3,0.0000102,1053946447
1788695542928,sell,79948.9,0.00222699,1053946446
1788695542926,sell,79948.9,0.0009,1053946445
1788695542898,sell,79949.2,0.000011,1053946444
1788695542156,buy,79949.3,0.00002501,1053946443
1788695542081,sell,79949.2,0.0000646,1053946442
1788695537068,sell,79949.2,0.00001498,1053946441
1788695536897,sell,79949.2,0.01142259,1053946440
1788695536697,sell,79949.2,0.00755132,1053946439
1788695536697,sell,79949.2,0.06975909,1053946438
1788695536697,sell,79949.2,0.08865159,1053946437
1788695535096,buy,79949.3,0.0005,1053946436
1788695532095,sell,79949.2,0.00015453,1053946435
1788695528864,buy,79949.3,0.000015,1053946434
1788695526538,buy,79949.3,0.0000125,1053946433
1788695523084,buy,79949.3,0.00073802,1053946432
1788695523084,buy,79949.3,0.00086198,1053946431
1788695522156,sell,79949.2,0.00001388,1053946430
1788695521084,buy,79949.3,0.00003802,1053946429
1788695521084,buy,79949.3,0.00156198,1053946428
1788695519084,buy,79949.3,0.0016,1053946427
1788695517885,buy,79949.3,0.0001,1053946426
1788695517084,buy,79949.3,0.00106021,1053946425
1788695517084,buy,79949.3,0.00053979,1053946424
1788695511671,buy,79949.3,0.00189251,1053946423
1788695511671,buy,79949.3,0.0008,1053946422
1788695511671,buy,79949.3,0.00340175,1053946421
1788695511671,buy,79949.3,0.00012783,1053946420
1788695511671,buy,79949.3,0.00062539,1053946419
1788695511671,buy,79949.3,0.00021924,1053946418
1788695511671,buy,79949.3,0.00009396,1053946417
1788695511671,buy,79949.3,0.00032346,1053946416
1788695511671,buy,79949.3,0.0005,1053946415
1788695505093,buy,79949.3,0.0005,1053946414
1788695504607,buy,79949.3,0.00122915,1053946413
1788695504607,buy,79949.3,0.01725857,1053946412
1788695495093,buy,79949.3,0.0005,1053946411
1788695490084,buy,79949.3,0.0008,1053946410
1788695490084,buy,79949.3,0.00019511,1053946409
1788695490084,buy,79949.3,0.00060489,1053946408
1788695486789,buy,79949.3,0.00029511,1053946407
1788695486789,buy,79949.3,0.00375237,1053946406
1788695486789,buy,79949.3,0.00002626,1053946405
1788695486789,buy,79949.3,0.00125079,1053946404
1788695486789,buy,79949.3,0.00012507,1053946403
1788695486789,buy,79949.3,0.0016,1053946402
1788695485093,buy,79949.3,0.00037217,1053946401
1788695485093,buy,79949.3,0.00012783,1053946400
1788695484559,buy,79949.3,0.00062539,1053946399
1788695484111,buy,79949.3,0.00001044,1053946398
1788695484111,buy,79949.3,0.00001044,1053946397
1788695484111,buy,79949.3,0.00001044,1053946396
1788695484111,buy,79949.3,0.00001044,1053946395
1788695484111,buy,79949.3,0.00001044,1053946394
1788695484111,buy,79949.3,0.00001044,1053946393
1788695484111,buy,79949.3,0.00001044,1053946392
1788695484111,buy,79949.3,0.00001044,1053946391
1788695484111,buy,79949.3,0.00001044,1053946390
1788695484111,buy,79949.3,0.00001044,1053946389
1788695484111,buy,79949.3,0.00001044,1053946388
1788695484111,buy,79949.3,0.00001044,1053946387
1788695484111,buy,79949.3,0.00001044,1053946386
1788695484111,buy,79949.3,0.00001044,1053946385
1788695484111,buy,79949.3,0.00001044,1053946384
1788695484111,buy,79949.3,0.00001044,1053946383
1788695484111,buy,79949.3,0.00001044,1053946382
1788695484111,buy,79949.3,0.00001044,1053946381
1788695484111,buy,79949.3,0.00001044,1053946380
1788695484111,buy,79949.3,0.00001044,1053946379
1788695484111,buy,79949.3,0.00001044,1053946378
1788695484110,buy,79949.3,0.00001044,1053946377
1788695484110,buy,79949.3,0.00001044,1053946376
1788695484110,buy,79949.3,0.00001044,1053946375
1788695484110,buy,79949.3,0.00001044,1053946374
1788695484110,buy,79949.3,0.00001044,1053946373
1788695484110,buy,79949.3,0.00001044,1053946372
1788695484110,buy,79949.3,0.00001044,1053946371
1788695484110,buy,79949.3,0.00001044,1053946370
1788695484110,buy,79949.3,0.00001044,1053946369
1788695482302,buy,79949.3,0.00032346,1053946368
1788695475093,buy,79949.3,0.0005,1053946367
1788695469197,buy,79949.3,0.00243231,1053946366
1788695469197,buy,79949.3,0.00132006,1053946365
1788695468854,sell,79949.2,0.00118,1053946364
1788695467763,buy,79949.3,0.00002626,1053946363
1788695467476,buy,79949.3,0.00125079,1053946362
1788695603860,buy,79919,0.00013429,1053946557
1788695600945,buy,79919,0.00002501,1053946556
1788695600945,buy,79919,0.00000001,1053946555
1788695600363,sell,79918.9,0.000011,1053946554
1788695596262,sell,79919,0.00039135,1053946553
1788695596262,sell,79920,0.00008096,1053946552
1788695596254,sell,79922.9,0.00000092,1053946551
1788695596253,sell,79922.9,0.00007216,1053946550
1788695596253,sell,79922.9,0.00107784,1053946549
1788695595094,buy,79923,0.0005,1053946548
1788695594963,buy,79923,0.0012512,1053946547
1788695590961,buy,79923,0.00002501,1053946546
1788695590961,buy,79923,0.00000001,1053946545
1788695589919,sell,79925,0.00001501,1053946544
1788695589919,sell,79926.2,0.0012,1053946543
1788695589919,sell,79926.2,0.00007307,1053946542
1788695589578,sell,79926.9,0.00000684,1053946541
1788695589577,sell,79926.9,0.00106,1053946540
1788695589490,sell,79926.9,0.000011,1053946539
1788695589466,sell,79928.3,0.0000102,1053946538
1788695589464,sell,79930,0.00008096,1053946537
1788695589464,sell,79930.7,0.0000102,1053946536
1788695589464,sell,79930.9,0.00107784,1053946535
1788695589028,sell,79931.9,0.00324761,1053946534
1788695589028,sell,79931.9,0.0035645,1053946533
1788695589028,sell,79931.9,0.00330673,1053946532
1788695589028,sell,79931.9,0.00356449,1053946531
1788695589028,sell,79931.9,0.0012,1053946530
1788695589028,sell,79931.9,0.00311666,1053946529
1788695588771,buy,79932,0.00002475,1053946528
1788695588771,buy,79932,0.00000001,1053946527
1788695588741,sell,79931.9,0.000011,1053946526
1788695588737,sell,79932.4,0.001084,1053946525
1788695588559,buy,79932.5,0.00006255,1053946524
1788695587761,buy,79932.5,0.00015012,1053946523
1788695585738,buy,79932.5,0.01224752,1053946522
1788695585738,buy,79932.5,0.00054934,1053946521
1788695585738,buy,79932.5,0.01,1053946520
1788695585738,buy,79932.5,0.0009,1053946519
1788695585738,buy,79932.5,0.00356448,1053946518
1788695585738,buy,79932.5,0.00196447,1053946517
1788695585738,buy,79932.5,0.00105066,1053946516
1788695585107,sell,79932.4,0.02675294,1053946515
1788695585107,sell,79932.4,0.0187,1053946514
1788695585107,sell,79932.4,0.0012,1053946513
1788695585107,sell,79932.4,0.0860689,1053946512
1788695583084,buy,79932.5,0.00054934,1053946511
1788695583084,buy,79932.5,0.00105066,1053946510
1788695581350,buy,79932.5,0.00784934,1053946509
1788695581350,buy,79932.5,0.00005879,1053946508
1788695581350,buy,79932.5,0.0016,1053946507
1788695581350,buy,79932.5,0.00110034,1053946506
1788695581350,buy,79932.5,0.01,1053946505
1788695581350,buy,79932.5,0.0009,1053946504
1788695581350,buy,79932.5,0.0000125,1053946503
1788695581350,buy,79932.5,0.0005,1053946502
1788695581350,buy,79932.5,0.00001,1053946501
1788695581350,buy,79932.5,0.00001,1053946500
1788695581350,buy,79932.5,0.00058324,1053946499
1788695581350,buy,79932.5,0.00001,1053946498
1788695581350,buy,79932.5,0.00002004,1053946497
1788695581350,buy,79932.5,0.00009056,1053946496
1788695581350,buy,79932.5,0.00153348,1053946495
1788695581084,buy,79932.5,0.00005693,1053946494
1788695581084,buy,79932.5,0.00073802,1053946493
1788695581084,buy,79932.5,0.00080505,1053946492
1788695581060,sell,79932.4,0.0039311,1053946491
1788695580559,buy,79932.5,0.00005879,1053946490
1788695579084,buy,79932.5,0.0016,1053946489
1788695577084,buy,79932.5,0.00002802,1053946488
1788695577084,buy,79932.5,0.00001,1053946487
1788695577084,buy,79932.5,0.00156198,1053946486
1788695575182,buy,79932.5,0.00022682,1053946485
1788695571291,buy,79932.5,0.00756431,1053946484
1788695570670,buy,79932.5,0.00832714,1053946483
1788695570670,buy,79932.5,0.0009,1053946482
1788695565340,sell,79933.9,0.05947458,1053946481
1788695565340,sell,79934,0.13278872,1053946480
1788695565340,sell,79934.9,0.00107784,1053946479
1788695565340,sell,79935.8,0.00001257,1053946478
1788695565340,sell,79938.7,0.0000102,1053946477
1788695565340,sell,79938.9,0.00107784,1053946476
1788695565340,sell,79939,0.00039135,1053946475
1788695565340,sell,79939.5,0.00312736,1053946474
1788695565340,sell,79939.5,0.0000102,1053946473
1788695565340,sell,79940,0.00012475,1053946472
1788695565340,sell,79940,0.0033052,1053946471
1788695565340,sell,79940,0.00101748,1053946470
1788695565340,sell,79940,0.00432268,1053946469
1788695565340,sell,79940,0.00128938,1053946468
1788695565093,buy,79940.1,0.0005,1053946467
1788695565049,sell,79940,0.02948435,1053946466
1788695557635,buy,79940.1,0.00291579,1053946465
1788695555093,buy,79940.1,0.0005,1053946464
1788695552811,buy,79940.1,0.00003301,1053946463
1788695550084,buy,79940.1,0.0016,1053946462
1788695659634,buy,79917.7,0.00777507,1053946618
1788695659634,buy,79917.7,0.00062493,1053946617
1788695658160,buy,79917.7,0.00005005,1053946616
1788695655093,buy,79917.7,0.0005,1053946615
1788695654241,sell,79917.6,0.00001562,1053946614
1788695652563,buy,79917.7,0.00002502,1053946613
1788695648544,sell,79917.7,0.0009,1053946612
1788695648544,sell,79917.7,0.09,1053946611
1788695648544,sell,79917.7,0.0012,1053946610
1788695648544,sell,79917.7,0.00312797,1053946609
1788695648544,sell,79917.7,0.0187,1053946608
1788695648544,sell,79917.7,0.000175,1053946607
1788695648544,sell,79917.7,0.00393446,1053946606
1788695648544,sell,79917.7,0.00375946,1053946605
1788695648345,sell,79917.7,0.00017499,1053946604
1788695648345,sell,79917.7,0.00000001,1053946603
1788695648343,sell,79917.7,0.00000999,1053946602
1788695648343,sell,79917.7,0.0039344,1053946601
1788695648343,sell,79917.7,0.0039344,1053946600
1788695648343,sell,79917.7,0.0187,1053946599
1788695648343,sell,79917.7,0.0009,1053946598
1788695648343,sell,79917.7,0.09,1053946597
1788695648343,sell,79917.7,0.0012,1053946596
1788695648343,sell,79917.7,0.13748212,1053946595
1788695648343,sell,79917.7,0.05382771,1053946594
1788695648308,sell,79917.9,0.0000102,1053946593
1788695648308,sell,79918.3,0.00312819,1053946592
1788695648308,sell,79918.9,0.00312794,1053946591
1788695648308,sell,79918.9,0.0039344,1053946590
1788695648308,sell,79918.9,0.0039344,1053946589
1788695648308,sell,79918.9,0.08414226,1053946588
1788695648308,sell,79918.9,0.18818212,1053946587
1788695648308,sell,79918.9,0.0012,1053946586
1788695648308,sell,79918.9,0.09,1053946585
1788695648308,sell,79918.9,0.01476114,1053946584
1788695647964,buy,79919,0.00001858,1053946583
1788695646962,buy,79919,0.00003503,1053946582
1788695643084,buy,79919,0.0016,1053946581
1788695642605,buy,79919,0.00025025,1053946580
1788695641084,buy,79919,0.0016,1053946579
1788695639084,buy,79919,0.0016,1053946578
1788695637084,buy,79919,0.0016,1053946577
1788695637042,sell,79918.9,0.00032282,1053946576
1788695626123,sell,79918.9,0.00361604,1053946575
1788695626123,sell,79918.9,0.0039344,1053946574
1788695626123,sell,79918.9,0.0039344,1053946573
1788695626123,sell,79918.9,0.00032279,1053946572
1788695626123,sell,79918.9,0.00091723,1053946571
1788695625093,buy,79919,0.0005,1053946570
1788695623957,buy,79919,0.00027778,1053946569
1788695622684,buy,79919,0.01272378,1053946568
1788695618171,sell,79918.9,0.00013036,1053946567
1788695615196,buy,79919,0.03632427,1053946566
1788695615094,buy,79919,0.0005,1053946565
1788695612115,buy,79919,0.00005983,1053946564
1788695610084,buy,79919,0.0016,1053946563
1788695608147,buy,79919,0.00078368,1053946562
1788695605590,buy,79919,0.0125359,1053946561
1788695605556,sell,79918.9,0.00001925,1053946560
1788695605094,buy,79919,0.0004,1053946559
1788695605094,buy,79919,0.0001,1053946558
1788695707440,buy,79920.5,0.01065837,1053946735
1788695707192,buy,79920.5,0.08389139,1053946734
1788695707192,buy,79920.5,0.04233404,1053946733
1788695705763,buy,79920.5,0.00049967,1053946732
1788695705122,buy,79920.5,0.00376374,1053946731
1788695704105,sell,79920.4,0.00209726,1053946730
1788695704105,sell,79920.4,0.00001,1053946729
1788695704105,sell,79920.4,0.00312792,1053946728
1788695703656,buy,79920.5,0.00980095,1053946727
1788695703086,buy,79920.5,0.0016,1053946726
1788695701084,buy,79920.5,0.00159999,1053946725
1788695701084,buy,79920.5,0.00000001,1053946724
1788695700505,sell,79921.9,0.0000102,1053946723
1788695700505,sell,79922.1,0.00232113,1053946722
1788695700505,sell,79922.1,0.00501635,1053946721
1788695700505,sell,79922.1,0.00025328,1053946720
1788695700505,sell,79922.1,0.00244193,1053946719
1788695700353,buy,79922.2,0.0007,1053946718
1788695700255,sell,79922.1,0.00143015,1053946717
1788695700255,sell,79922.1,0.00092279,1053946716
1788695700255,sell,79922.1,0.00329382,1053946715
1788695700255,sell,79922.1,0.00169072,1053946714
1788695699084,buy,79922.2,0.0016,1053946713
1788695698620,sell,79922.1,0.00025328,1053946712
1788695698318,buy,79922.2,0.00132,1053946711
1788695697234,sell,79922.1,0.00261095,1053946710
1788695697234,sell,79922.1,0.00125113,1053946709
1788695697234,sell,79922.1,0.00001,1053946708
1788695697234,sell,79922.1,0.00312804,1053946707
1788695697084,buy,79922.2,0.00159999,1053946706
1788695697084,buy,79922.2,0.00000001,1053946705
1788695696740,sell,79922.4,0.00019219,1053946704
1788695696740,sell,79922.4,0.0010689,1053946703
1788695696740,sell,79922.4,0.00348603,1053946702
1788695696740,sell,79922.4,0.00436274,1053946701
1788695696171,sell,79922.4,0.00019219,1053946700
1788695696171,sell,79922.4,0.00455493,1053946699
1788695695203,buy,79922.5,0.00117,1053946698
1788695694744,buy,79922.5,0.00003,1053946697
1788695694744,buy,79922.5,0.0009,1053946696
1788695692109,sell,79922.4,0.00487763,1053946695
1788695692109,sell,79922.4,0.00063561,1053946694
1788695692109,sell,79922.4,0.00026605,1053946693
1788695692109,sell,79922.4,0.00001,1053946692
1788695692109,sell,79922.4,0.00468796,1053946691
1788695692109,sell,79922.4,0.00351024,1053946690
1788695689753,buy,79922.5,0.00002752,1053946689
1788695685924,sell,79922.4,0.00078265,1053946688
1788695685093,buy,79922.5,0.0005,1053946687
1788695684353,sell,79922.4,0.00039479,1053946686
1788695684353,sell,79922.4,0.00071788,1053946685
1788695684353,sell,79922.4,0.00072733,1053946684
1788695684353,sell,79922.4,0.00001,1053946683
1788695684353,sell,79922.4,0.00312779,1053946682
1788695682190,buy,79921.8,0.00058773,1053946681
1788695677733,sell,79922.4,0.00112737,1053946680
1788695676880,buy,79921.7,0.00003958,1053946679
1788695676879,buy,79917.8,0.00468823,1053946678
1788695676879,buy,79917.8,0.00468824,1053946677
1788695676879,buy,79917.8,0.00035955,1053946676
1788695676879,buy,79917.8,0.23688033,1053946675
1788695675100,buy,79917.8,0.0005,1053946674
1788695673881,buy,79917.8,0.00566299,1053946673
1788695673881,buy,79917.8,0.0005,1053946672
1788695673881,buy,79917.8,0.00004129,1053946671
1788695673881,buy,79917.8,0.00091547,1053946670
1788695673881,buy,79917.8,0.0042305,1053946669
1788695673881,buy,79917.8,0.00205418,1053946668
1788695672207,sell,79917.7,0.00012,1053946667
1788695672207,sell,79917.7,0.0012,1053946666
1788695670083,buy,79917.8,0.0016,1053946665
1788695669705,buy,79917.8,0.00001001,1053946664
1788695669356,buy,79917.8,0.00002502,1053946663
1788695665094,buy,79917.8,0.0005,1053946662
1788695664563,buy,79917.8,0.00004129,1053946661
1788695661944,sell,79918,0.062,1053946660
1788695661944,sell,79920.3,0.15330315,1053946659
1788695661944,sell,79920.6,0.17295574,1053946658
1788695661944,sell,79920.7,0.15400798,1053946657
1788695661944,sell,79921.6,0.00143896,1053946656
1788695661944,sell,79921.6,0.11558452,1053946655
1788695661944,sell,79921.6,0.05437129,1053946654
1788695661944,sell,79921.6,0.00393446,1053946653
1788695661944,sell,79921.6,0.00058174,1053946652
1788695661944,sell,79921.6,0.00001,1053946651
1788695661944,sell,79921.6,0.00393438,1053946650
1788695661944,sell,79921.6,0.09,1053946649
1788695661944,sell,79921.6,0.0187,1053946648
1788695661944,sell,79921.6,0.0009,1053946647
1788695661944,sell,79921.6,0.0012,1053946646
1788695661944,sell,79921.6,0.10222,1053946645
1788695661861,buy,79919.5,0.00018373,1053946644
1788695661861,buy,79919.5,0.00981627,1053946643
1788695661861,buy,79919,0.00079153,1053946642
1788695661861,buy,79919,0.00312794,1053946641
1788695661861,buy,79919,0.01,1053946640
1788695661861,buy,79919,0.00028935,1053946639
1788695661861,buy,79919,0.01,1053946638
1788695661861,buy,79918.6,0.0000102,1053946637
1788695661859,buy,79918,0.01250019,1053946636
1788695769358,buy,79920.5,0.00156405,1053946791
1788695768559,buy,79920.5,0.00002502,1053946790
1788695764254,buy,79920.5,0.00431374,1053946789
1788695764254,buy,79920.5,0.00219872,1053946788
1788695764254,buy,79920.5,0.00219871,1053946787
1788695764254,buy,79920.5,0.00092279,1053946786
1788695764254,buy,79920.5,0.00025328,1053946785
1788695764254,buy,79920.5,0.0013346,1053946784
1788695763958,buy,79920.5,0.00467089,1053946783
1788695763084,buy,79920.5,0.0016,1053946782
1788695761084,buy,79920.5,0.0016,1053946781
1788695759085,buy,79920.5,0.0008272,1053946780
1788695759085,buy,79920.5,0.00001,1053946779
1788695759085,buy,79920.5,0.0000628,1053946778
1788695759085,buy,79920.5,0.00007023,1053946777
1788695759085,buy,79920.5,0.00062977,1053946776
1788695757085,buy,79920.5,0.0016,1053946775
1788695756861,buy,79920.5,0.00003753,1053946774
1788695755106,buy,79920.5,0.00228763,1053946773
1788695755106,buy,79920.5,0.00271734,1053946772
1788695754479,sell,79920.4,0.00825821,1053946771
1788695754075,sell,79920.4,0.00278283,1053946770
1788695751479,sell,79920.4,0.00644,1053946769
1788695751095,sell,79920.4,0.0012502,1053946768
1788695748849,buy,79920.5,0.00023195,1053946767
1788695748849,buy,79920.5,0.0056962,1053946766
1788695748760,buy,79920.5,0.00164128,1053946765
1788695748760,buy,79920.5,0.00126084,1053946764
1788695748760,buy,79920.5,0.00391215,1053946763
1788695747792,sell,79920.4,0.06354153,1053946762
1788695746868,sell,79920.4,0.00537781,1053946761
1788695745093,buy,79920.5,0.00049,1053946760
1788695745093,buy,79920.5,0.00001,1053946759
1788695743713,sell,79920.4,0.00025326,1053946758
1788695742869,sell,79920.4,0.00002975,1053946757
1788695741733,sell,79920.4,0.05391182,1053946756
1788695736661,buy,79920.5,0.00767633,1053946755
1788695735093,buy,79920.5,0.0005,1053946754
1788695732227,sell,79920.4,0.00411982,1053946753
1788695732227,sell,79920.4,0.0075,1053946752
1788695732227,sell,79920.4,0.00001026,1053946751
1788695732227,sell,79920.4,0.00210726,1053946750
1788695732227,sell,79920.4,0.00052739,1053946749
1788695732227,sell,79920.4,0.00501645,1053946748
1788695732227,sell,79920.4,0.00289893,1053946747
1788695730085,buy,79920.5,0.0016,1053946746
1788695728600,buy,79920.5,0.00016266,1053946745
1788695725094,buy,79920.5,0.0005,1053946744
1788695723049,buy,79920.5,0.00250097,1053946743
1788695722962,buy,79920.5,0.00043793,1053946742
1788695722957,buy,79920.5,0.00017517,1053946741
1788695721157,sell,79920.4,0.00001026,1053946740
1788695716658,buy,79920.5,0.00699793,1053946739
1788695715395,buy,79920.5,0.00007419,1053946738
1788695715386,buy,79920.5,0.00924634,1053946737
1788695715093,buy,79920.5,0.0005,1053946736
1788706217956,sell,79679.9,0.00000973,1053988569
1788706217956,sell,79679.9,0.00001,1053988568
1788706215977,buy,79680,0.00026837,1053988567
1788706215977,buy,79680,0.0012,1053988566
1788706215977,buy,79680,0.0009,1053988565
1788706215977,buy,79680,0.00099438,1053988564
1788706215977,buy,79680,0.00476863,1053988563
1788706215977,buy,79680,0.00426862,1053988562
1788706215094,buy,79680,0.0005,1053988561
1788706214962,buy,79680,0.00005647,1053988560
1788706213635,buy,79680,0.00106576,1053988559
1788706213635,buy,79680,0.00008096,1053988558
1788706210541,sell,79679.7,0.00016603,1053988557
1788706206485,buy,79679.8,0.00000445,1053988556
1788706206485,buy,79679.8,0.00313768,1053988555
1788706206485,buy,79679.8,0.0009,1053988554
1788706206278,buy,79679.8,0.06020377,1053988553
1788706205896,buy,79679.7,0.00070153,1053988552
1788706205896,buy,79679.7,0.0003906,1053988551
1788706205896,buy,79679.7,0.0039536,1053988550
1788706205896,buy,79679.7,0.0039536,1053988549
1788706204558,buy,79679.4,0.0001255,1053988548
1788706204252,buy,79679.4,0.0003765,1053988547
1788706204069,buy,79679.7,0.000011,1053988546
1788706204041,buy,79679.3,0.0000102,1053988545
1788706204041,buy,79679,0.00039135,1053988544
1788706204041,buy,79678.9,0.00313755,1053988543
1788706203848,buy,79670,0.00006996,1053988542
1788706203500,buy,79670,0.000011,1053988541
1788706203323,buy,79669.5,0.0009,1053988540
1788706203085,buy,79669.5,0.0016,1053988539
1788706202960,buy,79669.5,0.00006275,1053988538
1788706201084,buy,79669.5,0.0016,1053988537
1788706200809,sell,79669.4,0.00044948,1053988536
1788706199530,buy,79669.5,0.000011,1053988535
1788706199085,buy,79669.1,0.0016,1053988534
1788706197546,buy,79668.6,0.00029975,1053988533
1788706197546,buy,79668.1,0.00001262,1053988532
1788706197546,buy,79666.8,0.000305,1053988531
1788706197546,buy,79666.8,0.00033377,1053988530
1788706197546,buy,79666.8,0.00378014,1053988529
1788706197546,buy,79666.8,0.00347515,1053988528
1788706197084,buy,79666.8,0.000305,1053988527
1788706197084,buy,79666.8,0.00050048,1053988526
1788706197084,buy,79666.8,0.00053204,1053988525
1788706197084,buy,79666.8,0.00026248,1053988524
1788706196264,buy,79664.3,0.00010126,1053988523
1788706196130,sell,79665.3,0.00272265,1053988522
1788706195390,sell,79664.1,0.00172594,1053988521
1788706195390,sell,79664.1,0.00361061,1053988520
1788706191801,buy,79664.2,0.15667683,1053988519
1788706191801,buy,79664.2,0.0218,1053988518
1788706191801,buy,79664.2,0.00033924,1053988517
1788706191801,buy,79664.2,0.08546514,1053988516
1788706191801,buy,79664.2,0.01456514,1053988515
1788706191801,buy,79664.2,0.00537609,1053988514
1788706191801,buy,79664.2,0.00361065,1053988513
1788706191801,buy,79664.2,0.00537609,1053988512
1788706191801,buy,79664.2,0.00361065,1053988511
1788706191801,buy,79664.2,0.00313823,1053988510
1788706191801,buy,79664.2,0.07624194,1053988509
1788706189049,buy,79664.2,0.01375806,1053988508
1788706189049,buy,79664.2,0.0009,1053988507
1788706189049,buy,79664.2,0.0012,1053988506
1788706189049,buy,79664.2,0.0218,1053988505
1788706187964,sell,79664.2,0.0001648,1053988504
1788706187964,sell,79665.4,0.0000102,1053988503
1788706187961,sell,79666.2,0.0000102,1053988502
1788706187961,sell,79666.6,0.00010345,1053988501
1788706187414,buy,79666.8,0.000011,1053988500
1788706185114,buy,79661.9,0.00001262,1053988499
1788706185114,buy,79661.3,0.0000102,1053988498
1788706185114,buy,79660,0.00050215,1053988497
1788706185114,buy,79660,0.00008096,1053988496
1788706185114,buy,79659,0.00039135,1053988495
1788706185114,buy,79658.8,0.00001261,1053988494
1788706185113,buy,79655.6,0.00001261,1053988493
1788706185113,buy,79654,0.00002747,1053988492
1788706185113,buy,79654,0.01010578,1053988491
1788706185093,buy,79654,0.0004,1053988490
1788706185093,buy,79654,0.0001,1053988489
1788706184786,buy,79654,0.000011,1053988488
1788706184078,buy,79654,0.000011,1053988487
1788706180975,sell,79653.9,0.00012371,1053988486
1788706180374,buy,79650.9,0.0000102,1053988485
1788706180374,buy,79650,0.00008096,1053988484
1788706180374,buy,79649.9,0.0005053,1053988483
1788706180374,buy,79649.9,0.00033972,1053988482
1788706180374,buy,79649.4,0.00002747,1053988481
1788706180347,buy,79649.4,0.000011,1053988480
1788706179423,sell,79649.3,0.00200143,1053988479
1788706179316,buy,79647.4,0.00002747,1053988478
1788706179316,buy,79645.7,0.00312534,1053988477
1788706179309,buy,79645.7,0.000011,1053988476
1788706176411,sell,79645.3,0.00014,1053988475
1788706175094,buy,79645.4,0.00049,1053988474
1788706175094,buy,79645.4,0.00001,1053988473
1788706172980,buy,79645.4,0.00381503,1053988472
1788706172980,buy,79645.4,0.0012,1053988471
1788706170083,buy,79645.4,0.0016,1053988470
1788706273035,sell,79684.5,0.0009,1053988711
1788706273014,sell,79685.2,0.0000052,1053988710
1788706273013,sell,79685.2,0.0000098,1053988709
1788706273013,sell,79685.4,0.0000102,1053988708
1788706273013,sell,79687.3,0.0009,1053988707
1788706273000,sell,79688.2,0.00106099,1053988706
1788706272999,buy,79689.4,0.01125929,1053988705
1788706272999,buy,79689.4,0.00001262,1053988704
1788706272998,sell,79690,0.00008096,1053988703
1788706272996,sell,79691.9,0.00930209,1053988702
1788706272996,sell,79692.1,0.00106099,1053988701
1788706272996,sell,79693.2,0.00620112,1053988700
1788706272996,sell,79693.8,0.00007149,1053988699
1788706272996,sell,79693.8,0.0538,1053988698
1788706272995,sell,79694,0.06625,1053988697
1788706272992,sell,79696,0.00013643,1053988696
1788706272992,sell,79696,0.00497693,1053988695
1788706272992,sell,79696,0.01165214,1053988694
1788706272992,sell,79696,0.01165214,1053988693
1788706272992,sell,79696,0.00497693,1053988692
1788706272992,sell,79696,0.00002733,1053988691
1788706272992,sell,79696,0.10063229,1053988690
1788706272992,sell,79696,0.13232901,1053988689
1788706272992,sell,79696,0.00106099,1053988688
1788706270815,buy,79696.1,0.00182317,1053988687
1788706270615,buy,79696.1,0.01275634,1053988686
1788706270615,buy,79696.1,0.00000001,1053988685
1788706270614,sell,79696.5,0.0000102,1053988684
1788706270614,sell,79697.4,0.00003314,1053988683
1788706270613,sell,79697.9,0.05581,1053988682
1788706270610,sell,79698.1,0.0000102,1053988681
1788706270610,sell,79698.9,0.0000102,1053988680
1788706270609,sell,79699.6,0.00313677,1053988679
1788706270609,sell,79699.9,0.00627364,1053988678
1788706270609,sell,79699.9,0.00250993,1053988677
1788706270609,sell,79699.9,0.00104999,1053988676
1788706270578,sell,79699.9,0.000011,1053988675
1788706266959,buy,79700,0.00012547,1053988674
1788706266712,buy,79700,0.00608053,1053988673
1788706266649,buy,79700,0.00624783,1053988672
1788706266483,sell,79699.9,0.01466697,1053988671
1788706264901,buy,79700,0.00004451,1053988670
1788706264901,buy,79700,0.00008096,1053988669
1788706264163,buy,79699,0.00039135,1053988668
1788706264037,buy,79697.5,0.00038595,1053988667
1788706264034,buy,79693.9,0.001258,1053988666
1788706264034,buy,79693.9,0.00900472,1053988665
1788706264034,buy,79693.9,0.000011,1053988664
1788706263084,buy,79693.9,0.0016,1053988663
1788706262392,buy,79693.9,0.000011,1053988662
1788706261647,sell,79693.8,0.01440971,1053988661
1788706261647,sell,79693.8,0.00545013,1053988660
1788706261647,sell,79693.8,0.00514016,1053988659
1788706261084,buy,79693.9,0.0016,1053988658
1788706259157,sell,79693.8,0.00030997,1053988657
1788706259084,buy,79693.9,0.0016,1053988656
1788706257084,buy,79693.9,0.00084315,1053988655
1788706257084,buy,79693.9,0.00075685,1053988654
1788706256581,buy,79693.9,0.00014315,1053988653
1788706252825,buy,79693.9,0.00613346,1053988652
1788706252825,buy,79693.9,0.0218,1053988651
1788706252825,buy,79693.9,0.00666972,1053988650
1788706252825,buy,79693.9,0.14,1053988649
1788706252825,buy,79693.9,0.00545013,1053988648
1788706252825,buy,79693.9,0.00545013,1053988647
1788706252825,buy,79693.9,0.00039042,1053988646
1788706252825,buy,79693.9,0.01061678,1053988645
1788706247095,buy,79693.9,0.000011,1053988644
1788706245094,buy,79690.9,0.0004,1053988643
1788706245094,buy,79690.9,0.0001,1053988642
1788706244939,sell,79693.8,0.00018784,1053988641
1788706244223,buy,79690.3,0.000011,1053988640
1788706244222,buy,79690,0.00008096,1053988639
1788706241132,buy,79686.5,0.049571,1053988638
1788706240632,sell,79686.4,0.00001878,1053988637
1788706238826,buy,79685.3,0.0000102,1053988636
1788706238826,buy,79684.6,0.00020834,1053988635
1788706238811,buy,79684.6,0.000011,1053988634
1788706238465,buy,79684.6,0.00001675,1053988633
1788706238265,buy,79684.6,0.000011,1053988632
1788706238059,sell,79684.5,0.00951831,1053988631
1788706237333,buy,79684.6,0.03864262,1053988630
1788706236566,buy,79683.6,0.00001262,1053988629
1788706236566,buy,79683.3,0.00033972,1053988628
1788706236566,buy,79681.3,0.00059647,1053988627
1788706236566,buy,79681.3,0.00523613,1053988626
1788706236566,buy,79681.3,0.00523614,1053988625
1788706236566,buy,79681.3,0.00049965,1053988624
1788706235292,buy,79679.8,0.00024712,1053988623
1788706235104,buy,79679.8,0.0005,1053988622
1788706234536,buy,79677.4,0.0009,1053988621
1788706234536,buy,79677.4,0.0053729,1053988620
1788706234536,buy,79677.4,0.00537289,1053988619
1788706233856,buy,79676.5,0.0000102,1053988618
1788706233856,buy,79675.8,0.005373,1053988617
1788706233856,buy,79675.8,0.005373,1053988616
1788706233856,buy,79675.8,0.00024716,1053988615
1788706232441,buy,79672.5,0.0000102,1053988614
1788706232441,buy,79672.2,0.00313504,1053988613
1788706232441,buy,79671.8,0.00107435,1053988612
1788706328865,buy,79690,0.000011,1053988982
1788706328205,buy,79690,0.000011,1053988981
1788706328176,buy,79689.2,0.00005087,1053988980
1788706326079,buy,79689.2,0.00005384,1053988979
1788706326079,buy,79689.2,0.00009021,1053988978
1788706326077,buy,79689.2,0.00092607,1053988977
1788706326072,buy,79683.6,0.00001261,1053988976
1788706326070,buy,79680,0.00280662,1053988975
1788706326070,buy,79680,0.00280661,1053988974
1788706326070,buy,79680,0.00033389,1053988973
1788706326070,buy,79680,0.00005896,1053988972
1788706325864,buy,79680,0.000011,1053988971
1788706324287,buy,79680,0.000011,1053988970
1788706324261,sell,79679.9,0.00017499,1053988969
1788706324261,sell,79679.9,0.00000001,1053988968
1788706324260,buy,79679,0.00039135,1053988967
1788706324126,buy,79673.4,0.00251024,1053988966
1788706324124,buy,79673.1,0.00399496,1053988965
1788706323084,buy,79673.1,0.0016,1053988964
1788706322121,sell,79673,0.00030673,1053988963
1788706321084,buy,79673.1,0.0016,1053988962
1788706320593,sell,79673,0.00031526,1053988961
1788706319084,buy,79673.1,0.0016,1053988960
1788706317084,buy,79673.1,0.0016,1053988959
1788706316638,sell,79673.3,0.000011,1053988958
1788706315471,sell,79673.3,0.00065813,1053988957
1788706305092,buy,79669.7,0.00049,1053988956
1788706305092,buy,79669.7,0.00001,1053988955
1788706301616,buy,79666.1,0.0000102,1053988954
1788706301616,buy,79666,0.00313521,1053988953
1788706301616,buy,79665.7,0.00234745,1053988952
1788706301616,buy,79665.7,0.00234744,1053988951
1788706301616,buy,79665.7,0.00251033,1053988950
1788706301616,buy,79665.7,0.00168047,1053988949
1788706301237,sell,79665.6,0.00049022,1053988948
1788706300912,buy,79665.7,0.000011,1053988947
1788706299936,sell,79665.6,0.00353663,1053988946
1788706299936,sell,79665.6,0.0012,1053988945
1788706298450,sell,79671.3,0.00001261,1053988944
1788706298448,sell,79675.5,0.00313772,1053988943
1788706298448,sell,79675.8,0.00034798,1053988942
1788706298448,sell,79675.8,0.029942,1053988941
1788706298448,sell,79675.8,0.00078203,1053988940
1788706298448,sell,79675.8,0.00257671,1053988939
1788706298448,sell,79675.8,0.00773457,1053988938
1788706298448,sell,79675.8,0.00001,1053988937
1788706298448,sell,79675.8,0.00001,1053988936
1788706298448,sell,79675.8,0.00001,1053988935
1788706298448,sell,79675.8,0.00001,1053988934
1788706298448,sell,79675.8,0.00001,1053988933
1788706298448,sell,79675.8,0.00774439,1053988932
1788706298448,sell,79675.8,0.00054341,1053988931
1788706298448,sell,79675.8,0.00511179,1053988930
1788706298448,sell,79675.8,0.00144741,1053988929
1788706296256,buy,79675.9,0.00018569,1053988928
1788706295853,sell,79675.8,0.00113,1053988927
1788706295853,sell,79675.8,0.00001,1053988926
1788706295093,buy,79673.4,0.0005,1053988925
1788706294375,buy,79670.1,0.00022379,1053988924
1788706294375,buy,79670.1,0.001,1053988923
1788706294291,buy,79664.1,0.000011,1053988922
1788706294235,buy,79663,0.00292256,1053988921
1788706294233,buy,79660.4,0.00281618,1053988920
1788706294233,buy,79660.4,0.00284932,1053988919
1788706294233,buy,79660.4,0.0031345,1053988918
1788706292541,buy,79660.1,0.03220347,1053988917
1788706292541,buy,79660.1,0.00249323,1053988916
1788706292541,buy,79660.1,0.00044969,1053988915
1788706292541,buy,79660.1,0.00098404,1053988914
1788706292541,buy,79660.1,0.00001,1053988913
1788706292541,buy,79660.1,0.00001,1053988912
1788706292541,buy,79660.1,0.00148957,1053988911
1788706292541,buy,79660.1,0.00001,1053988910
1788706292541,buy,79660.1,0.00001,1053988909
1788706290856,buy,79660.1,0.0092857,1053988908
1788706290255,sell,79666.2,0.0000102,1053988907
1788706290250,sell,79667.2,0.00000001,1053988906
1788706290250,sell,79668.1,0.0009,1053988905
1788706290243,sell,79667.1,0.0001648,1053988904
1788706290243,sell,79668.6,0.0000102,1053988903
1788706290084,buy,79670,0.00151904,1053988902
1788706290084,buy,79670,0.00008096,1053988901
1788706289183,buy,79668.8,0.00104999,1053988900
1788706289039,buy,79668.8,0.000011,1053988899
1788706287929,buy,79664.8,0.00288821,1053988898
1788706287564,buy,79659.2,0.05840163,1053988897
1788706287564,buy,79659.1,0.00234168,1053988896
1788706287564,buy,79659.1,0.00234168,1053988895
1788706286934,buy,79659.1,0.04767873,1053988894
1788706286934,buy,79659.1,0.00001,1053988893
1788706286934,buy,79659.1,0.00001,1053988892
1788706286934,buy,79659.1,0.00446208,1053988891
1788706286934,buy,79659.1,0.00001,1053988890
1788706286934,buy,79659.1,0.00001,1053988889
1788706286934,buy,79659.1,0.00001,1053988888
1788706286934,buy,79659.1,0.00001,1053988887
1788706286934,buy,79659.1,0.00445369,1053988886
1788706286934,buy,79659.1,0.00001,1053988885
1788706286934,buy,79659.1,0.00001,1053988884
1788706286934,buy,79659.1,0.00001,1053988883
1788706384560,buy,79709.9,0.00012545,1053989114
1788706383085,buy,79709.9,0.0016,1053989113
1788706382138,buy,79709.9,0.00025091,1053989112
1788706381322,sell,79709.8,0.00547869,1053989111
1788706381322,sell,79709.8,0.00000001,1053989110
1788706381084,buy,79709.9,0.0016,1053989109
1788706380558,buy,79709.9,0.00005896,1053989108
1788706379084,buy,79709.9,0.0016,1053989107
1788706377984,buy,79708.4,0.0000102,1053989106
1788706377084,buy,79707.7,0.0016,1053989105
1788706374146,buy,79707.7,0.01386788,1053989104
1788706374146,buy,79705.6,0.09,1053989103
1788706374146,buy,79705.6,0.0038168,1053989102
1788706374146,buy,79705.6,0.003807,1053989101
1788706374146,buy,79705.6,0.00001,1053989100
1788706374146,buy,79705.6,0.00057045,1053989099
1788706373137,buy,79705.6,0.00000196,1053989098
1788706373137,buy,79705.6,0.00001,1053989097
1788706370571,sell,79705.5,0.00000001,1053989096
1788706370571,sell,79705.5,0.0012,1053989095
1788706370567,sell,79706.1,0.0000102,1053989094
1788706370567,sell,79707.3,0.00106005,1053989093
1788706370567,sell,79707.7,0.0000102,1053989092
1788706370565,sell,79708.7,0.00030125,1053989091
1788706370564,sell,79711.1,0.00019256,1053989090
1788706365449,sell,79709.9,0.00240727,1053989089
1788706365095,sell,79709.9,0.000584,1053989088
1788706365094,buy,79709.6,0.0005,1053989087
1788706364860,sell,79709.9,0.02,1053989086
1788706364617,sell,79709.9,0.00134827,1053989085
1788706361104,buy,79710,0.00639045,1053989084
1788706360066,sell,79709.9,0.01203,1053989083
1788706360013,sell,79709.9,0.0001,1053989082
1788706359253,sell,79710.1,0.0000102,1053989081
1788706359252,sell,79710.7,0.05102764,1053989080
1788706359252,sell,79710.8,0.15559069,1053989079
1788706359252,sell,79710.9,0.09556722,1053989078
1788706359252,sell,79711.2,0.00366685,1053989077
1788706359252,sell,79711.2,0.00106005,1053989076
1788706359252,sell,79711.2,0.006613,1053989075
1788706359252,sell,79711.2,0.00034206,1053989074
1788706359252,sell,79711.2,0.00050051,1053989073
1788706359252,sell,79711.2,0.00001,1053989072
1788706359252,sell,79711.2,0.00038834,1053989071
1788706359252,sell,79711.2,0.00006274,1053989070
1788706359252,sell,79711.2,0.00796512,1053989069
1788706359252,sell,79711.2,0.00152012,1053989068
1788706359252,sell,79711.2,0.00069669,1053989067
1788706359252,sell,79711.2,0.00050185,1053989066
1788706359252,sell,79711.2,0.00033288,1053989065
1788706359252,sell,79711.2,0.00495329,1053989064
1788706359252,sell,79711.2,0.00004656,1053989063
1788706359252,sell,79711.2,0.00034439,1053989062
1788706359252,sell,79711.2,0.00274523,1053989061
1788706359252,sell,79711.2,0.00266852,1053989060
1788706359252,sell,79711.2,0.08507,1053989059
1788706359252,sell,79711.2,0.0012,1053989058
1788706359252,sell,79711.2,0.0218,1053989057
1788706359252,sell,79711.2,0.09,1053989056
1788706358509,buy,79709.6,0.051,1053989055
1788706357218,buy,79710,0.00000001,1053989054
1788706357218,buy,79710,0.0012,1053989053
1788706357213,buy,79710,0.00000001,1053989052
1788706357213,buy,79710,0.0012,1053989051
1788706357213,buy,79710,0.00008096,1053989050
1788706357208,buy,79709.6,0.00000001,1053989049
1788706357208,buy,79709.6,0.0012,1053989048
1788706357063,buy,79709.6,0.00344583,1053989047
1788706357063,buy,79709.6,0.0027852,1053989046
1788706355172,buy,79708.5,0.00001262,1053989045
1788706355172,buy,79706.7,0.0002999,1053989044
1788706355161,buy,79702.9,0.00001262,1053989043
1788706355161,buy,79702.3,0.00001261,1053989042
1788706355159,buy,79700,0.00364981,1053989041
1788706355159,buy,79700,0.00364981,1053989040
1788706355159,buy,79700,0.00008096,1053989039
1788706355159,buy,79700,0.04869189,1053989038
1788706355094,buy,79699.1,0.0005,1053989037
1788706354399,buy,79700,0.00011969,1053989036
1788706353473,sell,79699.9,0.00299962,1053989035
1788706353178,buy,79699.6,0.0000102,1053989034
1788706353178,buy,79699.1,0.00001261,1053989033
1788706353178,buy,79699,0.00039135,1053989032
1788706353178,buy,79698,0.0000102,1053989031
1788706353178,buy,79697.4,0.00941318,1053989030
1788706353114,buy,79697.4,0.000011,1053989029
1788706352973,buy,79697.4,0.00118467,1053989028
1788706351949,buy,79697,0.000011,1053989027
1788706350084,buy,79697,0.0004,1053989026
1788706350084,buy,79697,0.0012,1053989025
1788706349574,sell,79696.9,0.00032863,1053989024
1788706349574,sell,79696.9,0.00000001,1053989023
1788706348481,buy,79696,0.00001261,1053989022
1788706348481,buy,79694.8,0.0000102,1053989021
1788706348481,buy,79693.2,0.0000102,1053989020
1788706346280,buy,79692.2,0.00005019,1053989019
1788706345838,buy,79692.2,0.01090945,1053989018
1788706345838,buy,79692.2,0.0012,1053989017
1788706345838,buy,79692.2,0.00037787,1053989016
1788706345838,buy,79692.2,0.00001,1053989015
1788706439378,buy,79701.8,0.01839,1053989183
1788706439085,buy,79701.8,0.0016,1053989182
1788706437083,buy,79701.8,0.00125205,1053989181
1788706437083,buy,79701.8,0.00034795,1053989180
1788706436123,buy,79701.8,0.00055205,1053989179
1788706435827,sell,79701.7,0.000011,1053989178
1788706435818,sell,79701.7,0.00116,1053989177
1788706435816,sell,79701.7,0.00115603,1053989176
1788706435816,sell,79701.7,0.00011183,1053989175
1788706435759,sell,79702.4,0.0000126,1053989174
1788706435759,sell,79703.3,0.0000102,1053989173
1788706435759,sell,79703.4,0.00106005,1053989172
1788706435759,sell,79705.6,0.00015698,1053989171
1788706435729,sell,79705.6,0.00001261,1053989170
1788706435729,sell,79705.6,0.0011012,1053989169
1788706435728,sell,79708.6,0.0000126,1053989168
1788706435728,sell,79708.9,0.001625,1053989167
1788706435725,sell,79710.9,0.0000102,1053989166
1788706435723,sell,79713.3,0.0000102,1053989165
1788706435723,sell,79713.8,0.00004069,1053989164
1788706435722,sell,79713.8,0.00097975,1053989163
1788706435722,sell,79713.8,0.00022025,1053989162
1788706435721,sell,79714.6,0.00313618,1053989161
1788706434718,sell,79714.8,0.0001958,1053989160
1788706432713,buy,79715,0.000011,1053989159
1788706432335,sell,79714.9,0.00127738,1053989158
1788706431137,sell,79714.9,0.0002647,1053989157
1788706425524,sell,79714.9,0.00013724,1053989156
1788706425093,buy,79715,0.0005,1053989155
1788706421527,sell,79714.9,0.00060353,1053989154
1788706420222,sell,79714.9,0.00007999,1053989153
1788706420222,sell,79714.9,0.00000001,1053989152
1788706418933,buy,79715,0.00240289,1053989151
1788706417151,buy,79714,0.0000102,1053989150
1788706415094,buy,79710.9,0.0005,1053989149
1788706413662,buy,79710.9,0.00030108,1053989148
1788706410085,buy,79709.9,0.0016,1053989147
1788706408572,buy,79709.9,0.0693006,1053989146
1788706408572,buy,79709.9,0.0005,1053989145
1788706408572,buy,79709.9,0.00064754,1053989144
1788706408572,buy,79709.9,0.00437468,1053989143
1788706408572,buy,79709.9,0.00272714,1053989142
1788706405503,sell,79709.8,0.05141705,1053989141
1788706405503,sell,79709.8,0.09,1053989140
1788706405503,sell,79709.8,0.0183,1053989139
1788706405503,sell,79709.8,0.00049997,1053989138
1788706405503,sell,79709.8,0.00064751,1053989137
1788706405503,sell,79709.8,0.00437468,1053989136
1788706405503,sell,79709.8,0.00053318,1053989135
1788706405503,sell,79709.8,0.00053318,1053989134
1788706405503,sell,79709.8,0.00437468,1053989133
1788706405503,sell,79709.8,0.05287913,1053989132
1788706405503,sell,79709.8,0.0260714,1053989131
1788706405503,sell,79709.8,0.16976922,1053989130
1788706405094,buy,79709.9,0.0005,1053989129
1788706404057,sell,79709.8,0.00026784,1053989128
1788706402634,sell,79709.8,0.01669054,1053989127
1788706401256,sell,79709.8,0.0000108,1053989126
1788706399538,sell,79709.8,0.000931,1053989125
1788706396793,sell,79709.8,0.00052758,1053989124
1788706395093,buy,79709.9,0.0005,1053989123
1788706394963,buy,79709.9,0.00064754,1053989122
1788706394963,buy,79709.9,0.000607,1053989121
1788706392813,buy,79709.9,0.000013,1053989120
1788706391281,buy,79709.9,0.00062728,1053989119
1788706390962,buy,79709.9,0.00002509,1053989118
1788706390615,buy,79709.9,0.00012101,1053989117
1788706387761,buy,79709.9,0.00015054,1053989116
1788706386187,buy,79709.9,0.00012078,1053989115
1788715443083,buy,79729.1,0.0016,1054011018
1788715442721,buy,79729.1,0.00129062,1054011017
1788715441231,buy,79729.1,0.000011,1054011016
1788715441084,buy,79729.1,0.0016,1054011015
1788715440721,buy,79729.1,0.00032436,1054011014
1788715439334,sell,79729,0.00070821,1054011013
1788715439085,buy,79729.1,0.0016,1054011012
1788715438097,sell,79729,0.00024714,1054011011
1788715437463,buy,79729.1,0.00018685,1054011010
1788715437463,buy,79729.1,0.00012707,1054011009
1788715437463,buy,79729.1,0.00027008,1054011008
1788715437462,buy,79725.3,0.0016,1054011007
1788715437462,buy,79725.3,0.00065,1054011006
1788715437462,buy,79725.3,0.00051977,1054011005
1788715437462,buy,79725.3,0.00349589,1054011004
1788715437462,buy,79725.3,0.00124589,1054011003
1788715437084,buy,79725.3,0.0016,1054011002
1788715435500,buy,79725.3,0.00065,1054011001
1788715435500,buy,79725.3,0.0025,1054011000
1788715434232,buy,79724.4,0.0000102,1054010999
1788715431920,buy,79720.4,0.0000102,1054010998
1788715431919,buy,79720.2,0.00311064,1054010997
1788715431916,buy,79720,0.00001373,1054010996
1788715431916,buy,79720,0.00341263,1054010995
1788715431916,buy,79720,0.00339891,1054010994
1788715431472,buy,79720,0.00001373,1054010993
1788715431029,buy,79720,0.000011,1054010992
1788715429515,buy,79720,0.000011,1054010991
1788715429472,buy,79719.8,0.01005244,1054010990
1788715425743,buy,79719.8,0.01254306,1054010989
1788715425093,buy,79719.8,0.00049999,1054010988
1788715425093,buy,79719.8,0.00000001,1054010987
1788715420432,sell,79719.7,0.00017001,1054010986
1788715420432,sell,79719.7,0.00000499,1054010985
1788715420431,sell,79719.7,0.00111,1054010984
1788715420429,sell,79720,0.00008096,1054010983
1788715420429,sell,79721,0.0000126,1054010982
1788715420427,sell,79723.6,0.00111499,1054010981
1788715420427,sell,79724.5,0.0000102,1054010980
1788715420426,sell,79725.3,0.0030879,1054010979
1788715420426,sell,79725.3,0.00308791,1054010978
1788715420426,sell,79725.3,0.01,1054010977
1788715420426,sell,79725.3,0.0004203,1054010976
1788715420426,sell,79725.3,0.00122269,1054010975
1788715418137,sell,79725.3,0.000011,1054010974
1788715418068,sell,79727.2,0.0000126,1054010973
1788715418068,sell,79727.5,0.00111499,1054010972
1788715418065,sell,79729.5,0.00237991,1054010971
1788715418065,sell,79730,0.00008096,1054010970
1788715418065,sell,79731.4,0.00111499,1054010969
1788715418065,sell,79733.3,0.01638336,1054010968
1788715418065,sell,79733.3,0.01638335,1054010967
1788715418065,sell,79733.3,0.00324979,1054010966
1788715418065,sell,79733.3,0.00324979,1054010965
1788715418065,sell,79733.3,0.01,1054010964
1788715418065,sell,79733.3,0.0003905,1054010963
1788715418065,sell,79733.3,0.0011,1054010962
1788715417381,sell,79733.3,0.000011,1054010961
1788715416081,buy,79733.4,0.00413628,1054010960
1788715415844,sell,79734,0.0062727,1054010959
1788715415844,sell,79735.3,0.00111499,1054010958
1788715415843,sell,79735.9,0.00266607,1054010957
1788715415842,sell,79736.6,0.0000126,1054010956
1788715415842,sell,79741,0.00180634,1054010955
1788715415842,sell,79741,0.00312415,1054010954
1788715415751,sell,79741,0.000011,1054010953
1788715415749,sell,79741.3,0.01,1054010952
1788715415094,buy,79741.4,0.0005,1054010951
1788715414322,sell,79741.3,0.00640086,1054010950
1788715413721,buy,79741.4,0.00023067,1054010949
1788715412766,buy,79741.4,0.00001187,1054010948
1788715410720,buy,79741.4,0.00075434,1054010947
1788715410084,buy,79741.4,0.0016,1054010946
1788715408329,buy,79740.3,0.00001501,1054010945
1788715408329,buy,79740,0.00008096,1054010944
1788715408328,buy,79739.2,0.00085963,1054010943
1788715408328,buy,79739.2,0.00325041,1054010942
1788715408328,buy,79739.2,0.00063838,1054010941
1788715408328,buy,79739.2,0.00175239,1054010940
1788715407176,buy,79739.2,0.00117883,1054010939
1788715407176,buy,79739.2,0.00293121,1054010938
1788715405094,buy,79739.2,0.0005,1054010937
1788715402963,buy,79739.1,0.0023,1054010936
1788715402963,buy,79739.1,0.00022763,1054010935
1788715402963,buy,79739.1,0.00001175,1054010934
1788715402963,buy,79739.1,0.0028174,1054010933
1788715402963,buy,79739.1,0.0028174,1054010932
1788715402228,sell,79739,0.0002472,1054010931
1788715402112,buy,79739.1,0.009544,1054010930
1788715402112,buy,79739.1,0.0012,1054010929
1788715401721,buy,79739.1,0.00016487,1054010928
1788715401593,buy,79739.1,0.00408142,1054010927
1788715401593,buy,79739,0.00039135,1054010926
1788715401593,buy,79736.5,0.0000126,1054010925
1788715401593,buy,79735.6,0.0000102,1054010924
1788715401593,buy,79735.4,0.00001175,1054010923
1788715401593,buy,79735.4,0.00195653,1054010922
1788715401593,buy,79735.4,0.00311824,1054010921
1788715401593,buy,79735.4,0.0011617,1054010920
1788715400767,buy,79735.4,0.00195653,1054010919
1788715499459,buy,79735.9,0.000011,1054011153
1788715499392,sell,79736.5,0.0000102,1054011152
1788715499392,sell,79737,0.00111499,1054011151
1788715499392,sell,79737.3,0.0000102,1054011150
1788715499391,sell,79737.5,0.00014516,1054011149
1788715499391,sell,79737.5,0.00014005,1054011148
1788715499391,sell,79737.5,0.01,1054011147
1788715499391,sell,79737.5,0.00454549,1054011146
1788715499370,sell,79737.5,0.000011,1054011145
1788715499085,buy,79737.6,0.0016,1054011144
1788715498753,sell,79737.5,0.000011,1054011143
1788715497733,sell,79737.5,0.00069061,1054011142
1788715497084,buy,79737.6,0.0016,1054011141
1788715495353,sell,79737.5,0.00012556,1054011140
1788715493059,buy,79737.6,0.03641945,1054011139
1788715492278,sell,79739.7,0.0000126,1054011138
1788715486650,buy,79743.9,0.00002297,1054011137
1788715486650,buy,79743.9,0.00014005,1054011136
1788715485287,buy,79740,0.00008096,1054011135
1788715485287,buy,79739.2,0.00435697,1054011134
1788715485287,buy,79739.2,0.00435697,1054011133
1788715485287,buy,79739.2,0.0184083,1054011132
1788715485287,buy,79739.2,0.00557495,1054011131
1788715485143,buy,79737.6,0.00014007,1054011130
1788715485143,buy,79737.6,0.02269342,1054011129
1788715485143,buy,79737.6,0.01404088,1054011128
1788715485141,buy,79737.6,0.000011,1054011127
1788715485094,buy,79737.6,0.0005,1054011126
1788715484792,buy,79734.3,0.00619884,1054011125
1788715484791,buy,79733.7,0.00028323,1054011124
1788715484791,buy,79733.7,0.03557031,1054011123
1788715484651,buy,79733.7,0.000011,1054011122
1788715484640,buy,79733.4,0.00025792,1054011121
1788715484640,buy,79733.3,0.0000126,1054011120
1788715484609,buy,79730.8,0.0000102,1054011119
1788715484607,buy,79729.2,0.00015212,1054011118
1788715484607,buy,79729.2,0.00001,1054011117
1788715484607,buy,79729.2,0.00478081,1054011116
1788715484607,buy,79729.2,0.00507543,1054011115
1788715484607,buy,79729.2,0.00478056,1054011114
1788715484607,buy,79729.2,0.00506594,1054011113
1788715484607,buy,79729.2,0.00001,1054011112
1788715482317,sell,79729.1,0.04390012,1054011111
1788715482317,sell,79730.1,0.0000102,1054011110
1788715482317,sell,79730.5,0.00201734,1054011109
1788715482317,sell,79732.5,0.0000102,1054011108
1788715482317,sell,79732.7,0.00313547,1054011107
1788715482317,sell,79733,0.00507543,1054011106
1788715482317,sell,79733,0.00507544,1054011105
1788715482317,sell,79733,0.00005108,1054011104
1788715479086,sell,79733,0.00186945,1054011103
1788715477096,buy,79733.1,0.00255101,1054011102
1788715475206,sell,79733.3,1.24456531,1054011101
1788715475206,sell,79733.3,0.0009,1054011100
1788715475206,sell,79733.3,0.0012,1054011099
1788715475206,sell,79733.3,0.0218,1054011098
1788715475206,sell,79733.3,0.00024712,1054011097
1788715475206,sell,79733.3,0.1201,1054011096
1788715475206,sell,79733.3,0.00257307,1054011095
1788715475206,sell,79733.3,0.00085406,1054011094
1788715475206,sell,79733.3,0.00418194,1054011093
1788715475206,sell,79733.3,0.00393482,1054011092
1788715475094,buy,79733.4,0.0005,1054011091
1788715473324,sell,79733.3,0.00024712,1054011090
1788715472039,sell,79733.3,0.00024712,1054011089
1788715470933,sell,79733.3,0.000011,1054011088
1788715470924,sell,79733.5,0.15878726,1054011087
1788715470924,sell,79733.6,0.00009703,1054011086
1788715470924,sell,79733.6,0.00001,1054011085
1788715470924,sell,79733.6,0.00410845,1054011084
1788715470924,sell,79733.6,0.00408892,1054011083
1788715470924,sell,79733.6,0.00423021,1054011082
1788715470924,sell,79733.6,0.00001,1054011081
1788715470924,sell,79733.6,0.00251367,1054011080
1788715470924,sell,79733.6,0.00170699,1054011079
1788715470924,sell,79733.6,0.00001,1054011078
1788715470924,sell,79733.6,0.03848,1054011077
1788715470084,buy,79733.7,0.0016,1054011076
1788715467762,buy,79733.7,0.00125417,1054011075
1788715466958,buy,79733.7,0.00050166,1054011074
1788715466162,buy,79733.7,0.00050166,1054011073
1788715465537,buy,79730.8,0.07190593,1054011072
1788715465537,buy,79730.8,0.09858925,1054011071
1788715465537,buy,79730.2,0.0000126,1054011070
1788715465537,buy,79730,0.01651719,1054011069
1788715465537,buy,79730,0.00008096,1054011068
1788715465537,buy,79729.2,0.05168974,1054011067
1788715465537,buy,79729.2,0.19969455,1054011066
1788715465537,buy,79729.2,0.00313578,1054011065
1788715465094,buy,79729.2,0.0005,1054011064
1788715465050,sell,79729.1,0.00024714,1054011063
1788715462703,buy,79729.2,0.00011,1054011062
1788715462143,buy,79729.2,0.0012,1054011061
1788715462143,buy,79729.2,0.00004164,1054011060
1788715462143,buy,79729.2,0.00082631,1054011059
1788715462143,buy,79729.2,0.0031358,1054011058
1788715462143,buy,79729.2,0.00077842,1054011057
1788715462143,buy,79729.2,0.00381752,1054011056
1788715462143,buy,79729.2,0.00381752,1054011055
1788715462004,buy,79729.1,0.00031732,1054011054
1788715554683,sell,79757.7,0.00256976,1054011320
1788715554683,sell,79757.7,0.00256976,1054011319
1788715554683,sell,79757.7,0.01,1054011318
1788715552427,sell,79757.7,0.000011,1054011317
1788715550702,sell,79758.3,0.0000126,1054011316
1788715550700,sell,79759,0.00039135,1054011315
1788715550700,sell,79760,0.00008096,1054011314
1788715550699,sell,79760.8,1.04210738,1054011313
1788715550699,sell,79760.9,0.00106799,1054011312
1788715550699,sell,79761.3,0.00001128,1054011311
1788715550699,sell,79761.3,0.00313435,1054011310
1788715550689,sell,79761.5,0.00001318,1054011309
1788715550642,sell,79761.6,0.0000154,1054011308
1788715550642,sell,79761.6,0.00249644,1054011307
1788715550616,sell,79761.6,0.000011,1054011306
1788715550602,sell,79762.1,0.0000102,1054011305
1788715550599,sell,79764.5,0.00001259,1054011304
1788715550599,sell,79764.8,0.00106799,1054011303
1788715550599,sell,79765.7,0.00090301,1054011302
1788715550599,sell,79765.7,0.00082162,1054011301
1788715550599,sell,79765.7,0.01,1054011300
1788715550599,sell,79765.7,0.000018,1054011299
1788715549057,sell,79770,0.00001349,1054011298
1788715547582,sell,79766,0.00002103,1054011297
1788715547582,sell,79766,0.00249417,1054011296
1788715547471,sell,79768.7,0.00106799,1054011295
1788715547471,sell,79770,0.00002457,1054011294
1788715547471,sell,79770,0.00124319,1054011293
1788715547471,sell,79770,0.00008096,1054011292
1788715547311,sell,79770.4,0.00023836,1054011291
1788715547311,sell,79770.8,0.00001259,1054011290
1788715547309,sell,79772.6,0.00106799,1054011289
1788715547308,sell,79773.7,0.01,1054011288
1788715547308,sell,79773.9,0.00001259,1054011287
1788715547308,sell,79775.4,0.00313391,1054011286
1788715547308,sell,79776.5,0.00106799,1054011285
1788715547308,sell,79777,0.06568277,1054011284
1788715547307,sell,79780.1,0.00313361,1054011283
1788715547307,sell,79780.4,0.00237301,1054011282
1788715547307,sell,79780.4,0.00306024,1054011281
1788715547307,sell,79780.4,0.00002871,1054011280
1788715547307,sell,79780.4,0.00306055,1054011279
1788715547307,sell,79780.4,0.00377338,1054011278
1788715547307,sell,79780.4,0.00306055,1054011277
1788715547307,sell,79780.4,0.0027373,1054011276
1788715545781,buy,79780.5,0.00250687,1054011275
1788715545094,buy,79780.5,0.0005,1054011274
1788715543462,buy,79780.5,1.30701855,1054011273
1788715543462,buy,79780.5,0.0035,1054011272
1788715543462,buy,79780.5,0.21756,1054011271
1788715543462,buy,79780.5,0.0945,1054011270
1788715543462,buy,79780.5,0.0163,1054011269
1788715543462,buy,79780.5,0.00138059,1054011268
1788715543462,buy,79780.5,0.02636586,1054011267
1788715543462,buy,79780.5,0.09685039,1054011266
1788715543462,buy,79780.5,0.06,1054011265
1788715543462,buy,79780.5,0.00306055,1054011264
1788715543462,buy,79780.5,0.00306055,1054011263
1788715543462,buy,79780.5,0.1201,1054011262
1788715543462,buy,79780.5,0.0321981,1054011261
1788715543462,buy,79780.5,0.00082162,1054011260
1788715543462,buy,79780.5,0.00154953,1054011259
1788715538741,buy,79780.5,0.0011,1054011258
1788715537476,sell,79780.4,0.00103609,1054011257
1788715537476,sell,79780.4,0.00306055,1054011256
1788715537476,sell,79780.4,0.00003537,1054011255
1788715537476,sell,79780.4,0.00106799,1054011254
1788715536922,buy,79780.5,0.00062671,1054011253
1788715535093,buy,79780.5,0.0005,1054011252
1788715534844,sell,79780.4,0.000011,1054011251
1788715533720,buy,79780.5,0.0021377,1054011250
1788715532756,sell,79780.4,0.00027775,1054011249
1788715531744,buy,79780.5,0.00001754,1054011248
1788715531136,buy,79780,0.00001261,1054011247
1788715531136,buy,79780,0.00008096,1054011246
1788715531136,buy,79779,0.00039135,1054011245
1788715531136,buy,79778.7,0.0000102,1054011244
1788715531135,buy,79778.5,0.04107277,1054011243
1788715531135,buy,79778.5,0.00313165,1054011242
1788715531135,buy,79778.5,0.00313164,1054011241
1788715530942,buy,79776.5,0.00056966,1054011240
1788715530708,buy,79770.7,0.00001259,1054011239
1788715530708,buy,79770,0.00008096,1054011238
1788715530708,buy,79769.2,0.0000102,1054011237
1788715530708,buy,79767.6,0.00001259,1054011236
1788715530706,buy,79762.5,0.00394998,1054011235
1788715530609,buy,79762.5,0.000011,1054011234
1788715530084,buy,79762.5,0.0016,1054011233
1788715529966,buy,79762.5,0.000011,1054011232
1788715529365,buy,79762.5,0.00062686,1054011231
1788715528823,buy,79762,0.0000102,1054011230
1788715528823,buy,79761.7,0.000011,1054011229
1788715528822,buy,79761.5,0.00050636,1054011228
1788715528822,buy,79761.5,0.00476374,1054011227
1788715527803,buy,79761.5,0.00018806,1054011226
1788715527540,buy,79761.5,0.000011,1054011225
1788715526791,sell,79761.4,0.00254845,1054011224
1788715525856,buy,79761.5,0.00073588,1054011223
1788715525093,buy,79761.5,0.0005,1054011222
1788715524787,buy,79761.3,0.0000126,1054011221
1788715607816,buy,79733.9,0.00721764,1054011385
1788715607816,buy,79733.9,0.00024,1054011384
1788715605093,buy,79733.9,0.0005,1054011383
1788715604271,buy,79733.9,0.00046,1054011382
1788715598633,sell,79736.6,0.00106799,1054011381
1788715598631,sell,79739,0.00122211,1054011380
1788715598631,sell,79739,0.01,1054011379
1788715598631,sell,79739,0.00038035,1054011378
1788715598581,sell,79739,0.000011,1054011377
1788715595093,buy,79739.1,0.0004,1054011376
1788715595093,buy,79739.1,0.00008739,1054011375
1788715595093,buy,79739.1,0.00001261,1054011374
1788715594927,sell,79740,0.00008096,1054011373
1788715594927,sell,79740.5,0.00106799,1054011372
1788715594926,sell,79741.7,0.00145269,1054011371
1788715594926,sell,79741.7,0.01090047,1054011370
1788715594926,sell,79741.7,0.04857051,1054011369
1788715594913,sell,79741.7,0.04051802,1054011368
1788715594782,sell,79741.7,0.000011,1054011367
1788715594777,sell,79742.8,0.0000126,1054011366
1788715594777,sell,79744.4,0.00106808,1054011365
1788715594777,sell,79744.7,0.003135,1054011364
1788715594777,sell,79745.4,0.00062762,1054011363
1788715594777,sell,79745.4,0.00018719,1054011362
1788715594777,sell,79745.4,0.01,1054011361
1788715594777,sell,79745.4,0.00285008,1054011360
1788715594777,sell,79745.4,0.00266289,1054011359
1788715592348,sell,79745.4,0.00018719,1054011358
1788715590084,buy,79745.5,0.0016,1054011357
1788715588877,sell,79745.4,0.00416457,1054011356
1788715588877,sell,79745.4,0.00285008,1054011355
1788715588877,sell,79745.4,0.00285008,1054011354
1788715585620,sell,79745.4,0.00038151,1054011353
1788715585402,buy,79745.5,0.00012539,1054011352
1788715585093,buy,79745.5,0.0005,1054011351
1788715580562,buy,79745.5,0.00002507,1054011350
1788715579074,buy,79745.5,0.00075239,1054011349
1788715575094,buy,79745.5,0.0005,1054011348
1788715570999,buy,79745.5,0.00002507,1054011347
1788715568581,sell,79749,0.00313483,1054011346
1788715568581,sell,79749.2,0.00106799,1054011345
1788715568580,sell,79749.7,0.00127699,1054011344
1788715568580,sell,79749.7,0.01,1054011343
1788715568580,sell,79749.7,0.00276377,1054011342
1788715568580,sell,79749.7,0.00276376,1054011341
1788715565360,sell,79749.7,0.00433667,1054011340
1788715565360,sell,79749.7,0.00082197,1054011339
1788715564918,buy,79749.8,0.00281254,1054011338
1788715563084,buy,79749.8,0.0016,1054011337
1788715561084,buy,79749.8,0.0016,1054011336
1788715559085,buy,79749.8,0.000532,1054011335
1788715559085,buy,79749.8,0.000968,1054011334
1788715559085,buy,79749.8,0.0001,1054011333
1788715557458,sell,79750,0.00008096,1054011332
1788715557458,sell,79752.1,0.0000126,1054011331
1788715557456,sell,79753.1,0.00106799,1054011330
1788715557456,sell,79753.3,0.00475207,1054011329
1788715557456,sell,79757,0.00106799,1054011328
1788715557455,sell,79757.2,0.00136602,1054011327
1788715557455,sell,79757.2,0.01,1054011326
1788715557455,sell,79757.2,0.00312351,1054011325
1788715557441,sell,79757.2,0.000011,1054011324
1788715557084,buy,79757.3,0.0001,1054011323
1788715557084,buy,79757.3,0.00135711,1054011322
1788715557084,buy,79757.3,0.00014289,1054011321
1788715665092,buy,79723.5,0.0005,1054011481
1788715664201,sell,79723.4,0.00053619,1054011480
1788715657459,buy,79720,0.00008096,1054011479
1788715657455,buy,79714.7,0.0000126,1054011478
1788715657454,buy,79712.2,0.01514876,1054011477
1788715657454,buy,79712,0.00004418,1054011476
1788715657454,buy,79712,0.02719276,1054011475
1788715657454,buy,79712,0.000011,1054011474
1788715657453,buy,79712,0.00324524,1054011473
1788715657453,buy,79712,0.00344763,1054011472
1788715657453,buy,79712,0.00428975,1054011471
1788715657453,buy,79712,0.00344763,1054011470
1788715657453,buy,79712,0.00428975,1054011469
1788715655094,buy,79712,0.0005,1054011468
1788715654587,sell,79711.9,0.00383811,1054011467
1788715652395,buy,79712,0.01600662,1054011466
1788715650084,buy,79712,0.0016,1054011465
1788715649052,sell,79711.9,0.00061759,1054011464
1788715646225,buy,79712,0.02096472,1054011463
1788715646221,buy,79710,0.0000102,1054011462
1788715646221,buy,79709.2,0.00477464,1054011461
1788715645093,buy,79709.2,0.0005,1054011460
1788715643236,buy,79709.2,0.000011,1054011459
1788715643226,buy,79709,0.10650444,1054011458
1788715643226,buy,79709,0.02353368,1054011457
1788715643226,buy,79709,0.01837076,1054011456
1788715641646,buy,79709,0.00001254,1054011455
1788715641468,buy,79709,0.0000537,1054011454
1788715638354,sell,79708.9,0.00240374,1054011453
1788715638069,buy,79709,0.0050299,1054011452
1788715635802,buy,79709,0.00006272,1054011451
1788715635093,buy,79709,0.00049999,1054011450
1788715635093,buy,79709,0.00000001,1054011449
1788715632817,sell,79709.3,0.00106799,1054011448
1788715632575,buy,79709.4,0.01409876,1054011447
1788715632575,buy,79709.4,0.00472584,1054011446
1788715632574,buy,79709.4,0.0188246,1054011445
1788715632562,buy,79709.4,0.00564913,1054011444
1788715632562,buy,79709.4,0.00000001,1054011443
1788715632560,sell,79709.4,0.00078121,1054011442
1788715632558,sell,79709.4,0.000011,1054011441
1788715632288,sell,79709.4,0.00019963,1054011440
1788715632288,sell,79709.4,0.00089999,1054011439
1788715632284,sell,79709.4,0.00000001,1054011438
1788715632284,sell,79709.4,0.00109961,1054011437
1788715632281,sell,79710,0.00008096,1054011436
1788715632281,sell,79711.7,0.0000126,1054011435
1788715632280,sell,79713.2,0.00106799,1054011434
1788715632279,sell,79714.8,0.0000126,1054011433
1788715632279,sell,79716.5,0.0000102,1054011432
1788715632279,sell,79716.6,0.00033972,1054011431
1788715632279,sell,79716.9,0.00310826,1054011430
1788715632279,sell,79716.9,0.00310826,1054011429
1788715632279,sell,79716.9,0.00176562,1054011428
1788715632279,sell,79716.9,0.01,1054011427
1788715632279,sell,79716.9,0.00025262,1054011426
1788715632033,sell,79716.9,0.000011,1054011425
1788715630056,sell,79716.9,0.00001961,1054011424
1788715628924,sell,79717.1,0.00001201,1054011423
1788715628923,sell,79717.1,0.00105598,1054011422
1788715628923,sell,79717.9,0.0000126,1054011421
1788715628923,sell,79719,0.00014007,1054011420
1788715628923,sell,79719,0.00039135,1054011419
1788715628561,sell,79720,0.00008096,1054011418
1788715628561,sell,79721,0.00106799,1054011417
1788715628561,sell,79721.3,0.0000102,1054011416
1788715628560,sell,79724.9,0.00106799,1054011415
1788715628354,sell,79727.2,0.0000126,1054011414
1788715628353,sell,79728.8,0.00106799,1054011413
1788715628353,sell,79729.1,0.00076998,1054011412
1788715628353,sell,79729.1,0.09125304,1054011411
1788715628353,sell,79729.1,0.19364426,1054011410
1788715628336,sell,79730,0.00008096,1054011409
1788715628335,sell,79731,0.04045626,1054011408
1788715628335,sell,79731,0.00827213,1054011407
1788715628334,sell,79731,0.05127161,1054011406
1788715628334,sell,79732.7,0.00119875,1054011405
1788715628334,sell,79732.7,0.01,1054011404
1788715628334,sell,79732.7,0.00105699,1054011403
1788715628331,sell,79732.7,0.000011,1054011402
1788715627523,buy,79732.8,0.00717756,1054011401
1788715625181,buy,79732.8,0.01250498,1054011400
1788715623084,buy,79732.8,0.0016,1054011399
1788715621084,buy,79732.8,0.0016,1054011398
1788715620505,sell,79733.8,0.02179965,1054011397
1788715620505,sell,79733.8,0.00130571,1054011396
1788715620505,sell,79733.8,0.00314382,1054011395
1788715620505,sell,79733.8,0.00314382,1054011394
1788715620505,sell,79733.8,0.01,1054011393
1788715619084,buy,79733.9,0.00017418,1054011392
1788715619084,buy,79733.9,0.00142582,1054011391
1788715618136,buy,79733.9,0.001718,1054011390
1788715618136,buy,79733.9,0.00798347,1054011389
1788715618136,buy,79733.9,0.00798347,1054011388
1788715618129,buy,79733.9,0.000011,1054011387
1788715617084,buy,79733.9,0.0016,1054011386
1788722658158,sell,79853.7,0.00117792,1054024410
1788722655256,sell,79853.7,0.00001604,1054024409
1788722655093,buy,79853.8,0.0005,1054024408
1788722652561,buy,79853.8,0.00002504,1054024407
1788722652324,buy,79853.8,0.00239882,1054024406
1788722643751,buy,79853.8,0.00001252,1054024405
1788722643084,buy,79853.8,0.0016,1054024404
1788722642991,sell,79853.7,0.00039545,1054024403
1788722642024,sell,79853.7,0.00043582,1054024402
1788722642024,sell,79853.7,0.00062535,1054024401
1788722641090,buy,79853.8,0.0016,1054024400
1788722639085,buy,79853.8,0.0016,1054024399
1788722638465,buy,79853.8,0.00537369,1054024398
1788722637479,buy,79853.8,0.00538,1054024397
1788722637084,buy,79853.8,0.0016,1054024396
1788722636260,buy,79853.8,0.01367368,1054024395
1788722635498,buy,79853.8,0.01368999,1054024394
1788722634579,buy,79853.8,0.01367443,1054024393
1788722633917,buy,79853.8,0.00764942,1054024392
1788722633917,buy,79853.8,0.00603058,1054024391
1788722632812,buy,79853.8,0.01576942,1054024390
1788722632812,buy,79853.8,0.00341208,1054024389
1788722632812,buy,79853.8,0.00298536,1054024388
1788722632219,buy,79853.8,0.00016,1054024387
1788722631373,buy,79853.8,0.00004025,1054024386
1788722625949,buy,79853.8,0.00022647,1054024385
1788722625949,buy,79853.8,0.000146,1054024384
1788722625949,buy,79853.8,0.00230116,1054024383
1788722625093,buy,79853.8,0.0005,1054024382
1788722619568,sell,79853.7,0.00346992,1054024381
1788722617916,sell,79853.7,0.007649,1054024380
1788722615094,buy,79853.8,0.0005,1054024379
1788722612157,sell,79853.7,0.00199681,1054024378
1788722610085,buy,79853.8,0.0016,1054024377
1788722606877,buy,79853.2,0.00001501,1054024376
1788722606877,buy,79851.6,0.00001258,1054024375
1788722606877,buy,79850,0.00008096,1054024374
1788722606875,buy,79846.8,0.00357142,1054024373
1788722606875,buy,79846.8,0.00357143,1054024372
1788722606875,buy,79846.8,0.02524935,1054024371
1788722606875,buy,79846.8,0.00014602,1054024370
1788722606875,buy,79846.8,0.00313108,1054024369
1788722606875,buy,79846.8,0.00488855,1054024368
1788722605093,buy,79846.8,0.0005,1054024367
1788722605059,sell,79846.7,0.00012,1054024366
1788722602283,buy,79845.2,0.000015,1054024365
1788722602273,buy,79841.1,0.0000102,1054024364
1788722602273,buy,79840,0.00008096,1054024363
1788722602273,buy,79839.1,0.00001258,1054024362
1788722602271,buy,79837.1,0.00313,1054024361
1788722602270,buy,79834.3,0.01770853,1054024360
1788722602263,buy,79834.3,0.000011,1054024359
1788722600934,buy,79834.3,0.00042854,1054024358
1788722600125,sell,79834.2,0.00626339,1054024357
1788722598159,buy,79833.1,0.00018288,1054024356
1788722598149,buy,79833.1,0.0000102,1054024355
1788722598148,buy,79832.9,0.00018257,1054024354
1788722598148,buy,79832.9,0.00093304,1054024353
1788722598147,buy,79832.6,0.01097963,1054024352
1788722598147,buy,79832.6,0.12471826,1054024351
1788722598145,buy,79832.6,0.000011,1054024350
1788722597525,buy,79832.6,0.0000294,1054024349
1788722595093,buy,79832.6,0.0005,1054024348
1788722592812,buy,79832.4,0.00093945,1054024347
1788722592806,buy,79829.8,0.00001258,1054024346
1788722592806,buy,79828.3,0.0000102,1054024345
1788722592805,buy,79827.9,0.00250563,1054024344
1788722592805,buy,79827.5,0.01,1054024343
1788722592805,buy,79827,0.01,1054024342
1788722592805,buy,79826.9,0.00172874,1054024341
1788722592805,buy,79826.9,0.00003131,1054024340
1788722592805,buy,79826.9,0.00047793,1054024339
1788722592805,buy,79826.9,0.00159759,1054024338
1788722592805,buy,79826.9,0.00038601,1054024337
1788722592805,buy,79826.9,0.00427609,1054024336
1788722592805,buy,79826.9,0.00001,1054024335
1788722592805,buy,79826.9,0.00004209,1054024334
1788722591760,buy,79826.9,0.00172874,1054024333
1788722588559,buy,79826.9,0.00003131,1054024332
1788722585891,buy,79826.9,0.00047793,1054024331
1788722583084,buy,79826.9,0.0016,1054024330
1788722582959,buy,79823.9,0.00025055,1054024329
1788722581806,buy,79826.9,0.00039585,1054024328
1788722581245,sell,79826.8,0.00029005,1054024327
1788722581084,buy,79826.9,0.0016,1054024326
1788722580861,buy,79823.2,0.00625831,1054024325
1788722580861,buy,79822.9,0.005,1054024324
1788722580861,buy,79822.9,0.00313183,1054024323
1788722580861,buy,79822.9,0.00027411,1054024322
1788722580861,buy,79822.9,0.00044776,1054024321
1788722580861,buy,79822.9,0.00001,1054024320
1788722580861,buy,79822.9,0.00001,1054024319
1788722580861,buy,79822.9,0.00018641,1054024318
1788722580861,buy,79822.9,0.00001,1054024317
1788722580861,buy,79822.9,0.00390532,1054024316
1788722580861,buy,79822.9,0.00001,1054024315
1788722580861,buy,79822.9,0.00762393,1054024314
1788722580861,buy,79822.9,0.00390541,1054024313
1788722580861,buy,79822.9,0.00370885,1054024312
1788722580861,buy,79822.9,0.00369866,1054024311
1788722714030,sell,79880.7,0.000011,1054024498
1788722712604,buy,79877.9,0.00012519,1054024497
1788722712220,buy,79880,0.00008096,1054024496
1788722712220,buy,79879,0.00039135,1054024495
1788722712199,buy,79877.8,0.00059,1054024494
1788722712198,buy,79877.8,0.00066062,1054024493
1788722712198,buy,79877.2,0.00001501,1054024492
1788722712198,buy,79876.5,0.00001258,1054024491
1788722712198,buy,79875,0.00018779,1054024490
1788722711941,buy,79872.2,0.0000102,1054024489
1788722711941,buy,79870.6,0.0000102,1054024488
1788722711936,buy,79870,0.00009404,1054024487
1788722711936,buy,79870,0.00008096,1054024486
1788722711913,buy,79868.5,0.000011,1054024485
1788722711884,buy,79868.5,0.00103281,1054024484
1788722711884,buy,79868.5,0.00047448,1054024483
1788722711884,buy,79868.5,0.00313019,1054024482
1788722711884,buy,79868.5,0.00380987,1054024481
1788722711884,buy,79868.5,0.00001,1054024480
1788722711884,buy,79868.5,0.0021361,1054024479
1788722711510,sell,79868.4,0.01479,1054024478
1788722711066,buy,79868.5,0.00167368,1054024477
1788722711066,buy,79868.5,0.00892632,1054024476
1788722710128,buy,79868.5,0.00760093,1054024475
1788722710128,buy,79868.5,0.00013621,1054024474
1788722709473,buy,79868.5,0.00771,1054024473
1788722708371,buy,79868.5,0.04210946,1054024472
1788722708371,buy,79867.4,0.0000102,1054024471
1788722708371,buy,79866.9,0.00313019,1054024470
1788722708371,buy,79866.7,0.00380995,1054024469
1788722708371,buy,79866.7,0.00380995,1054024468
1788722707415,buy,79866.7,0.05287,1054024467
1788722706014,buy,79866.7,0.0000901,1054024466
1788722706014,buy,79866.7,0.00380995,1054024465
1788722706014,buy,79866.7,0.00380995,1054024464
1788722705523,sell,79866.6,0.0216,1054024463
1788722704493,buy,79866.7,0.01683513,1054024462
1788722704340,buy,79866.7,0.0005409,1054024461
1788722703694,buy,79866.7,0.01181661,1054024460
1788722703694,buy,79866.7,0.0016,1054024459
1788722703694,buy,79866.7,0.00343338,1054024458
1788722703085,buy,79866.7,0.0016,1054024457
1788722702961,buy,79866.7,0.01252086,1054024456
1788722702335,buy,79866.7,0.00424576,1054024455
1788722702335,buy,79866.7,0.00086235,1054024454
1788722702159,buy,79866.7,0.00003756,1054024453
1788722701133,buy,79866.7,0.00073819,1054024452
1788722701133,buy,79866.7,0.00380995,1054024451
1788722701133,buy,79866.7,0.00057185,1054024450
1788722701084,buy,79866.7,0.0016,1054024449
1788722700939,sell,79866.6,0.02935054,1054024448
1788722700222,buy,79866.7,0.0016381,1054024447
1788722699651,buy,79866.7,0.00901,1054024446
1788722699084,buy,79866.7,0.0016,1054024445
1788722698523,buy,79866.7,0.0233652,1054024444
1788722698019,sell,79866.6,0.00306941,1054024443
1788722697690,buy,79866.7,0.00361843,1054024442
1788722697690,buy,79866.7,0.01974652,1054024441
1788722697084,buy,79866.7,0.0016,1054024440
1788722686534,buy,79866.7,0.00045,1054024439
1788722685094,buy,79866.7,0.0005,1054024438
1788722680193,sell,79866.6,0.01385044,1054024437
1788722677536,buy,79866.7,0.00001057,1054024436
1788722677496,buy,79864.3,0.0000102,1054024435
1788722677496,buy,79864.1,0.00001258,1054024434
1788722677496,buy,79862.7,0.0000102,1054024433
1788722677495,buy,79861.1,0.000011,1054024432
1788722675093,buy,79861.1,0.0005,1054024431
1788722674933,buy,79861.1,0.000011,1054024430
1788722674440,buy,79861.1,0.00194545,1054024429
1788722670085,buy,79861.1,0.0016,1054024428
1788722669622,sell,79861,0.00496661,1054024427
1788722669150,buy,79860.9,0.00001258,1054024426
1788722669150,buy,79860,0.00008096,1054024425
1788722669150,buy,79859,0.00039135,1054024424
1788722669133,buy,79858.7,0.000011,1054024423
1788722669040,buy,79858.7,0.000876,1054024422
1788722668320,buy,79856,0.00001012,1054024421
1788722668022,buy,79854.7,0.0000102,1054024420
1788722667820,buy,79854.1,0.00127865,1054024419
1788722667762,buy,79853.8,0.00125228,1054024418
1788722667576,buy,79853.9,0.0000102,1054024417
1788722667576,buy,79853.8,0.00001829,1054024416
1788722666957,buy,79853.8,0.00050091,1054024415
1788722665093,buy,79853.8,0.00027353,1054024414
1788722665093,buy,79853.8,0.00022647,1054024413
1788722659148,sell,79853.7,0.00175891,1054024412
1788722659148,sell,79853.7,0.00450254,1054024411
1788722767509,buy,79862.3,0.00001194,1054024732
1788722763374,sell,79862.2,0.00162,1054024731
1788722763084,buy,79862.3,0.0016,1054024730
1788722761084,buy,79862.3,0.0016,1054024729
1788722759279,sell,79862.2,0.00048365,1054024728
1788722759084,buy,79862.3,0.0016,1054024727
1788722757084,buy,79862.3,0.0016,1054024726
1788722752038,sell,79864,0.00838149,1054024725
1788722752038,sell,79864,0.03161851,1054024724
1788722752038,sell,79864,0.0581184,1054024723
1788722752038,sell,79864.2,0.00001258,1054024722
1788722752038,sell,79865.2,0.0000102,1054024721
1788722752038,sell,79865.4,0.001,1054024720
1788722752038,sell,79865.7,0.00134618,1054024719
1788722752038,sell,79865.7,0.00132101,1054024718
1788722752038,sell,79866.7,0.000015,1054024717
1788722752038,sell,79866.8,0.01394336,1054024716
1788722752038,sell,79867.3,0.00001258,1054024715
1788722752038,sell,79867.5,0.001625,1054024714
1788722752038,sell,79867.6,0.00250453,1054024713
1788722752038,sell,79870,0.00008096,1054024712
1788722752038,sell,79871.1,0.0000102,1054024711
1788722752035,sell,79874.4,0.001,1054024710
1788722752034,sell,79876.6,0.00001258,1054024709
1788722752034,sell,79877.5,0.01636951,1054024708
1788722752034,sell,79877.5,0.09,1054024707
1788722752034,sell,79877.5,0.0566,1054024706
1788722752034,sell,79877.5,0.02580164,1054024705
1788722752034,sell,79877.5,0.0496,1054024704
1788722752034,sell,79877.5,0.05232689,1054024703
1788722752034,sell,79877.5,0.00930196,1054024702
1788722752034,sell,79878,0.14390862,1054024701
1788722752033,sell,79878,0.09,1054024700
1788722752033,sell,79878,0.06609138,1054024699
1788722752033,sell,79878,0.00312977,1054024698
1788722752033,sell,79878.3,0.0035846,1054024697
1788722752033,sell,79878.3,0.0035846,1054024696
1788722752033,sell,79878.3,0.02449845,1054024695
1788722752033,sell,79878.3,0.02449844,1054024694
1788722751557,sell,79878.3,0.00001093,1054024693
1788722750481,buy,79878.4,0.01,1054024692
1788722746532,buy,79878.4,0.01,1054024691
1788722745093,buy,79878.4,0.0005,1054024690
1788722743360,buy,79878.4,0.00001895,1054024689
1788722741797,buy,79878.4,0.00571549,1054024688
1788722741797,buy,79878.4,0.00428451,1054024687
1788722739001,sell,79878.3,0.00124,1054024686
1788722735093,buy,79878.4,0.0005,1054024685
1788722732997,buy,79878.4,0.00001194,1054024684
1788722730085,buy,79878.4,0.0016,1054024683
1788722729363,buy,79878.4,0.00062595,1054024682
1788722727803,buy,79878.4,0.00018778,1054024681
1788722725093,buy,79878.4,0.0005,1054024680
1788722718163,buy,79878.4,0.00005007,1054024679
1788722718006,buy,79878.4,0.00001029,1054024678
1788722718006,buy,79878.4,0.00001029,1054024677
1788722718006,buy,79878.4,0.00001029,1054024676
1788722718006,buy,79878.4,0.00001029,1054024675
1788722718006,buy,79878.4,0.00001029,1054024674
1788722718006,buy,79878.4,0.00001029,1054024673
1788722718006,buy,79878.4,0.00001029,1054024672
1788722718006,buy,79878.4,0.00001029,1054024671
1788722718006,buy,79878.4,0.00001029,1054024670
1788722718006,buy,79878.4,0.00001029,1054024669
1788722718006,buy,79878.4,0.00001029,1054024668
1788722718006,buy,79878.4,0.00001029,1054024667
1788722718006,buy,79878.4,0.00001029,1054024666
1788722718006,buy,79878.4,0.00001029,1054024665
1788722718006,buy,79878.4,0.00001029,1054024664
1788722718006,buy,79878.4,0.00001029,1054024663
1788722718006,buy,79878.4,0.00001029,1054024662
1788722718006,buy,79878.4,0.00001029,1054024661
1788722718006,buy,79878.4,0.00001029,1054024660
1788722718006,buy,79878.4,0.00001029,1054024659
1788722718006,buy,79878.4,0.00001029,1054024658
1788722718006,buy,79878.4,0.00001029,1054024657
1788722718006,buy,79878.4,0.00001029,1054024656
1788722718006,buy,79878.4,0.00001029,1054024655
1788722718006,buy,79878.4,0.00001029,1054024654
1788722718006,buy,79878.4,0.00001029,1054024653
1788722718006,buy,79878.4,0.00001029,1054024652
1788722718006,buy,79878.4,0.00001029,1054024651
1788722718006,buy,79878.4,0.00001029,1054024650
1788722718006,buy,79878.4,0.00001029,1054024649
1788722718006,buy,79878.4,0.00001029,1054024648
1788722718006,buy,79878.4,0.00001029,1054024647
1788722718006,buy,79878.4,0.00001029,1054024646
1788722718006,buy,79878.4,0.00001029,1054024645
1788722718006,buy,79878.4,0.00001029,1054024644
1788722718006,buy,79878.4,0.00001029,1054024643
1788722718006,buy,79878.4,0.00001029,1054024642
1788722718006,buy,79878.4,0.00001029,1054024641
1788722718006,buy,79878.4,0.00001029,1054024640
1788722718006,buy,79878.4,0.00001029,1054024639
1788722718006,buy,79878.4,0.00001029,1054024638
1788722718006,buy,79878.4,0.00001029,1054024637
1788722718006,buy,79878.4,0.00001029,1054024636
1788722718006,buy,79878.4,0.00001029,1054024635
1788722718006,buy,79878.4,0.00001029,1054024634
1788722718006,buy,79878.4,0.00001029,1054024633
1788722823841,sell,79862.2,0.00861647,1054024769
1788722823803,buy,79862.3,0.00529529,1054024768
1788722823351,buy,79862.3,0.0053,1054024767
1788722823084,buy,79862.3,0.0016,1054024766
1788722822305,buy,79862.3,0.00529325,1054024765
1788722821639,buy,79862.3,0.0053,1054024764
1788722821085,buy,79862.3,0.0016,1054024763
1788722820655,buy,79862.3,0.00491661,1054024762
1788722820581,sell,79862.2,0.00001252,1054024761
1788722820490,buy,79862.3,0.00038339,1054024760
1788722819701,sell,79862.2,0.00250853,1054024759
1788722819475,sell,79862.2,0.00029702,1054024758
1788722819085,buy,79862.3,0.0016,1054024757
1788722817681,sell,79862.2,0.01000065,1054024756
1788722817257,sell,79862.2,0.00001874,1054024755
1788722817084,buy,79862.3,0.0016,1054024754
1788722816680,buy,79862.3,0.01,1054024753
1788722810890,sell,79862.2,0.00715152,1054024752
1788722805093,buy,79862.3,0.0005,1054024751
1788722799975,buy,79862.3,0.01382525,1054024750
1788722795246,sell,79862.2,0.00024663,1054024749
1788722795093,buy,79862.3,0.0005,1054024748
1788722795087,buy,79862.3,0.00626245,1054024747
1788722794620,sell,79862.2,0.017572,1054024746
1788722794414,buy,79862.3,0.00021,1054024745
1788722791970,buy,79862.3,0.00800586,1054024744
1788722790085,buy,79862.3,0.0016,1054024743
1788722785361,buy,79862.3,0.0000626,1054024742
1788722785095,buy,79862.3,0.0005,1054024741
1788722782959,buy,79862.3,0.0000626,1054024740
1788722780563,buy,79862.3,0.00002504,1054024739
1788722780150,buy,79862.3,0.0013361,1054024738
1788722780150,buy,79862.3,0.00289438,1054024737
1788722780150,buy,79862.3,0.00289438,1054024736
1788722775094,buy,79862.3,0.0005,1054024735
1788722772561,buy,79862.3,0.00002504,1054024734
1788722771000,buy,79862.3,0.00002504,1054024733
1788722879084,buy,79852,0.0016,1054024894
1788722877084,buy,79852,0.0016,1054024893
1788722875074,sell,79851.9,0.00024668,1054024892
1788722870706,buy,79852,0.00011674,1054024891
1788722870706,buy,79852,0.00011674,1054024890
1788722870706,buy,79852,0.00011674,1054024889
1788722870706,buy,79852,0.00011674,1054024888
1788722870706,buy,79852,0.00011674,1054024887
1788722870706,buy,79852,0.00011674,1054024886
1788722870706,buy,79852,0.00011674,1054024885
1788722870706,buy,79852,0.00011674,1054024884
1788722870706,buy,79852,0.00011674,1054024883
1788722870706,buy,79852,0.00011674,1054024882
1788722870706,buy,79852,0.00011674,1054024881
1788722870706,buy,79852,0.00011674,1054024880
1788722870706,buy,79852,0.00011674,1054024879
1788722870706,buy,79852,0.00011674,1054024878
1788722870706,buy,79852,0.00011674,1054024877
1788722870706,buy,79852,0.00011674,1054024876
1788722870706,buy,79852,0.00011674,1054024875
1788722870706,buy,79852,0.00011674,1054024874
1788722870706,buy,79852,0.00011674,1054024873
1788722870706,buy,79852,0.00011674,1054024872
1788722870706,buy,79852,0.00011674,1054024871
1788722870706,buy,79852,0.00011674,1054024870
1788722868750,buy,79852,0.0053,1054024869
1788722867085,buy,79852,0.00533155,1054024868
1788722866481,buy,79852,0.00534,1054024867
1788722865093,buy,79852,0.0005,1054024866
1788722865048,buy,79852,0.02734948,1054024865
1788722864131,buy,79852,0.02734948,1054024864
1788722863512,buy,79852,0.02735,1054024863
1788722862084,buy,79852,0.02293999,1054024862
1788722861633,buy,79852,0.01,1054024861
1788722861118,sell,79851.9,0.00021,1054024860
1788722861008,buy,79852,0.01,1054024859
1788722860678,buy,79852,0.00534,1054024858
1788722859783,buy,79852,0.00533534,1054024857
1788722859120,buy,79852,0.00534,1054024856
1788722858423,sell,79852.1,0.00313078,1054024855
1788722858423,sell,79852.4,0.00323533,1054024854
1788722858423,sell,79852.4,0.00323532,1054024853
1788722858423,sell,79852.4,0.00535085,1054024852
1788722858423,sell,79852.4,0.00535085,1054024851
1788722857545,buy,79852.5,0.00533805,1054024850
1788722856962,buy,79852.5,0.00534,1054024849
1788722855551,buy,79852.5,0.00534,1054024848
1788722855505,buy,79852.5,0.01,1054024847
1788722855347,buy,79852.5,0.00537031,1054024846
1788722855093,buy,79852.5,0.0005,1054024845
1788722854320,buy,79852.5,0.00538,1054024844
1788722852474,buy,79852.5,0.00002504,1054024843
1788722852453,buy,79852.5,0.01892885,1054024842
1788722851090,buy,79852.5,0.00358299,1054024841
1788722850088,buy,79852.5,0.00533837,1054024840
1788722850085,buy,79852.5,0.00077076,1054024839
1788722850085,buy,79852.5,0.00082924,1054024838
1788722849936,buy,79852.5,0.00007076,1054024837
1788722849936,buy,79852.5,0.00053994,1054024836
1788722849473,buy,79852.5,0.00240003,1054024835
1788722849473,buy,79852.5,0.00293997,1054024834
1788722847985,buy,79852.3,0.0000102,1054024833
1788722847985,buy,79852.2,0.00061251,1054024832
1788722847984,buy,79852.2,0.00251476,1054024831
1788722847984,buy,79852,0.01,1054024830
1788722847984,buy,79852,0.000175,1054024829
1788722847984,buy,79852,0.00290526,1054024828
1788722847984,buy,79852,0.00279968,1054024827
1788722847153,buy,79852,0.00014029,1054024826
1788722847153,buy,79852,0.00003471,1054024825
1788722847152,buy,79852,0.00290526,1054024824
1788722847152,buy,79852,0.00293997,1054024823
1788722847152,buy,79852,0.00972,1054024822
1788722847152,buy,79852,0.00250467,1054024821
1788722847152,buy,79852,0.0002701,1054024820
1788722845840,buy,79852,0.0097199,1054024819
1788722845840,buy,79852,0.0016201,1054024818
1788722845096,buy,79852,0.0004,1054024817
1788722845096,buy,79852,0.0001,1054024816
1788722844449,buy,79852,0.01134,1054024815
1788722843175,buy,79852,0.00534,1054024814
1788722843001,buy,79852,0.00006261,1054024813
1788722840647,sell,79852.4,0.0000102,1054024812
1788722840646,sell,79852.8,0.00320426,1054024811
1788722840646,sell,79852.8,0.00320427,1054024810
1788722840646,sell,79852.8,0.05104221,1054024809
1788722840644,sell,79852.8,0.00895779,1054024808
1788722840503,sell,79853.2,0.00250475,1054024807
1788722840412,sell,79853.6,0.04,1054024806
1788722840412,sell,79853.6,0.01505257,1054024805
1788722840412,sell,79854.5,0.06,1054024804
1788722840412,sell,79854.8,0.00001258,1054024803
1788722840412,sell,79856.7,0.00194522,1054024802
1788722840412,sell,79857.9,0.00001258,1054024801
1788722840412,sell,79858.9,0.00250474,1054024800
1788722840412,sell,79859,0.00039135,1054024799
1788722840412,sell,79860,0.00008096,1054024798
1788722840412,sell,79861,0.00001258,1054024797
1788722840412,sell,79861.2,0.0000102,1054024796
1788722840412,sell,79861.5,0.3,1054024795
1788730431174,sell,79902.5,0.00002368,1054036472
1788730429855,buy,79902.6,0.01420305,1054036471
1788730428132,buy,79902.6,0.00441,1054036470
1788730427676,buy,79902.6,0.01838,1054036469
1788730425094,buy,79902.6,0.0005,1054036468
1788730420682,buy,79902.6,0.00147,1054036467
1788730419479,buy,79902.6,0.01642878,1054036466
1788730415761,sell,79904.4,0.00006,1054036465
1788730415760,sell,79904.6,0.00042101,1054036464
1788730415759,sell,79904.6,0.000011,1054036463
1788730415094,buy,79904.7,0.0005,1054036462
1788730413820,buy,79904.7,0.0006029,1054036461
1788730413820,buy,79904.7,0.012513,1054036460
1788730413820,buy,79904.7,0.00413035,1054036459
1788730413820,buy,79904.7,0.06001453,1054036458
1788730411887,buy,79904.7,0.01714,1054036457
1788730410879,buy,79904.7,0.01714,1054036456
1788730410085,buy,79904.7,0.0016,1054036455
1788730407642,sell,79904.6,0.00136128,1054036454
1788730407642,sell,79904.6,0.00090963,1054036453
1788730406528,buy,79904.7,0.00223999,1054036452
1788730405531,buy,79904.7,0.00223999,1054036451
1788730405093,buy,79904.7,0.0005,1054036450
1788730403764,buy,79904.7,0.00062574,1054036449
1788730395940,buy,79904.7,0.00112,1054036448
1788730395656,sell,79904.6,0.00001396,1054036447
1788730395483,buy,79904.7,0.00018,1054036446
1788730395093,buy,79904.7,0.0005,1054036445
1788730392555,buy,79904.7,0.0086,1054036444
1788730390296,sell,79904.6,0.002993,1054036443
1788730383084,buy,79904.7,0.0016,1054036442
1788730381084,buy,79904.7,0.0016,1054036441
1788730379084,buy,79904.7,0.0016,1054036440
1788730377085,buy,79904.7,0.0016,1054036439
1788730373853,buy,79904.7,0.00550123,1054036438
1788730373853,buy,79904.7,0.00312859,1054036437
1788730365093,buy,79904.7,0.0005,1054036436
1788730364263,sell,79904.7,0.00001257,1054036435
1788730364263,sell,79905.9,0.0000102,1054036434
1788730364263,sell,79906.7,0.00000008,1054036433
1788730364262,sell,79906.7,0.20768912,1054036432
1788730364262,sell,79906.7,0.0001147,1054036431
1788730364262,sell,79906.7,0.00391659,1054036430
1788730364262,sell,79906.7,0.00226388,1054036429
1788730364262,sell,79906.7,0.00165271,1054036428
1788730362959,buy,79906.8,0.00139,1054036427
1788730358118,sell,79906.7,0.00226388,1054036426
1788730358118,sell,79906.7,0.00391659,1054036425
1788730358118,sell,79906.7,0.00020359,1054036424
1788730355094,buy,79906.8,0.0005,1054036423
1788730350084,buy,79906.8,0.0016,1054036422
1788730348543,buy,79906.8,0.00224999,1054036421
1788730345095,buy,79906.8,0.0005,1054036420
1788730344107,buy,79906.8,0.00211003,1054036419
1788730338166,sell,79906.7,0.0002466,1054036418
1788730337996,sell,79906.7,0.00006,1054036417
1788730337292,sell,79906.7,0.000106,1054036416
1788730335093,buy,79906.8,0.00049999,1054036415
1788730335093,buy,79906.8,0.00000001,1054036414
1788730334499,sell,79908.3,0.0000102,1054036413
1788730334498,sell,79908.5,0.00369363,1054036412
1788730334498,sell,79908.5,0.00370364,1054036411
1788730334498,sell,79908.5,0.00001,1054036410
1788730334498,sell,79908.5,0.00312857,1054036409
1788730334045,sell,79908.8,0.00069696,1054036408
1788730334045,sell,79908.8,0.00097695,1054036407
1788730334045,sell,79908.8,0.00334514,1054036406
1788730334045,sell,79908.8,0.00335514,1054036405
1788730334045,sell,79908.8,0.00001,1054036404
1788730327164,sell,79909.1,0.00011117,1054036403
1788730327164,sell,79909.1,0.00063513,1054036402
1788730327164,sell,79909.1,0.00303756,1054036401
1788730327164,sell,79909.1,0.00303756,1054036400
1788730327164,sell,79909.1,0.00013329,1054036399
1788730326202,buy,79909.2,0.00040045,1054036398
1788730323625,buy,79909.2,0.00001251,1054036397
1788730323084,buy,79909.2,0.0016,1054036396
1788730321084,buy,79909.2,0.0016,1054036395
1788730319084,buy,79909.2,0.0016,1054036394
1788730317495,sell,79909.4,0.00015615,1054036393
1788730317084,buy,79909.5,0.0007,1054036392
1788730317084,buy,79909.5,0.0009,1054036391
1788730313446,sell,79909.4,0.00029511,1054036390
1788730310052,buy,79908.7,0.06932685,1054036389
1788730310052,buy,79907.7,0.00001257,1054036388
1788730310052,buy,79907,0.0000102,1054036387
1788730310052,buy,79906.9,0.00250308,1054036386
1788730310052,buy,79906.9,0.00250308,1054036385
1788730310052,buy,79906,0.002503,1054036384
1788730310052,buy,79904.6,0.00001257,1054036383
1788730310052,buy,79902,0.00312865,1054036382
1788730310051,buy,79901.5,0.00001501,1054036381
1788730310050,buy,79900,0.00008096,1054036380
1788730310050,buy,79898.4,0.00001,1054036379
1788730310050,buy,79898.3,0.00341627,1054036378
1788730310050,buy,79898.3,0.00341627,1054036377
1788730310050,buy,79898.3,0.21331934,1054036376
1788730310049,buy,79898.3,0.05548635,1054036375
1788730310049,buy,79898.3,0.05096761,1054036374
1788730307950,buy,79898.3,0.00931688,1054036373
1788730485093,buy,79900.5,0.0005,1054036504
1788730480634,sell,79900.4,0.00054004,1054036503
1788730479556,sell,79900.4,0.00001761,1054036502
1788730475094,buy,79900.5,0.0005,1054036501
1788730471184,buy,79900.5,0.00023875,1054036500
1788730470084,buy,79900.5,0.0016,1054036499
1788730467003,buy,79900.5,0.00006257,1054036498
1788730465093,buy,79900.5,0.0005,1054036497
1788730463431,buy,79900.5,0.00391,1054036496
1788730461544,sell,79900.4,0.01851112,1054036495
1788730461544,sell,79900.4,0.0015,1054036494
1788730461544,sell,79900.4,0.00455551,1054036493
1788730461544,sell,79900.4,0.00295337,1054036492
1788730461083,buy,79900.5,0.00006257,1054036491
1788730455094,buy,79900.5,0.0005,1054036490
1788730453982,sell,79900.4,0.00160213,1054036489
1788730453982,sell,79900.4,0.0001752,1054036488
1788730449798,buy,79900.5,0.00625818,1054036487
1788730448560,buy,79900.5,0.00002503,1054036486
1788730447341,buy,79900.5,0.0062571,1054036485
1788730446961,buy,79900.5,0.00002503,1054036484
1788730444914,sell,79900.4,0.00011,1054036483
1788730443084,buy,79900.5,0.0016,1054036482
1788730442364,sell,79901.5,0.00001257,1054036481
1788730442362,sell,79902.5,0.00023276,1054036480
1788730442361,sell,79902.5,0.000011,1054036479
1788730441083,buy,79902.6,0.0016,1054036478
1788730440118,sell,79902.5,0.00079483,1054036477
1788730439084,buy,79902.6,0.0016,1054036476
1788730437084,buy,79902.6,0.0016,1054036475
1788730434817,buy,79902.6,0.00520706,1054036474
1788730434817,buy,79902.6,0.00730817,1054036473
1788730545093,buy,79910.7,0.0005,1054036615
1788730544890,buy,79912.4,0.0035218,1054036614
1788730544890,buy,79912.4,0.0031282,1054036613
1788730542544,sell,79912.3,0.25158439,1054036612
1788730542544,sell,79912.3,0.1801,1054036611
1788730542544,sell,79912.3,0.0009,1054036610
1788730542544,sell,79912.3,0.0012,1054036609
1788730542544,sell,79912.3,0.0218,1054036608
1788730542544,sell,79912.3,0.21317,1054036607
1788730542544,sell,79912.3,0.059942,1054036606
1788730542544,sell,79912.3,0.058238,1054036605
1788730542544,sell,79912.3,0.059921,1054036604
1788730542352,buy,79910.6,0.0000102,1054036603
1788730542350,buy,79910.4,0.05528512,1054036602
1788730542350,buy,79910.1,0.00429623,1054036601
1788730542350,buy,79910.1,0.00429622,1054036600
1788730542350,buy,79910.1,0.02812243,1054036599
1788730542141,sell,79910,0.00012328,1054036598
1788730540219,buy,79910.1,0.0006134,1054036597
1788730540219,buy,79910.1,0.0053866,1054036596
1788730539657,buy,79910,0.00008096,1054036595
1788730539657,buy,79909.5,0.00001501,1054036594
1788730539652,buy,79903.4,0.0000102,1054036593
1788730539651,buy,79902.9,0.0047247,1054036592
1788730539651,buy,79902.9,0.0012753,1054036591
1788730539651,buy,79902.9,0.04029515,1054036590
1788730539651,buy,79902.9,0.00235053,1054036589
1788730539651,buy,79902.9,0.00260528,1054036588
1788730539651,buy,79902.9,0.00060939,1054036587
1788730539651,buy,79902.9,0.00048947,1054036586
1788730535757,buy,79902.9,0.00362583,1054036585
1788730535757,buy,79902.9,0.00237417,1054036584
1788730535552,buy,79902.9,0.00235053,1054036583
1788730535552,buy,79902.9,0.00368481,1054036582
1788730535094,buy,79902.9,0.0005,1054036581
1788730534374,buy,79902.9,0.00603534,1054036580
1788730532834,buy,79902.9,0.00604,1054036579
1788730531494,buy,79902.9,0.00674,1054036578
1788730530607,buy,79902.9,0.00319282,1054036577
1788730530084,buy,79902.9,0.0016,1054036576
1788730530062,sell,79902.8,0.00024986,1054036575
1788730529788,buy,79902.9,0.00319282,1054036574
1788730529191,buy,79902.9,0.00258061,1054036573
1788730529191,buy,79902.9,0.00060939,1054036572
1788730528123,sell,79902.8,0.00012327,1054036571
1788730528087,buy,79902.9,0.0041153,1054036570
1788730528087,buy,79902.9,0.0047247,1054036569
1788730525499,buy,79902.9,0.00376197,1054036568
1788730525499,buy,79902.9,0.0012,1054036567
1788730525499,buy,79902.9,0.00208322,1054036566
1788730525499,buy,79902.9,0.00368481,1054036565
1788730525093,buy,79902.9,0.0005,1054036564
1788730524435,buy,79902.9,0.01303057,1054036563
1788730523825,buy,79902.9,0.01304,1054036562
1788730523759,buy,79902.9,0.00006257,1054036561
1788730523001,buy,79902.9,0.00006257,1054036560
1788730521143,sell,79902.8,0.00123346,1054036559
1788730520563,buy,79902.9,0.00011263,1054036558
1788730519081,buy,79902.9,0.0000876,1054036557
1788730515092,buy,79900.5,0.0005,1054036556
1788730514578,buy,79902.9,0.00936661,1054036555
1788730514578,buy,79902.9,0.00032879,1054036554
1788730514578,buy,79902.9,0.00086745,1054036553
1788730514451,sell,79902.8,0.00888371,1054036552
1788730513986,buy,79902.9,0.00368792,1054036551
1788730513986,buy,79902.9,0.00001,1054036550
1788730513986,buy,79902.9,0.00455523,1054036549
1788730513986,buy,79902.9,0.00231685,1054036548
1788730513436,buy,79902.9,0.00884998,1054036547
1788730512859,buy,79902.9,0.00285184,1054036546
1788730511752,buy,79902.9,0.00285,1054036545
1788730511277,buy,79902.9,0.00611,1054036544
1788730510708,buy,79901,0.0000102,1054036543
1788730510708,buy,79900.5,0.00160483,1054036542
1788730510708,buy,79900.5,0.0025767,1054036541
1788730510708,buy,79900.5,0.00455551,1054036540
1788730510708,buy,79900.5,0.00295067,1054036539
1788730510708,buy,79900.5,0.00055505,1054036538
1788730510708,buy,79900.5,0.04264773,1054036537
1788730510708,buy,79900.5,0.03953182,1054036536
1788730509722,buy,79900.5,0.006,1054036535
1788730508847,buy,79900.5,0.007,1054036534
1788730508555,buy,79900.5,0.00002127,1054036533
1788730507442,buy,79900.5,0.00744691,1054036532
1788730507442,buy,79900.5,0.00269309,1054036531
1788730506506,buy,79900.5,0.00811943,1054036530
1788730506506,buy,79900.5,0.00214735,1054036529
1788730505974,sell,79900.4,0.000011,1054036528
1788730505459,sell,79900.4,0.00028421,1054036527
1788730505459,sell,79900.4,0.00295337,1054036526
1788730505459,sell,79900.4,0.00104708,1054036525
1788730505433,buy,79900.5,0.00866517,1054036524
1788730505433,buy,79900.5,0.00160483,1054036523
1788730504548,buy,79900.5,0.00295068,1054036522
1788730504548,buy,79900.5,0.0045555,1054036521
1788730504548,buy,79900.5,0.00561382,1054036520
1788730504470,sell,79900.4,0.00055505,1054036519
1788730504470,sell,79900.4,0.00257101,1054036518
1788730503659,buy,79900.5,0.00648,1054036517
1788730503443,buy,79900.5,0.00057242,1054036516
1788730597234,sell,79913.9,0.00006,1054036663
1788730595093,buy,79914,0.0005,1054036662
1788730590415,buy,79914,0.00025907,1054036661
1788730590084,buy,79914,0.0016,1054036660
1788730586855,sell,79913.9,0.00014503,1054036659
1788730585356,sell,79913.9,0.00001982,1054036658
1788730585093,buy,79914,0.0005,1054036657
1788730583054,buy,79914,0.00529837,1054036656
1788730583054,buy,79914,0.00004859,1054036655
1788730583054,buy,79914,0.00230304,1054036654
1788730580604,buy,79914,0.00012513,1054036653
1788730575092,buy,79914,0.0005,1054036652
1788730574951,buy,79914,0.0002,1054036651
1788730571264,sell,79913.9,0.00692584,1054036650
1788730568209,buy,79913.8,0.72038624,1054036649
1788730568209,buy,79913.8,0.0218,1054036648
1788730568209,buy,79913.8,0.00060459,1054036647
1788730568209,buy,79913.8,0.00448496,1054036646
1788730568209,buy,79913.8,0.00448495,1054036645
1788730568209,buy,79913.8,0.20966601,1054036644
1788730568209,buy,79913.8,0.06076046,1054036643
1788730567758,buy,79913.8,0.00009134,1054036642
1788730567475,sell,79913.7,0.00619272,1054036641
1788730565590,buy,79913.8,0.00002261,1054036640
1788730565065,sell,79913.7,0.00013767,1054036639
1788730563084,buy,79913.8,0.0016,1054036638
1788730561527,buy,79912.4,0.01229074,1054036637
1788730561495,buy,79912.4,0.000011,1054036636
1788730561084,buy,79912.4,0.0016,1054036635
1788730559084,buy,79912.4,0.00100343,1054036634
1788730559084,buy,79912.4,0.0002187,1054036633
1788730559084,buy,79912.4,0.00037787,1054036632
1788730558328,buy,79912.4,0.01589215,1054036631
1788730557135,buy,79912.4,0.0060197,1054036630
1788730557135,buy,79912.4,0.0042961,1054036629
1788730557135,buy,79912.4,0.0042961,1054036628
1788730557135,buy,79912.4,0.00129809,1054036627
1788730557084,buy,79912.4,0.0016,1054036626
1788730556617,buy,79912.4,0.000011,1054036625
1788730555851,buy,79912.4,0.002146,1054036624
1788730555026,buy,79912.4,0.00215,1054036623
1788730553867,buy,79912.4,0.00599449,1054036622
1788730553039,buy,79912.4,0.006,1054036621
1788730549805,buy,79912.4,0.00291,1054036620
1788730548717,buy,79912.4,0.01304374,1054036619
1788730548039,buy,79912.4,0.01304,1054036618
1788730547302,buy,79912.4,0.00239226,1054036617
1788730545973,buy,79912.4,0.0014,1054036616
1788730655093,buy,79914,0.0005,1054036685
1788730653600,sell,79913.9,0.011,1054036684
1788730650084,buy,79914,0.0016,1054036683
1788730646630,sell,79913.9,0.00095377,1054036682
1788730645138,buy,79914,0.0005,1054036681
1788730643012,buy,79914,0.00215766,1054036680
1788730643012,buy,79914,0.00009776,1054036679
1788730643012,buy,79914,0.00528615,1054036678
1788730643012,buy,79914,0.00043434,1054036677
1788730642335,buy,79914,0.0048518,1054036676
1788730642335,buy,79914,0.0031282,1054036675
1788730640189,buy,79914,0.00081,1054036674
1788730639000,buy,79914,0.00003754,1054036673
1788730635093,buy,79914,0.0005,1054036672
1788730623084,buy,79914,0.0016,1054036671
1788730621084,buy,79914,0.0016,1054036670
1788730619863,sell,79913.9,0.00122574,1054036669
1788730619083,buy,79914,0.0016,1054036668
1788730617083,buy,79914,0.0016,1054036667
1788730615051,sell,79913.9,0.00025,1054036666
1788730610736,buy,79914,0.00651192,1054036665
1788730605093,buy,79914,0.0005,1054036664
1788736030885,buy,80180,0.00008001,1054061471
1788736030884,buy,80179.3,0.00001253,1054061470
1788736030884,buy,80179,0.00149688,1054061469
1788736030884,buy,80179,0.00039135,1054061468
1788736030883,buy,80178.6,0.00176017,1054061467
1788736030880,buy,80174.3,0.0000102,1054061466
1788736030880,buy,80173.5,0.0000102,1054061465
1788736030879,buy,80172.6,0.00046539,1054061464
1788736030879,buy,80172.6,0.11303082,1054061463
1788736029752,sell,80172.5,0.00005104,1054061462
1788736027933,buy,80172.6,0.00074838,1054061461
1788736027759,buy,80172.6,0.00006236,1054061460
1788736027596,sell,80172.5,0.00008028,1054061459
1788736027596,sell,80172.5,0.00001,1054061458
1788736027596,sell,80172.5,0.00001,1054061457
1788736026495,buy,80170,0.00008001,1054061456
1788736026495,buy,80169.9,0.0000102,1054061455
1788736026492,buy,80168,0.0562,1054061454
1788736026491,buy,80166,0.4260796,1054061453
1788736026491,buy,80166,0.05448,1054061452
1788736026490,buy,80164.3,0.00001501,1054061451
1788736026490,buy,80163.6,0.00001253,1054061450
1788736026488,buy,80162.1,0.0227175,1054061449
1788736026487,buy,80162.1,0.03586065,1054061448
1788736026487,buy,80162.1,0.09135842,1054061447
1788736026486,buy,80160.5,0.00001253,1054061446
1788736026486,buy,80160.4,0.00249529,1054061445
1788736026486,buy,80160,0.00008001,1054061444
1788736026486,buy,80159.6,0.16741907,1054061443
1788736026486,buy,80158.8,0.02748171,1054061442
1788736026486,buy,80158.8,0.05639415,1054061441
1788736026486,buy,80158.8,0.13424336,1054061440
1788736026486,buy,80158.8,0.00123366,1054061439
1788736026485,buy,80158.7,0.03591438,1054061438
1788736026485,buy,80158.7,0.03469267,1054061437
1788736026485,buy,80158.7,0.01188578,1054061436
1788736026484,buy,80158.6,0.00009034,1054061435
1788736026484,buy,80158.6,0.02139966,1054061434
1788736026484,buy,80158.6,0.00313403,1054061433
1788736026484,buy,80158.6,0.00313404,1054061432
1788736026484,buy,80158.6,0.02818643,1054061431
1788736026484,buy,80158.6,0.11675838,1054061430
1788736026484,buy,80158.6,0.01497227,1054061429
1788736026484,buy,80158.6,0.02476319,1054061428
1788736026484,buy,80158.6,0.16740122,1054061427
1788736026484,buy,80158.6,0.4990104,1054061426
1788736026484,buy,80158.6,0.062413,1054061425
1788736026447,sell,80158.5,0.04428376,1054061424
1788736023084,buy,80158.6,0.0016,1054061423
1788736022938,sell,80158.6,0.00012533,1054061422
1788736022901,sell,80158.6,0.00001403,1054061421
1788736022901,sell,80158.6,0.0001013,1054061420
1788736022901,sell,80158.6,0.00001,1054061419
1788736021445,buy,80158.6,0.00001147,1054061418
1788736021445,buy,80158,0.0000102,1054061417
1788736021445,buy,80156.3,0.00001501,1054061416
1788736021445,buy,80155.3,0.00012497,1054061415
1788736021437,buy,80154.1,0.00328326,1054061414
1788736021421,buy,80147.2,0.0000102,1054061413
1788736021419,buy,80145.6,0.0000102,1054061412
1788736021417,buy,80143.5,0.12055044,1054061411
1788736021417,buy,80143.5,0.00001247,1054061410
1788736021417,buy,80143.5,0.01086643,1054061409
1788736021084,buy,80143.5,0.0016,1054061408
1788736019383,sell,80143.4,0.00001146,1054061407
1788736019383,sell,80143.4,0.00000001,1054061406
1788736019106,buy,80143.3,0.00001247,1054061405
1788736019085,buy,80143.3,0.0001,1054061404
1788736019085,buy,80143.3,0.0006,1054061403
1788736019085,buy,80143.3,0.0001,1054061402
1788736019085,buy,80143.3,0.00078614,1054061401
1788736019085,buy,80143.3,0.00001386,1054061400
1788736018831,buy,80143.3,0.00019058,1054061399
1788736017084,buy,80143.3,0.0016,1054061398
1788736016672,buy,80143.3,0.0009196,1054061397
1788736013024,buy,80142.2,0.00001542,1054061396
1788736011669,sell,80143.9,0.00057961,1054061395
1788736011669,sell,80144.4,0.00001006,1054061394
1788736011669,sell,80144.6,0.0000299,1054061393
1788736011669,sell,80144.9,0.00001266,1054061392
1788736011669,sell,80144.9,0.00005197,1054061391
1788736011669,sell,80146.1,0.00107186,1054061390
1788736011667,sell,80147,0.00771932,1054061389
1788736011585,sell,80147.3,0.0000102,1054061388
1788736011585,sell,80148.2,0.00002485,1054061387
1788736011577,sell,80148.5,0.0042007,1054061386
1788736011577,buy,80148.6,0.00001,1054061385
1788736011575,sell,80148.9,0.0000102,1054061384
1788736011575,sell,80149,0.0194821,1054061383
1788736011573,buy,80149.1,0.04114857,1054061382
1788736011573,buy,80149.1,0.00001069,1054061381
1788736011573,buy,80149.1,0.18928,1054061380
1788736011572,sell,80149,0.00144334,1054061379
1788736011571,sell,80149,0.19816005,1054061378
1788736011569,sell,80149,0.08090451,1054061377
1788736011569,sell,80149,0.00001002,1054061376
1788736011568,sell,80149.4,0.00001068,1054061375
1788736011568,sell,80149.9,0.00033972,1054061374
1788736011568,sell,80150,0.00311915,1054061373
1788736011568,sell,80150,0.00008001,1054061372
1788736086659,buy,80180,0.00003367,1054061589
1788736085643,buy,80180,0.000011,1054061588
1788736084562,buy,80180,0.00002494,1054061587
1788736084204,buy,80168.2,0.00311552,1054061586
1788736084203,buy,80167.6,0.004,1054061585
1788736084203,buy,80167.6,0.11879531,1054061584
1788736084203,buy,80167.6,0.00249499,1054061583
1788736083312,buy,80167.6,0.00001247,1054061582
1788736083084,buy,80167.6,0.0016,1054061581
1788736082735,sell,80167.5,0.06371807,1054061580
1788736082719,sell,80167.5,0.000011,1054061579
1788736082714,sell,80167.5,0.04591063,1054061578
1788736081084,buy,80168,0.0016,1054061577
1788736080494,sell,80167.9,0.0021736,1054061576
1788736080494,sell,80167.9,0.00278236,1054061575
1788736079085,buy,80168,0.0004,1054061574
1788736079085,buy,80168,0.0012,1054061573
1788736077084,buy,80168,0.0016,1054061572
1788736076302,sell,80167.9,0.02601548,1054061571
1788736076302,sell,80167.9,0.0167,1054061570
1788736076302,sell,80167.9,0.0015,1054061569
1788736072107,buy,80166.7,0.00001253,1054061568
1788736072102,buy,80160.3,0.00014839,1054061567
1788736072102,buy,80160.3,0.06789282,1054061566
1788736072102,buy,80160.3,0.000011,1054061565
1788736072102,buy,80160.3,0.03312329,1054061564
1788736072102,buy,80160.3,0.00001,1054061563
1788736072102,buy,80160.3,0.00266309,1054061562
1788736072102,buy,80160.3,0.00311216,1054061561
1788736072102,buy,80160.3,0.00256126,1054061560
1788736072102,buy,80160.3,0.0026631,1054061559
1788736072102,buy,80160.3,0.00532569,1054061558
1788736072102,buy,80160.3,0.00001,1054061557
1788736072102,buy,80160.3,0.00052141,1054061556
1788736072102,buy,80160.3,0.00001,1054061555
1788736071245,sell,80163.9,0.00107184,1054061554
1788736071245,sell,80166.4,0.0000102,1054061553
1788736071234,sell,80167,0.02873324,1054061552
1788736071234,sell,80167,0.10941511,1054061551
1788736071234,sell,80167.5,0.01383584,1054061550
1788736071233,sell,80167.5,0.28616416,1054061549
1788736068873,sell,80167.9,0.00266309,1054061548
1788736068873,sell,80167.9,0.0026631,1054061547
1788736068873,sell,80167.9,0.00102731,1054061546
1788736066839,sell,80167.9,0.00004453,1054061545
1788736065199,buy,80168,0.01120137,1054061544
1788736065192,buy,80168,0.01551457,1054061543
1788736065094,buy,80168,0.0005,1054061542
1788736065055,buy,80168,0.00523231,1054061541
1788736063803,buy,80168,0.01000568,1054061540
1788736063608,buy,80168,0.00001247,1054061539
1788736063534,sell,80170,0.0000102,1054061538
1788736063534,sell,80170,0.00008001,1054061537
1788736063534,sell,80170.5,0.00001501,1054061536
1788736063533,sell,80171.9,0.00107184,1054061535
1788736063529,sell,80175.9,0.00000184,1054061534
1788736063529,sell,80175.9,0.00107,1054061533
1788736063474,sell,80179.9,0.00107184,1054061532
1788736063474,sell,80180,0.01247764,1054061531
1788736063474,sell,80180.1,0.00009,1054061530
1788736063474,sell,80180.3,0.00051895,1054061529
1788736063474,sell,80180.3,0.00271294,1054061528
1788736063474,sell,80180.3,0.00271294,1054061527
1788736063474,sell,80180.3,0.00001749,1054061526
1788736063474,sell,80180.3,0.22833226,1054061525
1788736062223,sell,80180.3,0.000011,1054061524
1788736060130,sell,80181.1,0.00077061,1054061523
1788736057688,buy,80184,0.14135243,1054061522
1788736057688,buy,80184,0.02159121,1054061521
1788736057688,buy,80184,0.0012,1054061520
1788736057688,buy,80184,0.0015,1054061519
1788736057688,buy,80184,0.18457007,1054061518
1788736057688,buy,80182.6,0.09074266,1054061517
1788736057688,buy,80182.6,0.00039606,1054061516
1788736057688,sell,80183.9,0.00107184,1054061515
1788736057687,sell,80185.3,0.00039605,1054061514
1788736057686,sell,80185.6,0.00001253,1054061513
1788736057686,sell,80187.2,0.18141456,1054061512
1788736057686,sell,80187.2,0.11858544,1054061511
1788736057686,sell,80187.2,0.2,1054061510
1788736057686,sell,80187.9,0.00107184,1054061509
1788736057686,sell,80189.2,0.00052547,1054061508
1788736057686,sell,80189.2,0.00001,1054061507
1788736057686,sell,80189.2,0.00001,1054061506
1788736057686,sell,80189.2,0.00252509,1054061505
1788736057686,sell,80189.2,0.0025351,1054061504
1788736057686,sell,80189.2,0.00311762,1054061503
1788736055093,buy,80189.3,0.0005,1054061502
1788736054809,sell,80189.5,0.00000077,1054061501
1788736054808,sell,80189.5,0.00635952,1054061500
1788736054808,sell,80189.5,0.00253509,1054061499
1788736054808,sell,80189.5,0.00636029,1054061498
1788736054808,sell,80189.5,0.0025351,1054061497
1788736054808,sell,80189.5,0.0167,1054061496
1788736054808,sell,80189.5,0.1588,1054061495
1788736054808,sell,80189.5,0.0012,1054061494
1788736052724,buy,80189.6,0.00001122,1054061493
1788736052540,buy,80189.6,0.00476745,1054061492
1788736050084,buy,80189.6,0.0016,1054061491
1788736047013,buy,80189.6,0.00006235,1054061490
1788736141084,buy,80178.2,0.0003,1054061755
1788736141084,buy,80178.2,0.0011,1054061754
1788736141084,buy,80178.2,0.0002,1054061753
1788736141046,buy,80178.2,0.000011,1054061752
1788736139084,buy,80178.2,0.0016,1054061751
1788736137084,buy,80178.2,0.0016,1054061750
1788736136611,buy,80178.2,0.0000873,1054061749
1788736135887,buy,80178.2,0.00004458,1054061748
1788736134106,sell,80178.1,0.000011,1054061747
1788736134095,buy,80178.2,0.000291,1054061746
1788736134093,sell,80179,0.10750308,1054061745
1788736134093,sell,80179,0.19249692,1054061744
1788736134093,sell,80179,0.00039135,1054061743
1788736134093,sell,80179.3,0.00311801,1054061742
1788736134093,sell,80179.5,0.18935649,1054061741
1788736134093,sell,80179.5,0.11064351,1054061740
1788736134093,sell,80179.9,0.00262238,1054061739
1788736134093,sell,80179.9,0.00262238,1054061738
1788736132551,buy,80180,0.03463706,1054061737
1788736128780,sell,80179.9,0.02353124,1054061736
1788736128780,sell,80179.9,0.0012,1054061735
1788736128780,sell,80179.9,0.00262238,1054061734
1788736128780,sell,80179.9,0.00262238,1054061733
1788736127697,buy,80180,0.00010587,1054061732
1788736126532,sell,80179.9,0.02847719,1054061731
1788736126532,sell,80179.9,0.00262238,1054061730
1788736126532,sell,80179.9,0.00262238,1054061729
1788736126532,sell,80179.9,0.00107184,1054061728
1788736125094,buy,80180,0.0005,1054061727
1788736123535,sell,80180,0.0002326,1054061726
1788736123535,sell,80180,0.00008001,1054061725
1788736120994,sell,80183.9,0.00107184,1054061724
1788736120994,sell,80185.6,0.00001253,1054061723
1788736120993,sell,80186.4,0.0377,1054061722
1788736120993,sell,80187.2,0.0000102,1054061721
1788736120992,sell,80187.9,0.00107184,1054061720
1788736120992,sell,80188,0.00311767,1054061719
1788736120992,sell,80188,0.02850969,1054061718
1788736120992,sell,80188,0.1934609,1054061717
1788736120992,sell,80188,0.07802941,1054061716
1788736120992,sell,80188.5,0.00322826,1054061715
1788736120992,sell,80188.5,0.00241141,1054061714
1788736120992,sell,80188.5,0.00322827,1054061713
1788736120992,sell,80188.5,0.0024114,1054061712
1788736120992,sell,80188.5,0.00249417,1054061711
1788736120992,sell,80188.5,0.00187,1054061710
1788736120992,sell,80188.5,0.00002,1054061709
1788736120992,sell,80188.5,0.1230473,1054061708
1788736120992,sell,80188.5,0.09980352,1054061707
1788736120992,sell,80188.5,0.07714918,1054061706
1788736120992,sell,80188.5,0.00001,1054061705
1788736120992,sell,80188.5,0.49809734,1054061704
1788736115609,sell,80188.5,0.00187066,1054061703
1788736115268,sell,80188.5,0.000011,1054061702
1788736115245,sell,80188.8,0.0000102,1054061701
1788736115245,sell,80190,0.00008001,1054061700
1788736115245,sell,80191.2,0.0000102,1054061699
1788736115244,sell,80192,0.00311751,1054061698
1788736115093,buy,80192.5,0.0005,1054061697
1788736113491,sell,80192.4,0.1340892,1054061696
1788736113409,sell,80192.4,0.00072042,1054061695
1788736113409,sell,80192.4,0.0015,1054061694
1788736112755,buy,80192.5,0.00237553,1054061693
1788736111733,sell,80204.4,0.00001252,1054061692
1788736111732,sell,80208,0.0000102,1054061691
1788736111732,sell,80208.8,0.0000102,1054061690
1788736111732,sell,80209.3,0.00311684,1054061689
1788736111604,sell,80209.8,0.04,1054061688
1788736111593,sell,80209.8,0.000011,1054061687
1788736110221,buy,80209.7,0.05,1054061686
1788736110166,sell,80209.6,0.00001143,1054061685
1788736110158,buy,80209.7,0.000011,1054061684
1788736110084,buy,80209.7,0.0004,1054061683
1788736110084,buy,80209.7,0.0012,1054061682
1788736107454,buy,80207.4,0.00001253,1054061681
1788736107454,buy,80205.9,0.0000102,1054061680
1788736107394,buy,80200,0.00008001,1054061679
1788736107394,buy,80198,0.00001253,1054061678
1788736107394,buy,80195.1,0.0000102,1054061677
1788736107393,buy,80192.6,0.03864961,1054061676
1788736107393,buy,80192.6,0.01903595,1054061675
1788736107393,buy,80192.6,0.15706405,1054061674
1788736107393,buy,80192.6,0.0826,1054061673
1788736107393,buy,80192.6,0.0474,1054061672
1788736107393,buy,80192.6,0.1588,1054061671
1788736107393,buy,80192.6,0.0483,1054061670
1788736107393,buy,80192.6,0.0015,1054061669
1788736107392,buy,80192.6,0.19219114,1054061668
1788736107392,buy,80192.6,0.24359114,1054061667
1788736107383,buy,80192.6,0.000011,1054061666
1788736107379,buy,80192.6,0.06854267,1054061665
1788736106942,buy,80192.5,0.0016199,1054061664
1788736106937,buy,80192.5,0.000011,1054061663
1788736106781,sell,80192.4,0.00009891,1054061662
1788736105290,buy,80188.6,0.00006235,1054061661
1788736105094,buy,80188.6,0.0004,1054061660
1788736105094,buy,80188.6,0.0001,1054061659
1788736102663,sell,80188.5,0.000011,1054061658
1788736102017,sell,80188.7,0.000174,1054061657
1788736102015,sell,80190,0.00008001,1054061656
1788736197084,buy,80241.8,0.0016,1054061992
1788736196716,sell,80241.7,0.00006,1054061991
1788736196619,buy,80241.8,0.00004408,1054061990
1788736195123,buy,80240,0.00008001,1054061989
1788736195123,buy,80239,0.00039135,1054061988
1788736195122,buy,80235.9,0.0000102,1054061987
1788736195122,buy,80235.6,0.00001252,1054061986
1788736195119,buy,80230.2,0.00042613,1054061985
1788736195119,buy,80230.2,0.00196817,1054061984
1788736195119,buy,80230.2,0.00196818,1054061983
1788736195119,buy,80230.2,0.05952928,1054061982
1788736195119,buy,80230.2,0.00310347,1054061981
1788736195094,buy,80230.2,0.000011,1054061980
1788736193473,buy,80230,0.000011,1054061979
1788736190405,sell,80229.9,0.01407698,1054061978
1788736189514,buy,80230.4,0.00009399,1054061977
1788736189514,buy,80230,0.00008001,1054061976
1788736189509,buy,80228.3,1.8753065,1054061975
1788736189509,buy,80228.2,0.17049692,1054061974
1788736189509,buy,80228.1,0.050924,1054061973
1788736189509,buy,80226.3,0.0000102,1054061972
1788736189509,buy,80226.2,0.14290853,1054061971
1788736189509,buy,80226.2,0.17050097,1054061970
1788736189509,buy,80226.2,0.0015,1054061969
1788736189509,buy,80226.2,0.0012,1054061968
1788736189509,buy,80226.2,0.0167,1054061967
1788736189509,buy,80226.2,0.01069642,1054061966
1788736189509,buy,80226.2,0.05048321,1054061965
1788736189509,buy,80226.2,0.0004927,1054061964
1788736189509,buy,80226.2,0.00056752,1054061963
1788736189509,buy,80226.2,0.00086037,1054061962
1788736188162,buy,80217.5,0.000011,1054061961
1788736187462,sell,80217.4,0.000174,1054061960
1788736187461,sell,80218.2,0.00002892,1054061959
1788736187459,sell,80222.4,0.0000102,1054061958
1788736187458,sell,80223.2,0.0024931,1054061957
1788736187456,sell,80226.1,0.00058071,1054061956
1788736187456,sell,80226.1,0.00409771,1054061955
1788736187456,sell,80226.1,0.00208449,1054061954
1788736187456,sell,80226.1,0.0120133,1054061953
1788736187456,sell,80226.1,0.00208423,1054061952
1788736187456,sell,80226.1,0.00001,1054061951
1788736187456,sell,80226.1,0.00007092,1054061950
1788736187456,sell,80226.1,0.01197373,1054061949
1788736187456,sell,80226.1,0.00001,1054061948
1788736187456,sell,80226.1,0.00001,1054061947
1788736187456,sell,80226.1,0.00049043,1054061946
1788736187456,sell,80226.1,0.00001,1054061945
1788736187456,sell,80226.1,0.00422074,1054061944
1788736187456,sell,80226.1,0.00001,1054061943
1788736187456,sell,80226.1,0.00001,1054061942
1788736187456,sell,80226.1,0.00001,1054061941
1788736187456,sell,80226.1,0.00618256,1054061940
1788736187456,sell,80226.1,0.04518,1054061939
1788736186557,sell,80226.1,0.00001232,1054061938
1788736185620,buy,80226.2,0.000011,1054061937
1788736185248,buy,80223.9,0.0000102,1054061936
1788736185248,buy,80223,0.00001252,1054061935
1788736185197,buy,80220,0.00008001,1054061934
1788736185178,buy,80217.8,0.0012,1054061933
1788736185171,buy,80213.7,0.00001252,1054061932
1788736185171,buy,80210.5,0.00001252,1054061931
1788736185169,buy,80205.4,0.0005,1054061930
1788736185169,buy,80205.4,0.05967429,1054061929
1788736185169,buy,80205.4,0.00212037,1054061928
1788736185169,buy,80205.4,0.00162037,1054061927
1788736185093,buy,80205.4,0.00042859,1054061926
1788736185093,buy,80205.4,0.00007141,1054061925
1788736184756,buy,80205.4,0.02393116,1054061924
1788736184756,buy,80205.4,0.00207484,1054061923
1788736184756,buy,80205.4,0.00208449,1054061922
1788736184756,buy,80205.4,0.00001,1054061921
1788736182737,buy,80205.4,0.00041643,1054061920
1788736182345,sell,80207.5,0.00001252,1054061919
1788736182345,sell,80210,0.00008001,1054061918
1788736182343,sell,80212.1,0.00126813,1054061917
1788736182343,sell,80212.1,0.00004572,1054061916
1788736181817,sell,80213.8,0.00001252,1054061915
1788736181805,sell,80216.2,0.00311657,1054061914
1788736181804,sell,80216.5,0.00010048,1054061913
1788736181804,sell,80216.5,0.0024935,1054061912
1788736181804,sell,80216.5,0.21559025,1054061911
1788736181802,sell,80216.5,0.06360325,1054061910
1788736181802,sell,80216.5,0.0208065,1054061909
1788736181802,sell,80216.5,0.30019675,1054061908
1788736181802,sell,80216.5,0.19980325,1054061907
1788736179747,buy,80216.6,0.00547627,1054061906
1788736179747,buy,80216.6,0.0012,1054061905
1788736179747,buy,80216.6,0.00001928,1054061904
1788736179747,buy,80216.6,0.00198261,1054061903
1788736179747,buy,80216.6,0.00190246,1054061902
1788736179747,buy,80216.6,0.00008014,1054061901
1788736177915,buy,80216.6,0.00989348,1054061900
1788736177915,buy,80216.6,0.00002145,1054061899
1788736177915,buy,80216.6,0.00001,1054061898
1788736177915,buy,80216.6,0.00193243,1054061897
1788736177915,buy,80216.6,0.00193264,1054061896
1788736177915,buy,80216.6,0.00001,1054061895
1788736177471,buy,80216.6,0.000011,1054061894
1788736177089,buy,80216.6,0.00012466,1054061893
1788736252910,buy,80193.2,0.01860935,1054062190
1788736250242,sell,80193.1,0.00042651,1054062189
1788736250242,sell,80193.1,0.00282384,1054062188
1788736248865,sell,80193.1,0.000011,1054062187
1788736248678,buy,80193.2,0.00001895,1054062186
1788736247138,buy,80193.2,0.000011,1054062185
1788736245093,buy,80192.3,0.0005,1054062184
1788736244397,sell,80192.2,0.00069832,1054062183
1788736243055,sell,80192.2,0.000011,1054062182
1788736238874,sell,80192.2,0.00046228,1054062181
1788736235206,sell,80200,0.00008001,1054062180
1788736235206,sell,80200,0.0000102,1054062179
1788736235205,sell,80200.3,0.00277132,1054062178
1788736235202,sell,80200.3,0.000011,1054062177
1788736235176,sell,80201.2,0.00001253,1054062176
1788736235175,sell,80204.4,0.00001253,1054062175
1788736235175,sell,80206,0.00311697,1054062174
1788736235175,sell,80206.4,0.0000102,1054062173
1788736235175,sell,80206.5,0.00025326,1054062172
1788736235175,sell,80206.5,0.00193665,1054062171
1788736235175,sell,80206.5,0.00193665,1054062170
1788736235175,sell,80206.5,0.05002,1054062169
1788736235175,sell,80206.5,0.449979,1054062168
1788736235094,buy,80206.6,0.0005,1054062167
1788736233358,buy,80206.6,0.00027241,1054062166
1788736232405,sell,80206.5,0.05,1054062165
1788736232403,sell,80206.5,0.000011,1054062164
1788736232202,sell,80208.8,0.0000102,1054062163
1788736232202,sell,80209,0.00001,1054062162
1788736232202,sell,80209,0.00192658,1054062161
1788736232202,sell,80209,0.00193659,1054062160
1788736232202,sell,80209,0.00001,1054062159
1788736232182,buy,80209.1,0.00001,1054062158
1788736232180,sell,80209.5,0.00193658,1054062157
1788736232180,sell,80209.5,0.00193657,1054062156
1788736232180,sell,80209.5,0.04702882,1054062155
1788736232123,sell,80209.5,0.00127142,1054062154
1788736232122,sell,80209.5,0.01120467,1054062153
1788736232113,sell,80209.5,0.00136132,1054062152
1788736232112,sell,80209.5,0.00629609,1054062151
1788736232106,sell,80209.5,0.00136852,1054062150
1788736232106,sell,80209.5,0.00146511,1054062149
1788736232104,sell,80209.5,0.00157424,1054062148
1788736232103,sell,80209.5,0.00129775,1054062147
1788736232102,sell,80209.5,0.0015174,1054062146
1788736232101,sell,80209.5,0.00740831,1054062145
1788736232095,sell,80209.5,0.00136265,1054062144
1788736232094,sell,80209.5,0.00128698,1054062143
1788736232093,sell,80209.5,0.00125646,1054062142
1788736232092,sell,80209.5,0.00187918,1054062141
1788736232090,sell,80209.5,0.00134872,1054062140
1788736232089,sell,80209.5,0.00311761,1054062139
1788736232088,sell,80209.5,0.00150988,1054062138
1788736232087,sell,80209.5,0.01031787,1054062137
1788736232079,sell,80209.5,0.18732723,1054062136
1788736232023,sell,80209.5,0.00878977,1054062135
1788736232023,sell,80209.6,0.00311683,1054062134
1788736230084,buy,80210,0.00001999,1054062133
1788736230084,buy,80210,0.0015,1054062132
1788736230084,buy,80210,0.00008001,1054062131
1788736228295,buy,80205.9,0.0000102,1054062130
1788736228295,buy,80204.3,0.00001501,1054062129
1788736228290,buy,80202.4,0.00004913,1054062128
1788736228289,buy,80202.4,0.12830979,1054062127
1788736228289,buy,80200,0.00008001,1054062126
1788736228289,buy,80199.9,0.0000102,1054062125
1788736228289,buy,80198.8,0.06866537,1054062124
1788736228289,buy,80198.8,0.0002,1054062123
1788736228288,buy,80198.8,0.10687434,1054062122
1788736228288,buy,80198.7,0.23062566,1054062121
1788736228288,buy,80198.7,0.19938747,1054062120
1788736228288,buy,80198,0.00001253,1054062119
1788736228287,buy,80196.2,0.17574536,1054062118
1788736228287,buy,80196.1,0.02355,1054062117
1788736228287,buy,80196.1,0.0227,1054062116
1788736228287,buy,80192.2,0.0031135,1054062115
1788736228287,buy,80192,0.00199788,1054062114
1788736228287,buy,80192,0.00199788,1054062113
1788736228287,buy,80192,0.00219167,1054062112
1788736228287,buy,80192,0.00219167,1054062111
1788736228287,buy,80192,0.01333144,1054062110
1788736228287,buy,80192,0.25090362,1054062109
1788736228037,buy,80192,0.0003072,1054062108
1788736226536,buy,80192,0.000011,1054062107
1788736225092,buy,80192,0.0005,1054062106
1788736215156,buy,80188.7,0.00001,1054062105
1788736215155,sell,80189.4,0.04,1054062104
1788736215155,sell,80188.6,0.08,1054062103
1788736215155,sell,80188.6,0.01363134,1054062102
1788736215155,sell,80188.7,0.00001253,1054062101
1788736215155,sell,80189.3,0.04208698,1054062100
1788736215155,sell,80190,0.00008001,1054062099
1788736215155,sell,80191.6,0.05652336,1054062098
1788736215155,sell,80191.6,0.04279879,1054062097
1788736215155,sell,80191.9,0.00107186,1054062096
1788736215155,sell,80191.9,0.00001253,1054062095
1788736215155,sell,80194,0.0000102,1054062094
1788736215155,sell,80194.5,0.00001501,1054062093
1788736215155,sell,80195,0.00001253,1054062092
1788736215155,sell,80196.1,0.00107184,1054062091
