timestamp_ms,side,price,size,trade_id
1784596092594,buy,65575.9,0.00121996,1034679812
1784596092172,buy,65574.2,0.00301792,1034679811
1784596091512,sell,65574.1,0.01,1034679810
1784596088195,buy,65574.2,0.00155396,1034679809
1784596087310,sell,65574.1,0.00012378,1034679808
1784596083376,sell,65570,0.00006,1034679807
1784596083376,sell,65570.3,0.00001532,1034679806
1784596083376,sell,65572.1,0.00115958,1034679805
1784596083370,sell,65575.3,0.00115958,1034679804
1784596083363,sell,65578.5,0.00115958,1034679803
1784596083360,sell,65579.8,0.03610927,1034679802
1784596083360,sell,65579.8,0.00001531,1034679801
1784596083358,sell,65580.4,0.03231282,1034679800
1784596083355,sell,65581.2,0.00000084,1034679799
1784596083355,sell,65581.2,0.02255562,1034679798
1784596083355,sell,65581.2,0.03376038,1034679797
1784596083330,sell,65581.7,0.00005,1034679796
1784596083330,sell,65581.7,0.00005076,1034679795
1784596083330,sell,65581.7,0.03376038,1034679794
1784596083330,sell,65581.7,0.00115958,1034679793
1784596083330,sell,65582,0.00071746,1034679792
1784596083330,sell,65582,0.03231282,1034679791
1784596083330,sell,65582,0.00018104,1034679790
1784596082477,sell,65584.3,0.03376038,1034679789
1784596082477,sell,65584.3,0.00052093,1034679788
1784596082193,buy,65584.4,0.00007623,1034679787
1784596081926,sell,65584.3,0.00016603,1034679786
1784596081297,buy,65584.4,0.00116369,1034679785
1784596080593,buy,65584.4,0.00015247,1034679784
1784596078107,buy,65584.4,0.00228407,1034679783
1784596074420,buy,65582,0.00001531,1034679782
1784596074420,buy,65580.4,0.00780503,1034679781
1784596074392,buy,65580.4,0.00379086,1034679780
1784596074359,buy,65580,0.00006,1034679779
1784596074359,buy,65579.5,0.00046015,1034679778
1784596074356,buy,65579,0.00013632,1034679777
1784596074356,buy,65579,0.0000829,1034679776
1784596074356,buy,65579,0.02109719,1034679775
1784596074356,buy,65579,0.01132357,1034679774
1784596074356,buy,65579,0.04810462,1034679773
1784596074356,buy,65579,0.17852357,1034679772
1784596073700,buy,65578.9,0.00274872,1034679771
1784596071441,buy,65577.1,0.00001501,1034679770
1784596068041,buy,65564.7,0.00152521,1034679769
1784596065573,buy,65564.7,0.00018147,1034679768
1784596063761,sell,65565.6,0.00001501,1034679767
1784596063761,sell,65565.6,0.00001532,1034679766
1784596063761,sell,65568,0.00001532,1034679765
1784596063761,sell,65570.3,0.00001532,1034679764
1784596063761,sell,65571.1,0.00068672,1034679763
1784596063761,sell,65572.7,0.0000469,1034679762
1784596063761,sell,65572.7,0.00005113,1034679761
1784596063759,sell,65575,0.02652113,1034679760
1784596063603,sell,65575.7,0.0363859,1034679759
1784596063603,sell,65575.9,0.17982959,1034679758
1784596063603,sell,65578.5,0.0363859,1034679757
1784596063603,sell,65578.6,0.0363859,1034679756
1784596063603,sell,65578.9,0.03332589,1034679755
1784596062751,sell,65578.9,0.00306001,1034679754
1784596061758,buy,65579,0.00006975,1034679753
1784596060240,sell,65578.9,0.05602422,1034679752
1784596058918,sell,65578.9,0.00050184,1034679751
1784596057555,buy,65579,0.00759236,1034679750
1784596049208,sell,65573.1,0.00018178,1034679749
1784596049020,buy,65573,0.0292,1034679748
1784596049019,buy,65572.6,0.00001532,1034679747
1784596046998,buy,65571.2,0.00007625,1034679746
1784596046106,buy,65571.2,0.00007625,1034679745
1784596045871,sell,65571.1,0.00264524,1034679744
1784596045830,buy,65571.1,0.07200043,1034679743
1784596045830,buy,65570.2,0.00001532,1034679742
1784596045830,buy,65570,0.00006,1034679741
1784596045830,buy,65567.6,0.00229144,1034679740
1784596045723,buy,65565.5,0.00001532,1034679739
1784596041452,buy,65564.1,0.00001501,1034679738
1784596041033,sell,65562.5,0.01025,1034679737
1784596039212,buy,65562.6,0.02627776,1034679736
1784596039212,buy,65561.6,0.04172224,1034679735
1784596039212,buy,65560.9,0.012,1034679734
1784596039205,buy,65560.2,0.00001533,1034679733
1784596039205,buy,65560,0.00006,1034679732
1784596039188,buy,65556,0.06891675,1034679731
1784596039188,buy,65556,0.0097,1034679730
1784596036543,buy,65549.5,0.00040938,1034679729
1784596035422,buy,65549.5,0.00200649,1034679728
1784596033829,sell,65558.1,0.00005296,1034679727
1784596032104,sell,65549.5,0.00004582,1034679726
1784596032104,sell,65550,0.00006,1034679725
1784596032102,sell,65552,0.00004079,1034679724
1784596032102,sell,65552,0.00005185,1034679723
1784596032102,sell,65552,0.00115967,1034679722
1784596032102,sell,65552.4,0.02119806,1034679721
1784596032102,sell,65552.4,0.00066094,1034679720
1784596032102,sell,65552.6,0.02119806,1034679719
1784596032102,sell,65552.7,0.02119806,1034679718
1784596032102,sell,65558.5,0.02102192,1034679717
1784596031645,sell,65558.5,0.00017614,1034679716
1784596031129,buy,65558.6,0.03940106,1034679715
1784596031125,sell,65559.1,0.02119806,1034679714
1784596029890,sell,65552.4,0.00075141,1034679713
1784596146830,buy,65620.8,0.00001614,1034680075
1784596146830,buy,65620.6,0.0003408,1034680074
1784596146830,buy,65620.4,0.00001653,1034680073
1784596146830,buy,65620.1,0.00003849,1034680072
1784596146830,buy,65620,0.00035763,1034680071
1784596146830,buy,65620,0.0145119,1034680070
1784596146455,buy,65620,0.00002461,1034680069
1784596146455,buy,65620,0.00002461,1034680068
1784596146455,buy,65620,0.00002461,1034680067
1784596146455,buy,65620,0.00002461,1034680066
1784596146455,buy,65620,0.00002461,1034680065
1784596146455,buy,65620,0.00002461,1034680064
1784596146455,buy,65620,0.00002461,1034680063
1784596146455,buy,65620,0.00002461,1034680062
1784596146455,buy,65620,0.00002341,1034680061
1784596146455,buy,65620,0.0000012,1034680060
1784596146455,buy,65620,0.00002461,1034680059
1784596146455,buy,65620,0.00002461,1034680058
1784596146455,buy,65620,0.00002461,1034680057
1784596146455,buy,65620,0.00002461,1034680056
1784596146455,buy,65620,0.00002461,1034680055
1784596146455,buy,65620,0.00002461,1034680054
1784596146455,buy,65620,0.00002461,1034680053
1784596146455,buy,65620,0.00002461,1034680052
1784596146455,buy,65620,0.00002461,1034680051
1784596146455,buy,65620,0.00002461,1034680050
1784596146455,buy,65620,0.00002461,1034680049
1784596146455,buy,65620,0.00002461,1034680048
1784596146455,buy,65620,0.00002461,1034680047
1784596146455,buy,65620,0.00002461,1034680046
1784596146455,buy,65620,0.00002461,1034680045
1784596146455,buy,65620,0.00002461,1034680044
1784596146455,buy,65620,0.00002461,1034680043
1784596146455,buy,65620,0.00002461,1034680042
1784596146455,buy,65620,0.00002461,1034680041
1784596146455,buy,65620,0.00002461,1034680040
1784596146455,buy,65620,0.00002461,1034680039
1784596146455,buy,65620,0.00000454,1034680038
1784596146455,buy,65620,0.00002007,1034680037
1784596146455,buy,65620,0.00002461,1034680036
1784596146455,buy,65620,0.00002461,1034680035
1784596146455,buy,65620,0.00002461,1034680034
1784596146455,buy,65620,0.00002461,1034680033
1784596146455,buy,65620,0.00002461,1034680032
1784596146455,buy,65620,0.00002461,1034680031
1784596146455,buy,65620,0.00001383,1034680030
1784596146455,buy,65620,0.00001078,1034680029
1784596146455,buy,65620,0.00002461,1034680028
1784596146455,buy,65620,0.00002461,1034680027
1784596146294,sell,65619.9,0.00001514,1034680026
1784596145970,buy,65619.6,0.00016728,1034680025
1784596145970,buy,65619.5,0.00004158,1034680024
1784596145970,buy,65619.5,0.00021891,1034680023
1784596145970,buy,65619.5,0.00001698,1034680022
1784596145970,buy,65619.5,0.00002123,1034680021
1784596145970,buy,65619.5,0.00001002,1034680020
1784596145970,buy,65619.5,0.00046015,1034680019
1784596145970,buy,65619.4,0.000014,1034680018
1784596145970,buy,65619.4,0.00001001,1034680017
1784596145970,buy,65619.3,0.00001583,1034680016
1784596145970,buy,65619.1,0.00002392,1034680015
1784596145970,buy,65619.1,0.00009956,1034680014
1784596145970,buy,65619,0.00015478,1034680013
1784596145970,buy,65619,0.00031056,1034680012
1784596145970,buy,65619,0.0000113,1034680011
1784596145970,buy,65618.8,0.00036993,1034680010
1784596145970,buy,65618.7,0.00001066,1034680009
1784596145970,buy,65618.6,0.00007709,1034680008
1784596145970,buy,65618.6,0.00001074,1034680007
1784596145970,buy,65618.6,0.00001028,1034680006
1784596145970,buy,65618.5,0.00006601,1034680005
1784596145970,buy,65618.5,0.00001052,1034680004
1784596145970,buy,65618.2,0.00001456,1034680003
1784596145970,buy,65618.1,0.00001067,1034680002
1784596145970,buy,65617.9,0.00016539,1034680001
1784596145970,buy,65617.9,0.00011498,1034680000
1784596145970,buy,65617.9,0.00005542,1034679999
1784596145970,buy,65617.9,0.00003762,1034679998
1784596145970,buy,65617.5,0.00001009,1034679997
1784596145970,buy,65617.5,0.00005539,1034679996
1784596145970,buy,65617.4,0.00068465,1034679995
1784596145970,buy,65617.3,0.00002819,1034679994
1784596145970,buy,65617.2,0.00029074,1034679993
1784596145970,buy,65617.2,0.00002929,1034679992
1784596145941,buy,65617.1,0.0015,1034679991
1784596145941,buy,65617.1,0.00001291,1034679990
1784596145941,buy,65617.1,0.00006447,1034679989
1784596145941,buy,65616.9,0.00003346,1034679988
1784596145941,buy,65616.9,0.00011209,1034679987
1784596145938,buy,65616.8,0.00029999,1034679986
1784596145938,buy,65616.8,0.00049999,1034679985
1784596145872,buy,65616.3,0.00014047,1034679984
1784596145872,buy,65616.2,0.0000318,1034679983
1784596145872,buy,65615.3,0.0002595,1034679982
1784596145872,buy,65615.3,0.0001382,1034679981
1784596145872,buy,65615.3,0.00001201,1034679980
1784596145872,buy,65615.3,0.00059346,1034679979
1784596145872,buy,65615.3,0.00025759,1034679978
1784596145872,buy,65615.1,0.00022444,1034679977
1784596144825,sell,65614.9,0.00525792,1034679976
1784596201690,sell,65631.7,0.0000153,1034680479
1784596201689,sell,65634.1,0.0000153,1034680478
1784596201689,sell,65634.3,0.00009212,1034680477
1784596201689,sell,65634.3,0.00006055,1034680476
1784596201689,sell,65634.3,0.00004987,1034680475
1784596201689,buy,65634.4,0.03898912,1034680474
1784596201689,buy,65634.4,0.03898912,1034680473
1784596201687,sell,65636.1,0.00060943,1034680472
1784596201687,sell,65636.2,0.03939474,1034680471
1784596201685,sell,65636.9,0.03709658,1034680470
1784596201685,sell,65637,0.02807883,1034680469
1784596201685,sell,65637.1,0.01784368,1034680468
1784596201684,sell,65637.1,0.0097,1034680467
1784596201615,sell,65637.1,0.0005158,1034680466
1784596201594,sell,65637.1,0.00001935,1034680465
1784596201003,sell,65637.3,0.02640883,1034680464
1784596200729,sell,65637.3,0.00167,1034680463
1784596199912,sell,65637.3,0.00765288,1034680462
1784596198640,buy,65637.4,0.09101161,1034680461
1784596198640,buy,65637.4,0.00003733,1034680460
1784596198637,buy,65637.3,0.00037924,1034680459
1784596198637,buy,65637.1,0.00006799,1034680458
1784596198637,buy,65637,0.00065606,1034680457
1784596198493,sell,65636.9,0.00001205,1034680456
1784596197183,buy,65637,0.00249097,1034680455
1784596195594,sell,65636.9,0.0000114,1034680454
1784596195585,sell,65636.9,0.00150134,1034680453
1784596194658,buy,65637,0.00038088,1034680452
1784596193456,sell,65636.9,0.01144358,1034680451
1784596192794,sell,65636.9,0.00001082,1034680450
1784596192159,buy,65637,0.00293349,1034680449
1784596192023,sell,65636.9,0.00007617,1034680448
1784596191087,sell,65636.9,0.01012566,1034680447
1784596190195,sell,65636.9,0.00001014,1034680446
1784596187698,buy,65637,0.26921746,1034680445
1784596187698,buy,65637,0.00034,1034680444
1784596187698,buy,65637,0.00663891,1034680443
1784596187698,buy,65637,0.0001329,1034680442
1784596187113,sell,65636.9,0.00408635,1034680441
1784596186326,sell,65636.9,0.06682393,1034680440
1784596186326,sell,65636.9,0.016,1034680439
1784596186326,sell,65636.9,0.09115811,1034680438
1784596186326,sell,65636.9,0.08804144,1034680437
1784596186326,sell,65636.9,0.09115811,1034680436
1784596186326,sell,65636.9,0.00009433,1034680435
1784596186326,sell,65636.9,0.0013,1034680434
1784596186326,sell,65636.9,0.1512903,1034680433
1784596186257,sell,65636.9,0.0010637,1034680432
1784596186223,buy,65636.9,0.00001256,1034680431
1784596186223,buy,65636.8,0.00001898,1034680430
1784596186223,buy,65636.7,0.00001111,1034680429
1784596186223,buy,65636.5,0.00002193,1034680428
1784596186223,buy,65636.4,0.00002974,1034680427
1784596186221,buy,65636.3,0.0049259,1034680426
1784596186218,buy,65636.3,0.06939,1034680425
1784596186217,buy,65636.3,0.18001,1034680424
1784596186216,buy,65636.3,0.12297508,1034680423
1784596186216,buy,65636.3,0.00004082,1034680422
1784596186216,buy,65636.3,0.00011365,1034680421
1784596186216,buy,65636.3,0.00674617,1034680420
1784596186216,buy,65636.3,0.00027065,1034680419
1784596186216,buy,65636.3,0.00005665,1034680418
1784596186216,buy,65636.3,0.00007458,1034680417
1784596186216,buy,65636.3,0.00019833,1034680416
1784596186216,buy,65636.3,0.00001005,1034680415
1784596186216,buy,65636.3,0.00001648,1034680414
1784596186216,buy,65636.3,0.0000453,1034680413
1784596186216,buy,65636.3,0.00006326,1034680412
1784596186216,buy,65636.3,0.00007233,1034680411
1784596186216,buy,65636.3,0.00132665,1034680410
1784596186216,buy,65636.3,0.00149373,1034680409
1784596186216,buy,65636.2,0.00005022,1034680408
1784596186216,buy,65636.1,0.00001079,1034680407
1784596186216,buy,65635.9,0.000017,1034680406
1784596186216,buy,65635.8,0.00001573,1034680405
1784596186216,buy,65635.8,0.00015262,1034680404
1784596186216,buy,65635.7,0.00001519,1034680403
1784596186216,buy,65635.7,0.00001427,1034680402
1784596186216,buy,65635.4,0.00029103,1034680401
1784596186216,buy,65635.3,0.00001717,1034680400
1784596186216,buy,65635.3,0.00005076,1034680399
1784596186216,buy,65635,0.00018976,1034680398
1784596186216,buy,65635,0.0213264,1034680397
1784596186215,buy,65635,0.10580534,1034680396
1784596186213,buy,65635,0.00089428,1034680395
1784596186201,buy,65634.7,0.01487945,1034680394
1784596186200,buy,65634.7,0.03395276,1034680393
1784596186200,buy,65634.7,0.03872002,1034680392
1784596186200,buy,65634.7,0.02623945,1034680391
1784596186199,buy,65634,0.0000153,1034680390
1784596186199,buy,65633,0.01337964,1034680389
1784596186198,buy,65633,0.0194403,1034680388
1784596186198,buy,65633,0.04389395,1034680387
1784596186198,buy,65633,0.0909,1034680386
1784596186198,buy,65633,0.01241886,1034680385
1784596186193,buy,65631.4,0.00104031,1034680384
1784596186193,buy,65631.4,0.04391427,1034680383
1784596186179,buy,65631.4,0.00001501,1034680382
1784596186179,buy,65631.4,0.00001501,1034680381
1784596186179,buy,65631.4,0.00001501,1034680380
1784596258295,sell,65624.2,0.00001025,1034681029
1784596256415,sell,65624.6,0.0000153,1034681028
1784596256415,sell,65627,0.00004479,1034681027
1784596256415,sell,65627,0.00004768,1034681026
1784596256415,sell,65627,0.00008325,1034681025
1784596256413,sell,65630.7,0.00114843,1034681024
1784596256413,sell,65631.7,0.03233603,1034681023
1784596256413,sell,65631.7,0.0013,1034681022
1784596256086,sell,65634.2,0.00000009,1034681021
1784596256085,sell,65634.2,0.03363594,1034681020
1784596256085,sell,65634.4,0.03363603,1034681019
1784596256085,sell,65634.5,0.03363603,1034681018
1784596256060,sell,65635.4,0.01066717,1034681017
1784596256055,sell,65635.4,0.02296886,1034681016
1784596255696,buy,65635.5,0.01223293,1034681015
1784596254093,sell,65635.4,0.00001664,1034681014
1784596253945,buy,65635.5,0.00152051,1034681013
1784596251620,buy,65634.5,0.045639,1034681012
1784596251620,buy,65634.3,0.0012,1034681011
1784596251620,buy,65634.3,0.0013,1034681010
1784596251620,buy,65634.3,0.0292,1034681009
1784596251620,buy,65634.3,0.007522,1034681008
1784596251616,buy,65634.3,0.002178,1034681007
1784596251616,buy,65634.3,0.0012,1034681006
1784596250263,buy,65630.6,0.00020214,1034681005
1784596249695,sell,65630.5,0.00000726,1034681004
1784596249695,sell,65630.5,0.00001,1034681003
1784596248551,sell,65630.5,0.00015008,1034681002
1784596246348,buy,65629.3,0.011343,1034681001
1784596246294,sell,65628,0.00000343,1034681000
1784596246294,sell,65628,0.00001,1034680999
1784596245578,buy,65625.7,0.00015237,1034680998
1784596245537,buy,65624.3,0.0012,1034680997
1784596243095,sell,65624.2,0.0000124,1034680996
1784596242380,sell,65624.2,0.01533907,1034680995
1784596242016,sell,65624.3,0.00040584,1034680994
1784596242016,sell,65624.6,0.0000153,1034680993
1784596242016,sell,65627,0.00006924,1034680992
1784596242016,sell,65627,0.0000153,1034680991
1784596242016,sell,65629.3,0.0000816,1034680990
1784596242014,sell,65629.3,0.0227,1034680989
1784596241982,sell,65629.3,0.00812564,1034680988
1784596241982,sell,65629.3,0.00096712,1034680987
1784596241982,sell,65629.4,0.03090724,1034680986
1784596241982,sell,65631.7,0.00003999,1034680985
1784596241980,sell,65631.7,0.0251,1034680984
1784596241979,sell,65632.1,0.00001076,1034680983
1784596241977,sell,65632.1,0.02121632,1034680982
1784596241977,sell,65632.1,0.11858368,1034680981
1784596241925,sell,65633.8,0.01298131,1034680980
1784596241924,sell,65633.8,0.0069,1034680979
1784596241696,sell,65633.8,0.00133434,1034680978
1784596241354,sell,65633.8,0.00001143,1034680977
1784596240935,sell,65635,0.00000008,1034680976
1784596240935,sell,65635,0.021227,1034680975
1784596240915,sell,65635.1,0.02121396,1034680974
1784596239794,sell,65635.1,0.00001312,1034680973
1784596237173,sell,65633.7,0.00092185,1034680972
1784596236894,sell,65635.3,0.00001139,1034680971
1784596236853,sell,65635.3,0.30601457,1034680970
1784596236780,sell,65635.3,0.00806091,1034680969
1784596236513,sell,65635.9,0.00006568,1034680968
1784596236513,sell,65635.9,0.00004157,1034680967
1784596236155,buy,65636,0.00289415,1034680966
1784596235793,buy,65635.6,0.00001501,1034680965
1784596235790,buy,65634,0.0000153,1034680964
1784596235790,buy,65633.2,0.009086,1034680963
1784596235788,buy,65632.2,0.00271912,1034680962
1784596234294,sell,65631.6,0.00001005,1034680961
1784596234149,sell,65631.6,0.0004765,1034680960
1784596234149,sell,65631.6,0.00000001,1034680959
1784596234145,buy,65631.6,0.0000153,1034680958
1784596234145,buy,65629.3,0.0000153,1034680957
1784596234141,buy,65624.4,0.06174,1034680956
1784596232143,sell,65624.3,0.0003084,1034680955
1784596231940,sell,65624.3,0.0153039,1034680954
1784596231849,sell,65624.6,0.00001501,1034680953
1784596231849,sell,65624.6,0.0000153,1034680952
1784596231846,sell,65626.8,0.00084705,1034680951
1784596231844,sell,65626.8,0.00067695,1034680950
1784596231844,sell,65626.8,0.00115873,1034680949
1784596231844,sell,65627,0.0000153,1034680948
1784596231844,sell,65629.4,0.0000153,1034680947
1784596231844,sell,65630,0.00115873,1034680946
1784596231844,sell,65630,0.00006,1034680945
1784596231844,sell,65631.7,0.0000153,1034680944
1784596231844,sell,65633.2,0.00115875,1034680943
1784596231844,sell,65634.1,0.0000153,1034680942
1784596231844,sell,65635,0.01102954,1034680941
1784596231825,sell,65636,0.0000628,1034680940
1784596231825,sell,65636,0.00070176,1034680939
1784596231825,sell,65636.4,0.02240797,1034680938
1784596231593,sell,65636.4,0.00001047,1034680937
1784596231450,sell,65637.3,0.01551091,1034680936
1784596231445,sell,65637.3,0.00690753,1034680935
1784596231445,sell,65637.3,0.00115873,1034680934
1784596231445,sell,65638.8,0.02113374,1034680933
1784596231444,sell,65638.8,0.0012847,1034680932
1784596231444,sell,65638.8,0.0000153,1034680931
1784596231444,sell,65639.2,0.00004698,1034680930
1784596313484,sell,65583.3,0.00059,1034681343
1784596312416,buy,65583.4,0.00209768,1034681342
1784596311880,buy,65575.1,0.00763047,1034681341
1784596311880,buy,65575.1,0.00069413,1034681340
1784596310288,sell,65575,0.03811634,1034681339
1784596310288,sell,65575,0.00004423,1034681338
1784596310288,sell,65575,0.00183943,1034681337
1784596310288,sell,65575,0.02134009,1034681336
1784596310288,sell,65575,0.00069832,1034681335
1784596310288,sell,65575,0.05796159,1034681334
1784596307895,buy,65575.1,0.00003621,1034681333
1784596307895,buy,65575.1,0.00008417,1034681332
1784596307895,buy,65575.1,0.00008417,1034681331
1784596307895,buy,65575.1,0.00008417,1034681330
1784596304570,sell,65577.4,0.0000153,1034681329
1784596304570,sell,65577.9,0.00115873,1034681328
1784596304570,sell,65579.5,0.00046015,1034681327
1784596304570,sell,65579.8,0.00001531,1034681326
1784596304570,sell,65580,0.00006,1034681325
1784596304570,sell,65581.1,0.01143402,1034681324
1784596304558,sell,65581.1,0.01331318,1034681323
1784596304558,sell,65581.1,0.00115873,1034681322
1784596304558,sell,65582.1,0.03538953,1034681321
1784596304536,sell,65584.3,0.00010679,1034681320
1784596304533,sell,65584.3,0.03528274,1034681319
1784596304533,sell,65584.3,0.00115873,1034681318
1784596304533,sell,65584.5,0.00005853,1034681317
1784596304533,sell,65584.5,0.0373,1034681316
1784596304477,sell,65587.5,0.00004528,1034681315
1784596304477,sell,65587.5,0.02082884,1034681314
1784596304477,sell,65587.5,0.00115873,1034681313
1784596302834,buy,65587.6,0.02080562,1034681312
1784596302830,sell,65587.9,0.00004545,1034681311
1784596302830,sell,65587.9,0.00066276,1034681310
1784596302830,sell,65587.9,0.01147692,1034681309
1784596302826,buy,65588,0.00004648,1034681308
1784596302821,sell,65587.9,0.02700847,1034681307
1784596301247,buy,65588,0.00285479,1034681306
1784596301076,sell,65588.3,0.03848539,1034681305
1784596301076,sell,65588.3,0.00050061,1034681304
1784596301076,sell,65588.3,0.00050061,1034681303
1784596301076,sell,65588.3,0.00119871,1034681302
1784596300880,sell,65589.2,0.00004082,1034681301
1784596300880,sell,65589.2,0.00004663,1034681300
1784596300880,sell,65589.2,0.02248539,1034681299
1784596300874,sell,65589.2,0.016,1034681298
1784596299611,sell,65590,0.00037105,1034681297
1784596299611,sell,65590,0.03848539,1034681296
1784596299611,sell,65590,0.00006,1034681295
1784596299377,sell,65590.7,0.00004698,1034681294
1784596299377,sell,65590.7,0.00004396,1034681293
1784596299377,sell,65590.7,0.03848539,1034681292
1784596299377,sell,65590.7,0.00018476,1034681291
1784596298861,sell,65590.7,0.00007139,1034681290
1784596298861,sell,65590.7,0.00115873,1034681289
1784596295916,sell,65591,0.00069736,1034681288
1784596295916,sell,65591,0.00029998,1034681287
1784596295913,sell,65591.1,0.00138389,1034681286
1784596295913,sell,65591.1,0.00025611,1034681285
1784596295270,sell,65591.6,0.00001531,1034681284
1784596295270,sell,65592.2,0.01,1034681283
1784596295270,sell,65593.9,0.00115873,1034681282
1784596295270,sell,65593.9,0.00001531,1034681281
1784596295270,sell,65596.3,0.00001531,1034681280
1784596295270,sell,65597.1,0.00115873,1034681279
1784596295270,sell,65599.5,0.00046015,1034681278
1784596295234,sell,65600,0.00006,1034681277
1784596295234,sell,65600.3,0.00053059,1034681276
1784596295234,sell,65600.3,0.00115875,1034681275
1784596295234,sell,65601,0.00001531,1034681274
1784596295232,sell,65603.4,0.03069719,1034681273
1784596295232,sell,65603.4,0.00001531,1034681272
1784596295232,sell,65604.4,0.03069719,1034681271
1784596295232,sell,65604.4,0.00115873,1034681270
1784596295231,sell,65605.1,0.03069719,1034681269
1784596295231,sell,65605.1,0.01,1034681268
1784596295231,sell,65605.2,0.03069719,1034681267
1784596295231,sell,65605.2,0.01,1034681266
1784596295231,sell,65605.3,0.03069719,1034681265
1784596295231,sell,65605.3,0.00004105,1034681264
1784596295231,sell,65605.3,0.00035763,1034681263
1784596295231,sell,65605.3,0.0004,1034681262
1784596295231,sell,65605.3,0.004,1034681261
1784596295231,sell,65605.3,0.0034,1034681260
1784596295231,sell,65605.3,0.0022,1034681259
1784596293072,buy,65605.4,0.000503,1034681258
1784596291866,sell,65607.6,0.00115873,1034681257
1784596291861,buy,65607.7,0.03272531,1034681256
1784596291861,buy,65607.7,0.03272531,1034681255
1784596291861,buy,65607.7,0.03079716,1034681254
1784596291861,buy,65607.7,0.00192815,1034681253
1784596291858,sell,65608.1,0.0000153,1034681252
1784596291856,sell,65610,0.00006,1034681251
1784596291856,sell,65610.5,0.00185284,1034681250
1784596291856,sell,65610.5,0.0000153,1034681249
1784596291856,sell,65610.8,0.00115873,1034681248
1784596291856,sell,65612.6,0.0361365,1034681247
1784596291856,sell,65612.6,0.00133294,1034681246
1784596291856,sell,65612.8,0.03228271,1034681245
1784596291856,sell,65613.6,0.0361365,1034681244
1784608271962,sell,65513.7,0.0152,1034746022
1784608271871,sell,65513.7,0.00898858,1034746021
1784608271871,sell,65513.7,0.00691142,1034746020
1784608271846,buy,65513.8,0.00091578,1034746019
1784608271751,sell,65513.7,0.02747031,1034746018
1784608263151,buy,65513.8,0.00334146,1034746017
1784608260544,buy,65513.8,0.00015263,1034746016
1784608260541,sell,65513.7,0.0005,1034746015
1784608260539,sell,65514,0.02311068,1034746014
1784608260539,sell,65514,0.00002,1034746013
1784608260537,sell,65514.1,0.00006827,1034746012
1784608260537,sell,65514.1,0.00314358,1034746011
1784608260533,sell,65514.1,0.00070356,1034746010
1784608260533,sell,65514.1,0.03879644,1034746009
1784608259504,sell,65516.6,0.00000029,1034746008
1784608259503,sell,65516.6,0.03488144,1034746007
1784608259503,sell,65516.6,0.00008688,1034746006
1784608259503,sell,65516.6,0.00004155,1034746005
1784608259503,sell,65516.6,0.00001213,1034746004
1784608259259,sell,65517.5,0.00005092,1034746003
1784608259259,sell,65517.5,0.00456186,1034746002
1784608259259,sell,65517.5,0.00007382,1034746001
1784608259259,sell,65517.5,0.00010807,1034746000
1784608259259,sell,65517.5,0.03198804,1034745999
1784608259250,sell,65517.5,0.0075,1034745998
1784608258269,sell,65517.5,0.0003783,1034745997
1784608254694,sell,65517.5,0.0000068,1034745996
1784608254694,sell,65517.5,0.00004196,1034745995
1784608254694,sell,65517.5,0.0000891,1034745994
1784608254694,sell,65517.5,0.00001248,1034745993
1784608254484,sell,65517.9,0.00000042,1034745992
1784608254483,sell,65517.9,0.03987272,1034745991
1784608254483,sell,65518,0.03987314,1034745990
1784608254483,sell,65518.3,0.03987314,1034745989
1784608254483,sell,65518.3,0.00002,1034745988
1784608254460,buy,65518.4,0.03833957,1034745987
1784608254456,sell,65518.4,0.03987314,1034745986
1784608248232,sell,65518.4,0.00020195,1034745985
1784608248208,sell,65518.4,0.00001,1034745984
1784608248208,sell,65518.4,0.00000999,1034745983
1784608248208,sell,65518.4,0.00000001,1034745982
1784608248208,sell,65518.4,0.00001,1034745981
1784608248205,buy,65517.4,0.00096966,1034745980
1784608248205,buy,65517.2,0.00001,1034745979
1784608248205,buy,65517.1,0.00001,1034745978
1784608248205,buy,65515.3,0.00001,1034745977
1784608248194,buy,65515.2,0.00001001,1034745976
1784608248194,buy,65515.2,0.000203,1034745975
1784608248194,buy,65515.2,0.00001,1034745974
1784608245649,sell,65515.1,0.00015034,1034745973
1784608244111,sell,65515.1,0.00001,1034745972
1784608244111,sell,65515.1,0.00001,1034745971
1784608244111,sell,65515.1,0.00001,1034745970
1784608244108,sell,65515.1,0.00001,1034745969
1784608244108,sell,65515.1,0.00001,1034745968
1784608244108,sell,65515.1,0.00001,1034745967
1784608244104,sell,65515.1,0.00001,1034745966
1784608244104,sell,65515.1,0.00001,1034745965
1784608244104,sell,65515.1,0.00001,1034745964
1784608244101,sell,65515.1,0.00001,1034745963
1784608244101,sell,65515.1,0.00001,1034745962
1784608244101,sell,65515.1,0.00001,1034745961
1784608244096,sell,65512,0.00001,1034745960
1784608244095,sell,65512,0.00001,1034745959
1784608244095,sell,65512,0.00001,1034745958
1784608244095,sell,65512,0.00001,1034745957
1784608244094,buy,65511.6,0.00084542,1034745956
1784608244094,buy,65511.2,0.00001533,1034745955
1784608244094,buy,65509.2,0.00001,1034745954
1784608244092,buy,65508.5,0.00001,1034745953
1784608244092,buy,65508.5,0.00746966,1034745952
1784608244092,buy,65508.5,0.0121,1034745951
1784608244092,buy,65508.5,0.28043034,1034745950
1784608244091,buy,65508,0.01555,1034745949
1784608244091,buy,65508,0.06106129,1034745948
1784608244091,buy,65508,0.00001,1034745947
1784608244091,buy,65508,0.04572873,1034745946
1784608244091,buy,65508,0.01805462,1034745945
1784608244091,buy,65508,0.06137096,1034745944
1784608244091,buy,65508,0.14774875,1034745943
1784608243767,buy,65508,0.01153348,1034745942
1784608243518,sell,65507.9,0.0005,1034745941
1784608243229,sell,65507.9,0.00873419,1034745940
1784608243109,buy,65508,0.01555346,1034745939
1784608242609,sell,65507.9,0.00001,1034745938
1784608242609,sell,65507.9,0.00001,1034745937
1784608242606,sell,65507.9,0.00001,1034745936
1784608242603,sell,65507.9,0.00001,1034745935
1784608242603,sell,65507.9,0.00001,1034745934
1784608242599,sell,65507.9,0.00001,1034745933
1784608242596,sell,65507.9,0.00001,1034745932
1784608242596,sell,65507.9,0.00001,1034745931
1784608242593,sell,65507.9,0.00001,1034745930
1784608242591,sell,65507.9,0.00001,1034745929
1784608242591,sell,65507.9,0.00001,1034745928
1784608242588,sell,65507.9,0.00001,1034745927
1784608242584,sell,65507.9,0.00001,1034745926
1784608242584,sell,65507.9,0.00001,1034745925
1784608242582,sell,65507.9,0.00001,1034745924
1784608242578,buy,65507.9,0.00001,1034745923
1784608326785,sell,65529.6,0.00843569,1034746537
1784608326785,sell,65529.6,0.0013,1034746536
1784608326785,sell,65529.6,0.0012,1034746535
1784608326785,sell,65529.6,0.02152,1034746534
1784608326555,buy,65529.7,0.00173814,1034746533
1784608325322,buy,65529.4,0.00001,1034746532
1784608325322,buy,65529.3,0.00001,1034746531
1784608325322,buy,65529.1,0.00001,1034746530
1784608324705,sell,65529,0.00742956,1034746529
1784608323508,sell,65529,0.00001,1034746528
1784608323508,sell,65529,0.00001,1034746527
1784608323508,sell,65529,0.00001,1034746526
1784608323508,sell,65529,0.00001,1034746525
1784608323508,sell,65529,0.00001,1034746524
1784608323505,sell,65529,0.00001,1034746523
1784608323502,sell,65529,0.00001,1034746522
1784608323502,sell,65529,0.00001,1034746521
1784608323502,sell,65529,0.00001,1034746520
1784608323502,sell,65529,0.00001,1034746519
1784608323502,sell,65529,0.00001,1034746518
1784608323499,sell,65529,0.00001,1034746517
1784608323496,sell,65529,0.00001,1034746516
1784608323496,sell,65529,0.00001,1034746515
1784608323496,sell,65529,0.00001,1034746514
1784608323496,sell,65529,0.00001,1034746513
1784608323496,sell,65529,0.00001,1034746512
1784608323493,sell,65529,0.00001,1034746511
1784608323490,sell,65529,0.00001,1034746510
1784608323490,sell,65529,0.00001,1034746509
1784608323490,sell,65529,0.00001,1034746508
1784608323490,sell,65529,0.00001,1034746507
1784608323490,sell,65529,0.00001,1034746506
1784608323488,sell,65529,0.00001,1034746505
1784608323484,sell,65529,0.00001,1034746504
1784608323484,sell,65529,0.00001,1034746503
1784608323484,sell,65529,0.00001,1034746502
1784608323484,sell,65529,0.00001,1034746501
1784608323484,sell,65529,0.00001,1034746500
1784608323481,sell,65529,0.00001,1034746499
1784608323478,sell,65529,0.00001,1034746498
1784608323478,sell,65529,0.00001,1034746497
1784608323478,sell,65529,0.00001,1034746496
1784608323478,sell,65529,0.00001,1034746495
1784608323478,sell,65529,0.00001,1034746494
1784608323475,sell,65529,0.00001,1034746493
1784608323472,sell,65529,0.00001,1034746492
1784608323472,sell,65529,0.00001,1034746491
1784608323472,sell,65529,0.00001,1034746490
1784608323472,sell,65529,0.00001,1034746489
1784608323472,sell,65529,0.00001,1034746488
1784608323469,sell,65529,0.00001,1034746487
1784608323466,sell,65529,0.00001,1034746486
1784608323466,sell,65529,0.00001,1034746485
1784608323466,sell,65529,0.00001,1034746484
1784608323466,sell,65529,0.00001,1034746483
1784608323466,sell,65529,0.00001,1034746482
1784608323462,sell,65529,0.00001,1034746481
1784608323459,sell,65529,0.00001,1034746480
1784608323459,sell,65529,0.00001,1034746479
1784608323459,sell,65529,0.00001,1034746478
1784608323459,sell,65529,0.00001,1034746477
1784608323459,sell,65529,0.00001,1034746476
1784608323456,sell,65529,0.00001,1034746475
1784608323453,sell,65529,0.00001,1034746474
1784608323453,sell,65529,0.00001,1034746473
1784608323453,sell,65529,0.00001,1034746472
1784608323453,sell,65529,0.00001,1034746471
1784608323453,sell,65529,0.00001,1034746470
1784608323449,buy,65528.3,0.00119594,1034746469
1784608323449,buy,65527.7,0.00001532,1034746468
1784608323449,buy,65525.4,0.00001532,1034746467
1784608323449,buy,65523,0.00001532,1034746466
1784608323449,buy,65521,0.00001,1034746465
1784608323438,buy,65521,0.0799,1034746464
1784608323393,buy,65521,0.0002,1034746463
1784608322910,sell,65520.9,0.00001,1034746462
1784608322910,sell,65520.9,0.00001,1034746461
1784608322910,sell,65520.9,0.00001,1034746460
1784608322910,sell,65520.9,0.00001,1034746459
1784608322907,sell,65520.9,0.00001,1034746458
1784608322902,sell,65520.9,0.00001,1034746457
1784608322902,sell,65520.9,0.00001,1034746456
1784608322902,sell,65520.9,0.00001,1034746455
1784608322902,sell,65520.9,0.00001,1034746454
1784608322899,sell,65520.9,0.00001,1034746453
1784608322896,sell,65520.9,0.00001,1034746452
1784608322896,sell,65520.9,0.00001,1034746451
1784608322896,sell,65520.9,0.00001,1034746450
1784608322896,sell,65520.9,0.00001,1034746449
1784608322893,sell,65520.9,0.00001,1034746448
1784608322890,sell,65520.9,0.00001,1034746447
1784608322890,sell,65520.9,0.00001,1034746446
1784608322890,sell,65520.9,0.00001,1034746445
1784608322890,sell,65520.9,0.00000999,1034746444
1784608322890,sell,65520.9,0.00000001,1034746443
1784608322885,buy,65520.7,0.00001533,1034746442
1784608322885,buy,65520.5,0.00112707,1034746441
1784608322885,buy,65519,0.00001,1034746440
1784608322365,sell,65516.1,0.03494573,1034746439
1784608322365,sell,65516.1,0.00115844,1034746438
1784608380511,sell,65542.6,0.00001,1034746776
1784608380511,sell,65542.6,0.00026406,1034746775
1784608380508,sell,65542.6,0.00001,1034746774
1784608380508,sell,65542.6,0.00001,1034746773
1784608380508,sell,65542.6,0.00001,1034746772
1784608380508,sell,65542.6,0.00001,1034746771
1784608380508,sell,65542.6,0.00001,1034746770
1784608380505,sell,65542.6,0.00001,1034746769
1784608380502,sell,65542.6,0.00001,1034746768
1784608380502,sell,65542.6,0.00001,1034746767
1784608380502,sell,65542.6,0.00001,1034746766
1784608380502,sell,65542.6,0.00001,1034746765
1784608380502,sell,65542.6,0.00001,1034746764
1784608380499,sell,65542.6,0.00001,1034746763
1784608380496,sell,65542.6,0.00001,1034746762
1784608380496,sell,65542.6,0.00001,1034746761
1784608380496,sell,65542.6,0.00001,1034746760
1784608380496,sell,65542.6,0.00001,1034746759
1784608380496,sell,65542.6,0.00001,1034746758
1784608380492,sell,65542.6,0.00001,1034746757
1784608380488,sell,65542.6,0.00001,1034746756
1784608380488,sell,65542.6,0.00001,1034746755
1784608380488,sell,65542.6,0.00001,1034746754
1784608380488,sell,65542.6,0.00001,1034746753
1784608380488,sell,65542.6,0.00001,1034746752
1784608380485,sell,65542.6,0.00001,1034746751
1784608380482,sell,65542.6,0.00001,1034746750
1784608380482,sell,65542.6,0.00001,1034746749
1784608380482,sell,65542.6,0.00001,1034746748
1784608380482,sell,65542.6,0.00001,1034746747
1784608380482,sell,65542.6,0.00001,1034746746
1784608380479,sell,65542.6,0.00001,1034746745
1784608380476,sell,65542.6,0.00001,1034746744
1784608380476,sell,65542.6,0.00001,1034746743
1784608380476,sell,65542.6,0.00001,1034746742
1784608380476,sell,65542.6,0.00001,1034746741
1784608380476,sell,65542.6,0.00001,1034746740
1784608380473,sell,65542.6,0.00001,1034746739
1784608380470,sell,65542.6,0.00001,1034746738
1784608380470,sell,65542.6,0.00001,1034746737
1784608380470,sell,65542.6,0.00001,1034746736
1784608380470,sell,65542.6,0.00001,1034746735
1784608380470,sell,65542.6,0.00001,1034746734
1784608380466,sell,65542.6,0.00001,1034746733
1784608380462,buy,65541.9,0.00001532,1034746732
1784608380462,buy,65541.3,0.00007628,1034746731
1784608380462,buy,65540.6,0.00540319,1034746730
1784608380462,buy,65540.6,0.00153796,1034746729
1784608380462,buy,65540,0.00001,1034746728
1784608380462,buy,65540,0.00006,1034746727
1784608380462,buy,65540,0.00149679,1034746726
1784608380462,buy,65539.8,0.00001,1034746725
1784608380462,buy,65539.8,0.0011941,1034746724
1784608380462,buy,65539.5,0.00001,1034746723
1784608380462,buy,65539.5,0.00046015,1034746722
1784608380462,buy,65539.4,0.00001,1034746721
1784608380462,buy,65539.4,0.00029875,1034746720
1784608380462,buy,65538.6,0.00001,1034746719
1784608380462,buy,65538.6,0.00033577,1034746718
1784608380462,buy,65538.6,0.00149969,1034746717
1784608379545,buy,65538.5,0.00001,1034746716
1784608379545,buy,65538.5,0.00810908,1034746715
1784608379545,buy,65538,0.00001,1034746714
1784608379545,buy,65537.9,0.00001,1034746713
1784608379545,buy,65536.8,0.0053,1034746712
1784608379545,buy,65536.8,0.00088301,1034746711
1784608379545,buy,65536.8,0.00001,1034746710
1784608378185,buy,65536.8,0.00003051,1034746709
1784608375645,sell,65536.7,0.00012186,1034746708
1784608374855,sell,65536.7,0.00016603,1034746707
1784608371907,sell,65536.7,0.00305172,1034746706
1784608369809,sell,65536.7,0.00001,1034746705
1784608369809,sell,65536.7,0.00001,1034746704
1784608369809,sell,65536.7,0.00001,1034746703
1784608369806,sell,65536.7,0.00001,1034746702
1784608369806,sell,65536.7,0.00001,1034746701
1784608369806,sell,65536.7,0.00001,1034746700
1784608369803,sell,65536.7,0.00001,1034746699
1784608369803,sell,65536.7,0.00001,1034746698
1784608369803,sell,65536.7,0.00001,1034746697
1784608369800,sell,65536.7,0.00001,1034746696
1784608369800,sell,65536.7,0.00001,1034746695
1784608369800,sell,65536.7,0.00001,1034746694
1784608369797,sell,65536.7,0.00001,1034746693
1784608369797,sell,65536.7,0.00001,1034746692
1784608369797,sell,65536.7,0.00001,1034746691
1784608369794,sell,65536.7,0.00001,1034746690
1784608369794,sell,65536.7,0.00001,1034746689
1784608369794,sell,65536.7,0.00001,1034746688
1784608369791,sell,65536.7,0.00001,1034746687
1784608369791,sell,65536.7,0.00001,1034746686
1784608369791,sell,65536.7,0.00001,1034746685
1784608369788,sell,65536.7,0.00001,1034746684
1784608369788,sell,65536.7,0.00001,1034746683
1784608369788,sell,65536.7,0.00001,1034746682
1784608369785,sell,65536.7,0.00001,1034746681
1784608369785,sell,65536.7,0.00001,1034746680
1784608369785,sell,65536.7,0.00001,1034746679
1784608369782,sell,65536.7,0.00001,1034746678
1784608369782,sell,65536.7,0.00001,1034746677
1784608436726,buy,65533.5,0.00007,1034747078
1784608435696,sell,65533.4,0.02836338,1034747077
1784608435696,sell,65533.4,0.59225192,1034747076
1784608435696,sell,65533.4,0.26752,1034747075
1784608435696,sell,65533.4,0.0013,1034747074
1784608435696,sell,65533.4,0.0351,1034747073
1784608435696,sell,65533.4,0.0754647,1034747072
1784608435402,buy,65533.5,0.00020447,1034747071
1784608434696,sell,65533.4,0.0764993,1034747070
1784608433011,sell,65533.4,0.00001,1034747069
1784608433011,sell,65533.4,0.00001,1034747068
1784608433011,sell,65533.4,0.00001,1034747067
1784608433007,sell,65533.4,0.00001,1034747066
1784608433007,sell,65533.4,0.00001,1034747065
1784608433007,sell,65533.4,0.00001,1034747064
1784608433004,sell,65533.4,0.00001,1034747063
1784608433004,sell,65533.4,0.00001,1034747062
1784608433004,sell,65533.4,0.00001,1034747061
1784608433001,sell,65533.4,0.00001,1034747060
1784608433001,sell,65533.4,0.00001,1034747059
1784608433001,sell,65533.4,0.00001,1034747058
1784608432998,sell,65533.4,0.00001,1034747057
1784608432998,sell,65533.4,0.00001,1034747056
1784608432998,sell,65533.4,0.00001,1034747055
1784608432995,sell,65533.4,0.00001,1034747054
1784608432995,sell,65533.4,0.00001,1034747053
1784608432994,sell,65533.4,0.00001,1034747052
1784608432991,sell,65533.4,0.00001,1034747051
1784608432991,sell,65533.4,0.00001,1034747050
1784608432991,sell,65533.4,0.00001,1034747049
1784608432988,sell,65533.4,0.00001,1034747048
1784608432988,sell,65533.4,0.00001,1034747047
1784608432988,sell,65533.4,0.00001,1034747046
1784608432985,sell,65533.4,0.00001,1034747045
1784608432985,sell,65533.4,0.00001,1034747044
1784608432985,sell,65533.4,0.00001,1034747043
1784608432982,sell,65533.4,0.00001,1034747042
1784608432982,sell,65533.4,0.00001,1034747041
1784608432982,sell,65533.4,0.00001,1034747040
1784608432979,sell,65533.4,0.00001,1034747039
1784608432979,sell,65533.4,0.00001,1034747038
1784608432979,sell,65533.4,0.00001,1034747037
1784608432976,sell,65533.4,0.00001,1034747036
1784608432976,sell,65533.4,0.00001,1034747035
1784608432976,sell,65533.4,0.00001,1034747034
1784608432972,sell,65533.4,0.00001,1034747033
1784608432972,sell,65533.4,0.00001,1034747032
1784608432972,sell,65533.4,0.00001,1034747031
1784608432969,sell,65533.4,0.00001,1034747030
1784608432969,sell,65533.4,0.00001,1034747029
1784608432969,sell,65533.4,0.00001,1034747028
1784608432965,sell,65533.4,0.00001,1034747027
1784608432965,sell,65533.4,0.00001,1034747026
1784608432965,sell,65533.4,0.00001,1034747025
1784608432962,sell,65533.4,0.00001,1034747024
1784608432962,sell,65533.4,0.00001,1034747023
1784608432962,sell,65533.4,0.00001,1034747022
1784608432959,sell,65533.4,0.00001,1034747021
1784608432959,sell,65533.4,0.00001,1034747020
1784608432959,sell,65533.4,0.00001,1034747019
1784608432956,sell,65533.4,0.00001,1034747018
1784608432956,sell,65533.4,0.00001,1034747017
1784608432956,sell,65533.4,0.00001,1034747016
1784608432952,sell,65533.4,0.00001,1034747015
1784608432952,sell,65533.4,0.00001,1034747014
1784608432952,sell,65533.4,0.00001,1034747013
1784608432949,sell,65533.4,0.00001,1034747012
1784608432949,sell,65533.4,0.00001,1034747011
1784608432949,sell,65533.4,0.00001,1034747010
1784608432946,sell,65533.4,0.00001,1034747009
1784608432946,sell,65533.4,0.00001,1034747008
1784608432946,sell,65533.4,0.00001,1034747007
1784608432944,buy,65533.2,0.00001,1034747006
1784608432943,sell,65533.1,0.00001,1034747005
1784608432943,sell,65533.1,0.00001,1034747004
1784608432940,sell,65533.1,0.00001,1034747003
1784608432940,sell,65533.1,0.00001,1034747002
1784608432940,sell,65533.1,0.00001,1034747001
1784608432937,sell,65533.1,0.00001,1034747000
1784608432937,sell,65533.1,0.00001,1034746999
1784608432934,sell,65533.1,0.00001,1034746998
1784608432934,sell,65533.1,0.00001,1034746997
1784608432934,sell,65533.1,0.00001,1034746996
1784608432931,sell,65533.1,0.00001,1034746995
1784608432931,sell,65533.1,0.00001,1034746994
1784608432927,sell,65533.1,0.00001,1034746993
1784608432927,sell,65533.1,0.00001,1034746992
1784608432927,sell,65533.1,0.00001,1034746991
1784608432924,sell,65533.1,0.00001,1034746990
1784608432924,sell,65533.1,0.00001,1034746989
1784608432921,sell,65533.1,0.00001,1034746988
1784608432921,sell,65533.1,0.00001,1034746987
1784608432921,sell,65533.1,0.00001,1034746986
1784608432918,sell,65533.1,0.00001,1034746985
1784608432918,sell,65533.1,0.00001,1034746984
1784608432914,sell,65533.1,0.00001,1034746983
1784608432914,sell,65533.1,0.00001,1034746982
1784608432914,sell,65533.1,0.00000999,1034746981
1784608432914,sell,65533.1,0.00000001,1034746980
1784608432913,buy,65532.5,0.00050321,1034746979
1784608488697,buy,65535.4,0.23021437,1034747238
1784608488697,buy,65535.4,0.19002001,1034747237
1784608488697,buy,65535.4,0.0012,1034747236
1784608488697,buy,65535.4,0.29288,1034747235
1784608488697,buy,65535.4,0.28209,1034747234
1784608488697,buy,65535.4,0.00359562,1034747233
1784608487825,buy,65535.4,0.05104652,1034747232
1784608487825,buy,65535.4,0.0486061,1034747231
1784608487803,sell,65535.3,0.00056479,1034747230
1784608487803,sell,65535.3,0.00007233,1034747229
1784608487803,sell,65535.3,0.00099241,1034747228
1784608487697,buy,65535.4,0.08316164,1034747227
1784608484744,sell,65535.3,0.00016603,1034747226
1784608481010,buy,65535.4,0.00163117,1034747225
1784608478627,buy,65535.4,0.00021358,1034747224
1784608478627,buy,65535.4,0.00000001,1034747223
1784608477962,sell,65535.5,0.00191069,1034747222
1784608477962,sell,65536.7,0.00001501,1034747221
1784608477962,sell,65538,0.0005,1034747220
1784608477943,sell,65539.6,0.00001532,1034747219
1784608477943,sell,65543.1,0.00001007,1034747218
1784608477943,sell,65543.4,0.00191853,1034747217
1784608477941,sell,65543.4,0.00454272,1034747216
1784608477941,sell,65543.4,0.00007699,1034747215
1784608477941,sell,65543.4,0.00005787,1034747214
1784608477941,sell,65543.4,0.00006517,1034747213
1784608477941,sell,65544.2,0.0248616,1034747212
1784608477941,sell,65544.3,0.00327219,1034747211
1784608477939,sell,65544.3,0.02158941,1034747210
1784608477939,sell,65544.5,0.00002,1034747209
1784608477939,sell,65544.5,0.03126214,1034747208
1784608477937,sell,65544.6,0.00001,1034747207
1784608477937,sell,65544.6,0.00101256,1034747206
1784608477935,sell,65544.6,0.03024958,1034747205
1784608477935,sell,65544.7,0.03824605,1034747204
1784608477697,buy,65544.8,0.05409742,1034747203
1784608477697,buy,65544.8,0.00153786,1034747202
1784608477697,buy,65544.8,0.00001,1034747201
1784608477697,buy,65544.8,0.00024955,1034747200
1784608477697,buy,65544.8,0.00261939,1034747199
1784608476697,buy,65544.8,0.02853663,1034747198
1784608476198,buy,65544.8,0.00016228,1034747197
1784608473148,sell,65544.7,0.14011672,1034747196
1784608473148,sell,65544.7,0.00416768,1034747195
1784608467393,sell,65544.7,0.00157291,1034747194
1784608465349,sell,65544.7,0.01387994,1034747193
1784608463107,buy,65544.8,0.00019833,1034747192
1784608461160,buy,65544.8,0.00086401,1034747191
1784608461160,buy,65544.8,0.00071048,1034747190
1784608460763,buy,65544.8,0.00011205,1034747189
1784608460763,buy,65544.8,0.00001,1034747188
1784608456906,buy,65544.8,0.0015394,1034747187
1784608456153,sell,65544.7,0.00161406,1034747186
1784608454494,sell,65544.7,0.00329048,1034747185
1784608452177,buy,65544.8,0.05608098,1034747184
1784608449507,buy,65544.8,0.00161568,1034747183
1784608447949,sell,65544.7,0.00033653,1034747182
1784608441109,sell,65544.7,0.00001,1034747181
1784608441109,sell,65544.7,0.00001,1034747180
1784608441109,sell,65544.7,0.00001,1034747179
1784608441109,sell,65544.7,0.00001,1034747178
1784608441105,sell,65544.7,0.00001,1034747177
1784608441105,sell,65544.7,0.00001,1034747176
1784608441103,sell,65544.7,0.00001,1034747175
1784608441103,sell,65544.7,0.00001,1034747174
1784608441103,sell,65544.7,0.00001,1034747173
1784608441103,sell,65544.7,0.00001,1034747172
1784608441100,sell,65544.7,0.00049544,1034747171
1784608441099,sell,65544.7,0.00001,1034747170
1784608441099,sell,65544.7,0.00001,1034747169
1784608441095,sell,65544.7,0.00001,1034747168
1784608441095,sell,65544.7,0.00001,1034747167
1784608441095,sell,65544.7,0.00001,1034747166
1784608441095,sell,65544.7,0.00001,1034747165
1784608441092,sell,65544.7,0.00001,1034747164
1784608441092,sell,65544.7,0.00001,1034747163
1784608441089,sell,65544.7,0.00001,1034747162
1784608441089,sell,65544.7,0.00001,1034747161
1784608441089,sell,65544.7,0.00001,1034747160
1784608441089,sell,65544.7,0.00001,1034747159
1784608441086,sell,65544.7,0.00001,1034747158
1784608441086,sell,65544.7,0.00001,1034747157
1784608441083,sell,65544.7,0.00001,1034747156
1784608441083,sell,65544.7,0.00001,1034747155
1784608441083,sell,65544.7,0.00001,1034747154
1784608441083,sell,65544.7,0.00001,1034747153
1784608441080,sell,65544.7,0.00001,1034747152
1784608441080,sell,65544.7,0.00001,1034747151
1784608441077,sell,65544.7,0.00001,1034747150
1784608441077,sell,65544.7,0.00001,1034747149
1784608441077,sell,65544.7,0.00001,1034747148
1784608441077,sell,65544.7,0.00001,1034747147
1784608441074,sell,65544.7,0.00001,1034747146
1784608441074,sell,65544.7,0.00001,1034747145
1784608441070,sell,65544.7,0.00001,1034747144
1784608441070,sell,65544.7,0.00001,1034747143
1784608441070,sell,65544.7,0.00001,1034747142
1784608441070,sell,65544.7,0.00001,1034747141
1784608441068,buy,65544.3,0.00001532,1034747140
1784608441068,buy,65542.7,0.00153486,1034747139
1784618119206,buy,65921.5,0.0000182,1034811351
1784618119012,buy,65921.5,0.00001668,1034811350
1784618118948,buy,65921.5,0.00009101,1034811349
1784618117319,buy,65921.5,0.0002249,1034811348
1784618117070,buy,65921.5,0.00022754,1034811347
1784618115923,buy,65921.5,0.00154577,1034811346
1784618113942,buy,65921.5,0.00757719,1034811345
1784618113671,buy,65921.5,0.00047753,1034811344
1784618113481,buy,65921.5,0.00011073,1034811343
1784618112394,buy,65921.5,0.13746237,1034811342
1784618112394,buy,65921.5,0.0013,1034811341
1784618112394,buy,65921.5,0.0129332,1034811340
1784618112188,sell,65921.4,0.00032739,1034811339
1784618111669,sell,65921.4,0.00007236,1034811338
1784618111669,sell,65921.4,0.00000371,1034811337
1784618110822,buy,65921.5,0.3224268,1034811336
1784618110822,buy,65921.5,0.16504238,1034811335
1784618110451,sell,65921.4,0.00014098,1034811334
1784618109685,buy,65921.5,0.00075847,1034811333
1784618108984,buy,65921.5,0.00010618,1034811332
1784618107686,buy,65921.5,0.00247567,1034811331
1784618107682,buy,65921.5,0.00125755,1034811330
1784618105611,buy,65921.5,0.00029597,1034811329
1784618105292,buy,65921.5,0.00053093,1034811328
1784618105074,buy,65921.5,0.00378541,1034811327
1784618101700,buy,65921.5,0.0025409,1034811326
1784618101572,sell,65921.4,0.001,1034811325
1784618101412,buy,65921.5,0.0075646,1034811324
1784618101412,buy,65921.5,0.00001531,1034811323
1784618101362,buy,65921.5,0.00001516,1034811322
1784618100884,sell,65921.4,0.00150212,1034811321
1784618100811,sell,65922,0.0005,1034811320
1784618100811,sell,65923.1,0.00001501,1034811319
1784618100811,sell,65923.3,0.00115585,1034811318
1784618100811,sell,65924.2,0.00141577,1034811317
1784618100808,sell,65926.6,0.00275684,1034811316
1784618100808,sell,65926.6,0.00115585,1034811315
1784618100787,sell,65929.9,0.00279053,1034811314
1784618100784,sell,65929.9,0.00008102,1034811313
1784618100784,sell,65929.9,0.00115585,1034811312
1784618100784,sell,65929.9,0.00486313,1034811311
1784618100781,sell,65929.9,0.0410088,1034811310
1784618100781,sell,65929.9,0.0029912,1034811309
1784618100697,sell,65929.9,0.02156804,1034811308
1784618098603,sell,65929.9,0.00001,1034811307
1784618098603,sell,65929.9,0.00001,1034811306
1784618098603,sell,65929.9,0.00001,1034811305
1784618098603,sell,65929.9,0.00001,1034811304
1784618098603,sell,65929.9,0.00001,1034811303
1784618098599,sell,65929.9,0.00001,1034811302
1784618098596,sell,65929.9,0.00001,1034811301
1784618098596,sell,65929.9,0.00001,1034811300
1784618098596,sell,65929.9,0.00001,1034811299
1784618098596,sell,65929.9,0.00001,1034811298
1784618098596,sell,65929.9,0.00001,1034811297
1784618098592,sell,65929.9,0.00001,1034811296
1784618098589,sell,65929.9,0.00001,1034811295
1784618098589,sell,65929.9,0.00001,1034811294
1784618098589,sell,65929.9,0.00001,1034811293
1784618098589,sell,65929.9,0.00001,1034811292
1784618098589,sell,65929.9,0.00001,1034811291
1784618098586,sell,65929.9,0.00001,1034811290
1784618098583,sell,65929.9,0.00001,1034811289
1784618098583,sell,65929.9,0.00001,1034811288
1784618098583,sell,65929.9,0.00001,1034811287
1784618098583,sell,65929.9,0.00001,1034811286
1784618098583,sell,65929.9,0.00001,1034811285
1784618098579,sell,65929.9,0.00001,1034811284
1784618098575,sell,65929.9,0.00001,1034811283
1784618098575,sell,65929.9,0.00001,1034811282
1784618098575,sell,65929.9,0.00001,1034811281
1784618098575,sell,65929.9,0.00001,1034811280
1784618098575,sell,65929.9,0.00001,1034811279
1784618098572,sell,65929.9,0.00001,1034811278
1784618098569,sell,65929.9,0.00001,1034811277
1784618098569,sell,65929.9,0.00001,1034811276
1784618098569,sell,65929.9,0.00001,1034811275
1784618098569,sell,65929.9,0.00001,1034811274
1784618098569,sell,65929.9,0.00001,1034811273
1784618098565,sell,65929.9,0.00001,1034811272
1784618098562,sell,65929.9,0.00001,1034811271
1784618098562,sell,65929.9,0.00001,1034811270
1784618098562,sell,65929.9,0.00001,1034811269
1784618098562,sell,65929.9,0.00001,1034811268
1784618098562,sell,65929.9,0.00001,1034811267
1784618098559,sell,65929.9,0.00001,1034811266
1784618098555,sell,65929.9,0.00001,1034811265
1784618098555,sell,65929.9,0.00001,1034811264
1784618098555,sell,65929.9,0.00001,1034811263
1784618098555,sell,65929.9,0.00001,1034811262
1784618098555,sell,65929.9,0.00001,1034811261
1784618098552,sell,65929.9,0.00001,1034811260
1784618098548,sell,65929.9,0.00001,1034811259
1784618098548,sell,65929.9,0.00001,1034811258
1784618098548,sell,65929.9,0.00001,1034811257
1784618098548,sell,65929.9,0.00001,1034811256
1784618098548,sell,65929.9,0.00001,1034811255
1784618098544,buy,65929.8,0.0046238,1034811254
1784618098544,buy,65929.6,0.00220331,1034811253
1784618098544,buy,65928.3,0.0002999,1034811252
1784618173224,buy,65927.3,0.00015168,1034811723
1784618173202,sell,65927.2,0.00001,1034811722
1784618173199,sell,65927.2,0.00001,1034811721
1784618173199,sell,65927.2,0.00001,1034811720
1784618173199,sell,65927.2,0.00001,1034811719
1784618173199,sell,65927.2,0.00001,1034811718
1784618173199,sell,65927.2,0.00001,1034811717
1784618173196,sell,65927.2,0.00001,1034811716
1784618173193,sell,65927.2,0.00001,1034811715
1784618173193,sell,65927.2,0.00001,1034811714
1784618173193,sell,65927.2,0.00001,1034811713
1784618173193,sell,65927.2,0.00001,1034811712
1784618173193,sell,65927.2,0.00001,1034811711
1784618173189,sell,65927.2,0.00001,1034811710
1784618173186,sell,65927.2,0.00001,1034811709
1784618173186,sell,65927.2,0.00001,1034811708
1784618173186,sell,65927.2,0.00001,1034811707
1784618173186,sell,65927.2,0.00001,1034811706
1784618173186,sell,65927.2,0.00001,1034811705
1784618173183,sell,65927.2,0.00001,1034811704
1784618173179,sell,65927.2,0.00001,1034811703
1784618173179,sell,65927.2,0.00001,1034811702
1784618173179,sell,65927.2,0.00001,1034811701
1784618173179,sell,65927.2,0.00001,1034811700
1784618173179,sell,65927.2,0.00001,1034811699
1784618173176,sell,65927.2,0.00001,1034811698
1784618173173,sell,65927.2,0.00001,1034811697
1784618173173,sell,65927.2,0.00001,1034811696
1784618173173,sell,65927.2,0.00001,1034811695
1784618173173,sell,65927.2,0.00001,1034811694
1784618173173,sell,65927.2,0.00001,1034811693
1784618173170,sell,65927.2,0.00001,1034811692
1784618173166,sell,65927.2,0.00001,1034811691
1784618173166,sell,65927.2,0.00001,1034811690
1784618173166,sell,65927.2,0.00001,1034811689
1784618173166,sell,65927.2,0.00001,1034811688
1784618173166,sell,65927.2,0.00001,1034811687
1784618173163,sell,65927.2,0.00001,1034811686
1784618173159,sell,65927.2,0.00001,1034811685
1784618173159,sell,65927.2,0.00001,1034811684
1784618173159,sell,65927.2,0.00001,1034811683
1784618173159,sell,65927.2,0.00001,1034811682
1784618173159,sell,65927.2,0.00001,1034811681
1784618173154,buy,65926.2,0.00001,1034811680
1784618173154,buy,65926.2,0.00202247,1034811679
1784618173154,buy,65925,0.00001,1034811678
1784618173154,buy,65924.6,0.00001,1034811677
1784618173154,buy,65923.3,0.00838064,1034811676
1784618173154,buy,65923.2,0.00167613,1034811675
1784618173154,buy,65923.2,0.00001,1034811674
1784618173154,buy,65923.2,0.00354311,1034811673
1784618173154,buy,65923.1,0.01723859,1034811672
1784618173154,buy,65923.1,0.00001,1034811671
1784618171276,buy,65923.1,0.00015017,1034811670
1784618170885,buy,65923.1,0.00012135,1034811669
1784618170541,sell,65923,0.0057,1034811668
1784618170017,sell,65923,0.0015534,1034811667
1784618169182,sell,65923,0.00150342,1034811666
1784618169182,sell,65923,0.00176658,1034811665
1784618167919,sell,65923,0.000758,1034811664
1784618166641,buy,65923.1,0.00015169,1034811663
1784618164681,buy,65923.1,0.00020155,1034811662
1784618163489,sell,65923,0.00249685,1034811661
1784618161703,sell,65923,0.00001,1034811660
1784618161703,sell,65923,0.00001,1034811659
1784618161703,sell,65923,0.00001,1034811658
1784618161703,sell,65923,0.00001,1034811657
1784618161703,sell,65923,0.00001,1034811656
1784618161700,sell,65923,0.00001,1034811655
1784618161696,sell,65923,0.00001,1034811654
1784618161696,sell,65923,0.00001,1034811653
1784618161696,sell,65923,0.00001,1034811652
1784618161696,sell,65923,0.00001,1034811651
1784618161696,sell,65923,0.00001,1034811650
1784618161693,sell,65923,0.00001,1034811649
1784618161690,sell,65923,0.00001,1034811648
1784618161690,sell,65923,0.00001,1034811647
1784618161690,sell,65923,0.00001,1034811646
1784618161690,sell,65923,0.00001,1034811645
1784618161690,sell,65923,0.00001,1034811644
1784618161687,sell,65923,0.00001,1034811643
1784618161683,sell,65923,0.00001,1034811642
1784618161683,sell,65923,0.00001,1034811641
1784618161683,sell,65923,0.00001,1034811640
1784618161683,sell,65923,0.00001,1034811639
1784618161683,sell,65923,0.00001,1034811638
1784618161680,sell,65923,0.00001,1034811637
1784618161677,sell,65923,0.00001,1034811636
1784618161677,sell,65923,0.00001,1034811635
1784618161677,sell,65923,0.00001,1034811634
1784618161677,sell,65923,0.00001,1034811633
1784618161677,sell,65923,0.00001,1034811632
1784618161675,sell,65923,0.3,1034811631
1784618161672,buy,65922.9,0.00001523,1034811630
1784618161672,buy,65921.6,0.00001,1034811629
1784618161672,buy,65921.5,0.00001,1034811628
1784618161672,buy,65920.5,0.00759156,1034811627
1784618161672,buy,65918.6,0.01059395,1034811626
1784618161672,buy,65918.6,0.00001,1034811625
1784618161672,buy,65918.6,0.00004642,1034811624
1784618228844,sell,65930.4,0.00015244,1034811804
1784618228322,sell,65930.4,0.138549,1034811803
1784618225687,sell,65930.4,0.00224433,1034811802
1784618225569,buy,65930.5,0.00265431,1034811801
1784618223594,buy,65930,0.00185251,1034811800
1784618223594,buy,65930,0.06912063,1034811799
1784618223594,buy,65930,0.00001,1034811798
1784618223594,buy,65930,0.00097136,1034811797
1784618221334,buy,65930,0.00046094,1034811796
1784618221043,sell,65929.9,0.00088392,1034811795
1784618220739,buy,65930,0.00030335,1034811794
1784618219339,sell,65929.9,0.01494374,1034811793
1784618219005,buy,65930,0.00162634,1034811792
1784618219005,buy,65930,0.0012,1034811791
1784618219005,buy,65930,0.00052123,1034811790
1784618219005,buy,65930,0.00006,1034811789
1784618219005,buy,65930,0.00044661,1034811788
1784618219005,buy,65930,0.00371748,1034811787
1784618218895,sell,65929.9,0.00314259,1034811786
1784618215829,buy,65930,0.00054397,1034811785
1784618215829,buy,65930,0.03504984,1034811784
1784618211305,buy,65930,0.00029699,1034811783
1784618210564,sell,65929.9,0.00177695,1034811782
1784618210357,sell,65929.9,0.00153645,1034811781
1784618208907,buy,65930,0.03802301,1034811780
1784618208661,sell,65929.9,0.00022916,1034811779
1784618207333,sell,65929.9,0.00154422,1034811778
1784618206610,buy,65930,0.01061732,1034811777
1784618204829,buy,65930,0.00153799,1034811776
1784618203136,buy,65930,0.00024711,1034811775
1784618202646,sell,65929.9,0.00044341,1034811774
1784618202228,sell,65929.9,0.00155554,1034811773
1784618201805,sell,65929.9,0.00001,1034811772
1784618201805,sell,65929.9,0.00001,1034811771
1784618201805,sell,65929.9,0.00001,1034811770
1784618201805,sell,65929.9,0.00001,1034811769
1784618201805,sell,65929.9,0.00001,1034811768
1784618201801,sell,65929.9,0.00001,1034811767
1784618201798,sell,65929.9,0.00001,1034811766
1784618201798,sell,65929.9,0.00001,1034811765
1784618201798,sell,65929.9,0.00001,1034811764
1784618201798,sell,65929.9,0.00001,1034811763
1784618201798,sell,65929.9,0.00001,1034811762
1784618201795,sell,65929.9,0.00001,1034811761
1784618201791,sell,65929.9,0.00001,1034811760
1784618201791,sell,65929.9,0.00001,1034811759
1784618201791,sell,65929.9,0.00001,1034811758
1784618201791,sell,65929.9,0.00001,1034811757
1784618201791,sell,65929.9,0.00001,1034811756
1784618201788,sell,65929.9,0.00001,1034811755
1784618201784,buy,65929.4,0.00001,1034811754
1784618201784,buy,65929.3,0.00001,1034811753
1784618201784,buy,65927.5,0.00167613,1034811752
1784618201784,buy,65927.5,0.00001,1034811751
1784618201784,buy,65927.4,0.00167613,1034811750
1784618201784,buy,65927.4,0.00001,1034811749
1784618201784,buy,65927.4,0.00350218,1034811748
1784618201784,buy,65927.3,0.00001,1034811747
1784618201784,buy,65927.3,0.02474929,1034811746
1784618200959,sell,65927.2,0.00075152,1034811745
1784618198695,sell,65927.2,0.00073458,1034811744
1784618197155,buy,65927.3,0.08017971,1034811743
1784618197155,buy,65927.3,0.0351,1034811742
1784618197155,buy,65927.3,0.0012,1034811741
1784618197155,buy,65927.3,0.08,1034811740
1784618197155,buy,65927.3,0.00001,1034811739
1784618197155,buy,65927.3,0.02474929,1034811738
1784618197147,buy,65927.3,0.00017898,1034811737
1784618194724,buy,65927.3,0.00008996,1034811736
1784618192468,buy,65927.3,0.00003033,1034811735
1784618190457,buy,65927.3,0.00015168,1034811734
1784618190287,sell,65927.2,0.00820658,1034811733
1784618189471,buy,65927.3,0.00003033,1034811732
1784618185697,sell,65927.2,0.19017554,1034811731
1784618185697,sell,65927.2,0.0012,1034811730
1784618183863,buy,65927.3,0.00158737,1034811729
1784618182701,buy,65927.3,0.00000012,1034811728
1784618182701,buy,65927.3,0.00001,1034811727
1784618178356,sell,65927.2,0.00015,1034811726
1784618177006,sell,65927.2,0.00001819,1034811725
1784618174092,buy,65927.3,0.0000455,1034811724
1784618284623,buy,65950,0.00147081,1034812521
1784618283068,sell,65949.9,0.00125696,1034812520
1784618283065,buy,65950,0.00199838,1034812519
1784618282970,buy,65950,0.00203335,1034812518
1784618281065,buy,65950,0.00099919,1034812517
1784618280390,buy,65950,0.0007,1034812516
1784618280132,buy,65950,0.0036,1034812515
1784618279069,buy,65950,0.00199838,1034812514
1784618278857,sell,65949.9,0.00004581,1034812513
1784618277100,buy,65950,0.00180969,1034812512
1784618275522,buy,65950,0.01343289,1034812511
1784618275522,buy,65950,0.00000001,1034812510
1784618273555,sell,65950,0.00006,1034812509
1784618273555,sell,65951.5,0.00001523,1034812508
1784618273555,sell,65952.5,0.00115539,1034812507
1784618273552,sell,65953.8,0.00001523,1034812506
1784618273552,sell,65955.8,0.00025045,1034812505
1784618273550,sell,65955.8,0.00090494,1034812504
1784618273550,sell,65955.9,0.07585939,1034812503
1784618273550,sell,65956.2,0.07050707,1034812502
1784618273550,sell,65956.2,0.00001523,1034812501
1784618273550,sell,65957.6,0.00011337,1034812500
1784618273547,sell,65957.6,0.04714374,1034812499
1784618273547,sell,65957.6,0.04700411,1034812498
1784618273547,sell,65957.7,0.02765215,1034812497
1784618273545,sell,65959.1,0.00007434,1034812496
1784618273543,sell,65959.1,0.00108105,1034812495
1784618273543,sell,65959.1,0.04725711,1034812494
1784618273543,sell,65959.1,0.00149826,1034812493
1784618273543,sell,65959.1,0.00346358,1034812492
1784618270138,buy,65959.2,0.00121416,1034812491
1784618270138,buy,65959.2,0.0351,1034812490
1784618267906,sell,65959.1,0.03204133,1034812489
1784618267906,sell,65961.5,0.03449466,1034812488
1784618267906,sell,65961.6,0.16,1034812487
1784618267906,sell,65961.6,0.0145,1034812486
1784618267906,sell,65961.6,0.00143335,1034812485
1784618267906,sell,65961.6,0.05464152,1034812484
1784618267906,sell,65961.6,0.001516,1034812483
1784618267906,sell,65961.6,0.218513,1034812482
1784618267906,sell,65961.6,0.03089,1034812481
1784618267906,sell,65961.6,0.00301739,1034812480
1784618267906,sell,65961.6,0.00021895,1034812479
1784618267906,sell,65961.6,0.00021895,1034812478
1784618267906,sell,65961.6,0.00021895,1034812477
1784618267906,sell,65961.6,0.00021895,1034812476
1784618267906,sell,65961.6,0.16645356,1034812475
1784618267906,sell,65961.6,0.00360776,1034812474
1784618267906,sell,65961.6,0.18,1034812473
1784618267906,sell,65961.6,0.09801563,1034812472
1784618266907,sell,65961.6,0.01754437,1034812471
1784618266907,sell,65961.6,0.04247,1034812470
1784618266907,sell,65961.6,0.67391895,1034812469
1784618266907,sell,65961.6,0.00303441,1034812468
1784618266907,sell,65961.6,0.0013,1034812467
1784618266907,sell,65961.6,0.01432,1034812466
1784618266404,sell,65961.6,0.00001,1034812465
1784618266404,sell,65961.6,0.00001,1034812464
1784618266404,sell,65961.6,0.00001,1034812463
1784618266404,sell,65961.6,0.00001,1034812462
1784618266404,sell,65961.6,0.00001,1034812461
1784618266401,sell,65961.6,0.00001,1034812460
1784618266398,sell,65961.6,0.00001,1034812459
1784618266398,sell,65961.6,0.00001,1034812458
1784618266398,sell,65961.6,0.00001,1034812457
1784618266398,sell,65961.6,0.00001,1034812456
1784618266398,sell,65961.6,0.00001,1034812455
1784618266394,sell,65961.6,0.00001,1034812454
1784618266391,sell,65961.6,0.00001,1034812453
1784618266391,sell,65961.6,0.00001,1034812452
1784618266391,sell,65961.6,0.00001,1034812451
1784618266391,sell,65961.6,0.00001,1034812450
1784618266391,sell,65961.6,0.00001,1034812449
1784618266387,sell,65961.6,0.00001,1034812448
1784618266384,sell,65961.6,0.00001,1034812447
1784618266384,sell,65961.6,0.00001,1034812446
1784618266384,sell,65961.6,0.00001,1034812445
1784618266384,sell,65961.6,0.00001,1034812444
1784618266384,sell,65961.6,0.00001,1034812443
1784618266381,sell,65961.6,0.00001,1034812442
1784618266377,sell,65961.6,0.00001,1034812441
1784618266377,sell,65961.6,0.00001,1034812440
1784618266377,sell,65961.6,0.00001,1034812439
1784618266377,sell,65961.6,0.00001,1034812438
1784618266377,sell,65961.6,0.00001,1034812437
1784618266374,sell,65961.6,0.00001,1034812436
1784618266371,sell,65961.6,0.00001,1034812435
1784618266371,sell,65961.6,0.00001,1034812434
1784618266371,sell,65961.6,0.00001,1034812433
1784618266371,sell,65961.6,0.00001,1034812432
1784618266371,sell,65961.6,0.00001,1034812431
1784618266368,sell,65961.6,0.00001,1034812430
1784618266364,sell,65961.6,0.00001,1034812429
1784618266364,sell,65961.6,0.00001,1034812428
1784618266364,sell,65961.6,0.00001,1034812427
1784618266364,sell,65961.6,0.00001,1034812426
1784618266364,sell,65961.6,0.00001,1034812425
1784618266361,sell,65961.6,0.00001,1034812424
1784618266358,sell,65961.6,0.00001,1034812423
1784618266358,sell,65961.6,0.00001,1034812422
1784618338905,sell,65979.9,0.16328168,1034812973
1784618337830,buy,65980,0.1,1034812972
1784618337600,buy,65980,0.003,1034812971
1784618336905,sell,65979.9,0.00943163,1034812970
1784618336153,buy,65980,0.01118817,1034812969
1784618333905,sell,65979.9,0.20684643,1034812968
1784618333905,sell,65979.9,0.23757768,1034812967
1784618333905,sell,65979.9,0.24759607,1034812966
1784618333905,sell,65979.9,0.18,1034812965
1784618333905,sell,65979.9,0.0145,1034812964
1784618333905,sell,65979.9,0.0013,1034812963
1784618333905,sell,65979.9,0.0012,1034812962
1784618333905,sell,65979.9,0.11097982,1034812961
1784618333542,sell,65979.9,0.00458018,1034812960
1784618332805,sell,65979.9,0.00001,1034812959
1784618332805,sell,65979.9,0.00001,1034812958
1784618332805,sell,65979.9,0.00001,1034812957
1784618332805,sell,65979.9,0.00001,1034812956
1784618332805,sell,65979.9,0.00001,1034812955
1784618332801,sell,65979.9,0.00001,1034812954
1784618332798,sell,65979.9,0.00001,1034812953
1784618332798,sell,65979.9,0.00001,1034812952
1784618332798,sell,65979.9,0.00001,1034812951
1784618332798,sell,65979.9,0.00001,1034812950
1784618332798,sell,65979.9,0.00001,1034812949
1784618332795,sell,65979.9,0.00001,1034812948
1784618332791,sell,65979.9,0.00001,1034812947
1784618332791,sell,65979.9,0.00001,1034812946
1784618332791,sell,65979.9,0.00001,1034812945
1784618332791,sell,65979.9,0.00001,1034812944
1784618332791,sell,65979.9,0.00001,1034812943
1784618332788,sell,65979.9,0.00001,1034812942
1784618332784,sell,65979.9,0.00001,1034812941
1784618332784,sell,65979.9,0.00001,1034812940
1784618332784,sell,65979.9,0.00001,1034812939
1784618332784,sell,65979.9,0.00001,1034812938
1784618332784,sell,65979.9,0.00001,1034812937
1784618332781,sell,65979.9,0.00001,1034812936
1784618332777,sell,65979.9,0.00001,1034812935
1784618332777,sell,65979.9,0.00001,1034812934
1784618332777,sell,65979.9,0.00001,1034812933
1784618332777,sell,65979.9,0.00001,1034812932
1784618332777,sell,65979.9,0.00001,1034812931
1784618332774,sell,65979.9,0.00001,1034812930
1784618332771,sell,65979.9,0.00001,1034812929
1784618332771,sell,65979.9,0.00001,1034812928
1784618332771,sell,65979.9,0.00001,1034812927
1784618332771,sell,65979.9,0.00001,1034812926
1784618332771,sell,65979.9,0.00001,1034812925
1784618332767,sell,65979.9,0.00001,1034812924
1784618332764,sell,65979.9,0.00001,1034812923
1784618332764,sell,65979.9,0.00001,1034812922
1784618332764,sell,65979.9,0.00001,1034812921
1784618332764,sell,65979.9,0.00001,1034812920
1784618332764,sell,65979.9,0.00001,1034812919
1784618332761,sell,65979.9,0.00001,1034812918
1784618332755,sell,65979.9,0.00001,1034812917
1784618332755,sell,65979.9,0.00001,1034812916
1784618332755,sell,65979.9,0.00001,1034812915
1784618332755,sell,65979.9,0.00001,1034812914
1784618332755,sell,65979.9,0.00001,1034812913
1784618332750,buy,65980,0.05106246,1034812912
1784618332750,buy,65980,0.02893754,1034812911
1784618332750,buy,65980,0.12106246,1034812910
1784618332750,buy,65980,0.003,1034812909
1784618332750,buy,65980,0.03593754,1034812908
1784618332750,buy,65980,0.00406246,1034812907
1784618332750,buy,65980,0.00006,1034812906
1784618332750,buy,65979.9,0.00001524,1034812905
1784618332750,buy,65979.5,0.00046015,1034812904
1784618332750,buy,65977.4,0.00206684,1034812903
1784618332750,buy,65977.4,0.03333531,1034812902
1784618332749,sell,65977.3,0.00001,1034812901
1784618332745,sell,65977.3,0.00001,1034812900
1784618332745,sell,65977.3,0.00001,1034812899
1784618332745,sell,65977.3,0.00001,1034812898
1784618332745,sell,65977.3,0.00001,1034812897
1784618332745,sell,65977.3,0.00001,1034812896
1784618332738,sell,65977.3,0.00001,1034812895
1784618332734,buy,65977,0.00079697,1034812894
1784618332734,buy,65976.3,0.00003921,1034812893
1784618332734,buy,65976,0.00001,1034812892
1784618332734,buy,65975.3,0.00001,1034812891
1784618332734,buy,65975.3,0.00285576,1034812890
1784618332734,buy,65975,0.00152905,1034812889
1784618332734,buy,65975,0.00001,1034812888
1784618332734,buy,65975,0.00650779,1034812887
1784618332734,buy,65974.9,0.00152905,1034812886
1784618332734,buy,65974.9,0.00001,1034812885
1784618332734,buy,65974.9,0.00215311,1034812884
1784618332734,buy,65974.8,0.00611621,1034812883
1784618332734,buy,65974.8,0.00001,1034812882
1784618330205,sell,65974.7,0.00001,1034812881
1784618330202,sell,65974.7,0.00001,1034812880
1784618330202,sell,65974.7,0.00001,1034812879
1784618330202,sell,65974.7,0.00001,1034812878
1784618330202,sell,65974.7,0.00001,1034812877
1784618330202,sell,65974.7,0.00001,1034812876
1784618330198,sell,65974.7,0.00001,1034812875
1784618330195,sell,65974.7,0.00001,1034812874
1784627038211,sell,66311.6,0.00015999,1034896675
1784627038206,sell,66311.6,0.00001,1034896674
1784627038203,sell,66311.6,0.00001,1034896673
1784627038203,sell,66311.6,0.00001,1034896672
1784627038203,sell,66311.6,0.00001,1034896671
1784627038203,sell,66311.6,0.00001,1034896670
1784627038203,sell,66311.6,0.00001,1034896669
1784627038199,sell,66311.6,0.00001,1034896668
1784627038196,sell,66311.6,0.00001,1034896667
1784627038196,sell,66311.6,0.00001,1034896666
1784627038196,sell,66311.6,0.00001,1034896665
1784627038196,sell,66311.6,0.00001,1034896664
1784627038196,sell,66311.6,0.00001,1034896663
1784627038192,sell,66311.6,0.00001,1034896662
1784627038189,sell,66311.6,0.00001,1034896661
1784627038189,sell,66311.6,0.00001,1034896660
1784627038189,sell,66311.6,0.00001,1034896659
1784627038189,sell,66311.6,0.00001,1034896658
1784627038189,sell,66311.6,0.00001,1034896657
1784627038186,sell,66311.6,0.00001,1034896656
1784627038182,sell,66311.6,0.00001,1034896655
1784627038182,sell,66311.6,0.00001,1034896654
1784627038182,sell,66311.6,0.00001,1034896653
1784627038182,sell,66311.6,0.00001,1034896652
1784627038182,sell,66311.6,0.00001,1034896651
1784627038178,sell,66311.6,0.00001,1034896650
1784627038173,sell,66311.6,0.00001,1034896649
1784627038173,sell,66311.6,0.00001,1034896648
1784627038173,sell,66311.6,0.00001,1034896647
1784627038173,sell,66311.6,0.00001,1034896646
1784627038173,sell,66311.6,0.00001,1034896645
1784627038170,sell,66311.6,0.00001,1034896644
1784627038167,sell,66310.8,0.00001,1034896643
1784627038167,sell,66310.8,0.00001,1034896642
1784627038167,sell,66310.8,0.00001,1034896641
1784627038167,sell,66310.8,0.00001,1034896640
1784627038167,sell,66310.8,0.00001,1034896639
1784627038166,buy,66311.6,0.00001502,1034896638
1784627038161,sell,66308.7,0.00001,1034896637
1784627038161,buy,66308.9,0.000211,1034896636
1784627038160,buy,66309.4,0.00009016,1034896635
1784627038158,buy,66310,0.00006,1034896634
1784627038157,buy,66308.8,0.079202,1034896633
1784627038157,buy,66308.5,0.00001,1034896632
1784627038157,buy,66308.5,0.00001514,1034896631
1784627038157,buy,66308,0.00001,1034896630
1784627038157,buy,66308,0.0005,1034896629
1784627038157,buy,66306.2,0.00001,1034896628
1784627038157,buy,66306.2,0.00363876,1034896627
1784627038157,buy,66306.2,0.00127485,1034896626
1784627038157,buy,66306.1,0.00001,1034896625
1784627038157,buy,66306.1,0.00001515,1034896624
1784627038156,buy,66304.9,0.0636,1034896623
1784627038156,buy,66304.9,0.00001,1034896622
1784627038156,buy,66304.9,0.00283454,1034896621
1784627038156,buy,66304.9,0.07476057,1034896620
1784627038005,sell,66304.8,0.00001,1034896619
1784627038005,sell,66304.8,0.00001,1034896618
1784627038005,sell,66304.8,0.00001,1034896617
1784627038005,sell,66304.8,0.00001,1034896616
1784627038005,sell,66304.8,0.00001,1034896615
1784627038001,sell,66304.8,0.00001,1034896614
1784627037998,sell,66304.8,0.00001,1034896613
1784627037998,sell,66304.8,0.00001,1034896612
1784627037998,sell,66304.8,0.00001,1034896611
1784627037998,sell,66304.8,0.00001,1034896610
1784627037998,sell,66304.8,0.00001,1034896609
1784627037995,sell,66304.8,0.00001,1034896608
1784627037991,sell,66304.8,0.00001,1034896607
1784627037991,sell,66304.8,0.00001,1034896606
1784627037991,sell,66304.8,0.00001,1034896605
1784627037991,sell,66304.8,0.00001,1034896604
1784627037991,sell,66304.8,0.00001,1034896603
1784627037988,sell,66304.8,0.00001,1034896602
1784627037984,sell,66304.8,0.00001,1034896601
1784627037984,sell,66304.8,0.00001,1034896600
1784627037984,sell,66304.8,0.00001,1034896599
1784627037984,sell,66304.8,0.00001,1034896598
1784627037984,sell,66304.8,0.00001,1034896597
1784627037981,sell,66304.8,0.00001,1034896596
1784627037976,buy,66304.9,0.00069727,1034896595
1784627037976,buy,66304.5,0.00344697,1034896594
1784627037976,buy,66304.1,0.00001,1034896593
1784627037976,buy,66304.1,0.00511815,1034896592
1784627037976,buy,66303.7,0.00001,1034896591
1784627037976,buy,66303.7,0.00001515,1034896590
1784627037976,buy,66303.2,0.00001,1034896589
1784627037976,buy,66302,0.00001,1034896588
1784627037976,buy,66301.4,0.01111966,1034896587
1784627037976,buy,66301.4,0.0029528,1034896586
1784627037976,buy,66301.4,0.00001,1034896585
1784627032890,sell,66301.3,0.1,1034896584
1784627029753,buy,66301.4,0.00003016,1034896583
1784627028682,sell,66301.3,0.00037727,1034896582
1784627028581,buy,66301.4,0.00175062,1034896581
1784627028581,buy,66301.4,0.00307582,1034896580
1784627017987,sell,66301.3,0.00338174,1034896579
1784627015659,buy,66301.4,0.00075917,1034896578
1784627015659,buy,66301.4,0.00001,1034896577
1784627015305,sell,66301.3,0.00001,1034896576
1784627095049,buy,66301.5,0.00033472,1034896736
1784627094429,buy,66301.5,0.00152334,1034896735
1784627093485,sell,66301.4,0.00001023,1034896734
1784627089576,buy,66301.5,0.00001508,1034896733
1784627087333,buy,66301.5,0.00001509,1034896732
1784627086193,sell,66301.4,0.00001176,1034896731
1784627085868,buy,66301.5,0.04883822,1034896730
1784627079780,sell,66301.4,0.0001,1034896729
1784627079657,sell,66301.4,0.00015633,1034896728
1784627079419,buy,66301.5,0.00162155,1034896727
1784627077698,buy,66301.5,0.05153858,1034896726
1784627077698,buy,66301.5,0.013324,1034896725
1784627077698,buy,66301.5,0.30107018,1034896724
1784627077123,sell,66301.4,0.02104745,1034896723
1784627077123,sell,66301.4,0.00016507,1034896722
1784627077123,sell,66301.4,0.00006269,1034896721
1784627077123,sell,66301.4,0.00118776,1034896720
1784627077123,sell,66301.4,0.00279939,1034896719
1784627077123,sell,66301.4,0.00491358,1034896718
1784627075325,buy,66301.5,0.00007541,1034896717
1784627074297,sell,66301.4,0.00156722,1034896716
1784627070366,sell,66301.4,0.00085558,1034896715
1784627069437,buy,66301.5,0.00016741,1034896714
1784627069130,buy,66301.5,0.00013423,1034896713
1784627060418,buy,66301.5,0.00073686,1034896712
1784627060418,buy,66301.5,0.00001501,1034896711
1784627059996,sell,66301.4,0.00020493,1034896710
1784627056001,sell,66303.8,0.00001514,1034896709
1784627056001,sell,66305.6,0.00291583,1034896708
1784627056001,sell,66305.6,0.00123705,1034896707
1784627055900,sell,66305.6,0.02439723,1034896706
1784627055900,sell,66305.6,0.00128859,1034896705
1784627055900,sell,66305.6,0.00303732,1034896704
1784627055900,sell,66305.6,0.00145554,1034896703
1784627055859,sell,66307.8,0.00134218,1034896702
1784627055859,sell,66307.8,0.00316377,1034896701
1784627055851,sell,66308.6,0.00001514,1034896700
1784627055851,sell,66308.7,0.00290887,1034896699
1784627055850,sell,66311,0.00000082,1034896698
1784627055849,sell,66311,0.00022886,1034896697
1784627055849,sell,66311,0.00006739,1034896696
1784627055849,sell,66311,0.00329545,1034896695
1784627055849,sell,66311,0.00139795,1034896694
1784627055849,sell,66311,0.14668635,1034896693
1784627054286,buy,66311.1,0.00057591,1034896692
1784627051693,buy,66311.1,0.00301156,1034896691
1784627050379,buy,66311.1,0.04623811,1034896690
1784627050334,sell,66311,0.000166,1034896689
1784627048968,sell,66311,0.00064475,1034896688
1784627048570,buy,66311.1,0.00006032,1034896687
1784627048135,sell,66311.2,0.00145618,1034896686
1784627048135,sell,66311.6,0.0002579,1034896685
1784627048135,sell,66311.6,0.00007588,1034896684
1784627048135,sell,66311.6,0.00006373,1034896683
1784627048135,sell,66311.6,0.0041,1034896682
1784627048135,sell,66311.6,0.0042,1034896681
1784627048135,sell,66311.6,0.00199362,1034896680
1784627048135,sell,66311.6,0.00331972,1034896679
1784627043958,buy,66311.7,0.00012064,1034896678
1784627043298,buy,66311.7,0.00331215,1034896677
1784627043298,buy,66311.7,0.00271242,1034896676
1784627153537,buy,66298.4,0.00169084,1034897017
1784627151924,sell,66298.3,0.00153511,1034897016
1784627150422,buy,66298.4,0.00075265,1034897015
1784627148909,buy,66298.4,0.0000377,1034897014
1784627146722,buy,66298.4,0.00150833,1034897013
1784627145525,sell,66300,0.00006,1034897012
1784627145525,sell,66300.6,0.00760157,1034897011
1784627145525,sell,66301.2,0.00114899,1034897010
1784627145524,sell,66301.4,0.00001176,1034897009
1784627145524,sell,66301.7,0.00061243,1034897008
1784627145524,sell,66301.7,0.00007352,1034897007
1784627145524,sell,66301.7,0.00001,1034897006
1784627145524,sell,66301.7,0.00306895,1034897005
1784627145524,sell,66301.7,0.00185544,1034897004
1784627145248,sell,66303.8,0.00001515,1034897003
1784627145248,sell,66308,0.00112329,1034897002
1784627145248,sell,66308,0.00193245,1034897001
1784627145248,sell,66308,0.00316622,1034897000
1784627145156,sell,66308,0.00003031,1034896999
1784627145145,sell,66308.6,0.00001514,1034896998
1784627145145,sell,66309.9,0.00201283,1034896997
1784627145145,sell,66312.9,0.00032654,1034896996
1784627145145,sell,66312.9,0.00809832,1034896995
1784627145145,sell,66312.9,0.00030685,1034896994
1784627145145,sell,66312.9,0.0000789,1034896993
1784627145145,sell,66312.9,0.00096513,1034896992
1784627145145,sell,66312.9,0.00332949,1034896991
1784627144439,buy,66313,0.00153665,1034896990
1784627142145,buy,66313,0.0002835,1034896989
1784627141242,buy,66313,0.00011008,1034896988
1784627138066,sell,66312.9,0.0157,1034896987
1784627137319,sell,66312.9,0.00098,1034896986
1784627135955,buy,66313,0.00087162,1034896985
1784627134106,sell,66312.9,0.00001,1034896984
1784627134106,sell,66312.9,0.00001,1034896983
1784627134106,sell,66312.9,0.00001,1034896982
1784627134106,sell,66312.9,0.00001,1034896981
1784627134103,sell,66312.9,0.00001,1034896980
1784627134100,sell,66312.9,0.00001,1034896979
1784627134100,sell,66312.9,0.00001,1034896978
1784627134100,sell,66312.9,0.00001,1034896977
1784627134100,sell,66312.9,0.00001,1034896976
1784627134097,sell,66312.9,0.00001,1034896975
1784627134093,sell,66312.9,0.00001,1034896974
1784627134093,sell,66312.9,0.00001,1034896973
1784627134093,sell,66312.9,0.00001,1034896972
1784627134093,sell,66312.9,0.00001,1034896971
1784627134090,sell,66312.9,0.00001,1034896970
1784627134087,sell,66312.9,0.00001,1034896969
1784627134087,sell,66312.9,0.00001,1034896968
1784627134087,sell,66312.9,0.00001,1034896967
1784627134087,sell,66312.9,0.00001,1034896966
1784627134084,sell,66312.9,0.00001,1034896965
1784627134080,sell,66312.9,0.00001,1034896964
1784627134080,sell,66312.9,0.00001,1034896963
1784627134080,sell,66312.9,0.00001,1034896962
1784627134080,sell,66312.9,0.00001,1034896961
1784627134077,sell,66312.9,0.00001,1034896960
1784627134074,sell,66312.9,0.00001,1034896959
1784627134074,sell,66312.9,0.00001,1034896958
1784627134074,sell,66312.9,0.00001,1034896957
1784627134074,sell,66312.9,0.00001,1034896956
1784627134071,sell,66312.9,0.00001,1034896955
1784627134068,sell,66312.9,0.00001,1034896954
1784627134068,sell,66312.9,0.00001,1034896953
1784627134068,sell,66312.9,0.00001,1034896952
1784627134068,sell,66312.9,0.00000999,1034896951
1784627134068,sell,66312.9,0.00000001,1034896950
1784627134066,buy,66311.7,0.00061243,1034896949
1784627134066,buy,66311,0.00187724,1034896948
1784627134064,buy,66311,0.00677121,1034896947
1784627134064,buy,66311,0.00083334,1034896946
1784627134064,buy,66310,0.00001,1034896945
1784627134064,buy,66310,0.00006,1034896944
1784627134064,buy,66309.7,0.00418688,1034896943
1784627134064,buy,66309.7,0.00281528,1034896942
1784627134064,buy,66309.7,0.02875689,1034896941
1784627133628,buy,66309.7,0.03484311,1034896940
1784627133628,buy,66309.7,0.00436132,1034896939
1784627133628,buy,66309.7,0.00293258,1034896938
1784627133628,buy,66309.7,0.08193299,1034896937
1784627133027,buy,66309.7,0.00007001,1034896936
1784627133026,buy,66309.7,0.000211,1034896935
1784627133024,buy,66309.6,0.004543,1034896934
1784627133017,buy,66308.8,0.0005824,1034896933
1784627133017,buy,66308.2,0.00001,1034896932
1784627133017,buy,66308.2,0.00305483,1034896931
1784627133017,buy,66308.1,0.00001,1034896930
1784627133003,buy,66308.1,0.0177984,1034896929
1784627133003,buy,66308.1,0.00451109,1034896928
1784627131189,buy,66308.1,0.00262976,1034896927
1784627130441,sell,66308,0.00150494,1034896926
1784627128450,buy,66308.1,0.00027203,1034896925
1784627128450,buy,66308.1,0.00027203,1034896924
1784627128450,buy,66308.1,0.00027203,1034896923
1784627128450,buy,66308.1,0.00027203,1034896922
1784627128450,buy,66308.1,0.00027203,1034896921
1784627128450,buy,66308.1,0.00027203,1034896920
1784627127864,buy,66308.1,0.174305,1034896919
1784627125669,sell,66308,0.00806686,1034896918
1784627208899,sell,66308.4,0.00059804,1034897241
1784627208039,buy,66308.5,0.00157783,1034897240
1784627207884,buy,66308.5,0.00114973,1034897239
1784627207884,buy,66308.5,0.00001,1034897238
1784627205671,buy,66308.3,0.00001,1034897237
1784627205671,buy,66308.1,0.00001,1034897236
1784627205671,buy,66308.1,0.00001501,1034897235
1784627205671,buy,66305.6,0.00414998,1034897234
1784627205671,buy,66305.2,0.0636,1034897233
1784627205671,buy,66305.2,0.00001,1034897232
1784627205671,buy,66305.2,0.00295329,1034897231
1784627204459,sell,66305.1,0.002397,1034897230
1784627202072,buy,66305.2,0.00013422,1034897229
1784627201105,sell,66305.1,0.00001,1034897228
1784627201105,sell,66305.1,0.00001,1034897227
1784627201105,sell,66305.1,0.00001,1034897226
1784627201101,sell,66305.1,0.00001,1034897225
1784627201101,sell,66305.1,0.00001,1034897224
1784627201101,sell,66305.1,0.00001,1034897223
1784627201098,sell,66305.1,0.00001,1034897222
1784627201098,sell,66305.1,0.00001,1034897221
1784627201098,sell,66305.1,0.00001,1034897220
1784627201094,sell,66305.1,0.00001,1034897219
1784627201094,sell,66305.1,0.00001,1034897218
1784627201094,sell,66305.1,0.00001,1034897217
1784627201091,sell,66305.1,0.00001,1034897216
1784627201091,sell,66305.1,0.00001,1034897215
1784627201091,sell,66305.1,0.00001,1034897214
1784627201087,sell,66305.1,0.00001,1034897213
1784627201087,sell,66305.1,0.00001,1034897212
1784627201087,sell,66305.1,0.00001,1034897211
1784627201084,sell,66305.1,0.00001,1034897210
1784627201084,sell,66305.1,0.00001,1034897209
1784627201084,sell,66305.1,0.00001,1034897208
1784627201081,sell,66305.1,0.00001,1034897207
1784627201081,sell,66305.1,0.00001,1034897206
1784627201081,sell,66305.1,0.00001,1034897205
1784627201077,sell,66305.1,0.00001,1034897204
1784627201077,sell,66305.1,0.00001,1034897203
1784627201077,sell,66305.1,0.00001,1034897202
1784627201074,sell,66305.1,0.00001,1034897201
1784627201074,sell,66305.1,0.00001,1034897200
1784627201074,sell,66305.1,0.00001,1034897199
1784627201070,sell,66305.1,0.00001,1034897198
1784627201070,sell,66305.1,0.00001,1034897197
1784627201070,sell,66305.1,0.00001,1034897196
1784627201067,sell,66305.1,0.00001,1034897195
1784627201067,sell,66305.1,0.00001,1034897194
1784627201067,sell,66305.1,0.00001,1034897193
1784627201063,sell,66305.1,0.00001,1034897192
1784627201063,sell,66305.1,0.00001,1034897191
1784627201063,sell,66305.1,0.00001,1034897190
1784627201060,sell,66305.1,0.00001,1034897189
1784627201060,sell,66305.1,0.00001,1034897188
1784627201060,sell,66305.1,0.00001,1034897187
1784627201056,sell,66305.1,0.00001,1034897186
1784627201056,sell,66305.1,0.00001,1034897185
1784627201056,sell,66305.1,0.00001,1034897184
1784627201052,sell,66305.1,0.00001,1034897183
1784627201052,sell,66305.1,0.00000485,1034897182
1784627201052,sell,66305.1,0.00000515,1034897181
1784627201052,sell,66305.1,0.00001,1034897180
1784627201050,buy,66304.3,0.00432284,1034897179
1784627201048,sell,66303.6,0.00001,1034897178
1784627201048,sell,66303.6,0.00001,1034897177
1784627201048,sell,66303.6,0.00001,1034897176
1784627201046,buy,66301.4,0.00057885,1034897175
1784627201046,buy,66301.3,0.00001,1034897174
1784627201046,buy,66301.3,0.00001514,1034897173
1784627201046,buy,66300.1,0.00001,1034897172
1784627201044,sell,66300,0.00001,1034897171
1784627201042,buy,66299.8,0.00001,1034897170
1784627201042,buy,66299.8,0.00229262,1034897169
1784627201040,buy,66298.9,0.00001,1034897168
1784627201040,buy,66298.9,0.00307664,1034897167
1784627201040,buy,66298.8,0.06033296,1034897166
1784627201040,buy,66298.8,0.00001,1034897165
1784627201040,buy,66298.8,0.0636,1034897164
1784627201040,buy,66298.8,0.02799,1034897163
1784627201040,buy,66298.8,0.07786095,1034897162
1784627198291,buy,66298.8,0.00084525,1034897161
1784627197970,buy,66298.8,0.0004958,1034897160
1784627197105,sell,66298.7,0.00001,1034897159
1784627197105,sell,66298.7,0.00001,1034897158
1784627197105,sell,66298.7,0.00001,1034897157
1784627197105,sell,66298.7,0.00001,1034897156
1784627197105,sell,66298.7,0.00001,1034897155
1784627197102,sell,66298.7,0.00001,1034897154
1784627197098,sell,66298.7,0.00001,1034897153
1784627197098,sell,66298.7,0.00001,1034897152
1784627197098,sell,66298.7,0.00001,1034897151
1784627197098,sell,66298.7,0.00001,1034897150
1784627197098,sell,66298.7,0.00001,1034897149
1784627197095,sell,66298.7,0.00001,1034897148
1784627197092,sell,66298.7,0.00001,1034897147
1784627197092,sell,66298.7,0.00001,1034897146
1784627197092,sell,66298.7,0.00001,1034897145
1784627197092,sell,66298.7,0.00001,1034897144
1784627197092,sell,66298.7,0.00001,1034897143
1784627197088,sell,66298.7,0.00001,1034897142
1784627261323,sell,66308.4,0.00215091,1034897275
1784627260771,buy,66308.5,0.00422379,1034897274
1784627260287,sell,66308.4,0.17564409,1034897273
1784627259572,sell,66308.4,0.00016563,1034897272
1784627258555,sell,66308.4,0.00097004,1034897271
1784627254722,buy,66308.5,0.00015985,1034897270
1784627252338,buy,66308.5,0.00226344,1034897269
1784627248301,buy,66308.5,0.00816669,1034897268
1784627248301,buy,66308.5,0.00006081,1034897267
1784627248301,buy,66308.5,0.00229798,1034897266
1784627248301,buy,66308.5,0.03546202,1034897265
1784627248246,buy,66308.5,0.00019234,1034897264
1784627247853,sell,66308.4,0.00003159,1034897263
1784627247600,sell,66308.4,0.0009652,1034897262
1784627246786,sell,66308.4,0.00001363,1034897261
1784627245451,sell,66308.4,0.03590286,1034897260
1784627245160,buy,66308.5,0.00005579,1034897259
1784627244212,sell,66308.4,0.05229844,1034897258
1784627244162,buy,66308.5,0.00194157,1034897257
1784627243891,buy,66308.5,0.01690069,1034897256
1784627243304,buy,66308.5,0.00013572,1034897255
1784627242438,sell,66308.4,0.00016603,1034897254
1784627239226,buy,66308.5,0.00196053,1034897253
1784627238592,buy,66308.5,0.00024129,1034897252
1784627231284,buy,66308.5,0.00460122,1034897251
1784627230365,sell,66308.4,0.00016632,1034897250
1784627228825,sell,66308.4,0.00005454,1034897249
1784627221440,sell,66308.4,0.00227388,1034897248
1784627217905,sell,66308.4,0.00228981,1034897247
1784627217329,buy,66308.5,0.00210883,1034897246
1784627217329,buy,66308.5,0.00283502,1034897245
1784627217329,buy,66308.5,0.00201604,1034897244
1784627215925,buy,66308.5,0.00039,1034897243
1784627214283,sell,66308.4,0.0082036,1034897242
1784633458021,buy,66259.7,0.00993191,1034919376
1784633456698,buy,66259.7,0.01792549,1034919375
1784633456698,buy,66259.7,0.00126256,1034919374
1784633456698,buy,66259.7,0.00047265,1034919373
1784633456698,buy,66259.7,0.181968,1034919372
1784633456431,sell,66259.6,0.000545,1034919371
1784633455747,buy,66259.6,0.00046015,1034919370
1784633455747,buy,66258.3,0.00001516,1034919369
1784633455747,buy,66257.8,0.00002814,1034919368
1784633455747,buy,66257.2,0.00049256,1034919367
1784633455747,buy,66257.2,0.00131535,1034919366
1784633455747,buy,66257.1,0.0002043,1034919365
1784633455652,buy,66257.1,0.00001501,1034919364
1784633455652,buy,66257.1,0.0292,1034919363
1784633455652,buy,66257.1,0.00001501,1034919362
1784633455652,buy,66257.1,0.00001501,1034919361
1784633455652,buy,66257.1,0.00001501,1034919360
1784633455652,buy,66257.1,0.00001501,1034919359
1784633455651,buy,66257.1,0.00001501,1034919358
1784633455651,buy,66257.1,0.04025674,1034919357
1784633455651,buy,66256,0.00001516,1034919356
1784633455651,buy,66254.5,0.07551298,1034919355
1784633455651,buy,66254.2,0.16557961,1034919354
1784633455651,buy,66253.6,0.00001516,1034919353
1784633455651,buy,66251.2,0.00001516,1034919352
1784633455651,buy,66250.2,0.00002916,1034919351
1784633455651,buy,66250,0.00006,1034919350
1784633455651,buy,66249.7,0.00137041,1034919349
1784633455651,buy,66249.7,0.00051328,1034919348
1784633455651,buy,66249.6,0.00001501,1034919347
1784633455651,buy,66249.6,0.00001501,1034919346
1784633455651,buy,66249.6,0.00001501,1034919345
1784633455651,buy,66249.6,0.00001501,1034919344
1784633455651,buy,66249.6,0.00001501,1034919343
1784633455650,buy,66249.6,0.00001501,1034919342
1784633455650,buy,66249.6,0.823806,1034919341
1784633455650,buy,66249.6,0.00001501,1034919340
1784633455650,buy,66249.6,0.00001501,1034919339
1784633455650,buy,66249.6,0.00001501,1034919338
1784633455650,buy,66249.6,0.00001501,1034919337
1784633455650,buy,66249.6,0.00001501,1034919336
1784633455650,buy,66249.6,0.00001501,1034919335
1784633455650,buy,66249.6,0.08,1034919334
1784633455650,buy,66249.6,0.04,1034919333
1784633455650,buy,66249.6,0.06751797,1034919332
1784633455650,buy,66249.6,0.081002,1034919331
1784633455650,buy,66249.6,0.01148003,1034919330
1784633455558,sell,66249.5,0.00024,1034919329
1784633454639,sell,66249.5,0.00023999,1034919328
1784633451684,sell,66249.5,0.00016603,1034919327
1784633451021,buy,66248.8,0.00001516,1034919326
1784633451021,buy,66246.3,0.00003006,1034919325
1784633451021,buy,66245.7,0.0014277,1034919324
1784633451021,buy,66245.7,0.00002204,1034919323
1784633451019,buy,66245.7,0.00051282,1034919322
1784633451019,buy,66245.7,0.00148718,1034919321
1784633451019,buy,66245.7,0.05,1034919320
1784633450909,sell,66245.6,0.00012,1034919319
1784633450854,buy,66244,0.00001516,1034919318
1784633450854,buy,66242.7,0.000031,1034919317
1784633450854,buy,66242.7,0.0002999,1034919316
1784633450852,buy,66242.5,0.004072,1034919315
1784633450852,buy,66242.4,0.02,1034919314
1784633450852,buy,66242.2,0.00055731,1034919313
1784633450852,buy,66242.2,0.00154931,1034919312
1784633450852,buy,66242.1,0.0603846,1034919311
1784633450524,buy,66242.1,0.00050001,1034919310
1784633450522,buy,66241,0.0005,1034919309
1784633450522,buy,66240,0.000545,1034919308
1784633450522,buy,66240,0.00023999,1034919307
1784633450522,buy,66240,0.00006,1034919306
1784633450522,buy,66240,0.0015928,1034919305
1784633450522,buy,66239.6,0.00003224,1034919304
1784633450522,buy,66239.6,0.00046015,1034919303
1784633450522,buy,66239.4,0.00162813,1034919302
1784633450521,buy,66239.4,0.00071631,1034919301
1784633450521,buy,66239,0.0005669,1034919300
1784633450521,buy,66239,0.00141679,1034919299
1784633450520,buy,66239,0.00019722,1034919298
1784633450520,buy,66239,0.00001378,1034919297
1784633450518,buy,66239,0.00059052,1034919296
1784633450518,buy,66239,0.00168125,1034919295
1784633450518,buy,66239,0.06872823,1034919294
1784633448809,buy,66239,0.03011287,1034919293
1784633448607,sell,66238.9,0.00341431,1034919292
1784633447988,sell,66238.9,0.00011728,1034919291
1784633446911,sell,66238.9,0.0095,1034919290
1784633444743,buy,66239,0.02264526,1034919289
1784633438231,sell,66238.9,0.000545,1034919288
1784633438035,buy,66239,0.00075484,1034919287
1784633438002,sell,66238.9,0.00016489,1034919286
1784633437561,buy,66239,0.00301936,1034919285
1784633432406,buy,66238.6,0.00003409,1034919284
1784633432406,buy,66237.9,0.00062953,1034919283
1784633432406,buy,66237.9,0.00175135,1034919282
1784633432406,buy,66237.8,0.06038852,1034919281
1784633432391,sell,66237.7,0.00023999,1034919280
1784633432389,buy,66234.9,0.00003656,1034919279
1784633432386,buy,66234.2,0.00003657,1034919278
1784633432386,buy,66234,0.00065594,1034919277
1784633513129,sell,66273.2,0.00023999,1034919514
1784633512474,sell,66273.2,0.00026279,1034919513
1784633511141,sell,66273.2,0.0025,1034919512
1784633511082,sell,66273.2,0.00197991,1034919511
1784633510657,buy,66273.3,0.00015089,1034919510
1784633509606,buy,66273.3,0.02130508,1034919509
1784633509606,buy,66273.3,0.00113157,1034919508
1784633508009,buy,66273.3,0.00178734,1034919507
1784633507883,sell,66273.2,0.000545,1034919506
1784633506927,sell,66275.2,0.00494809,1034919505
1784633506611,sell,66275.2,0.00155958,1034919504
1784633504154,sell,66275.2,0.00988965,1034919503
1784633503941,buy,66275,0.00001517,1034919502
1784633503941,buy,66273.1,0.0000141,1034919501
1784633503941,buy,66273.1,0.00003683,1034919500
1784633503941,buy,66272,0.00035463,1034919499
1784633503941,buy,66272,0.00113282,1034919498
1784633503941,buy,66272,0.02,1034919497
1784633503941,buy,66272,0.0015,1034919496
1784633503714,buy,66271.9,0.00036941,1034919495
1784633503714,buy,66271.9,0.00118002,1034919494
1784633503714,buy,66271.8,0.00012606,1034919493
1784633503714,buy,66271.8,0.00051864,1034919492
1784633503714,buy,66271.8,0.0004,1034919491
1784633503401,sell,66271.7,0.00081038,1034919490
1784633503356,buy,66270.8,0.00015115,1034919489
1784633503350,buy,66270,0.00023999,1034919488
1784633503350,buy,66270,0.00006,1034919487
1784633503350,buy,66269.5,0.00003912,1034919486
1784633503350,buy,66269.5,0.00337926,1034919485
1784633503350,buy,66269.5,0.00078259,1034919484
1784633503348,buy,66269.5,0.07921741,1034919483
1784633503348,buy,66269.2,0.001509,1034919482
1784633503348,buy,66268.1,0.00001821,1034919481
1784633503348,buy,66268.1,0.00003974,1034919480
1784633503348,buy,66266.9,0.00810077,1034919479
1784633503348,buy,66266.9,0.0044673,1034919478
1784633503348,buy,66266.7,0.00038505,1034919477
1784633503348,buy,66266.7,0.00122943,1034919476
1784633503348,buy,66266.6,0.06036227,1034919475
1784633503348,buy,66266.6,0.06097594,1034919474
1784633503083,buy,66266.6,0.00153923,1034919473
1784633502596,sell,66266.5,0.0083,1034919472
1784633501790,sell,66266.5,0.00153745,1034919471
1784633501251,sell,66266.5,0.00153728,1034919470
1784633500921,buy,66266.6,0.00020263,1034919469
1784633500832,sell,66266.5,0.00153728,1034919468
1784633500396,sell,66266.5,0.00153736,1034919467
1784633500196,buy,66266.6,0.0008822,1034919466
1784633500020,sell,66266.5,0.00153751,1034919465
1784633498388,sell,66266.5,0.00505281,1034919464
1784633496841,sell,66266.5,0.000545,1034919463
1784633496572,buy,66266.6,0.00061052,1034919462
1784633495789,sell,66266.5,0.00081318,1034919461
1784633494691,sell,66266.5,0.00015324,1034919460
1784633493821,sell,66266.5,0.000885,1034919459
1784633493371,sell,66266.5,0.00023999,1034919458
1784633492944,buy,66266.6,0.00001659,1034919457
1784633492906,sell,66266.5,0.00023999,1034919456
1784633492683,sell,66266.5,0.00155422,1034919455
1784633486161,sell,66266.5,0.00014956,1034919454
1784633485863,sell,66266.5,0.00078384,1034919453
1784633485736,sell,66268.2,0.07067734,1034919452
1784633485736,sell,66268.5,0.00057947,1034919451
1784633485736,sell,66269.4,0.00500695,1034919450
1784633485575,buy,66269.5,0.00002112,1034919449
1784633485459,buy,66269.5,0.01806718,1034919448
1784633485459,buy,66269.5,0.00004069,1034919447
1784633485354,sell,66269.4,0.00724677,1034919446
1784633484861,buy,66269.5,0.00153915,1034919445
1784633484209,sell,66269.4,0.00064,1034919444
1784633481786,buy,66269.5,0.05880468,1034919443
1784633481786,buy,66269.5,0.01,1034919442
1784633481786,buy,66269.4,0.01,1034919441
1784633481786,buy,66269.3,0.00015115,1034919440
1784633481786,buy,66269.1,0.0003,1034919439
1784633481786,buy,66269.1,0.00049905,1034919438
1784633481786,buy,66268.7,0.00107194,1034919437
1784633481786,buy,66268.7,0.000401,1034919436
1784633481786,buy,66268.6,0.18,1034919435
1784633481786,buy,66268.6,0.07549691,1034919434
1784633481786,buy,66268.6,0.00038695,1034919433
1784633481786,buy,66268.6,0.00674,1034919432
1784633481786,buy,66268.6,0.08,1034919431
1784633481786,buy,66268.6,0.00038471,1034919430
1784633481786,buy,66268.6,0.33257483,1034919429
1784633481786,buy,66268.6,0.00028471,1034919428
1784633481786,buy,66268.6,0.0636,1034919427
1784633481786,buy,66268.6,0.00028471,1034919426
1784633481786,buy,66268.6,0.00028471,1034919425
1784633481786,buy,66268.6,0.00302027,1034919424
1784633481786,buy,66268.6,0.06036045,1034919423
1784633481786,buy,66268.6,0.0121,1034919422
1784633481786,buy,66268.6,1.30408471,1034919421
1784633481786,buy,66268.6,0.0013,1034919420
1784633481786,buy,66268.6,0.00916099,1034919419
1784633480833,buy,66268.6,0.00155578,1034919418
1784633480064,buy,66268.6,0.00099594,1034919417
1784633480051,buy,66268.6,0.0000513,1034919416
1784633479293,buy,66268.6,0.0007545,1034919415
1784633568374,sell,66269,0.00023999,1034919612
1784633568188,sell,66269,0.00025787,1034919611
1784633567568,buy,66269.1,0.00328929,1034919610
1784633567565,sell,66269,0.00024985,1034919609
1784633567544,buy,66269.1,0.00006035,1034919608
1784633562471,buy,66269.1,0.00154068,1034919607
1784633560950,sell,66269,0.00053129,1034919606
1784633560272,sell,66269,0.00023999,1034919605
1784633557816,sell,66269,0.00023999,1034919604
1784633556475,sell,66269,0.06313474,1034919603
1784633556466,sell,66270.1,0.00064076,1034919602
1784633556466,sell,66270.4,0.00001515,1034919601
1784633556466,sell,66270.7,0.00060359,1034919600
1784633556466,sell,66271.2,0.00441988,1034919599
1784633556466,sell,66271.2,0.00208388,1034919598
1784633556466,sell,66271.2,0.00603392,1034919597
1784633556466,sell,66271.2,0.00724274,1034919596
1784633556466,sell,66271.2,0.00333805,1034919595
1784633556466,sell,66271.2,0.00221605,1034919594
1784633556466,sell,66271.2,0.0025,1034919593
1784633556466,sell,66271.2,0.00249222,1034919592
1784633556453,sell,66272,0.0005,1034919591
1784633556453,sell,66273.2,0.0004346,1034919590
1784633556453,sell,66273.3,0.01009625,1034919589
1784633556452,sell,66273.3,0.05350375,1034919588
1784633556452,sell,66273.3,0.00460395,1034919587
1784633556452,sell,66273.3,0.06453394,1034919586
1784633556451,sell,66273.3,0.01912451,1034919585
1784633556449,sell,66273.3,0.3429373,1034919584
1784633556406,sell,66275.7,0.00415461,1034919583
1784633556406,sell,66275.7,0.00246286,1034919582
1784633556406,sell,66275.7,0.0636,1034919581
1784633556406,sell,66275.7,0.00007837,1034919580
1784633556406,sell,66275.7,0.00011245,1034919579
1784633554572,sell,66275.7,0.0018885,1034919578
1784633552482,sell,66275.7,0.00058134,1034919577
1784633550875,sell,66275.7,0.00001657,1034919576
1784633550607,sell,66275.7,0.00023999,1034919575
1784633549266,sell,66275.7,0.00023999,1034919574
1784633548775,sell,66275.7,0.00023999,1034919573
1784633547738,sell,66275.7,0.0000584,1034919572
1784633547738,sell,66275.7,0.0004416,1034919571
1784633547612,sell,66275.7,0.00023999,1034919570
1784633544474,buy,66275.8,0.49751892,1034919569
1784633544474,buy,66275.8,0.00039864,1034919568
1784633544474,buy,66275.8,0.0603539,1034919567
1784633544125,sell,66275.7,0.00029897,1034919566
1784633543383,sell,66275.7,0.00085225,1034919565
1784633541678,sell,66275.7,0.0005,1034919564
1784633540622,sell,66275.7,0.00023999,1034919563
1784633540022,sell,66275.7,0.000545,1034919562
1784633539826,buy,66275.8,0.00074223,1034919561
1784633539110,sell,66275.7,0.00023999,1034919560
1784633539075,sell,66275.7,0.00154049,1034919559
1784633536243,sell,66275.7,0.0005,1034919558
1784633535837,buy,66275.8,0.0020641,1034919557
1784633535235,sell,66275.7,0.0000527,1034919556
1784633535229,sell,66275.7,0.01694364,1034919555
1784633534849,buy,66275.8,0.00041342,1034919554
1784633531886,buy,66275.8,0.00083822,1034919553
1784633531587,buy,66275.8,0.00154204,1034919552
1784633531169,sell,66275.7,0.00016603,1034919551
1784633531085,sell,66275.7,0.00001771,1034919550
1784633530562,sell,66275.7,0.00023999,1034919549
1784633529589,sell,66275.7,0.00018877,1034919548
1784633529589,sell,66275.7,0.00000001,1034919547
1784633529550,buy,66275.4,0.00031361,1034919546
1784633529550,buy,66275.4,0.00118452,1034919545
1784633529548,buy,66275.3,0.00012605,1034919544
1784633529541,buy,66275,0.0002235,1034919543
1784633529541,buy,66275,0.00032673,1034919542
1784633529541,buy,66275,0.00123391,1034919541
1784633529329,buy,66275,0.00299258,1034919540
1784633529327,buy,66274.7,0.00001308,1034919539
1784633529327,buy,66274.7,0.00003545,1034919538
1784633529327,buy,66273.4,0.00034039,1034919537
1784633529327,buy,66273.4,0.00128537,1034919536
1784633529327,buy,66273.3,0.00075498,1034919535
1784633529327,buy,66273.3,0.00023999,1034919534
1784633529327,buy,66273.3,0.00032331,1034919533
1784633528642,buy,66273.3,0.00333152,1034919532
1784633527162,sell,66273.2,0.00023999,1034919531
1784633525309,sell,66273.2,0.00017262,1034919530
1784633525278,sell,66273.2,0.00023999,1034919529
1784633523323,buy,66273.3,0.00083744,1034919528
1784633523049,sell,66273.2,0.00045131,1034919527
1784633522446,sell,66273.2,0.00023999,1034919526
1784633521230,sell,66273.2,0.0005,1034919525
1784633520901,sell,66273.2,0.00023999,1034919524
1784633519283,sell,66273.2,0.00589375,1034919523
1784633518268,sell,66273.2,0.00014017,1034919522
1784633518179,sell,66273.2,0.00724274,1034919521
1784633516972,sell,66273.2,0.00153769,1034919520
1784633514997,sell,66273.2,0.00180035,1034919519
1784633514585,sell,66273.2,0.00023999,1034919518
1784633514532,sell,66273.2,0.0001937,1034919517
1784633513733,sell,66273.2,0.000613,1034919516
1784633513698,sell,66273.2,0.00066659,1034919515
1784633621866,sell,66253.2,0.00154069,1034919856
1784633620697,sell,66253.2,0.02311789,1034919855
1784633620697,sell,66253.2,0.25077783,1034919854
1784633620178,sell,66253.2,0.00006217,1034919853
1784633619598,buy,66252.9,0.00003523,1034919852
1784633619598,buy,66252.9,0.00001477,1034919851
1784633619598,buy,66251.7,0.00196211,1034919850
1784633619598,buy,66251.6,0.0121,1034919849
1784633618586,sell,66253,0.00001324,1034919848
1784633618586,sell,66254.1,0.00064095,1034919847
1784633618586,sell,66254.4,0.00012606,1034919846
1784633618584,sell,66256.1,0.00076702,1034919845
1784633618584,sell,66256.1,0.00001516,1034919844
1784633618571,sell,66258.4,0.00014123,1034919843
1784633618571,sell,66258.4,0.00001515,1034919842
1784633618571,sell,66259.3,0.00424494,1034919841
1784633618556,sell,66262,0.0005,1034919840
1784633618551,sell,66262.5,0.00322166,1034919839
1784633618551,sell,66262.5,0.0012,1034919838
1784633618550,sell,66262.5,0.02898902,1034919837
1784633618528,sell,66265.6,0.00001515,1034919836
1784633618524,sell,66267.2,0.00016968,1034919835
1784633618524,sell,66267.2,0.00007682,1034919834
1784633618524,sell,66267.2,0.0003105,1034919833
1784633618520,sell,66269.6,0.00460556,1034919832
1784633618206,buy,66269.7,0.00021125,1034919831
1784633617233,buy,66269.6,0.01,1034919830
1784633617233,buy,66269,0.00023999,1034919829
1784633617233,buy,66268.7,0.00003699,1034919828
1784633617233,buy,66268.7,0.00001685,1034919827
1784633617233,buy,66268.4,0.00058951,1034919826
1784633617233,buy,66268.4,0.00149006,1034919825
1784633617176,buy,66267.8,0.00908631,1034919824
1784633617176,buy,66267.4,0.00155219,1034919823
1784633617176,buy,66267.4,0.00061412,1034919822
1784633617176,buy,66267.3,0.06036164,1034919821
1784633616503,sell,66267.2,0.00165994,1034919820
1784633612623,buy,66267.3,0.00007545,1034919819
1784633611325,sell,66267.2,0.00023999,1034919818
1784633610563,buy,66267.3,0.0001509,1034919817
1784633607751,sell,66267.2,0.000545,1034919816
1784633607336,buy,66267.2,0.00063972,1034919815
1784633607336,buy,66267.2,0.00161687,1034919814
1784633607336,buy,66267.1,0.06036182,1034919813
1784633606702,sell,66267,0.00023999,1034919812
1784633604470,sell,66267,0.00004186,1034919811
1784633604022,buy,66267.1,0.00154224,1034919810
1784633603786,buy,66267.1,0.00075452,1034919809
1784633603609,buy,66267.1,0.00639231,1034919808
1784633603331,sell,66267,0.00604875,1034919807
1784633603147,buy,66267.1,0.00006036,1034919806
1784633603062,buy,66267.1,0.00044,1034919805
1784633602828,buy,66265.5,0.00001516,1034919804
1784633602828,buy,66263.1,0.00001516,1034919803
1784633602825,buy,66260.7,0.00001516,1034919802
1784633602825,buy,66260.6,0.0192087,1034919801
1784633602825,buy,66260.1,0.00003863,1034919800
1784633602825,buy,66260.1,0.00001855,1034919799
1784633602825,buy,66260,0.00006,1034919798
1784633602825,buy,66259.7,0.0000513,1034919797
1784633602823,buy,66259.7,0.0635487,1034919796
1784633602823,buy,66259.7,0.00066672,1034919795
1784633602823,buy,66259.7,0.00168458,1034919794
1784633602370,sell,66259.6,0.00040602,1034919793
1784633601609,buy,66259.7,0.00001324,1034919792
1784633601609,buy,66259.7,0.00001324,1034919791
1784633601609,buy,66259.7,0.00001324,1034919790
1784633601609,buy,66259.7,0.00001324,1034919789
1784633601609,buy,66259.7,0.00001324,1034919788
1784633601609,buy,66259.7,0.00001324,1034919787
1784633601609,buy,66259.7,0.00001324,1034919786
1784633601609,buy,66259.7,0.00001324,1034919785
1784633601609,buy,66259.7,0.00001324,1034919784
1784633601609,buy,66259.7,0.00001324,1034919783
1784633601609,buy,66259.7,0.00001324,1034919782
1784633601609,buy,66259.7,0.00001324,1034919781
1784633601609,buy,66259.7,0.00001324,1034919780
1784633601609,buy,66259.7,0.00001324,1034919779
1784633601609,buy,66259.7,0.00001324,1034919778
1784633601609,buy,66259.7,0.00001324,1034919777
1784633601609,buy,66259.7,0.00001324,1034919776
1784633601609,buy,66259.7,0.00001324,1034919775
1784633601609,buy,66259.7,0.00001324,1034919774
1784633601609,buy,66259.7,0.00001324,1034919773
1784633601609,buy,66259.7,0.00001324,1034919772
1784633601609,buy,66259.7,0.00001324,1034919771
1784633601609,buy,66259.7,0.00001324,1034919770
1784633601609,buy,66259.7,0.00001324,1034919769
1784633601608,buy,66259.7,0.00001324,1034919768
1784633601608,buy,66259.7,0.00001324,1034919767
1784633601608,buy,66259.7,0.00001324,1034919766
1784633601608,buy,66259.7,0.00001324,1034919765
1784633601608,buy,66259.7,0.00001324,1034919764
1784633601608,buy,66259.7,0.00001324,1034919763
1784633601608,buy,66259.7,0.00001324,1034919762
1784633601608,buy,66259.7,0.00001324,1034919761
1784633601608,buy,66259.7,0.00001324,1034919760
1784633601608,buy,66259.7,0.00001324,1034919759
1784633601608,buy,66259.7,0.00001324,1034919758
1784633601608,buy,66259.7,0.00001324,1034919757
1784633675614,buy,66253.3,0.00002811,1034920008
1784633675614,buy,66253.3,0.00002811,1034920007
1784633675614,buy,66253.3,0.00002811,1034920006
1784633675614,buy,66253.3,0.00002811,1034920005
1784633675614,buy,66253.3,0.00002811,1034920004
1784633675614,buy,66253.3,0.00002811,1034920003
1784633675614,buy,66253.3,0.00002811,1034920002
1784633675614,buy,66253.3,0.00002811,1034920001
1784633675614,buy,66253.3,0.00002811,1034920000
1784633675614,buy,66253.3,0.00002811,1034919999
1784633675614,buy,66253.3,0.00002811,1034919998
1784633675614,buy,66253.3,0.00002811,1034919997
1784633675614,buy,66253.3,0.00002811,1034919996
1784633675614,buy,66253.3,0.00002811,1034919995
1784633675614,buy,66253.3,0.00002811,1034919994
1784633675614,buy,66253.3,0.00002811,1034919993
1784633675614,buy,66253.3,0.00002811,1034919992
1784633675614,buy,66253.3,0.00002811,1034919991
1784633675614,buy,66253.3,0.00002811,1034919990
1784633675614,buy,66253.3,0.00002811,1034919989
1784633675613,buy,66253.3,0.00002811,1034919988
1784633675613,buy,66253.3,0.00002811,1034919987
1784633675613,buy,66253.3,0.00002811,1034919986
1784633675613,buy,66253.3,0.00002811,1034919985
1784633675613,buy,66253.3,0.00002811,1034919984
1784633675613,buy,66253.3,0.00002811,1034919983
1784633675613,buy,66253.3,0.00002811,1034919982
1784633675613,buy,66253.3,0.00002811,1034919981
1784633675613,buy,66253.3,0.00002811,1034919980
1784633675613,buy,66253.3,0.00002811,1034919979
1784633675613,buy,66253.3,0.00002811,1034919978
1784633675613,buy,66253.3,0.00002811,1034919977
1784633675613,buy,66253.3,0.00002811,1034919976
1784633675613,buy,66253.3,0.00002811,1034919975
1784633675613,buy,66253.3,0.00002811,1034919974
1784633675613,buy,66253.3,0.00002811,1034919973
1784633675613,buy,66253.3,0.00002811,1034919972
1784633675613,buy,66253.3,0.00002811,1034919971
1784633675613,buy,66253.3,0.00002811,1034919970
1784633673084,sell,66253.2,0.00023999,1034919969
1784633672795,sell,66253.2,0.00023999,1034919968
1784633671572,sell,66253.2,0.00086244,1034919967
1784633670356,sell,66253.2,0.0025,1034919966
1784633669936,sell,66253.2,0.01185436,1034919965
1784633669936,sell,66253.2,0.00894564,1034919964
1784633669527,sell,66253.2,0.00301872,1034919963
1784633668909,sell,66253.2,0.00029735,1034919962
1784633668068,buy,66253.3,0.00008754,1034919961
1784633666930,buy,66253.3,0.00001032,1034919960
1784633666930,buy,66253.3,0.00001032,1034919959
1784633666930,buy,66253.3,0.00001032,1034919958
1784633666930,buy,66253.3,0.00001032,1034919957
1784633666930,buy,66253.3,0.00001032,1034919956
1784633666930,buy,66253.3,0.00001032,1034919955
1784633666930,buy,66253.3,0.00001032,1034919954
1784633666930,buy,66253.3,0.00001032,1034919953
1784633666930,buy,66253.3,0.00001032,1034919952
1784633666930,buy,66253.3,0.00001032,1034919951
1784633666930,buy,66253.3,0.00001032,1034919950
1784633666930,buy,66253.3,0.00001032,1034919949
1784633666930,buy,66253.3,0.00001032,1034919948
1784633666930,buy,66253.3,0.00001032,1034919947
1784633666930,buy,66253.3,0.00001032,1034919946
1784633666930,buy,66253.3,0.00001032,1034919945
1784633666930,buy,66253.3,0.00001032,1034919944
1784633666930,buy,66253.3,0.00001032,1034919943
1784633666930,buy,66253.3,0.00001032,1034919942
1784633666930,buy,66253.3,0.00001032,1034919941
1784633666930,buy,66253.3,0.00001032,1034919940
1784633666930,buy,66253.3,0.00001032,1034919939
1784633666930,buy,66253.3,0.00001032,1034919938
1784633666930,buy,66253.3,0.00001032,1034919937
1784633666930,buy,66253.3,0.00001032,1034919936
1784633666930,buy,66253.3,0.00001032,1034919935
1784633666930,buy,66253.3,0.00001032,1034919934
1784633666930,buy,66253.3,0.00001032,1034919933
1784633666930,buy,66253.3,0.00001032,1034919932
1784633666930,buy,66253.3,0.00001032,1034919931
1784633666930,buy,66253.3,0.00001032,1034919930
1784633666930,buy,66253.3,0.00001032,1034919929
1784633666930,buy,66253.3,0.00001032,1034919928
1784633666930,buy,66253.3,0.00001032,1034919927
1784633666930,buy,66253.3,0.00001032,1034919926
1784633666930,buy,66253.3,0.00001032,1034919925
1784633666930,buy,66253.3,0.00001032,1034919924
1784633666930,buy,66253.3,0.00001032,1034919923
1784633666930,buy,66253.3,0.00001032,1034919922
1784633666930,buy,66253.3,0.00001032,1034919921
1784633666930,buy,66253.3,0.00001032,1034919920
1784633666930,buy,66253.3,0.00001032,1034919919
1784633666930,buy,66253.3,0.00001032,1034919918
1784633666930,buy,66253.3,0.00001032,1034919917
1784633666930,buy,66253.3,0.00001032,1034919916
1784633665430,sell,66253.2,0.00018239,1034919915
1784633665394,sell,66253.2,0.00023999,1034919914
1784633665069,buy,66253.3,0.00004528,1034919913
1784633663020,sell,66253.2,0.00023999,1034919912
1784633662908,sell,66253.2,0.00023999,1034919911
1784633662717,sell,66253.2,0.00029726,1034919910
1784633661920,sell,66253.2,0.00023999,1034919909
