timestamp_ms,side,price,size,trade_id
1787358230264,buy,78099.9,0.00004025,1045956900
1787358228682,buy,78100,0.00033362,1045956899
1787358228459,sell,78099.9,0.00252241,1045956898
1787358228113,sell,78099.9,0.00037825,1045956897
1787358228113,sell,78099.9,0.00000001,1045956896
1787358227775,buy,78096.1,0.0000102,1045956895
1787358225284,sell,78096.2,0.0000102,1045956894
1787358225284,sell,78096.6,0.00001285,1045956893
1787358225284,sell,78097.7,0.0000102,1045956892
1787358225273,sell,78099.9,0.00128042,1045956891
1787358224445,buy,78099.8,0.00667089,1045956890
1787358224445,buy,78099.8,0.0001769,1045956889
1787358224142,buy,78098.9,0.000015,1045956888
1787358224142,buy,78096.1,0.0000102,1045956887
1787358224141,buy,78095.6,0.00289795,1045956886
1787358224141,buy,78095.6,0.00289794,1045956885
1787358224141,buy,78095.6,0.00020421,1045956884
1787358224141,buy,78095.6,0.0116641,1045956883
1787358224138,buy,78095.6,0.0009,1045956882
1787358223103,buy,78095.6,0.00001703,1045956881
1787358223103,buy,78095.6,0.00001703,1045956880
1787358223103,buy,78095.6,0.00001703,1045956879
1787358223103,buy,78095.6,0.00001703,1045956878
1787358223103,buy,78095.6,0.00001703,1045956877
1787358223103,buy,78095.6,0.00001703,1045956876
1787358223103,buy,78095.6,0.00001703,1045956875
1787358223103,buy,78095.6,0.00001703,1045956874
1787358223103,buy,78095.6,0.00001703,1045956873
1787358223103,buy,78095.6,0.00001703,1045956872
1787358223103,buy,78095.6,0.00001703,1045956871
1787358223103,buy,78095.6,0.00001703,1045956870
1787358223103,buy,78095.6,0.00001703,1045956869
1787358223103,buy,78095.6,0.00001703,1045956868
1787358222065,buy,78095.2,0.00040268,1045956867
1787358221973,buy,78092.6,0.0002247,1045956866
1787358221973,buy,78092,0.00001285,1045956865
1787358221973,buy,78090.6,0.00020423,1045956864
1787358221422,sell,78090.5,0.00003839,1045956863
1787358221023,sell,78090.5,0.00308556,1045956862
1787358221023,sell,78090.5,0.0011,1045956861
1787358221023,sell,78090.5,0.0009,1045956860
1787358220465,buy,78090.6,0.00001021,1045956859
1787358220465,buy,78090.6,0.0001174,1045956858
1787358220465,buy,78089.7,0.00001285,1045956857
1787358220465,buy,78087.8,0.0000102,1045956856
1787358220465,buy,78087.5,0.00001285,1045956855
1787358220465,buy,78085.2,0.00001285,1045956854
1787358220464,buy,78080.6,0.00020428,1045956853
1787358219213,buy,78080.6,0.01055042,1045956852
1787358218553,buy,78080.6,0.00014675,1045956851
1787358218509,buy,78080.6,0.00143913,1045956850
1787358218509,buy,78080.6,0.0001129,1045956849
1787358217978,buy,78079.6,0.00079834,1045956848
1787358217978,buy,78078.4,0.00001285,1045956847
1787358217978,buy,78076.1,0.0002523,1045956846
1787358217976,buy,78074.2,0.00061662,1045956845
1787358217976,buy,78074.2,0.00258911,1045956844
1787358217976,buy,78074.2,0.0028281,1045956843
1787358217976,buy,78074.2,0.0028281,1045956842
1787358217976,buy,78074.2,0.00258911,1045956841
1787358217976,buy,78074.2,0.01280317,1045956840
1787358213538,buy,78074.1,0.00044051,1045956839
1787358210894,buy,78074.1,0.10428438,1045956838
1787358210894,buy,78074.1,0.037912,1045956837
1787358210894,buy,78074.1,0.03603829,1045956836
1787358210894,buy,78074.1,0.03683664,1045956835
1787358210894,buy,78074.1,0.00000001,1045956834
1787358209986,sell,78075.7,0.00079834,1045956833
1787358209984,sell,78078.2,0.00345646,1045956832
1787358209984,sell,78078.2,0.00046676,1045956831
1787358209984,sell,78078.2,0.00250235,1045956830
1787358209984,sell,78078.2,0.00250234,1045956829
1787358209984,sell,78078.2,0.00640383,1045956828
1787358208683,sell,78078.9,0.0000102,1045956827
1787358207162,buy,78079.3,0.00001041,1045956826
1787358207162,buy,78079.3,0.00001041,1045956825
1787358207162,buy,78079.3,0.00001041,1045956824
1787358207162,buy,78079.3,0.00001041,1045956823
1787358207162,buy,78079.3,0.00001041,1045956822
1787358207162,buy,78079.3,0.00001041,1045956821
1787358207162,buy,78079.3,0.00001041,1045956820
1787358207162,buy,78079.3,0.00001041,1045956819
1787358207162,buy,78079.3,0.00001041,1045956818
1787358207162,buy,78079.3,0.00001041,1045956817
1787358207162,buy,78079.3,0.00001041,1045956816
1787358207162,buy,78079.3,0.00001041,1045956815
1787358207162,buy,78079.3,0.00001041,1045956814
1787358207162,buy,78079.3,0.00001041,1045956813
1787358207162,buy,78079.3,0.00001041,1045956812
1787358207162,buy,78079.3,0.00001041,1045956811
1787358207162,buy,78079.3,0.00001041,1045956810
1787358207162,buy,78079.3,0.00001041,1045956809
1787358207162,buy,78079.3,0.00001041,1045956808
1787358207162,buy,78079.3,0.00001041,1045956807
1787358207162,buy,78079.3,0.00001041,1045956806
1787358207162,buy,78079.3,0.00001041,1045956805
1787358207162,buy,78079.3,0.00001041,1045956804
1787358207162,buy,78079.3,0.00001041,1045956803
1787358207162,buy,78079.3,0.00001041,1045956802
1787358207162,buy,78079.3,0.00001041,1045956801
1787358284723,sell,78075.9,0.0095396,1045957265
1787358284723,sell,78075.9,0.00147915,1045957264
1787358284057,sell,78076,0.03621547,1045957263
1787358284057,sell,78076,0.00640485,1045957262
1787358284057,sell,78078.2,0.0000102,1045957261
1787358284057,sell,78078.2,0.06,1045957260
1787358284057,sell,78079.5,0.00014808,1045957259
1787358284057,sell,78079.5,0.00014808,1045957258
1787358284057,sell,78079.5,0.00005685,1045957257
1787358284057,sell,78079.5,0.00014808,1045957256
1787358284057,sell,78079.5,0.00014808,1045957255
1787358284057,sell,78079.5,0.0004338,1045957254
1787358284057,sell,78079.5,0.00008955,1045957253
1787358284057,sell,78079.5,0.00123859,1045957252
1787358284057,sell,78079.5,0.00096314,1045957251
1787358284057,sell,78079.5,0.00016414,1045957250
1787358284057,sell,78079.5,0.00220193,1045957249
1787358284057,sell,78079.5,0.00007964,1045957248
1787358284057,sell,78079.5,0.00018106,1045957247
1787358284057,sell,78079.5,0.00006537,1045957246
1787358284057,sell,78079.5,0.00001,1045957245
1787358284057,sell,78079.5,0.00061898,1045957244
1787358284057,sell,78079.5,0.1249,1045957243
1787358284057,sell,78079.5,0.12817315,1045957242
1787358284057,sell,78079.5,0.19734808,1045957241
1787358284057,sell,78079.5,0.0078,1045957240
1787358284057,sell,78079.5,0.037912,1045957239
1787358284057,sell,78079.5,0.14561,1045957238
1787358283142,buy,78078.3,0.0009,1045957237
1787358283023,sell,78078.2,0.01,1045957236
1787358282981,sell,78078.2,0.03237,1045957235
1787358282978,sell,78078.2,0.002,1045957234
1787358282959,buy,78075.5,0.000015,1045957233
1787358282959,buy,78074,0.00040268,1045957232
1787358282941,buy,78073.8,0.00051877,1045957231
1787358282941,buy,78073.8,0.00004138,1045957230
1787358282941,buy,78073.8,0.0009,1045957229
1787358282844,buy,78072.6,0.0000102,1045957228
1787358282844,buy,78071.6,0.00001285,1045957227
1787358282842,buy,78069.4,0.00001632,1045957226
1787358282667,sell,78069.3,0.00123887,1045957225
1787358282667,sell,78069.3,0.00076113,1045957224
1787358281929,sell,78069.3,0.00025244,1045957223
1787358281393,sell,78069.3,0.00025071,1045957222
1787358281393,sell,78069.3,0.01024929,1045957221
1787358281255,buy,78069.4,0.00015,1045957220
1787358281022,sell,78069.3,0.0085,1045957219
1787358281022,sell,78069.3,0.0009,1045957218
1787358281022,sell,78069.3,0.0011,1045957217
1787358280579,sell,78069.3,0.0125,1045957216
1787358279859,buy,78067.7,0.000015,1045957215
1787358279859,buy,78067.1,0.00001285,1045957214
1787358279858,buy,78066.3,0.0009,1045957213
1787358279851,buy,78058.6,0.00106467,1045957212
1787358279851,buy,78058.6,0.00040257,1045957211
1787358279186,sell,78058.5,0.00052358,1045957210
1787358277331,buy,78059.4,0.00026,1045957209
1787358276436,sell,78066.4,0.0000102,1045957208
1787358276434,sell,78066.9,0.0188,1045957207
1787358276299,buy,78067.7,0.00001501,1045957206
1787358276297,buy,78064.8,0.00001285,1045957205
1787358276297,buy,78063.5,0.01,1045957204
1787358276297,buy,78063.4,0.0551663,1045957203
1787358276297,buy,78063.4,0.04980562,1045957202
1787358276297,buy,78063.4,0.00040268,1045957201
1787358276297,buy,78063,0.01,1045957200
1787358276297,buy,78062.6,0.06,1045957199
1787358276297,buy,78062.4,0.06,1045957198
1787358276297,buy,78061.6,0.06998128,1045957197
1787358276297,buy,78061,0.012,1045957196
1787358276296,buy,78059.4,0.01025052,1045957195
1787358276217,buy,78054.6,0.0000102,1045957194
1787358276216,buy,78052.4,0.00057051,1045957193
1787358276216,buy,78052.4,0.00001,1045957192
1787358276216,buy,78052.4,0.00053383,1045957191
1787358276216,buy,78052.4,0.00051883,1045957190
1787358276216,buy,78052.4,0.00001,1045957189
1787358276216,buy,78052.4,0.00227915,1045957188
1787358276216,buy,78052.4,0.00001,1045957187
1787358276216,buy,78052.4,0.00001,1045957186
1787358276044,buy,78052.4,0.00012811,1045957185
1787358273970,sell,78052.6,0.0000102,1045957184
1787358273970,sell,78052.8,0.00040268,1045957183
1787358273962,sell,78054.9,0.00001501,1045957182
1787358273960,sell,78055.9,0.00001285,1045957181
1787358273960,sell,78056.2,0.00079834,1045957180
1787358273960,sell,78056.8,0.0003773,1045957179
1787358273959,sell,78058.5,0.0000102,1045957178
1787358273955,sell,78059.5,0.00002306,1045957177
1787358273955,sell,78059.8,0.00040069,1045957176
1787358273952,sell,78060.1,0.00079834,1045957175
1787358273952,sell,78060.4,0.00001285,1045957174
1787358273951,sell,78062.7,0.00001501,1045957173
1787358273949,sell,78063.3,0.00307591,1045957172
1787358273948,sell,78063.3,0.00000001,1045957171
1787358273948,sell,78063.4,0.00040268,1045957170
1787358273948,sell,78064,0.00079834,1045957169
1787358273945,sell,78064.4,0.00000001,1045957168
1787358273945,sell,78064.4,0.0000102,1045957167
1787358273945,sell,78064.9,0.00001285,1045957166
1787358340224,buy,78072.8,0.00001198,1045957542
1787358339250,sell,78072.7,0.00003765,1045957541
1787358339143,sell,78072.7,0.00019984,1045957540
1787358337137,buy,78072.8,0.03674262,1045957539
1787358336313,sell,78072.7,0.0002741,1045957538
1787358335141,buy,78069.3,0.00028295,1045957537
1787358335141,buy,78067,0.00022733,1045957536
1787358334714,sell,78066.1,0.00045368,1045957535
1787358333521,sell,78066.2,0.00301124,1045957534
1787358333244,buy,78066.3,0.00162169,1045957533
1787358331677,sell,78066.2,0.00003766,1045957532
1787358331568,sell,78066.2,0.00019984,1045957531
1787358331565,sell,78066.2,0.01796,1045957530
1787358331562,sell,78066.2,0.002,1045957529
1787358331447,buy,78066.8,0.00002788,1045957528
1787358331447,buy,78066.3,0.0000102,1045957527
1787358331444,buy,78064.8,0.00001286,1045957526
1787358331444,buy,78064,0.0000102,1045957525
1787358331444,buy,78063.4,0.00040268,1045957524
1787358330224,buy,78062.4,0.00001198,1045957523
1787358330115,buy,78060.3,0.00001286,1045957522
1787358330115,buy,78059.9,0.00001501,1045957521
1787358330115,buy,78059.6,0.02562648,1045957520
1787358330115,buy,78059.4,0.012,1045957519
1787358330115,buy,78058,0.00005551,1045957518
1787358330115,buy,78058,0.01025064,1045957517
1787358330115,buy,78058,0.00179363,1045957516
1787358330114,buy,78058,0.00002307,1045957515
1787358330113,buy,78055.8,0.00001286,1045957514
1787358330113,buy,78051.8,0.00118323,1045957513
1787358330113,buy,78050.2,0.01280491,1045957512
1787358330113,buy,78050.1,0.00504741,1045957511
1787358330113,buy,78050.1,0.00133368,1045957510
1787358330113,buy,78050.1,0.00001,1045957509
1787358330113,buy,78050.1,0.00001,1045957508
1787358330113,buy,78050.1,0.00309957,1045957507
1787358330113,buy,78050.1,0.00001,1045957506
1787358330113,buy,78050.1,0.00001,1045957505
1787358330113,buy,78050.1,0.00006662,1045957504
1787358330113,buy,78050.1,0.00296077,1045957503
1787358330113,buy,78050.1,0.00318488,1045957502
1787358330113,buy,78050.1,0.00264084,1045957501
1787358329654,sell,78050,0.00003765,1045957500
1787358329550,sell,78050,0.00019984,1045957499
1787358329520,sell,78050,0.00624258,1045957498
1787358329520,sell,78050,0.05,1045957497
1787358329520,sell,78050,0.00252869,1045957496
1787358329520,sell,78050,0.0025287,1045957495
1787358329520,sell,78050,0.17768913,1045957494
1787358329520,sell,78050,0.10118711,1045957493
1787358329520,sell,78050,0.1249,1045957492
1787358329520,sell,78050,0.0011,1045957491
1787358329520,sell,78050,0.0078,1045957490
1787358329520,sell,78050,0.00012898,1045957489
1787358329520,sell,78050,0.00882767,1045957488
1787358329520,sell,78050,0.01281229,1045957487
1787358329380,buy,78050.1,0.0003103,1045957486
1787358329380,buy,78050.1,0.00001,1045957485
1787358327266,buy,78050.1,0.00431216,1045957484
1787358327266,buy,78050.1,0.037912,1045957483
1787358326732,sell,78051.3,0.00001285,1045957482
1787358326730,sell,78052.3,0.00079834,1045957481
1787358326730,sell,78052.6,0.0000102,1045957480
1787358326730,sell,78052.8,0.00040268,1045957479
1787358326724,sell,78056.2,0.00079834,1045957478
1787358326724,sell,78057.1,0.00012852,1045957477
1787358326724,sell,78057.1,0.00039491,1045957476
1787358326720,sell,78057.1,0.00001286,1045957475
1787358326720,sell,78058.5,0.0000102,1045957474
1787358326717,sell,78059.3,0.00000001,1045957473
1787358326717,sell,78059.8,0.00040069,1045957472
1787358326717,sell,78060.1,0.00079834,1045957471
1787358326717,sell,78060.4,0.00001285,1045957470
1787358326715,sell,78062.7,0.00001501,1045957469
1787358326715,sell,78062.7,0.00001285,1045957468
1787358326714,sell,78063.3,0.00128102,1045957467
1787358326714,sell,78063.4,0.00040268,1045957466
1787358326714,sell,78064,0.00079834,1045957465
1787358326714,sell,78064.7,0.07117393,1045957464
1787358326714,sell,78064.7,0.17448625,1045957463
1787358326714,sell,78064.8,0.00512394,1045957462
1787358326714,sell,78064.9,0.00001285,1045957461
1787358326713,sell,78067.9,0.00056083,1045957460
1787358326713,sell,78069.2,0.00319475,1045957459
1787358326713,sell,78069.2,0.00319475,1045957458
1787358326713,sell,78069.2,0.00640457,1045957457
1787358326526,sell,78069.4,0.00319474,1045957456
1787358326526,sell,78069.4,0.00319474,1045957455
1787358326526,sell,78069.4,0.00053445,1045957454
1787358325338,buy,78069.5,0.0000991,1045957453
1787358325338,buy,78069.5,0.0009,1045957452
1787358322534,sell,78072.7,0.00032054,1045957451
1787358322442,sell,78076.6,0.0000102,1045957450
1787358322214,buy,78077,0.00012807,1045957449
1787358321194,buy,78077,0.00003591,1045957448
1787358321192,buy,78073.9,0.00001285,1045957447
1787358320963,buy,78072.8,0.0009,1045957446
1787358320838,buy,78069.4,0.0000102,1045957445
1787358320624,sell,78067.9,0.00003767,1045957444
1787358320528,buy,78068,0.0065114,1045957443
1787358395618,buy,78024.1,0.00001286,1045957827
1787358395618,buy,78023.2,0.0000102,1045957826
1787358395618,buy,78021.8,0.00001286,1045957825
1787358395618,buy,78021,0.00040268,1045957824
1787358395580,sell,78020.8,0.00004672,1045957823
1787358395576,sell,78020.8,0.00005309,1045957822
1787358395576,sell,78020.8,0.00000001,1045957821
1787358395575,buy,78019.6,0.00001286,1045957820
1787358395575,buy,78017,0.0000102,1045957819
1787358395573,sell,78016.4,0.00006036,1045957818
1787358395569,buy,78014.9,0.18297246,1045957817
1787358395569,buy,78014.7,0.00006861,1045957816
1787358395402,sell,78014.6,0.00780217,1045957815
1787358395233,sell,78014.6,0.00007799,1045957814
1787358395230,sell,78014.6,0.00008865,1045957813
1787358395226,sell,78014.6,0.00010076,1045957812
1787358395226,sell,78014.6,0.00000001,1045957811
1787358395222,buy,78013.1,0.00011454,1045957810
1787358395222,buy,78013.1,0.00066403,1045957809
1787358395172,sell,78013,0.00016301,1045957808
1787358395167,sell,78013,0.0001853,1045957807
1787358395163,buy,78006.1,0.00028854,1045957806
1787358395163,buy,78006.1,0.00001,1045957805
1787358392445,sell,78008.1,0.00001501,1045957804
1787358392445,sell,78009.1,0.00079834,1045957803
1787358392445,sell,78010.4,0.00040268,1045957802
1787358392357,sell,78010.8,0.01,1045957801
1787358392354,sell,78013,0.00145944,1045957800
1787358392325,sell,78013,0.00000001,1045957799
1787358392325,sell,78013,0.00079834,1045957798
1787358392322,sell,78014.7,0.00081335,1045957797
1787358392320,sell,78015.9,0.00001501,1045957796
1787358392320,sell,78016,0.00055056,1045957795
1787358392318,sell,78017.4,0.0000102,1045957794
1787358392318,sell,78021,0.00031666,1045957793
1787358392317,sell,78022.3,0.01281684,1045957792
1787358392264,buy,78022.4,0.00060083,1045957791
1787358392123,sell,78024.2,0.00031542,1045957790
1787358391511,sell,78026.5,0.00037211,1045957789
1787358390541,sell,78026.5,0.00629821,1045957788
1787358390374,buy,78026.6,0.00012816,1045957787
1787358390226,buy,78026.6,0.00001198,1045957786
1787358389522,sell,78026.5,0.00233304,1045957785
1787358389522,sell,78026.5,0.00383696,1045957784
1787358389521,sell,78026.5,0.0056,1045957783
1787358389421,sell,78026.5,0.0225,1045957782
1787358389420,sell,78026.5,0.00349999,1045957781
1787358389420,sell,78026.5,0.00000001,1045957780
1787358389414,buy,78026.3,0.00001286,1045957779
1787358389398,buy,78023.2,0.0000102,1045957778
1787358389398,buy,78021.8,0.0012817,1045957777
1787358389398,buy,78021.5,0.00005151,1045957776
1787358389397,buy,78021.5,0.00262425,1045957775
1787358389397,buy,78021.5,0.00267575,1045957774
1787358389307,buy,78021.5,0.03369932,1045957773
1787358389307,buy,78021.2,0.01025501,1045957772
1787358389307,buy,78021.2,0.01538242,1045957771
1787358389307,buy,78021.2,0.00182449,1045957770
1787358389307,buy,78021.2,0.00003876,1045957769
1787358389307,buy,78021.2,0.0256,1045957768
1787358389304,buy,78016.1,0.00001,1045957767
1787358389304,buy,78016.1,0.00001,1045957766
1787358389304,buy,78016.1,0.00001,1045957765
1787358389304,buy,78016.1,0.0000683,1045957764
1787358389303,buy,78016.1,0.00043279,1045957763
1787358389303,buy,78016.1,0.00273873,1045957762
1787358389303,buy,78016.1,0.00259403,1045957761
1787358389303,buy,78016.1,0.00027779,1045957760
1787358389303,buy,78016.1,0.00205994,1045957759
1787358389303,buy,78016.1,0.0002273,1045957758
1787358389303,buy,78016.1,0.00005748,1045957757
1787358389303,buy,78016.1,0.00067857,1045957756
1787358389303,buy,78016.1,0.00227923,1045957755
1787358389303,buy,78016.1,0.00001,1045957754
1787358389303,buy,78016.1,0.00027675,1045957753
1787358389303,buy,78016.1,0.00001041,1045957752
1787358389303,buy,78016.1,0.00001,1045957751
1787358389303,buy,78016.1,0.00484698,1045957750
1787358389264,buy,78016.1,0.00098302,1045957749
1787358388252,buy,78016.1,0.006,1045957748
1787358387896,sell,78016.9,0.00079834,1045957747
1787358387896,sell,78017.4,0.00001285,1045957746
1787358387896,sell,78019.8,0.00040069,1045957745
1787358387896,sell,78020,0.00003845,1045957744
1787358387894,sell,78020.8,0.00079834,1045957743
1787358387894,sell,78021,0.00040268,1045957742
1787358387889,sell,78023.3,0.0000102,1045957741
1787358387889,sell,78024.2,0.00001285,1045957740
1787358387889,sell,78024.7,0.00079834,1045957739
1787358387887,sell,78026.4,0.00001285,1045957738
1787358387885,sell,78027.5,0.00029989,1045957737
1787358387885,sell,78028,0.02563376,1045957736
1787358387885,sell,78028.6,0.00079834,1045957735
1787358387885,sell,78028.7,0.00001285,1045957734
1787358387885,sell,78029.8,0.01281561,1045957733
1787358387885,sell,78030.8,0.00010434,1045957732
1787358387885,sell,78030.8,0.00010434,1045957731
1787358387885,sell,78030.8,0.00010434,1045957730
1787358387885,sell,78030.8,0.16640434,1045957729
1787358387885,sell,78030.8,0.13038465,1045957728
1787358450224,buy,78039,0.00001198,1045958219
1787358450148,buy,78034.5,0.0009,1045958218
1787358450148,buy,78034.5,0.00256771,1045958217
1787358450148,buy,78034.5,0.00256772,1045958216
1787358450148,buy,78034.5,0.00791941,1045958215
1787358449725,sell,78034.4,0.00769136,1045958214
1787358449725,sell,78034.4,0.00000001,1045958213
1787358448559,buy,78034.5,0.00006407,1045958212
1787358448337,buy,78032.9,0.00052,1045958211
1787358447884,buy,78032.9,0.0002965,1045958210
1787358447880,sell,78033.5,0.0000102,1045958209
1787358447879,sell,78034.4,0.00045851,1045958208
1787358447879,sell,78034.4,0.00002508,1045958207
1787358447879,sell,78034.4,0.0108615,1045958206
1787358447879,sell,78034.4,0.00230129,1045958205
1787358447879,sell,78034.4,0.00001762,1045958204
1787358446947,sell,78034.4,0.00514,1045958203
1787358446702,sell,78034.4,0.00494763,1045958202
1787358445778,sell,78034.4,0.00841,1045958201
1787358445626,sell,78034.4,0.00071,1045958200
1787358445624,sell,78034.4,0.021,1045958199
1787358445502,buy,78032.8,0.00314941,1045958198
1787358444941,sell,78032.7,0.00522885,1045958197
1787358444371,sell,78032.7,0.00393505,1045958196
1787358443307,buy,78032.6,0.00000001,1045958195
1787358443307,buy,78031.6,0.00040268,1045958194
1787358443305,buy,78030.9,0.00004383,1045958193
1787358443305,buy,78030.9,0.0105886,1045958192
1787358443230,buy,78030.8,0.00013481,1045958191
1787358443136,buy,78030.8,0.00000001,1045958190
1787358443136,buy,78030.8,0.00050115,1045958189
1787358443136,buy,78030.8,0.00050115,1045958188
1787358443133,buy,78028.7,0.0000102,1045958187
1787358443133,buy,78026.2,0.00019838,1045958186
1787358443125,sell,78026.1,0.00018375,1045958185
1787358443125,sell,78026.1,0.00002588,1045958184
1787358442170,sell,78026.1,0.0084,1045958183
1787358441858,buy,78026.2,0.00001025,1045958182
1787358441584,sell,78026.1,0.00030421,1045958181
1787358440567,buy,78026.2,0.00139649,1045958180
1787358440567,buy,78026.2,0.00116675,1045958179
1787358440225,buy,78026.2,0.00001199,1045958178
1787358440089,buy,78017.7,0.0000102,1045958177
1787358440088,buy,78017.6,0.0018172,1045958176
1787358440088,buy,78017.6,0.00265877,1045958175
1787358440088,buy,78017.6,0.00084248,1045958174
1787358439215,sell,78017.5,0.00001078,1045958173
1787358438799,buy,78017.6,0.00044764,1045958172
1787358438799,buy,78017.6,0.00129011,1045958171
1787358438799,buy,78017.6,0.00265877,1045958170
1787358438799,buy,78017.6,0.00003927,1045958169
1787358438799,buy,78017.6,0.0026186,1045958168
1787358438799,buy,78017.6,0.00264968,1045958167
1787358438799,buy,78017.6,0.00001,1045958166
1787358438086,sell,78013,0.12430535,1045958165
1787358438086,sell,78014.5,0.005,1045958164
1787358438086,sell,78015.1,0.00001286,1045958163
1787358438086,sell,78015.3,0.09190555,1045958162
1787358438086,sell,78015.3,0.1798556,1045958161
1787358438086,sell,78015.8,0.030444,1045958160
1787358438086,sell,78016.6,0.00001501,1045958159
1787358438086,sell,78017.4,0.00001286,1045958158
1787358438086,sell,78017.4,0.0000102,1045958157
1787358438086,sell,78019.7,0.00001286,1045958156
1787358438086,sell,78020.3,0.15188672,1045958155
1787358438086,sell,78020.8,0.00801203,1045958154
1787358438086,sell,78021,0.15188535,1045958153
1787358438086,sell,78021.1,0.06,1045958152
1787358438086,sell,78021.1,0.1,1045958151
1787358438086,sell,78022.3,0.02563661,1045958150
1787358438086,sell,78022.8,0.04109401,1045958149
1787358438086,sell,78022.8,0.09521665,1045958148
1787358438086,sell,78022.9,0.00640934,1045958147
1787358438086,sell,78023.3,0.00078915,1045958146
1787358438086,sell,78025.7,0.0000102,1045958145
1787358438086,sell,78026.3,0.012,1045958144
1787358438086,sell,78026.9,0.00640896,1045958143
1787358438086,sell,78030.7,0.00640773,1045958142
1787358438086,sell,78030.8,0.00265877,1045958141
1787358438086,sell,78030.8,0.00265877,1045958140
1787358438086,sell,78030.8,0.00002651,1045958139
1787358437591,sell,78030.8,0.00714,1045958138
1787358437010,buy,78030.9,0.00211463,1045958137
1787358436245,sell,78030.8,0.00588394,1045958136
1787358435929,sell,78030.8,0.00990999,1045958135
1787358435929,sell,78030.8,0.00000001,1045958134
1787358435595,buy,78029.5,0.00026087,1045958133
1787358434942,sell,78029.4,0.00022434,1045958132
1787358434762,buy,78029.5,0.00006407,1045958131
1787358434012,buy,78028.7,0.0000102,1045958130
1787358434010,buy,78027.5,0.00001648,1045958129
1787358434008,buy,78027.5,0.00028332,1045958128
1787358434008,buy,78025,0.00099668,1045958127
1787358433294,buy,78024.5,0.000015,1045958126
1787358433294,buy,78021,0.00035225,1045958125
1787358433173,sell,78020.8,0.00423076,1045958124
1787358431611,sell,78020.8,0.00096221,1045958123
1787358431611,sell,78020.9,0.00002735,1045958122
1787358431611,sell,78020.9,0.00118322,1045958121
1787358431611,sell,78020.9,0.00202425,1045958120
1787363823876,sell,77999.9,0.00006407,1045996689
1787363823873,sell,77999.9,0.0191865,1045996688
1787363823873,sell,77999.9,0.02205,1045996687
1787363823873,sell,77999.9,0.03556611,1045996686
1787363823873,sell,77999.9,0.00525056,1045996685
1787363823871,buy,78000,0.04744948,1045996684
1787363823871,buy,78000,0.00064874,1045996683
1787363823871,buy,78000,0.00282107,1045996682
1787363823871,buy,78000,0.00189941,1045996681
1787363823871,buy,78000,0.00269361,1045996680
1787363823871,buy,78000,0.00385008,1045996679
1787363823871,buy,78000,0.0001701,1045996678
1787363823871,buy,77999.9,0.00291413,1045996677
1787363823871,buy,77999.9,0.00130057,1045996676
1787363823871,buy,77999.8,0.00040069,1045996675
1787363823871,buy,77999.8,0.00040268,1045996674
1787363823871,buy,77998.2,0.03334182,1045996673
1787363823871,buy,77998.2,0.00016818,1045996672
1787363823871,buy,77998.2,0.00170035,1045996671
1787363823871,buy,77998.2,0.00170036,1045996670
1787363823871,buy,77998.2,0.00619745,1045996669
1787363823190,buy,77996.9,0.00001287,1045996668
1787363823190,buy,77996,0.00027647,1045996667
1787363823190,buy,77995.9,0.0003052,1045996666
1787363823188,buy,77993.7,0.00037546,1045996665
1787363823188,buy,77993.7,0.00763959,1045996664
1787363823188,buy,77993,0.00050509,1045996663
1787363823188,buy,77993,0.00050509,1045996662
1787363823188,buy,77992.9,0.00069697,1045996661
1787363823188,buy,77992.9,0.00055998,1045996660
1787363823188,buy,77992.9,0.00448899,1045996659
1787363822903,sell,77992.8,0.00128133,1045996658
1787363822754,sell,77992.8,0.00789999,1045996657
1787363822754,sell,77992.8,0.00000001,1045996656
1787363822510,buy,77992.4,0.00001288,1045996655
1787363822510,buy,77991,0.00029905,1045996654
1787363822510,buy,77990.1,0.00001288,1045996653
1787363822510,buy,77989.2,0.00040268,1045996652
1787363822510,buy,77987.1,0.01189978,1045996651
1787363822510,buy,77987.1,0.01282032,1045996650
1787363822166,buy,77987,0.00499967,1045996649
1787363822151,buy,77985.6,0.00957843,1045996648
1787363822151,buy,77985.6,0.00982281,1045996647
1787363821778,sell,77985.5,0.00043401,1045996646
1787363821466,buy,77983,0.00516651,1045996645
1787363821451,buy,77982.5,0.00778456,1045996644
1787363821451,buy,77982.5,0.00314941,1045996643
1787363821325,buy,77981.6,0.00041137,1045996642
1787363821324,buy,77979,0.00463637,1045996641
1787363821230,buy,77978.8,0.00001287,1045996640
1787363821230,buy,77978.6,0.00040268,1045996639
1787363821230,buy,77976.6,0.00001287,1045996638
1787363821229,buy,77972.1,0.00451405,1045996637
1787363820936,buy,77963.5,0.00212957,1045996636
1787363820936,buy,77963.5,0.00212956,1045996635
1787363820936,buy,77963.5,0.00431296,1045996634
1787363820541,sell,77960.2,0.18574656,1045996633
1787363820541,sell,77960.3,0.00291413,1045996632
1787363820541,sell,77960.5,0.000015,1045996631
1787363820541,sell,77960.6,0.02415,1045996630
1787363820541,sell,77960.9,0.00001287,1045996629
1787363820541,sell,77961.7,0.00052,1045996628
1787363820541,sell,77964.1,0.00315,1045996627
1787363820541,sell,77964.4,0.02565549,1045996626
1787363820541,sell,77965,0.00315057,1045996625
1787363820541,sell,77965.2,0.06,1045996624
1787363820541,sell,77965.4,0.01468538,1045996623
1787363820541,sell,77965.4,0.04,1045996622
1787363820541,sell,77965.4,0.00531462,1045996621
1787363820541,sell,77965.5,0.06,1045996620
1787363820541,sell,77965.6,0.01468538,1045996619
1787363820541,sell,77965.6,0.04531462,1045996618
1787363820541,sell,77965.9,0.06,1045996617
1787363820541,sell,77966,0.004721,1045996616
1787363820541,sell,77967.6,0.00001287,1045996615
1787363820541,sell,77967.9,0.03,1045996614
1787363820541,sell,77968,0.00040268,1045996613
1787363820541,sell,77968.2,0.01953596,1045996612
1787363820541,sell,77969.9,0.00001287,1045996611
1787363820540,sell,77970.4,0.0000102,1045996610
1787363820540,sell,77972.2,0.00001287,1045996609
1787363820540,sell,77974.4,0.00001287,1045996608
1787363820539,sell,77977.7,0.01282417,1045996607
1787363820539,sell,77980,0.01109389,1045996606
1787363820539,sell,77981,0.01,1045996605
1787363820539,sell,77981.5,0.01025972,1045996604
1787363820539,sell,77981.5,0.00110144,1045996603
1787363820539,sell,77981.5,0.25659623,1045996602
1787363820539,sell,77981.5,0.00832266,1045996601
1787363820539,sell,77981.5,0.16026499,1045996600
1787363820539,sell,77981.5,0.03213501,1045996599
1787363820539,sell,77981.5,0.01,1045996598
1787363819627,buy,77981.6,0.0001885,1045996597
1787363819517,sell,77981.5,0.00023995,1045996596
1787363819517,sell,77981.5,0.00001289,1045996595
1787363818314,buy,77981.6,0.00001021,1045996594
1787363818308,buy,77979.7,0.00040069,1045996593
1787363818306,buy,77978.8,0.00001288,1045996592
1787363818306,buy,77978.8,0.0006989,1045996591
1787363818306,buy,77978.6,0.00040268,1045996590
1787363877224,buy,77965.5,0.00118306,1045996932
1787363877224,buy,77965.3,0.00001287,1045996931
1787363877224,buy,77964.8,0.06,1045996930
1787363877224,buy,77963.5,0.01169879,1045996929
1787363877224,buy,77963,0.00001287,1045996928
1787363877224,buy,77959.8,0.0000102,1045996927
1787363877224,buy,77959.3,0.00128272,1045996926
1787363877224,buy,77958.2,0.0000102,1045996925
1787363877224,buy,77958.1,0.00223811,1045996924
1787363877224,buy,77958.1,0.0022381,1045996923
1787363877224,buy,77958.1,0.00726091,1045996922
1787363877224,buy,77958.1,0.0072609,1045996921
1787363877224,buy,77958.1,0.00092766,1045996920
1787363877224,buy,77958.1,0.0058575,1045996919
1787363876436,buy,77958.1,0.00128274,1045996918
1787363875932,sell,77958,0.03568705,1045996917
1787363875378,sell,77958,0.00001143,1045996916
1787363873731,sell,77958,0.00026015,1045996915
1787363873481,sell,77958,0.00192412,1045996914
1787363872790,sell,77958,0.00024018,1045996913
1787363872008,sell,77958,0.00128146,1045996912
1787363870738,buy,77958.1,0.0001198,1045996911
1787363867768,buy,77958.1,0.00128273,1045996910
1787363867768,buy,77958.1,0.00000001,1045996909
1787363867435,sell,77958.6,0.00001287,1045996908
1787363867435,sell,77959.3,0.00001228,1045996907
1787363867435,sell,77959.7,0.00040069,1045996906
1787363867399,sell,77960.3,0.00080155,1045996905
1787363867399,sell,77960.5,0.00001501,1045996904
1787363867399,sell,77960.9,0.00001287,1045996903
1787363867399,sell,77963.8,0.0000102,1045996902
1787363867399,sell,77964.4,0.0008015,1045996901
1787363867240,sell,77964.7,0.00616303,1045996900
1787363867240,sell,77964.7,0.00069697,1045996899
1787363865530,sell,77965.9,0.00126989,1045996898
1787363865527,sell,77967.6,0.00001287,1045996897
1787363865527,sell,77967.7,0.0000102,1045996896
1787363865527,sell,77968,0.00014492,1045996895
1787363865527,sell,77968,0.00040268,1045996894
1787363865527,sell,77968.3,0.0008015,1045996893
1787363865389,buy,77968.6,0.00001082,1045996892
1787363865389,buy,77968.6,0.00000001,1045996891
1787363865389,sell,77969.9,0.00001287,1045996890
1787363865389,sell,77970.4,0.0000102,1045996889
1787363865389,sell,77972.2,0.0008015,1045996888
1787363865389,sell,77972.2,0.00001287,1045996887
1787363865389,sell,77974.1,0.00035453,1045996886
1787363865386,buy,77975.1,0.00001008,1045996885
1787363865386,buy,77975.1,0.00000247,1045996884
1787363865381,buy,77975.1,0.00001255,1045996883
1787363865381,sell,77976.1,0.0008015,1045996882
1787363865379,sell,77977.5,0.01282421,1045996881
1787363865379,sell,77978,0.000803,1045996880
1787363865379,sell,77978.6,0.00040268,1045996879
1787363865379,sell,77978.9,0.00001287,1045996878
1787363865378,buy,77979.7,0.00001417,1045996877
1787363865378,sell,77979.7,0.00040069,1045996876
1787363865378,sell,77980,0.0320595,1045996875
1787363865378,sell,77980,0.0008015,1045996874
1787363865373,buy,77980.1,0.00000579,1045996873
1787363865373,buy,77980.1,0.00001021,1045996872
1787363865371,sell,77983.9,0.05555219,1045996871
1787363865369,sell,77983.9,0.20094223,1045996870
1787363865369,sell,77983.9,0.00004845,1045996869
1787363865369,sell,77983.9,0.0001224,1045996868
1787363865369,sell,77983.9,0.00001808,1045996867
1787363863524,sell,77987.8,0.00088613,1045996866
1787363863524,sell,77987.8,0.00022566,1045996865
1787363863524,sell,77987.8,0.00242119,1045996864
1787363863524,sell,77987.8,0.00242119,1045996863
1787363863524,sell,77987.8,0.02564772,1045996862
1787363863373,sell,77987.8,0.00128097,1045996861
1787363860887,sell,77987.8,0.00377977,1045996860
1787363860887,sell,77987.8,0.00192023,1045996859
1787363860393,sell,77987.8,0.02689748,1045996858
1787363859636,sell,77987.8,0.00679999,1045996857
1787363859636,sell,77987.8,0.00000001,1045996856
1787363859049,buy,77987.9,0.00008941,1045996855
1787363859049,buy,77987.9,0.00119284,1045996854
1787363858357,buy,77985.6,0.0000102,1045996853
1787363858356,buy,77984.1,0.0000102,1045996852
1787363858356,buy,77984,0.00093427,1045996851
1787363858356,buy,77984,0.0077662,1045996850
1787363858003,sell,77983.9,0.02056383,1045996849
1787363856985,sell,77983.9,0.00492698,1045996848
1787363855933,buy,77984,0.00142913,1045996847
1787363854368,sell,77983.9,0.00129354,1045996846
1787363854158,sell,77983.9,0.012,1045996845
1787363853103,sell,77983.9,0.00659226,1045996844
1787363853103,sell,77983.9,0.0008015,1045996843
1787363852154,buy,77984,0.00002042,1045996842
1787363852150,buy,77984,0.00002305,1045996841
1787363852150,buy,77984,0.00000001,1045996840
1787363852147,sell,77985.3,0.00001061,1045996839
1787363852147,sell,77985.7,0.00001287,1045996838
1787363852147,sell,77986.5,0.0000102,1045996837
1787363852146,sell,77987.8,0.00230689,1045996836
1787363852146,sell,77987.8,0.0023069,1045996835
1787363852146,sell,77987.8,0.0063,1045996834
1787363852146,sell,77987.8,0.00002604,1045996833
1787363933294,sell,77982.6,0.03684185,1045997103
1787363930813,sell,77982.6,0.00008,1045997102
1787363929162,sell,77982.6,0.01287182,1045997101
1787363927396,buy,77982.7,0.01147177,1045997100
1787363927396,buy,77982.7,0.00702801,1045997099
1787363926865,buy,77982.7,0.00065818,1045997098
1787363925119,sell,77982.6,0.00004,1045997097
1787363924224,buy,77982.7,0.01032151,1045997096
1787363923787,sell,77982.6,0.0049843,1045997095
1787363923354,sell,77982.6,0.00001288,1045997094
1787363923354,sell,77982.6,0.0009,1045997093
1787363923352,sell,77982.6,0.02565046,1045997092
1787363922433,sell,77985.7,0.01716243,1045997091
1787363922206,buy,77985.8,0.02007259,1045997090
1787363922206,buy,77985.8,0.00549921,1045997089
1787363920317,buy,77985.6,0.00001287,1045997088
1787363920317,buy,77983.4,0.00001287,1045997087
1787363920317,buy,77981.7,0.0000102,1045997086
1787363920317,buy,77981.2,0.00463791,1045997085
1787363918856,sell,77981.1,0.00199717,1045997084
1787363918220,buy,77979.4,0.0000102,1045997083
1787363918218,buy,77978.8,0.00001287,1045997082
1787363918217,buy,77977.5,0.00474059,1045997081
1787363918217,buy,77977.5,0.01293299,1045997080
1787363917915,buy,77977.5,0.00044052,1045997079
1787363915233,buy,77977.5,0.00033,1045997078
1787363913998,sell,77977.4,0.00597812,1045997077
1787363913634,buy,77977.5,0.00262844,1045997076
1787363913634,buy,77976.6,0.00001287,1045997075
1787363913634,buy,77973.1,0.0000102,1045997074
1787363913634,buy,77972.6,0.012,1045997073
1787363913634,buy,77972.3,0.00601405,1045997072
1787363913634,buy,77972.3,0.00001,1045997071
1787363913634,buy,77972.3,0.00001,1045997070
1787363913634,buy,77972.3,0.00249674,1045997069
1787363913634,buy,77972.3,0.00246761,1045997068
1787363913112,sell,77972.2,0.02046396,1045997067
1787363912713,buy,77972.3,0.03155837,1045997066
1787363912713,buy,77972.3,0.00001,1045997065
1787363912713,buy,77972.3,0.00727053,1045997064
1787363911523,sell,77977.4,0.04918605,1045997063
1787363911523,sell,77977.4,0.0063,1045997062
1787363911523,sell,77977.4,0.0256519,1045997061
1787363911331,sell,77981.2,0.00001287,1045997060
1787363911330,sell,77985,0.20977261,1045997059
1787363911329,sell,77985,0.04672438,1045997058
1787363911329,sell,77985,0.00344754,1045997057
1787363911127,sell,77985.7,0.00001,1045997056
1787363911126,sell,77985.8,0.18328964,1045997055
1787363910819,sell,77985.8,0.01174397,1045997054
1787363910448,sell,77985.8,0.00001026,1045997053
1787363910123,sell,77985.8,0.03795649,1045997052
1787363907406,buy,77985.9,0.00809016,1045997051
1787363907406,buy,77985.9,0.0011,1045997050
1787363907406,buy,77985.9,0.00249674,1045997049
1787363907406,buy,77985.9,0.00249674,1045997048
1787363907406,buy,77985.9,0.00815583,1045997047
1787363907406,buy,77985.9,0.00314941,1045997046
1787363907069,sell,77985.8,0.01266657,1045997045
1787363906830,sell,77985.8,0.00595243,1045997044
1787363905514,sell,77985.8,0.00001895,1045997043
1787363903221,sell,77985.8,0.00470655,1045997042
1787363900403,sell,77985.8,0.00498939,1045997041
1787363900403,sell,77985.8,0.00000001,1045997040
1787363897359,buy,77985.6,0.00001287,1045997039
1787363897359,buy,77983.4,0.00001287,1045997038
1787363897356,buy,77980.8,0.00163666,1045997037
1787363897356,buy,77980.8,0.00320791,1045997036
1787363897356,buy,77980.8,0.00001021,1045997035
1787363897353,buy,77980.1,0.00475634,1045997034
1787363896148,buy,77979.7,0.00040069,1045997033
1787363896148,buy,77978.6,0.00040268,1045997032
1787363896148,buy,77978.1,0.00489342,1045997031
1787363895999,buy,77976.6,0.00001287,1045997030
1787363895998,buy,77972.1,0.00455637,1045997029
1787363895747,sell,77970.3,0.00198712,1045997028
1787363895747,sell,77970.3,0.00001288,1045997027
1787363895699,buy,77970.4,0.00004882,1045997026
1787363895698,buy,77970.4,0.00004882,1045997025
1787363895697,buy,77970.4,0.00004882,1045997024
1787363895694,buy,77970.3,0.0000102,1045997023
1787363895690,buy,77965.9,0.01,1045997022
1787363895690,buy,77965.9,0.02565751,1045997021
1787363895688,buy,77964.7,0.17025904,1045997020
1787363895687,buy,77964.7,0.01749284,1045997019
1787363895687,buy,77964.7,0.0327601,1045997018
1787363895687,buy,77964.7,0.01289917,1045997017
1787363895686,buy,77963.1,0.13585876,1045997016
1787363895684,buy,77959.3,0.00107198,1045997015
1787363895684,buy,77959.3,0.00006289,1045997014
1787363895684,buy,77959.3,0.00001,1045997013
1787363895684,buy,77959.3,0.00236514,1045997012
1787363895684,buy,77959.3,0.0023552,1045997011
1787363895684,buy,77959.3,0.00047521,1045997010
1787363895684,buy,77959.3,0.00027829,1045997009
1787363895684,buy,77959.3,0.00001,1045997008
1787363895684,buy,77959.3,0.00783663,1045997007
1787363895684,buy,77959.3,0.00004294,1045997006
1787363894565,buy,77959.3,0.00003473,1045997005
1787363894565,buy,77959.3,0.00003473,1045997004
1787363988506,sell,77836.6,0.00003064,1045997475
1787363988506,sell,77836.6,0.00000001,1045997474
1787363988501,buy,77835.1,0.0000102,1045997473
1787363988501,buy,77834.2,0.00003491,1045997472
1787363988501,buy,77834.2,0.00068902,1045997471
1787363988480,sell,77834.1,0.00003975,1045997470
1787363988476,buy,77827.2,0.00004529,1045997469
1787363988476,buy,77824.5,0.00058143,1045997468
1787363988476,buy,77824.5,0.0025378,1045997467
1787363988246,sell,77824.4,0.00008543,1045997466
1787363988246,sell,77824.4,0.00000001,1045997465
1787363988241,buy,77823.3,0.00025557,1045997464
1787363988159,sell,77823.2,0.00001143,1045997463
1787363987812,sell,77823.2,0.00017553,1045997462
1787363987723,sell,77823.2,0.02181322,1045997461
1787363987108,sell,77819.7,0.00422496,1045997460
1787363986753,sell,77819.7,0.00142204,1045997459
1787363986529,sell,77819.7,0.02051236,1045997458
1787363986529,sell,77819.7,0.01209401,1045997457
1787363986529,sell,77819.7,0.00040069,1045997456
1787363986526,sell,77821,0.00049999,1045997455
1787363986526,sell,77823.1,0.00001289,1045997454
1787363986526,sell,77823.2,0.0008015,1045997453
1787363986526,sell,77826,0.00009256,1045997452
1787363986525,sell,77827.1,0.0008015,1045997451
1787363986303,sell,77829.8,0.00001289,1045997450
1787363986303,sell,77830.1,0.00005984,1045997449
1787363986303,sell,77830.2,0.00040268,1045997448
1787363986303,sell,77831,0.0008015,1045997447
1787363986302,sell,77832.8,0.00982871,1045997446
1787363986297,sell,77833.3,0.00130136,1045997445
1787363986297,sell,77833.5,0.00012851,1045997444
1787363986295,sell,77834.8,0.00006603,1045997443
1787363986295,sell,77834.9,0.18288604,1045997442
1787363986293,sell,77834.9,0.00860196,1045997441
1787363986293,sell,77834.9,0.0008015,1045997440
1787363985985,sell,77838.8,0.0008015,1045997439
1787363985985,sell,77839.7,0.00040069,1045997438
1787363985910,sell,77840.8,0.00040268,1045997437
1787363985909,sell,77842.7,0.00080155,1045997436
1787363985909,sell,77843.4,0.00001288,1045997435
1787363985908,sell,77844.9,0.14628439,1045997434
1787363985908,sell,77844.9,0.04083261,1045997433
1787363985908,sell,77844.9,0.11726851,1045997432
1787363985906,sell,77844.9,0.13965262,1045997431
1787363985711,sell,77845.2,0.00003774,1045997430
1787363985711,sell,77845.2,0.00029999,1045997429
1787363985274,sell,77852.1,0.00005156,1045997428
1787363985270,sell,77852.1,0.00005871,1045997427
1787363985270,sell,77852.1,0.00000001,1045997426
1787363985266,buy,77850.4,0.00006688,1045997425
1787363985222,sell,77846.8,0.0008015,1045997424
1787363985222,sell,77847,0.0000102,1045997423
1787363985220,sell,77850.3,0.01457366,1045997422
1787363985157,sell,77850.7,0.0008015,1045997421
1787363985149,sell,77852.4,0.12669026,1045997420
1787363985149,sell,77852.4,0.012,1045997419
1787363984974,buy,77855.5,0.00010451,1045997418
1787363984973,buy,77852.5,0.0009,1045997417
1787363984951,buy,77852.5,0.0025,1045997416
1787363984947,buy,77852.5,0.00159485,1045997415
1787363984947,buy,77852,0.0092025,1045997414
1787363984947,buy,77852,0.01,1045997413
1787363984885,buy,77850.8,0.20432915,1045997412
1787363984735,sell,77850.9,0.00006482,1045997411
1787363984735,sell,77851.4,0.00040268,1045997410
1787363984735,sell,77854.6,0.0000395,1045997409
1787363984734,sell,77854.6,0.000762,1045997408
1787363984734,sell,77855.4,0.009538,1045997407
1787363984722,sell,77856.9,0.00001288,1045997406
1787363984722,sell,77858.5,0.0008015,1045997405
1787363984722,sell,77859.7,0.00040069,1045997404
1787363984719,sell,77862,0.00040268,1045997403
1787363984717,sell,77862.4,0.0008015,1045997402
1787363984715,sell,77863.7,0.00001288,1045997401
1787363984715,sell,77866.3,0.0008015,1045997400
1787363984715,sell,77866.9,0.00051369,1045997399
1787363984715,sell,77868.3,0.00002695,1045997398
1787363984715,sell,77868.3,0.00048652,1045997397
1787363984715,sell,77868.3,0.00051348,1045997396
1787363984528,sell,77870.2,0.0008015,1045997395
1787363984527,sell,77872.6,0.00040268,1045997394
1787363984447,sell,77874.1,0.00058175,1045997393
1787363984447,sell,77874.1,0.0008015,1045997392
1787363984352,buy,77879.6,0.0155647,1045997391
1787363984352,buy,77879.5,0.00642166,1045997390
1787363984352,buy,77876.7,0.0000102,1045997389
1787363984352,buy,77874.2,0.0011,1045997388
1787363984352,buy,77874.2,0.00013972,1045997387
1787363984352,buy,77874.2,0.0009,1045997386
1787363984352,buy,77874.2,0.00029958,1045997385
1787363984352,buy,77874.2,0.00045126,1045997384
1787363984352,buy,77874.2,0.00151476,1045997383
1787363984352,buy,77874.2,0.00045126,1045997382
1787363984352,buy,77874.2,0.00151476,1045997381
1787363984352,buy,77874.2,0.00011902,1045997380
1787363984352,buy,77874.2,0.00301781,1045997379
1787363984187,buy,77874.2,0.00698376,1045997378
1787363984187,buy,77874.2,0.00013082,1045997377
1787363983462,sell,77875,0.00001289,1045997376
1787364043117,buy,77888,0.0000102,1045998834
1787364043106,buy,77883.2,0.00040268,1045998833
1787364043104,buy,77881.7,0.02568581,1045998832
1787364043104,buy,77881.6,0.00049984,1045998831
1787364043104,buy,77881.6,0.0002999,1045998830
1787364043104,buy,77881.5,0.00642135,1045998829
1787364043104,buy,77880,0.00886399,1045998828
1787364043104,buy,77879.7,0.00040069,1045998827
1787364043104,buy,77879.6,0.0000181,1045998826
1787364043104,buy,77878.4,0.14900519,1045998825
1787364043104,buy,77877.1,0.00001289,1045998824
1787364043104,buy,77876.1,0.00062784,1045998823
1787364043104,buy,77876.1,0.00062784,1045998822
1787364043104,buy,77876.1,0.00801505,1045998821
1787364042907,sell,77876,0.00360229,1045998820
1787364041596,buy,77875.8,0.00039431,1045998819
1787364041594,buy,77874.1,0.00001501,1045998818
1787364041591,buy,77868.2,0.00008067,1045998817
1787364041546,sell,77872.6,0.012,1045998816
1787364041532,sell,77876,0.197085,1045998815
1787364040643,buy,77872.6,0.00040268,1045998814
1787364040628,buy,77872,0.0000102,1045998813
1787364040628,buy,77871,0.00101024,1045998812
1787364040030,buy,77869.8,0.0000129,1045998811
1787364040012,buy,77865.4,0.00017611,1045998810
1787364040012,buy,77864.5,0.0000102,1045998809
1787364040001,buy,77863.3,0.00048799,1045998808
1787364039999,buy,77862,0.00040268,1045998807
1787364039999,buy,77861.3,0.00001289,1045998806
1787364039968,sell,77859.9,0.00499589,1045998805
1787364039968,sell,77859.9,0.00001502,1045998804
1787364039958,buy,77859.7,0.00040069,1045998803
1787364039748,buy,77858.3,0.00037473,1045998802
1787364039748,buy,77856.8,0.00001289,1045998801
1787364039711,buy,77852.3,0.00001289,1045998800
1787364039709,buy,77851.4,0.00040268,1045998799
1787364039709,buy,77851.3,0.00013683,1045998798
1787364039694,buy,77847.7,0.00009931,1045998797
1787364039692,buy,77845.2,0.0002999,1045998796
1787364039691,buy,77843.2,0.00206879,1045998795
1787364039691,buy,77843.2,0.00206879,1045998794
1787364039382,buy,77842.7,0.00000001,1045998793
1787364039382,buy,77841,0.0000129,1045998792
1787364039382,buy,77840.8,0.00040268,1045998791
1787364039382,buy,77839.7,0.00040069,1045998790
1787364039381,buy,77837.7,0.00301943,1045998789
1787364039381,buy,77837.7,0.00469894,1045998788
1787364039259,buy,77836.9,0.06865517,1045998787
1787364039259,buy,77836.8,0.00801505,1045998786
1787364039259,buy,77836.5,0.0000129,1045998785
1787364039202,buy,77835.2,0.0000102,1045998784
1787364038986,buy,77832,0.0000129,1045998783
1787364038985,buy,77830.2,0.00040268,1045998782
1787364038877,buy,77829.7,0.0000129,1045998781
1787364038877,buy,77829.6,0.00028878,1045998780
1787364038877,buy,77829.6,0.00003598,1045998779
1787364038858,buy,77822.8,0.00004009,1045998778
1787364038858,buy,77822.7,0.00029199,1045998777
1787364038857,buy,77819.7,0.00040069,1045998776
1787364038857,buy,77819.6,0.00040268,1045998775
1787364038857,buy,77818.8,0.18426889,1045998774
1787364038856,buy,77818.2,0.02570622,1045998773
1787364038583,buy,77815.6,0.0000102,1045998772
1787364038549,buy,77815.2,0.00008857,1045998771
1787364038547,buy,77812.5,0.0000102,1045998770
1787364037698,buy,77810.5,0.00034018,1045998769
1787364037069,buy,77809,0.00040268,1045998768
1787364037057,buy,77806.2,0.00000684,1045998767
1787364037056,buy,77806.2,0.00000336,1045998766
1787364037056,buy,77804.7,0.0000102,1045998765
1787364037056,buy,77803.9,0.0000102,1045998764
1787364037056,buy,77803.5,0.00034024,1045998763
1787364037056,buy,77803.5,0.003206,1045998762
1787364036213,buy,77800.1,0.00179769,1045998761
1787364036212,buy,77799.1,0.01076366,1045998760
1787364036212,buy,77798.4,0.00040268,1045998759
1787364036212,buy,77798.1,0.00193822,1045998758
1787364036212,buy,77798.1,0.00193821,1045998757
1787364036212,buy,77798.1,0.00040332,1045998756
1787364036212,buy,77798.1,0.01334475,1045998755
1787364036212,buy,77798.1,0.14198021,1045998754
1787364035264,sell,77798,0.00049076,1045998753
1787364035264,sell,77798,0.0011,1045998752
1787364035045,buy,77796.8,0.0000102,1045998751
1787364034302,buy,77790.3,0.00028047,1045998750
1787364033509,buy,77789.5,0.00107023,1045998749
1787364033509,buy,77789.5,0.01178497,1045998748
1787364033337,buy,77789.5,0.00021503,1045998747
1787364032575,sell,77787.2,0.00356337,1045998746
1787364032264,sell,77787.2,0.00076724,1045998745
1787364032264,sell,77787.2,0.0011,1045998744
1787364032082,buy,77787.3,0.00000121,1045998743
1787364032082,buy,77787.3,0.00162723,1045998742
1787364032082,buy,77787.3,0.00162723,1045998741
1787364032082,buy,77787.3,0.00073116,1045998740
1787364032082,buy,77787.3,0.00073116,1045998739
1787364031857,sell,77787.2,0.00946289,1045998738
1787364031857,sell,77787.2,0.00001702,1045998737
1787364031857,sell,77787.2,0.00021936,1045998736
1787364031636,buy,77787.3,0.00026878,1045998735
1787367688995,sell,78488.4,0.00012558,1046031201
1787367688607,buy,78488.5,0.00202096,1046031200
1787367688607,buy,78488.5,0.00202096,1046031199
1787367688607,buy,78488.5,0.0015729,1046031198
1787367688607,buy,78488.5,0.00114255,1046031197
1787367688604,buy,78488.5,0.00016113,1046031196
1787367688557,buy,78488.5,0.00001019,1046031195
1787367688302,buy,78487.4,0.00040268,1046031194
1787367688302,buy,78487,0.00314941,1046031193
1787367688177,buy,78485.4,0.0000102,1046031192
1787367688177,buy,78485.1,0.00023676,1046031191
1787367687834,sell,78484.8,0.03189951,1046031190
1787367687834,sell,78484.8,0.00000001,1046031189
1787367687789,buy,78484.9,0.00006115,1046031188
1787367686339,buy,78484.9,0.00007645,1046031187
1787367686337,buy,78484.9,0.00074223,1046031186
1787367686333,buy,78484.9,0.00076087,1046031185
1787367686332,buy,78484.9,0.00082657,1046031184
1787367686218,buy,78484.9,0.00008998,1046031183
1787367686218,buy,78484.9,0.00000607,1046031182
1787367686218,buy,78484.9,0.00063483,1046031181
1787367686218,buy,78484.9,0.0015911,1046031180
1787367686186,buy,78484.9,0.00063706,1046031179
1787367686100,buy,78484.9,0.00196857,1046031178
1787367686100,buy,78484.9,0.00188313,1046031177
1787367686095,buy,78484.9,0.00014374,1046031176
1787367686095,buy,78484.9,0.0002923,1046031175
1787367686095,buy,78484.9,0.00029234,1046031174
1787367686092,buy,78484.9,0.00036708,1046031173
1787367686090,buy,78484.9,0.00025997,1046031172
1787367686088,buy,78484.9,0.00042129,1046031171
1787367685623,buy,78484.7,0.00111118,1046031170
1787367685361,buy,78484.7,0.00002548,1046031169
1787367684321,buy,78484.7,0.00047378,1046031168
1787367684321,buy,78484.7,0.00066291,1046031167
1787367684321,buy,78484.7,0.00109384,1046031166
1787367683900,buy,78484.7,0.00007645,1046031165
1787367683732,buy,78484.7,0.00007321,1046031164
1787367683667,buy,78484.7,0.00011171,1046031163
1787367683667,buy,78484.6,0.0000102,1046031162
1787367683667,buy,78482.3,0.0000102,1046031161
1787367683667,buy,78481.9,0.00021404,1046031160
1787367683667,buy,78481.9,0.00016555,1046031159
1787367683667,buy,78481.9,0.00005016,1046031158
1787367683667,buy,78481.9,0.00247467,1046031157
1787367683667,buy,78481.9,0.00087455,1046031156
1787367683667,buy,78481.9,0.00117029,1046031155
1787367683664,buy,78481.9,0.00021404,1046031154
1787367683657,buy,78481.9,0.00016562,1046031153
1787367683654,buy,78481.9,0.00613372,1046031152
1787367683648,buy,78481.9,0.00117264,1046031151
1787367683648,buy,78481.5,0.0000102,1046031150
1787367683648,buy,78480.9,0.00005016,1046031149
1787367683647,buy,78480.9,0.0001094,1046031148
1787367683647,buy,78480.9,0.00024,1046031147
1787367683647,buy,78480.9,0.00040079,1046031146
1787367683647,buy,78480.9,0.00122574,1046031145
1787367683647,buy,78480.9,0.0002719,1046031144
1787367683647,buy,78480.9,0.00071391,1046031143
1787367683647,buy,78480.9,0.00070443,1046031142
1787367683647,buy,78480.9,0.001233,1046031141
1787367683522,buy,78480.9,0.00015956,1046031140
1787367683281,buy,78480.9,0.00024,1046031139
1787367682262,buy,78480.9,0.00013768,1046031138
1787367682262,buy,78480.9,0.00012142,1046031137
1787367682262,buy,78480.9,0.00014169,1046031136
1787367682200,buy,78480.9,0.00099602,1046031135
1787367682200,buy,78480.9,0.00022972,1046031134
1787367682200,buy,78480.9,0.00002719,1046031133
1787367682200,buy,78480.9,0.00002719,1046031132
1787367682200,buy,78480.9,0.00002719,1046031131
1787367682200,buy,78480.9,0.00002719,1046031130
1787367682200,buy,78480.9,0.00002719,1046031129
1787367682200,buy,78480.9,0.00002719,1046031128
1787367682200,buy,78480.9,0.00002719,1046031127
1787367682200,buy,78480.9,0.00002719,1046031126
1787367682200,buy,78480.9,0.00002719,1046031125
1787367682200,buy,78480.9,0.00002719,1046031124
1787367682200,buy,78480.9,0.00013362,1046031123
1787367682200,buy,78480.9,0.00019963,1046031122
1787367682200,buy,78480.9,0.00002719,1046031121
1787367682200,buy,78480.9,0.00002719,1046031120
1787367682200,buy,78480.9,0.00002719,1046031119
1787367682200,buy,78480.9,0.00002719,1046031118
1787367682200,buy,78480.9,0.00002719,1046031117
1787367682200,buy,78480.9,0.00002719,1046031116
1787367682200,buy,78480.9,0.00002719,1046031115
1787367682200,buy,78480.9,0.00002719,1046031114
1787367682200,buy,78480.9,0.00002719,1046031113
1787367682200,buy,78480.9,0.00002719,1046031112
1787367682200,buy,78480.9,0.00002719,1046031111
1787367682200,buy,78480.9,0.00002719,1046031110
1787367682200,buy,78480.9,0.00002719,1046031109
1787367682200,buy,78480.9,0.00002719,1046031108
1787367682199,buy,78480.9,0.0011821,1046031107
1787367682199,buy,78480.9,0.0020434,1046031106
1787367682199,buy,78480.9,0.0005083,1046031105
1787367682197,buy,78480.9,0.00063524,1046031104
1787367682197,buy,78480.9,0.00000001,1046031103
1787367682197,buy,78480.9,0.00014289,1046031102
1787367742465,buy,78519.2,0.00006367,1046031590
1787367741933,buy,78517.2,0.00001279,1046031589
1787367741933,buy,78516.8,0.0000102,1046031588
1787367741933,buy,78516.6,0.00001278,1046031587
1787367741812,buy,78512.5,0.00225437,1046031586
1787367741812,buy,78512.5,0.00001,1046031585
1787367741812,buy,78512.5,0.002706,1046031584
1787367741812,buy,78512.5,0.00001,1046031583
1787367741267,buy,78512.5,0.00040375,1046031582
1787367740946,buy,78512.5,0.0049,1046031581
1787367740443,buy,78519.2,0.00001,1046031580
1787367740374,buy,78519.2,0.00061,1046031579
1787367739500,buy,78519.2,0.0000764,1046031578
1787367739500,buy,78519.2,0.00000001,1046031577
1787367739311,sell,78519.2,0.0000102,1046031576
1787367739311,sell,78522.4,0.0000102,1046031575
1787367737364,buy,78523.1,0.00002547,1046031574
1787367737268,buy,78523.1,0.00007529,1046031573
1787367737268,buy,78523.1,0.00012847,1046031572
1787367737030,buy,78523.1,0.00001386,1046031571
1787367736842,sell,78523,0.00019949,1046031570
1787367736610,sell,78523,0.00636762,1046031569
1787367736610,sell,78523,0.00000001,1046031568
1787367736363,buy,78522.7,0.0000102,1046031567
1787367736363,buy,78520,0.00037622,1046031566
1787367736363,buy,78519.9,0.0000102,1046031565
1787367736114,buy,78516.6,0.00001278,1046031564
1787367736114,buy,78516,0.0000102,1046031563
1787367736114,buy,78515.3,0.00116938,1046031562
1787367736113,buy,78512.2,0.00295873,1046031561
1787367736113,buy,78512.2,0.00295874,1046031560
1787367736113,buy,78512.2,0.14318906,1046031559
1787367735754,buy,78512.2,0.00008915,1046031558
1787367735238,buy,78512.2,0.00622459,1046031557
1787367735238,buy,78512.2,0.00001273,1046031556
1787367735238,buy,78512.2,0.00242299,1046031555
1787367735238,buy,78512.2,0.00295874,1046031554
1787367735238,buy,78512.2,0.00052301,1046031553
1787367734805,sell,78512.1,0.00005314,1046031552
1787367734774,buy,78512.2,0.00001273,1046031551
1787367734723,buy,78512.2,0.01448304,1046031550
1787367734723,buy,78512.2,0.00269087,1046031549
1787367734723,buy,78512.2,0.00269086,1046031548
1787367734723,buy,78512.2,0.08783523,1046031547
1787367734537,buy,78512.2,0.0057326,1046031546
1787367733977,buy,78512.2,0.00573258,1046031545
1787367733961,buy,78512.2,0.00743362,1046031544
1787367733950,sell,78512.1,0.00373874,1046031543
1787367733949,sell,78512.1,0.00374034,1046031542
1787367733948,sell,78512.1,0.00725516,1046031541
1787367733943,sell,78512.1,0.00613473,1046031540
1787367733612,buy,78511.6,0.00039258,1046031539
1787367733612,buy,78511.6,0.00220913,1046031538
1787367733612,buy,78511.6,0.00269087,1046031537
1787367733612,buy,78511.6,0.00008915,1046031536
1787367733602,buy,78511.6,0.04782704,1046031535
1787367733602,buy,78511.6,0.00039258,1046031534
1787367732984,buy,78511.6,0.00229828,1046031533
1787367732984,buy,78511.6,0.00260172,1046031532
1787367732352,sell,78511.5,0.00007333,1046031531
1787367732198,buy,78511.6,0.00008915,1046031530
1787367730942,buy,78511.6,0.15542768,1046031529
1787367730942,buy,78511.6,0.00010824,1046031528
1787367730942,buy,78511.6,0.00010824,1046031527
1787367730942,buy,78511.6,0.00010824,1046031526
1787367730942,buy,78511.6,0.00010824,1046031525
1787367730942,buy,78511.6,0.00254607,1046031524
1787367730942,buy,78511.6,0.00019983,1046031523
1787367730942,buy,78511.6,0.00001,1046031522
1787367730942,buy,78511.6,0.00252681,1046031521
1787367730942,buy,78511.6,0.00019154,1046031520
1787367730942,buy,78511.6,0.00001,1046031519
1787367730942,buy,78511.6,0.14116379,1046031518
1787367730942,buy,78511.6,0.24240824,1046031517
1787367729625,sell,78512.2,0.00001278,1046031516
1787367729625,sell,78512.4,0.00001501,1046031515
1787367729625,sell,78514.4,0.00003119,1046031514
1787367729625,sell,78514.4,0.00001278,1046031513
1787367729625,sell,78515,0.00079869,1046031512
1787367729625,sell,78518.4,0.0000102,1046031511
1787367729624,sell,78518.9,0.00029537,1046031510
1787367729624,sell,78518.9,0.00009869,1046031509
1787367729267,buy,78519,0.00030009,1046031508
1787367729267,buy,78519,0.00063204,1046031507
1787367728740,buy,78519,0.00003039,1046031506
1787367728729,buy,78519,0.00013627,1046031505
1787367728207,sell,78518.9,0.0007,1046031504
1787367728074,sell,78519,0.00001278,1046031503
1787367728074,sell,78519.2,0.0000102,1046031502
1787367728074,sell,78519.2,0.00040268,1046031501
1787367728074,sell,78520,0.00008096,1046031500
1787367728073,sell,78522.8,0.00079869,1046031499
1787367728073,sell,78523,0.00927012,1046031498
1787367728032,sell,78523,0.00145519,1046031497
1787367728031,sell,78523,0.00134483,1046031496
1787367728030,sell,78523,0.00144874,1046031495
1787367728029,sell,78523,0.00147842,1046031494
1787367728028,sell,78523,0.00135451,1046031493
1787367728027,sell,78523,0.00141917,1046031492
1787367728025,sell,78523,0.00159011,1046031491
1787367800077,buy,78545.8,0.00001273,1046031851
1787367799950,buy,78545.8,0.00580171,1046031850
1787367799072,buy,78545.8,0.00001278,1046031849
1787367799072,buy,78543.4,0.0000102,1046031848
1787367799071,buy,78542.6,0.0000102,1046031847
1787367798980,buy,78542.3,0.00004365,1046031846
1787367798980,buy,78542.3,0.00001,1046031845
1787367798980,buy,78542.3,0.00001,1046031844
1787367797114,buy,78542.3,0.00001273,1046031843
1787367797062,sell,78542.2,0.0002509,1046031842
1787367796669,buy,78542.3,0.00005856,1046031841
1787367794683,buy,78542.3,0.00001909,1046031840
1787367794220,buy,78542.3,0.00001273,1046031839
1787367793726,buy,78542.3,0.01909798,1046031838
1787367793518,buy,78542.3,0.01184191,1046031837
1787367793518,buy,78542.3,0.0011,1046031836
1787367793487,sell,78540.4,0.00021621,1046031835
1787367793487,sell,78540.4,0.0000102,1046031834
1787367793487,sell,78542.2,0.00079847,1046031833
1787367793487,sell,78543.4,0.000293,1046031832
1787367793487,sell,78543.6,0.00001501,1046031831
1787367793480,sell,78544.1,0.00003411,1046031830
1787367793480,sell,78544.1,0.00001278,1046031829
1787367793477,sell,78546.1,0.00065879,1046031828
1787367793475,sell,78546.1,0.00013968,1046031827
1787367793475,sell,78546.3,0.0000102,1046031826
1787367793475,sell,78547.5,0.00067158,1046031825
1787367793472,sell,78547.5,0.00009619,1046031824
1787367793472,sell,78547.5,0.01,1046031823
1787367793470,sell,78548.6,0.00001278,1046031822
1787367793470,sell,78549.4,0.10976454,1046031821
1787367793470,sell,78550,0.00079847,1046031820
1787367793470,sell,78550.1,0.06,1046031819
1787367793470,sell,78550.2,0.01814834,1046031818
1787367793470,sell,78550.9,0.00001278,1046031817
1787367793470,sell,78553.7,0.0000102,1046031816
1787367793470,sell,78553.9,0.00009847,1046031815
1787367793469,sell,78553.9,0.0007,1046031814
1787367793469,sell,78554,0.0013954,1046031813
1787367793469,sell,78554.5,0.0000102,1046031812
1787367793468,sell,78555.3,0.0012,1046031811
1787367793468,sell,78555.8,0.00043566,1046031810
1787367793468,sell,78555.8,0.0126638,1046031809
1787367793468,sell,78555.8,0.00495418,1046031808
1787367793468,sell,78555.8,0.00104072,1046031807
1787367793468,sell,78555.8,0.1040051,1046031806
1787367793468,sell,78555.8,0.1506949,1046031805
1787367793468,sell,78555.8,0.01567822,1046031804
1787367793468,sell,78555.8,0.01587145,1046031803
1787367793468,sell,78555.8,0.00004659,1046031802
1787367793468,sell,78555.8,0.00302617,1046031801
1787367793468,sell,78555.8,0.00001,1046031800
1787367793468,sell,78555.8,0.0000938,1046031799
1787367793468,sell,78555.8,0.0001934,1046031798
1787367793468,sell,78555.8,0.00612653,1046031797
1787367793468,sell,78555.8,0.00297927,1046031796
1787367793468,sell,78555.8,0.00001,1046031795
1787367792589,buy,78555.9,0.00025163,1046031794
1787367792589,buy,78555.9,0.00013026,1046031793
1787367792333,sell,78555.8,0.00499999,1046031792
1787367792333,sell,78555.8,0.00000001,1046031791
1787367791783,buy,78555.9,0.00003818,1046031790
1787367791503,buy,78555.3,0.00001279,1046031789
1787367791503,buy,78555.2,0.0000102,1046031788
1787367791503,buy,78554.6,0.00049984,1046031787
1787367791503,buy,78554.5,0.00021583,1046031786
1787367791500,buy,78554,0.00004584,1046031785
1787367791357,sell,78553.9,0.00029922,1046031784
1787367791301,sell,78553.9,0.000264,1046031783
1787367791224,buy,78554,0.00001273,1046031782
1787367790229,buy,78554,0.00172991,1046031781
1787367790105,buy,78554,0.00025998,1046031780
1787367790096,buy,78554,0.00025986,1046031779
1787367790093,buy,78554,0.00025927,1046031778
1787367790093,buy,78554,0.00508035,1046031777
1787367789720,buy,78554,0.00002556,1046031776
1787367788820,sell,78553.9,0.00474718,1046031775
1787367788466,buy,78554,0.00001273,1046031774
1787367788417,buy,78554,0.00013748,1046031773
1787367787678,buy,78551.1,0.00021265,1046031772
1787367787678,buy,78551,0.00040268,1046031771
1787367787678,buy,78550.2,0.00000022,1046031770
1787367787677,buy,78550.2,0.00033858,1046031769
1787367787677,buy,78550.2,0.00307321,1046031768
1787367787677,buy,78550.2,0.00307321,1046031767
1787367787295,sell,78550.1,0.00278997,1046031766
1787367786497,sell,78550.1,0.00605358,1046031765
1787367785960,sell,78550.1,0.00539999,1046031764
1787367785960,sell,78550.1,0.00000001,1046031763
1787367785955,buy,78550,0.00008096,1046031762
1787367785955,buy,78548.5,0.00001279,1046031761
1787367785955,buy,78547.3,0.0000102,1046031760
1787367785925,buy,78543.8,0.00636752,1046031759
1787367785925,buy,78543.8,0.00159972,1046031758
1787367785925,buy,78543.8,0.00011501,1046031757
1787367785925,buy,78543.8,0.00162338,1046031756
1787367785925,buy,78543.8,0.11019169,1046031755
1787367785925,buy,78543.8,0.02190198,1046031754
1787367785260,buy,78543.8,0.00001273,1046031753
1787367785175,sell,78543.7,0.03534004,1046031752
1787367854675,sell,78582.7,0.00473,1046032452
1787367854456,sell,78582.7,0.00566878,1046032451
1787367854456,sell,78582.7,0.01153294,1046032450
1787367853884,buy,78582.8,0.00025161,1046032449
1787367853729,sell,78582.7,0.00127741,1046032448
1787367853457,sell,78582.7,0.09494978,1046032447
1787367853457,sell,78582.7,0.00079821,1046032446
1787367853457,sell,78582.7,0.01325458,1046032445
1787367853410,buy,78582.8,0.00012725,1046032444
1787367853214,buy,78582.8,0.00001727,1046032443
1787367852833,sell,78582.7,0.01527322,1046032442
1787367852114,buy,78582.8,0.0010494,1046032441
1787367852114,buy,78582.8,0.00239469,1046032440
1787367852114,buy,78582.8,0.00001048,1046032439
1787367852114,buy,78582.8,0.00040268,1046032438
1787367851839,sell,78582.7,0.00499745,1046032437
1787367851839,sell,78582.7,0.055534,1046032436
1787367851720,buy,78582.7,0.00403636,1046032435
1787367851720,buy,78582.7,0.00012748,1046032434
1787367851720,buy,78582.7,0.00036949,1046032433
1787367851720,buy,78582.7,0.00006112,1046032432
1787367851720,buy,78582.7,0.00152903,1046032431
1787367851175,buy,78582.7,0.00006362,1046032430
1787367851015,buy,78582.5,0.00122262,1046032429
1787367851015,buy,78582.3,0.00001581,1046032428
1787367851015,buy,78582.1,0.00002769,1046032427
1787367851014,buy,78582.1,0.00057963,1046032426
1787367851014,buy,78582.1,0.0000484,1046032425
1787367851014,buy,78581.9,0.00001339,1046032424
1787367851014,buy,78581.8,0.00001334,1046032423
1787367851014,buy,78581.6,0.00002364,1046032422
1787367851014,buy,78581.6,0.00012055,1046032421
1787367851014,buy,78581.5,0.00052744,1046032420
1787367851014,buy,78581.3,0.00004115,1046032419
1787367851014,buy,78581.3,0.0001275,1046032418
1787367851014,buy,78581.1,0.00012936,1046032417
1787367851014,buy,78581.1,0.00001063,1046032416
1787367851014,buy,78581.1,0.00028589,1046032415
1787367851014,buy,78581,0.0000102,1046032414
1787367851014,buy,78581,0.00003979,1046032413
1787367851014,buy,78580.9,0.00026196,1046032412
1787367851014,buy,78580.8,0.00001072,1046032411
1787367851014,buy,78580.7,0.00067028,1046032410
1787367851014,buy,78580.7,0.00464143,1046032409
1787367851014,buy,78580.7,0.00464143,1046032408
1787367851014,buy,78580.7,0.00033605,1046032407
1787367851014,buy,78580.7,0.00013599,1046032406
1787367850368,sell,78580.6,0.005371,1046032405
1787367850368,sell,78580.6,0.000884,1046032404
1787367850363,buy,78580.6,0.00007207,1046032403
1787367850363,buy,78580.6,0.00001179,1046032402
1787367850363,buy,78580.6,0.0000105,1046032401
1787367850363,buy,78580.6,0.00017396,1046032400
1787367850363,buy,78580.5,0.00001001,1046032399
1787367850363,buy,78580.4,0.00003426,1046032398
1787367850363,buy,78580.4,0.00006799,1046032397
1787367850363,buy,78580.3,0.00003419,1046032396
1787367850363,buy,78580.1,0.00002346,1046032395
1787367850363,buy,78580.1,0.00005483,1046032394
1787367850363,buy,78580,0.00008096,1046032393
1787367850363,buy,78580,0.00001567,1046032392
1787367850363,buy,78580,0.00009812,1046032391
1787367850362,buy,78579.9,0.00009,1046032390
1787367850362,buy,78579.8,0.00040069,1046032389
1787367850362,buy,78579.7,0.00001015,1046032388
1787367850362,buy,78579.6,0.00038315,1046032387
1787367850362,buy,78579.5,0.00669963,1046032386
1787367850354,buy,78579.5,0.01875757,1046032385
1787367850354,buy,78579.5,0.00040322,1046032384
1787367850354,buy,78579.5,0.00001003,1046032383
1787367850354,buy,78579.5,0.00001328,1046032382
1787367850354,buy,78579.5,0.00010064,1046032381
1787367850354,buy,78579.5,0.00052743,1046032380
1787367849407,buy,78579.5,0.00017561,1046032379
1787367848350,buy,78579.4,0.0000102,1046032378
1787367848350,buy,78579.4,0.00026367,1046032377
1787367848350,buy,78579.3,0.00029999,1046032376
1787367848350,buy,78579.3,0.00069999,1046032375
1787367848350,buy,78578.8,0.0409473,1046032374
1787367848350,buy,78578.7,0.0000102,1046032373
1787367848350,buy,78578.3,0.00303223,1046032372
1787367848350,buy,78578.3,0.0027367,1046032371
1787367848350,buy,78578.3,0.00273647,1046032370
1787367848350,buy,78578.3,0.00013148,1046032369
1787367848350,buy,78578.3,0.00209138,1046032368
1787367848084,buy,78578.3,0.00038898,1046032367
1787367848082,buy,78578.3,0.0014905,1046032366
1787367848072,buy,78578.3,0.00110149,1046032365
1787367848062,buy,78578.3,0.0001526,1046032364
1787367848062,buy,78578.3,0.00050546,1046032363
1787367848060,buy,78578.3,0.0001526,1046032362
1787367847972,buy,78578.3,0.0001668,1046032361
1787367847313,buy,78578.3,0.01748563,1046032360
1787367847303,sell,78578.2,0.03193721,1046032359
1787367847303,sell,78578.2,0.00002555,1046032358
1787367847203,buy,78578.3,0.00009527,1046032357
1787367847203,buy,78578.3,0.00009527,1046032356
1787367847203,buy,78578.3,0.00009527,1046032355
1787367847203,buy,78578.3,0.00009527,1046032354
1787367847203,buy,78578.3,0.00009527,1046032353
1787367909225,sell,78603,0.00128247,1046033668
1787367908561,buy,78603.1,0.00012722,1046033667
1787367908212,buy,78603.1,0.00226729,1046033666
1787367908212,buy,78603.1,0.0011,1046033665
1787367905927,buy,78603.1,0.00151647,1046033664
1787367905322,sell,78603,0.00026093,1046033663
1787367905317,buy,78601.1,0.10877618,1046033662
1787367905317,buy,78600.9,0.00001277,1046033661
1787367905317,buy,78600.8,0.24,1046033660
1787367905317,buy,78600.8,0.00718164,1046033659
1787367905317,buy,78600.7,0.04219647,1046033658
1787367905317,buy,78600.6,0.0000102,1046033657
1787367905317,buy,78600,0.00008096,1046033656
1787367905317,buy,78599.9,0.02544076,1046033655
1787367905317,buy,78599.8,0.00040069,1046033654
1787367905317,buy,78598.5,0.00001501,1046033653
1787367905317,buy,78597.5,0.00143975,1046033652
1787367905317,buy,78597.1,0.114919,1046033651
1787367905317,buy,78597.1,0.0078,1046033650
1787367905317,buy,78597.1,0.1666,1046033649
1787367905317,buy,78597.1,0.00021344,1046033648
1787367905317,buy,78597.1,0.13220766,1046033647
1787367905317,buy,78597.1,0.00188983,1046033646
1787367905317,buy,78597.1,0.00188984,1046033645
1787367905317,buy,78597.1,0.1943,1046033644
1787367905317,buy,78597.1,0.00578449,1046033643
1787367904832,buy,78597.1,0.00001989,1046033642
1787367904238,buy,78597.1,0.09997188,1046033641
1787367904022,buy,78597.1,0.00128376,1046033640
1787367904006,buy,78597.1,0.00000001,1046033639
1787367904006,buy,78596.4,0.00001277,1046033638
1787367904005,buy,78593.4,0.00040268,1046033637
1787367904005,buy,78592.9,0.00073278,1046033636
1787367904005,buy,78592.9,0.00580525,1046033635
1787367904005,buy,78592.9,0.00143983,1046033634
1787367904005,buy,78592.9,0.00890665,1046033633
1787367903452,sell,78592.8,0.00168383,1046033632
1787367903240,buy,78591.3,0.00001278,1046033631
1787367903240,buy,78590.8,0.00143987,1046033630
1787367903210,sell,78590.6,0.00001141,1046033629
1787367903209,buy,78590,0.00008096,1046033628
1787367903209,buy,78589.5,0.00001277,1046033627
1787367903209,buy,78587.5,0.00144008,1046033626
1787367903208,buy,78585,0.00001277,1046033625
1787367903206,buy,78582.8,0.00040268,1046033624
1787367903206,buy,78582.7,0.00001277,1046033623
1787367903206,buy,78581.8,0.0000102,1046033622
1787367903206,buy,78580,0.00008096,1046033621
1787367903206,buy,78579,0.00001141,1046033620
1787367903142,buy,78579,0.00011682,1046033619
1787367903142,buy,78579,0.000013,1046033618
1787367902800,buy,78579,0.0012726,1046033617
1787367902564,buy,78579,0.00775094,1046033616
1787367902564,buy,78579,0.00631101,1046033615
1787367902564,buy,78579,0.0014401,1046033614
1787367902564,buy,78579,0.00001481,1046033613
1787367902401,buy,78579,0.02765724,1046033612
1787367902401,buy,78579,0.00097822,1046033611
1787367902401,buy,78579,0.00992209,1046033610
1787367902401,buy,78579,0.04308909,1046033609
1787367901406,buy,78579,0.00013437,1046033608
1787367901249,sell,78578.9,0.00102628,1046033607
1787367901243,sell,78578.9,0.00001688,1046033606
1787367901239,buy,78574.7,0.0000102,1046033605
1787367901239,buy,78574.3,0.00001906,1046033604
1787367901238,buy,78572.6,0.00120933,1046033603
1787367900019,buy,78570.7,0.00120915,1046033602
1787367900019,buy,78569.3,0.0000102,1046033601
1787367900017,buy,78567.6,0.012,1046033600
1787367899675,sell,78566.8,0.00001277,1046033599
1787367899675,sell,78569.1,0.00001277,1046033598
1787367899675,sell,78570,0.00008096,1046033597
1787367899675,sell,78570.3,0.00079804,1046033596
1787367899675,sell,78570.9,0.0000102,1046033595
1787367899675,sell,78572.2,0.00040268,1046033594
1787367899673,sell,78574.2,0.00079804,1046033593
1787367898783,sell,78575.7,0.0000102,1046033592
1787367898783,sell,78575.9,0.00001277,1046033591
1787367898783,sell,78577.9,0.0016159,1046033590
1787367898782,sell,78577.9,0.00220196,1046033589
1787367898782,sell,78578.1,0.00079804,1046033588
1787367898762,sell,78578.2,0.00001277,1046033587
1787367898762,sell,78579.3,0.00029814,1046033586
1787367898759,sell,78579.8,0.00040069,1046033585
1787367898759,sell,78580,0.0763553,1046033584
1787367898759,sell,78580,0.00008096,1046033583
1787367898758,sell,78580.5,0.00001277,1046033582
1787367898757,sell,78582,0.00079804,1046033581
1787367898757,sell,78582.8,0.00040268,1046033580
1787367898757,sell,78582.8,0.00001277,1046033579
1787367898757,sell,78584,0.00001516,1046033578
1787367898756,sell,78584,0.00074871,1046033577
1787367898756,sell,78584,0.00176303,1046033576
1787367898756,sell,78584,0.00176303,1046033575
1787367898756,sell,78584,0.01272523,1046033574
1787367897458,sell,78584.2,0.0001018,1046033573
1787367897457,sell,78585.1,0.00001277,1046033572
1787367897457,sell,78585.7,0.00078729,1046033571
1787367897457,sell,78585.7,0.00051605,1046033570
1787367897457,sell,78585.7,0.01220524,1046033569
1787370694153,sell,78699.8,0.00959998,1046057514
1787370694153,sell,78699.8,0.00000001,1046057513
1787370694072,buy,78699.8,0.00040069,1046057512
1787370694072,buy,78699.4,0.00040268,1046057511
1787370694072,buy,78699,0.0000102,1046057510
1787370694072,buy,78699,0.00001276,1046057509
1787370694072,buy,78696.7,0.00001276,1046057508
1787370694072,buy,78695.6,0.0000925,1046057507
1787370694072,buy,78695.1,0.00001501,1046057506
1787370694072,buy,78693.1,0.0000102,1046057505
1787370694070,buy,78692.4,0.00035978,1046057504
1787370694069,buy,78691.4,0.0034631,1046057503
1787370694069,buy,78691.4,0.00012393,1046057502
1787370694069,buy,78691.3,0.000166,1046057501
1787370694069,buy,78690.6,0.0002998,1046057500
1787370694069,buy,78690,0.00008096,1046057499
1787370694069,buy,78689.1,0.00292999,1046057498
1787370694069,buy,78689.1,0.00293,1046057497
1787370694069,buy,78689.1,0.0079587,1046057496
1787370693834,buy,78688.8,0.00040268,1046057495
1787370693814,buy,78687.2,0.0000102,1046057494
1787370693806,sell,78685.1,0.00191068,1046057493
1787370693803,buy,78681.8,0.0767,1046057492
1787370693803,buy,78681.8,0.1457,1046057491
1787370693803,buy,78681.8,0.0011,1046057490
1787370693803,buy,78681.8,0.2075,1046057489
1787370693803,buy,78681.8,0.069,1046057488
1787370693801,buy,78681.3,0.00001277,1046057487
1787370693801,buy,78680.8,0.00001008,1046057486
1787370693801,buy,78680.7,0.00001276,1046057485
1787370693801,buy,78680,0.0141027,1046057484
1787370693801,buy,78680,0.00008096,1046057483
1787370693801,buy,78679.8,0.00040069,1046057482
1787370693801,buy,78679.3,0.00002453,1046057481
1787370693801,buy,78679.3,0.00001195,1046057480
1787370693759,buy,78678.2,0.0063568,1046057479
1787370693759,buy,78678.2,0.00006979,1046057478
1787370693759,buy,78678.2,0.00004869,1046057477
1787370693759,buy,78678.2,0.00049984,1046057476
1787370693759,buy,78678.2,0.00040268,1046057475
1787370693662,buy,78678.1,0.00106881,1046057474
1787370693660,buy,78677.4,0.0000102,1046057473
1787370693659,buy,78676.6,0.00002682,1046057472
1787370693659,buy,78676.6,0.00006534,1046057471
1787370693518,buy,78676.1,0.23408542,1046057470
1787370693518,buy,78676.1,0.0011,1046057469
1787370693518,buy,78676.1,0.00346572,1046057468
1787370693518,buy,78676.1,0.00346571,1046057467
1787370693518,buy,78676.1,0.00004031,1046057466
1787370693518,buy,78676.1,0.0078,1046057465
1787370693518,buy,78676.1,0.00001004,1046057464
1787370693518,buy,78676.1,0.0000328,1046057463
1787370693116,sell,78676,0.00131955,1046057462
1787370692910,buy,78675.2,0.0009,1046057461
1787370692910,buy,78675.2,0.00001055,1046057460
1787370692910,buy,78675.2,0.00004031,1046057459
1787370691090,buy,78674.2,0.0000102,1046057458
1787370691089,buy,78673.9,0.00001276,1046057457
1787370691089,buy,78673.8,0.00022617,1046057456
1787370691089,buy,78673.8,0.00004551,1046057455
1787370691089,buy,78671.9,0.0000102,1046057454
1787370691089,buy,78671.3,0.00344091,1046057453
1787370691089,buy,78671.3,0.00001,1046057452
1787370691089,buy,78671.3,0.00344088,1046057451
1787370691003,buy,78670.6,0.00059956,1046057450
1787370691003,buy,78670.6,0.00060492,1046057449
1787370691003,buy,78670.6,0.00314113,1046057448
1787370691003,buy,78670.6,0.00313119,1046057447
1787370691003,buy,78670.6,0.00001,1046057446
1787370691003,buy,78670.6,0.0078,1046057445
1787370689237,sell,78671.2,0.00062045,1046057444
1787370689237,sell,78671.2,0.0000359,1046057443
1787370687864,sell,78671.2,0.0821893,1046057442
1787370686344,buy,78671.3,0.00192426,1046057441
1787370686336,sell,78671.2,0.00068343,1046057440
1787370686099,buy,78671.3,0.00650511,1046057439
1787370686099,buy,78671.3,0.00048903,1046057438
1787370686099,buy,78671.3,0.00289662,1046057437
1787370686099,buy,78671.3,0.00289662,1046057436
1787370685742,sell,78671.2,0.00006539,1046057435
1787370685280,buy,78671.3,0.11666005,1046057434
1787370685280,buy,78671.3,0.14870359,1046057433
1787370685167,buy,78671.3,0.0003737,1046057432
1787370684545,buy,78670,0.0029394,1046057431
1787370684545,buy,78670,0.00295887,1046057430
1787370684545,buy,78670,0.00001,1046057429
1787370684545,buy,78670,0.00001,1046057428
1787370684242,buy,78670,0.00019574,1046057427
1787370684242,buy,78670,0.00000001,1046057426
1787370682982,sell,78671.7,0.00127111,1046057425
1787370682728,buy,78677,0.0013913,1046057424
1787370682726,buy,78676.2,0.00001275,1046057423
1787370682726,buy,78675.5,0.0000102,1046057422
1787370682726,buy,78673.9,0.00001277,1046057421
1787370682710,buy,78670,0.00001277,1046057420
1787370682710,buy,78670,0.00008096,1046057419
1787370682706,buy,78669.3,0.00001277,1046057418
1787370682704,buy,78667.6,0.00040268,1046057417
1787370682704,buy,78667,0.00001277,1046057416
1787370682704,buy,78666.4,0.0000102,1046057415
1787370749609,sell,78637.5,0.00001276,1046057829
1787370749609,sell,78639.7,0.00079587,1046057828
1787370749599,sell,78639.8,0.00109999,1046057827
1787370749599,sell,78639.8,0.00025108,1046057826
1787370749598,sell,78639.8,0.06,1046057825
1787370749598,sell,78639.8,0.00040069,1046057824
1787370749551,sell,78640,0.00008096,1046057823
1787370749546,sell,78640.2,0.00162251,1046057822
1787370749546,sell,78642.1,0.00001276,1046057821
1787370749545,sell,78643.6,0.00079587,1046057820
1787370749545,sell,78644.5,0.00012715,1046057819
1787370749544,sell,78644.8,0.06,1046057818
1787370749544,sell,78644.9,0.06,1046057817
1787370749544,sell,78645.3,0.0000102,1046057816
1787370749544,sell,78645.6,0.06,1046057815
1787370749544,sell,78645.7,0.0368255,1046057814
1787370749543,sell,78645.7,0.02238725,1046057813
1787370749543,sell,78645.7,0.00078725,1046057812
1787370749543,sell,78646,0.00829428,1046057811
1787370749542,sell,78646,0.04038725,1046057810
1787370749542,sell,78646,0.07534418,1046057809
1787370749542,sell,78646,0.07923667,1046057808
1787370749542,sell,78646.4,0.00040268,1046057807
1787370749542,sell,78646.6,0.00001276,1046057806
1787370749542,sell,78647.5,0.00301834,1046057805
1787370749542,sell,78647.5,0.00301835,1046057804
1787370749542,sell,78647.5,0.00270083,1046057803
1787370749542,sell,78647.5,0.00483709,1046057802
1787370749542,sell,78647.5,0.00003728,1046057801
1787370749540,sell,78647.5,0.0066561,1046057800
1787370749540,sell,78647.5,0.00007136,1046057799
1787370749540,sell,78647.5,0.0001,1046057798
1787370749540,sell,78647.5,0.02040384,1046057797
1787370748020,buy,78647.6,0.0082796,1046057796
1787370746273,sell,78647.5,0.01304869,1046057795
1787370744266,buy,78647.6,0.004411,1046057794
1787370744170,sell,78647.5,0.00136835,1046057793
1787370742716,sell,78647.5,0.00179,1046057792
1787370742059,sell,78647.5,0.00490777,1046057791
1787370741256,sell,78647.5,0.005,1046057790
1787370740480,buy,78647.6,0.00343303,1046057789
1787370740480,sell,78647.5,0.00343501,1046057788
1787370740479,buy,78647.6,0.00343303,1046057787
1787370740478,sell,78647.5,0.00343502,1046057786
1787370740477,sell,78647.5,0.00343502,1046057785
1787370740476,buy,78647.6,0.00343303,1046057784
1787370740474,sell,78647.5,0.0031763,1046057783
1787370740474,sell,78647.5,0.00007135,1046057782
1787370740474,sell,78647.5,0.00079587,1046057781
1787370740473,buy,78647.6,0.00343303,1046057780
1787370740335,sell,78651.4,0.00337624,1046057779
1787370740335,sell,78651.4,0.00291795,1046057778
1787370740335,sell,78651.4,0.00291794,1046057777
1787370740224,buy,78651.5,0.00001271,1046057776
1787370740104,sell,78651.4,0.00510001,1046057775
1787370740050,sell,78651.4,0.00366328,1046057774
1787370740050,sell,78651.4,0.00000001,1046057773
1787370739213,buy,78650.7,0.0000102,1046057772
1787370739212,buy,78648.4,0.0000102,1046057771
1787370738784,buy,78647.6,0.05433614,1046057770
1787370738784,buy,78647.6,0.00001,1046057769
1787370738784,buy,78647.6,0.00271659,1046057768
1787370738784,buy,78647.6,0.00001,1046057767
1787370738784,buy,78647.6,0.00001,1046057766
1787370738784,buy,78647.6,0.00045147,1046057765
1787370738784,buy,78647.6,0.00271874,1046057764
1787370738784,buy,78647.6,0.00001,1046057763
1787370738784,buy,78647.6,0.24980402,1046057762
1787370738784,buy,78647.6,0.0009,1046057761
1787370738784,buy,78647.6,0.1457,1046057760
1787370738784,buy,78647.6,0.0011,1046057759
1787370738784,buy,78647.6,0.0078,1046057758
1787370738784,buy,78647.6,0.02668,1046057757
1787370738784,buy,78647.6,0.053207,1046057756
1787370738784,buy,78647.6,0.053223,1046057755
1787370738784,buy,78647.6,0.21734,1046057754
1787370738784,buy,78647.6,0.02049679,1046057753
1787370738784,buy,78647.6,0.00000001,1046057752
1787370738132,sell,78650,0.00008096,1046057751
1787370738132,sell,78650,0.00001501,1046057750
1787370738125,sell,78651.4,0.00010874,1046057749
1787370738125,sell,78651.4,0.00003921,1046057748
1787370738125,sell,78651.4,0.00079587,1046057747
1787370738123,sell,78653.8,0.00057157,1046057746
1787370738123,sell,78656.2,0.00002,1046057745
1787370737755,sell,78657,0.00040268,1046057744
1787370737755,sell,78657.6,0.000044,1046057743
1787370737755,sell,78657.6,0.00042813,1046057742
1787370737325,buy,78657.7,0.02542662,1046057741
1787370736752,sell,78657.6,0.00494908,1046057740
1787370736117,sell,78657.6,0.00417777,1046057739
1787370735481,sell,78657.9,0.0000102,1046057738
1787370735462,sell,78662.6,0.00001276,1046057737
1787370735462,sell,78665.7,0.0000102,1046057736
1787370734108,sell,78667.8,0.00021631,1046057735
1787370733766,buy,78667.9,0.00415,1046057734
1787370732470,buy,78667.6,0.00040268,1046057733
1787370732470,buy,78665.8,0.00042813,1046057732
1787370731246,sell,78665.7,0.00062974,1046057731
1787370730450,sell,78664.1,0.00001143,1046057730
1787370803691,sell,78615.7,0.02118445,1046058260
1787370803691,sell,78615.7,0.0009,1046058259
1787370803691,sell,78615.7,0.0011,1046058258
1787370803691,sell,78615.7,0.00043644,1046058257
1787370803691,sell,78615.7,0.00025605,1046058256
1787370803691,sell,78615.7,0.00129593,1046058255
1787370803691,sell,78615.7,0.00095478,1046058254
1787370803691,sell,78615.7,0.00001,1046058253
1787370803691,sell,78615.7,0.00001,1046058252
1787370803691,sell,78615.7,0.00007981,1046058251
1787370803691,sell,78615.7,0.00011929,1046058250
1787370803691,sell,78615.7,0.00001,1046058249
1787370803691,sell,78615.7,0.00142442,1046058248
1787370803691,sell,78615.7,0.00405463,1046058247
1787370803691,sell,78615.7,0.00001017,1046058246
1787370803691,sell,78615.7,0.00012632,1046058245
1787370803691,sell,78615.7,0.00132214,1046058244
1787370803691,sell,78615.7,0.00236998,1046058243
1787370803691,sell,78615.7,0.00139484,1046058242
1787370803531,buy,78615.8,0.00012715,1046058241
1787370802172,buy,78615.8,0.00001514,1046058240
1787370802172,buy,78615.8,0.00002027,1046058239
1787370802172,buy,78615.8,0.00002027,1046058238
1787370802172,buy,78615.8,0.00002027,1046058237
1787370802172,buy,78615.8,0.00002027,1046058236
1787370802172,buy,78615.8,0.00002027,1046058235
1787370802172,buy,78615.8,0.00002027,1046058234
1787370802172,buy,78615.8,0.00002027,1046058233
1787370802172,buy,78615.8,0.00002027,1046058232
1787370802172,buy,78615.8,0.00002027,1046058231
1787370802172,buy,78615.8,0.00002027,1046058230
1787370802172,buy,78615.8,0.00002027,1046058229
1787370802172,buy,78615.8,0.00002027,1046058228
1787370802172,buy,78615.8,0.00002027,1046058227
1787370802172,buy,78615.8,0.00002027,1046058226
1787370802172,buy,78615.8,0.00002027,1046058225
1787370802172,buy,78615.8,0.00002027,1046058224
1787370802172,buy,78615.8,0.00002027,1046058223
1787370802172,buy,78615.8,0.00002027,1046058222
1787370802172,buy,78615.8,0.00002027,1046058221
1787370802172,buy,78615.8,0.00002027,1046058220
1787370802172,buy,78615.8,0.00002027,1046058219
1787370802172,buy,78615.8,0.00002027,1046058218
1787370802172,buy,78615.8,0.00002027,1046058217
1787370802172,buy,78615.8,0.00002027,1046058216
1787370802172,buy,78615.8,0.00002027,1046058215
1787370802172,buy,78615.8,0.00002027,1046058214
1787370802172,buy,78615.8,0.00002027,1046058213
1787370802172,buy,78615.8,0.00002027,1046058212
1787370802172,buy,78615.8,0.00002027,1046058211
1787370802172,buy,78615.8,0.00002027,1046058210
1787370802172,buy,78615.8,0.00002027,1046058209
1787370802172,buy,78615.8,0.00002027,1046058208
1787370802172,buy,78615.8,0.00002027,1046058207
1787370802172,buy,78615.8,0.00002027,1046058206
1787370802172,buy,78615.8,0.00002027,1046058205
1787370802172,buy,78615.8,0.00002027,1046058204
1787370802172,buy,78615.8,0.00002027,1046058203
1787370802172,buy,78615.8,0.00002027,1046058202
1787370802172,buy,78615.8,0.00002027,1046058201
1787370802172,buy,78615.8,0.00002027,1046058200
1787370802172,buy,78615.8,0.00002027,1046058199
1787370802172,buy,78615.8,0.00002027,1046058198
1787370802172,buy,78615.8,0.00002027,1046058197
1787370802172,buy,78615.8,0.00002027,1046058196
1787370802172,buy,78615.8,0.00002027,1046058195
1787370802172,buy,78615.8,0.00002027,1046058194
1787370802172,buy,78615.8,0.00002027,1046058193
1787370802172,buy,78615.8,0.00002027,1046058192
1787370802172,buy,78615.8,0.00002027,1046058191
1787370802172,buy,78615.8,0.00002027,1046058190
1787370802172,buy,78615.8,0.00002027,1046058189
1787370802172,buy,78615.8,0.00002027,1046058188
1787370802172,buy,78615.8,0.00002027,1046058187
1787370802172,buy,78615.8,0.00002027,1046058186
1787370802172,buy,78615.8,0.00002027,1046058185
1787370802172,buy,78615.8,0.00002027,1046058184
1787370802172,buy,78615.8,0.00002027,1046058183
1787370802172,buy,78615.8,0.00002027,1046058182
1787370802172,buy,78615.8,0.00002027,1046058181
1787370802171,buy,78615.8,0.00002027,1046058180
1787370802171,buy,78615.8,0.00002027,1046058179
1787370802171,buy,78615.8,0.00002027,1046058178
1787370802171,buy,78615.8,0.00002027,1046058177
1787370802171,buy,78615.8,0.00002027,1046058176
1787370802171,buy,78615.8,0.00002027,1046058175
1787370802171,buy,78615.8,0.00002027,1046058174
1787370802171,buy,78615.8,0.00002027,1046058173
1787370802171,buy,78615.8,0.00002027,1046058172
1787370802171,buy,78615.8,0.00002027,1046058171
1787370802171,buy,78615.8,0.00002027,1046058170
1787370802171,buy,78615.8,0.00002027,1046058169
1787370802171,buy,78615.8,0.00002027,1046058168
1787370802171,buy,78615.8,0.00002027,1046058167
1787370802171,buy,78615.8,0.00002027,1046058166
1787370802171,buy,78615.8,0.00002027,1046058165
1787370802171,buy,78615.8,0.00002027,1046058164
1787370802171,buy,78615.8,0.00002027,1046058163
1787370802171,buy,78615.8,0.00002027,1046058162
1787370802171,buy,78615.8,0.00002027,1046058161
1787370859510,sell,78587.4,0.0100608,1046058588
1787370858983,buy,78587.5,0.00012724,1046058587
1787370858934,buy,78587.5,0.00045,1046058586
1787370858079,buy,78587.5,0.00040715,1046058585
1787370858078,sell,78587.4,0.00002298,1046058584
1787370858075,sell,78593.3,0.00050793,1046058583
1787370858075,sell,78593.3,0.00050793,1046058582
1787370858075,sell,78593.3,0.00076795,1046058581
1787370857798,buy,78596.4,0.00000001,1046058580
1787370857798,buy,78594.3,0.0000102,1046058579
1787370857541,buy,78593.4,0.00065,1046058578
1787370856980,buy,78593.4,0.0025,1046058577
1787370856419,buy,78593.4,0.00121,1046058576
1787370855865,buy,78593.4,0.00080999,1046058575
1787370855865,buy,78593.4,0.00000001,1046058574
1787370855797,sell,78593.5,0.0002,1046058573
1787370855302,buy,78593.6,0.00026,1046058572
1787370854736,buy,78593.6,0.00099,1046058571
1787370853723,sell,78596.7,0.00001143,1046058570
1787370853300,buy,78596.6,0.00005332,1046058569
1787370853300,buy,78596.3,0.0009,1046058568
1787370853270,buy,78596.2,0.00001718,1046058567
1787370852860,buy,78594,0.00006121,1046058566
1787370852860,buy,78593.4,0.002631,1046058565
1787370852860,buy,78593.4,0.00263099,1046058564
1787370852860,buy,78593.4,0.00040268,1046058563
1787370852428,buy,78593.3,0.00006058,1046058562
1787370852426,buy,78589.6,0.0000102,1046058561
1787370852413,buy,78587.7,0.00002494,1046058560
1787370851633,sell,78587.6,0.00095662,1046058559
1787370850882,sell,78587.6,0.00187524,1046058558
1787370850875,buy,78587.7,0.00000001,1046058557
1787370850875,buy,78587.3,0.0000102,1046058556
1787370850503,buy,78583.7,0.00654015,1046058555
1787370849969,buy,78583.2,0.00012725,1046058554
1787370849944,buy,78583.1,0.00036213,1046058553
1787370849944,buy,78583.1,0.00211098,1046058552
1787370849944,buy,78583.1,0.00211097,1046058551
1787370849622,buy,78583.1,0.01337361,1046058550
1787370849622,buy,78583.1,0.00211097,1046058549
1787370849622,buy,78583.1,0.00211098,1046058548
1787370849622,buy,78583.1,0.06,1046058547
1787370849244,buy,78581.4,0.00291413,1046058546
1787370849132,buy,78581.4,0.08787677,1046058545
1787370848356,buy,78581.4,0.00023365,1046058544
1787370848165,buy,78581.4,0.01439418,1046058543
1787370847164,buy,78581.4,0.08907361,1046058542
1787370847164,buy,78581.4,0.0009,1046058541
1787370847164,buy,78581.4,0.1457,1046058540
1787370847164,buy,78581.4,0.0011,1046058539
1787370847164,buy,78581.4,0.0078,1046058538
1787370847164,buy,78581.4,0.02668,1046058537
1787370847164,buy,78581.4,0.01300212,1046058536
1787370847164,buy,78581.4,0.0382279,1046058535
1787370847164,buy,78581.4,0.00000001,1046058534
1787370846829,sell,78581.5,0.0000102,1046058533
1787370846829,sell,78582.8,0.00001276,1046058532
1787370846829,sell,78582.8,0.00040268,1046058531
1787370846829,sell,78584.6,0.00079587,1046058530
1787370846817,sell,78586.8,0.00001501,1046058529
1787370846815,sell,78588.5,0.00079587,1046058528
1787370846815,sell,78589.6,0.00001277,1046058527
1787370846815,sell,78590,0.00008096,1046058526
1787370846815,sell,78592.1,0.0000102,1046058525
1787370846815,sell,78592.4,0.00079587,1046058524
1787370846814,sell,78592.8,0.00009316,1046058523
1787370846814,sell,78592.8,0.12914186,1046058522
1787370846561,sell,78592.8,0.00044897,1046058521
1787370846318,sell,78592.8,0.00040917,1046058520
1787370845724,sell,78593.3,0.0000102,1046058519
1787370845724,sell,78593.4,0.00040268,1046058518
1787370845722,sell,78596.3,0.00079587,1046058517
1787370845574,sell,78596.5,0.00001277,1046058516
1787370845574,sell,78599.2,0.0000102,1046058515
1787370845574,sell,78599.8,0.00040069,1046058514
1787370845574,sell,78600,0.00008096,1046058513
1787370845573,sell,78600.2,0.00079587,1046058512
1787370845573,sell,78601,0.0019372,1046058511
1787370845509,sell,78601.1,0.00075986,1046058510
1787370845509,sell,78603.3,0.00001277,1046058509
1787370845509,sell,78604,0.00040268,1046058508
1787370845509,sell,78604.1,0.00079587,1046058507
1787370845505,sell,78608,0.00079587,1046058506
1787370845505,sell,78608.2,0.00010657,1046058505
1787370845505,sell,78608.2,0.00010657,1046058504
1787370845505,sell,78608.2,0.00021427,1046058503
1787370845505,sell,78608.2,0.04417128,1046058502
1787370845505,sell,78608.2,0.00010657,1046058501
1787370845505,sell,78608.2,0.00010657,1046058500
1787370845505,sell,78608.2,0.00270755,1046058499
1787370845505,sell,78608.2,0.00493965,1046058498
1787370845505,sell,78608.2,0.00493964,1046058497
1787370845505,sell,78608.2,0.00270755,1046058496
1787370845505,sell,78608.2,0.0078,1046058495
1787370845505,sell,78608.2,0.05903958,1046058494
1787370845505,sell,78608.2,0.36230657,1046058493
1787370845505,sell,78608.2,0.0011,1046058492
1787370845505,sell,78608.2,0.1457,1046058491
1787370845505,sell,78608.2,0.22,1046058490
1787370845202,buy,78608.3,0.01118385,1046058489
1787370914448,buy,78560.8,0.00001501,1046058911
1787370913970,buy,78552.6,0.00002462,1046058910
1787370913966,buy,78552.6,0.00002831,1046058909
1787370913963,buy,78552.6,0.00003255,1046058908
1787370913963,buy,78552.6,0.00000001,1046058907
1787370913959,sell,78553.2,0.00001277,1046058906
1787370913959,sell,78557.4,0.00003744,1046058905
1787370913122,buy,78557.5,0.00000001,1046058904
1787370913122,buy,78557.5,0.00001,1046058903
1787370913122,buy,78557.5,0.0009,1046058902
1787370913117,buy,78557.5,0.00004304,1046058901
1787370913117,buy,78557.5,0.00000001,1046058900
1787370913113,sell,78557.7,0.00001277,1046058899
1787370913113,sell,78560,0.00001277,1046058898
1787370913113,sell,78562,0.0000495,1046058897
1787370913113,sell,78564.5,0.0001708,1046058896
1787370911424,sell,78564.5,0.00167306,1046058895
1787370910829,buy,78563.8,0.0000102,1046058894
1787370910814,buy,78561.6,0.00040268,1046058893
1787370910814,buy,78560.8,0.000015,1046058892
1787370910814,buy,78560,0.00008096,1046058891
1787370910813,buy,78559.9,0.00001277,1046058890
1787370910813,buy,78559.8,0.00526775,1046058889
1787370910813,buy,78557.6,0.00001277,1046058888
1787370910813,buy,78556.9,0.00028545,1046058887
1787370910813,buy,78556.9,0.03352981,1046058886
1787370910539,buy,78555.2,0.0000102,1046058885
1787370907775,buy,78552.5,0.00477,1046058884
1787370906995,buy,78552.5,0.00796656,1046058883
1787370906995,buy,78552.5,0.00000001,1046058882
1787370906724,sell,78553.2,0.00001277,1046058881
1787370906613,buy,78556.9,0.00007637,1046058880
1787370905762,buy,78556.7,0.00173023,1046058879
1787370905467,buy,78556.7,0.00064666,1046058878
1787370904600,buy,78555.3,0.00001277,1046058877
1787370904599,buy,78553.6,0.0000102,1046058876
1787370904599,buy,78553.1,0.00001277,1046058875
1787370904599,buy,78552,0.0000102,1046058874
1787370903731,sell,78551.4,0.0038789,1046058873
1787370902980,buy,78551.5,0.00002546,1046058872
1787370902241,buy,78550.5,0.0000102,1046058871
1787370902241,buy,78550.1,0.0023501,1046058870
1787370901352,buy,78550.1,0.00017081,1046058869
1787370901051,buy,78550.1,0.01019999,1046058868
1787370901009,buy,78550.1,0.00019094,1046058867
1787370900617,sell,78550,0.00388403,1046058866
1787370900599,sell,78550,0.03938446,1046058865
1787370900560,sell,78550,0.01276306,1046058864
1787370900550,sell,78550,0.01292934,1046058863
1787370900540,sell,78550,0.01851032,1046058862
1787370900517,sell,78550,0.05429734,1046058861
1787370900470,sell,78550,0.01269534,1046058860
1787370900460,sell,78550,0.01237387,1046058859
1787370900450,sell,78550,0.00519078,1046058858
1787370900446,sell,78550,0.02114873,1046058857
1787370900429,sell,78550,0.01639142,1046058856
1787370900416,sell,78550,0.00818366,1046058855
1787370900410,sell,78550,0.01309405,1046058854
1787370900392,sell,78550,0.04860382,1046058853
1787370900349,sell,78550,0.00179331,1046058852
1787370900349,sell,78550,0.00451947,1046058851
1787370900345,sell,78550,0.03704275,1046058850
1787370900315,sell,78550,0.0074304,1046058849
1787370900310,sell,78550,0.00838814,1046058848
1787370900303,sell,78550,0.01017638,1046058847
1787370900295,sell,78550,0.05237653,1046058846
1787370900275,sell,78550,0.01644828,1046058845
1787370900254,sell,78550,0.00985615,1046058844
1787370900249,sell,78550,0.008705,1046058843
1787370900234,sell,78550,0.02681009,1046058842
1787370900230,sell,78550,0.00860108,1046058841
1787370900223,sell,78550,0.01123402,1046058840
1787370900215,sell,78550,0.00967007,1046058839
1787370900207,sell,78550,0.0125312,1046058838
1787370900189,sell,78550,0.0239297,1046058837
1787370900186,sell,78550,0.2199607,1046058836
1787370900099,buy,78550.1,0.07860057,1046058835
1787370900099,buy,78550.1,0.0019287,1046058834
1787370900099,buy,78550.1,0.00320811,1046058833
1787370900099,buy,78550.1,0.0019287,1046058832
1787370900099,buy,78550.1,0.00320812,1046058831
1787370900099,buy,78550.1,0.030231,1046058830
1787370900099,buy,78550.1,0.012,1046058829
1787370900099,buy,78550.1,0.0012629,1046058828
1787370899972,buy,78550.1,0.00001018,1046058827
1787370899229,sell,78550,0.04059363,1046058826
1787370899033,buy,78550.1,0.00487599,1046058825
1787370898400,sell,78550,0.00095619,1046058824
1787370898400,sell,78550,0.00105581,1046058823
1787370898400,sell,78550,0.00001287,1046058822
1787370898400,sell,78550,0.00043008,1046058821
1787370898400,sell,78550,0.00001023,1046058820
1787370898400,sell,78550,0.00008096,1046058819
1787370898134,buy,78550.1,0.00417999,1046058818
1787370898134,buy,78550.1,0.00052001,1046058817
1787370898087,sell,78550.1,0.00000843,1046058816
1787370898087,sell,78550.1,0.00000161,1046058815
1787370898087,sell,78550.4,0.00001038,1046058814
1787370898087,sell,78550.7,0.00009256,1046058813
1787370898087,sell,78550.9,0.00001277,1046058812
1787372705546,buy,78515.7,0.0000195,1046075728
1787372705546,buy,78515.7,0.00007591,1046075727
1787372705546,buy,78515.7,0.00007591,1046075726
1787372705546,buy,78515.7,0.00007591,1046075725
1787372705546,buy,78515.7,0.00007591,1046075724
1787372705546,buy,78515.7,0.00007591,1046075723
1787372705546,buy,78515.7,0.00007591,1046075722
1787372705546,buy,78515.7,0.00007591,1046075721
1787372705546,buy,78515.7,0.00007591,1046075720
1787372705546,buy,78515.7,0.00007591,1046075719
1787372705546,buy,78515.7,0.00007591,1046075718
1787372705546,buy,78515.7,0.00007591,1046075717
1787372705546,buy,78515.7,0.00007591,1046075716
1787372705546,buy,78515.7,0.00007591,1046075715
1787372705546,buy,78515.7,0.00007591,1046075714
1787372705546,buy,78515.7,0.00007591,1046075713
1787372705546,buy,78515.7,0.00007591,1046075712
1787372705546,buy,78515.7,0.00007591,1046075711
1787372705546,buy,78515.7,0.00007591,1046075710
1787372705546,buy,78515.7,0.00007591,1046075709
1787372705546,buy,78515.7,0.00007591,1046075708
1787372705546,buy,78515.7,0.00007591,1046075707
1787372705546,buy,78515.7,0.00007591,1046075706
1787372705546,buy,78515.7,0.00007591,1046075705
1787372705546,buy,78515.7,0.00007591,1046075704
1787372705546,buy,78515.7,0.00007591,1046075703
1787372705546,buy,78515.7,0.00007591,1046075702
1787372705546,buy,78515.7,0.00007591,1046075701
1787372704786,buy,78511.1,0.00029238,1046075700
1787372704223,sell,78518.7,0.00220734,1046075699
1787372704223,sell,78518.7,0.00220735,1046075698
1787372704223,sell,78518.7,0.0295825,1046075697
1787372704183,sell,78518.7,0.01089054,1046075696
1787372704183,sell,78518.7,0.00213767,1046075695
1787372704183,sell,78518.7,0.00001346,1046075694
1787372704183,sell,78518.7,0.00005644,1046075693
1787372704183,sell,78518.7,0.00220712,1046075692
1787372704084,buy,78518.8,0.00003835,1046075691
1787372704084,buy,78516.8,0.0000102,1046075690
1787372704080,buy,78513.4,0.000015,1046075689
1787372704080,buy,78513.3,0.00055885,1046075688
1787372704080,buy,78512.1,0.00001278,1046075687
1787372704078,buy,78510,0.00008096,1046075686
1787372704078,buy,78508.7,0.00063323,1046075685
1787372704078,buy,78508.6,0.00040268,1046075684
1787372704078,buy,78507.3,0.00004196,1046075683
1787372704078,buy,78507.1,0.00041954,1046075682
1787372703754,buy,78505.5,0.000015,1046075681
1787372703754,buy,78505.2,0.00001278,1046075680
1787372703754,buy,78503,0.00001278,1046075679
1787372703754,buy,78500.7,0.00001278,1046075678
1787372703754,buy,78500.3,0.0000102,1046075677
1787372703754,buy,78500,0.00008096,1046075676
1787372703754,buy,78499.8,0.00040069,1046075675
1787372703754,buy,78498.4,0.00001278,1046075674
1787372703754,buy,78498,0.00040268,1046075673
1787372703753,buy,78497.3,0.00048805,1046075672
1787372703753,buy,78497.3,0.00345959,1046075671
1787372702264,sell,78496.5,0.00063225,1046075670
1787372702264,sell,78496.5,0.00000001,1046075669
1787372702182,buy,78496.6,0.00003439,1046075668
1787372702015,buy,78496.1,0.00001278,1046075667
1787372702015,buy,78493.8,0.00002842,1046075666
1787372702013,buy,78493.8,0.00001279,1046075665
1787372701943,buy,78490.6,0.00532944,1046075664
1787372701469,buy,78490.6,0.00775766,1046075663
1787372700949,sell,78494.9,0.0000102,1046075662
1787372700949,sell,78496.5,0.0000102,1046075661
1787372700365,buy,78497.3,0.00051976,1046075660
1787372699417,sell,78495.8,0.00638598,1046075659
1787372699417,sell,78495.8,0.046414,1046075658
1787372699417,sell,78495.8,0.00000001,1046075657
1787372699363,buy,78493.9,0.00001278,1046075656
1787372699363,buy,78493.3,0.0000102,1046075655
1787372699363,buy,78491.6,0.00001278,1046075654
1787372699363,buy,78490.7,0.0004726,1046075653
1787372699359,buy,78490,0.00008096,1046075652
1787372699356,buy,78489.7,0.00001501,1046075651
1787372699354,buy,78487,0.00001279,1046075650
1787372699353,buy,78484.8,0.00001279,1046075649
1787372699353,buy,78484.1,0.00025588,1046075648
1787372699264,sell,78483.7,0.00122322,1046075647
1787372698309,sell,78483.7,0.01669999,1046075646
1787372698309,sell,78483.7,0.00000001,1046075645
1787372697086,buy,78483.8,0.00012741,1046075644
1787372696217,buy,78482.5,0.00001279,1046075643
1787372696217,buy,78479.9,0.0000102,1046075642
1787372696215,buy,78477.8,0.00057938,1046075641
1787372696215,buy,78477.8,0.00084756,1046075640
1787372694111,sell,78477.8,0.00079587,1046075639
1787372694111,sell,78478,0.00001278,1046075638
1787372694111,sell,78479.7,0.00079246,1046075637
1787372694060,sell,78479.7,0.00080866,1046075636
1787372694060,sell,78479.7,0.00006993,1046075635
1787372694057,sell,78479.7,0.00080866,1046075634
1787372694057,sell,78479.8,0.00040069,1046075633
1787372694056,sell,78480,0.00008096,1046075632
1787372694056,sell,78480.3,0.00001278,1046075631
1787372694056,sell,78481.7,0.00079587,1046075630
1787372694054,sell,78484.9,0.00001278,1046075629
1787372759905,sell,78527,0.00013,1046076115
1787372759896,buy,78525.7,0.00001278,1046076114
1787372759896,buy,78524.8,0.00062135,1046076113
1787372759896,buy,78520.7,0.0000102,1046076112
1787372759892,buy,78518.3,0.0000102,1046076111
1787372759889,buy,78517.3,0.02873251,1046076110
1787372759889,buy,78517.1,0.00001326,1046076109
1787372759889,buy,78517.1,0.00001,1046076108
1787372759889,buy,78517.1,0.00013335,1046076107
1787372759889,buy,78517.1,0.00214522,1046076106
1787372759889,buy,78517.1,0.0020687,1046076105
1787372759889,buy,78517.1,0.00004677,1046076104
1787372759889,buy,78517.1,0.00936268,1046076103
1787372759889,buy,78517.1,0.00565191,1046076102
1787372759889,buy,78517.1,0.00371072,1046076101
1787372759889,buy,78517.1,0.00001,1046076100
1787372759889,buy,78517.1,0.00001,1046076099
1787372759889,buy,78517.1,0.01693029,1046076098
1787372759889,buy,78517.1,0.046828,1046076097
1787372759889,buy,78517.1,0.12952474,1046076096
1787372759889,buy,78517.1,0.00361375,1046076095
1787372759889,buy,78517.1,0.078,1046076094
1787372759889,buy,78517.1,0.02771375,1046076093
1787372759889,buy,78517.1,0.01388776,1046076092
1787372759889,buy,78517.1,0.04859235,1046076091
1787372759193,buy,78517.1,0.00495757,1046076090
1787372758105,buy,78517.1,0.00498108,1046076089
1787372757193,sell,78520.8,0.0000102,1046076088
1787372756558,buy,78523.5,0.00001278,1046076087
1787372756558,buy,78522.3,0.00020882,1046076086
1787372756558,buy,78521.2,0.00001278,1046076085
1787372756305,buy,78520,0.00008096,1046076084
1787372756305,buy,78519.2,0.00040268,1046076083
1787372755808,buy,78514.3,0.00001278,1046076082
1787372755795,buy,78509.3,0.0000278,1046076081
1787372755792,buy,78507.4,0.0000102,1046076080
1787372755291,buy,78505.6,0.00015137,1046076079
1787372754538,buy,78505.6,0.01506202,1046076078
1787372753916,sell,78505.5,0.0149234,1046076077
1787372753416,sell,78505.5,0.01334066,1046076076
1787372752914,sell,78505.5,0.0030668,1046076075
1787372752914,sell,78505.5,0.00225772,1046076074
1787372752914,sell,78505.5,0.00225771,1046076073
1787372752544,buy,78505.6,0.00382138,1046076072
1787372752039,buy,78505.6,0.00003057,1046076071
1787372751974,sell,78505.5,0.19898244,1046076070
1787372751974,sell,78505.5,0.00225771,1046076069
1787372751974,sell,78505.5,0.00225772,1046076068
1787372751974,sell,78505.5,0.00635352,1046076067
1787372751918,sell,78505.5,0.00144648,1046076066
1787372751918,sell,78505.5,0.00022438,1046076065
1787372751918,sell,78505.5,0.00041932,1046076064
1787372751918,sell,78505.5,0.00193597,1046076063
1787372751918,sell,78505.5,0.00193576,1046076062
1787372751321,sell,78505.5,0.01034973,1046076061
1787372751321,sell,78505.5,0.00000001,1046076060
1787372750930,buy,78505,0.0000102,1046076059
1787372750930,buy,78502.9,0.00127384,1046076058
1787372750930,buy,78501.6,0.00001604,1046076057
1787372750930,buy,78501.6,0.00001004,1046076056
1787372750371,sell,78501.7,0.00041944,1046076055
1787372750371,sell,78501.7,0.00159124,1046076054
1787372750371,sell,78501.7,0.00079587,1046076053
1787372749747,sell,78505.3,0.00029925,1046076052
1787372749747,sell,78505.6,0.0078,1046076051
1787372749747,sell,78505.6,0.00023918,1046076050
1787372749566,sell,78505.6,0.09343281,1046076049
1787372749566,sell,78505.6,0.00079587,1046076048
1787372748940,sell,78508.6,0.00040268,1046076047
1787372748940,sell,78509.5,0.00079587,1046076046
1787372748939,sell,78509.8,0.0000102,1046076045
1787372748939,sell,78510,0.00008096,1046076044
1787372748939,sell,78510.1,0.00291413,1046076043
1787372748911,sell,78510.4,0.00159306,1046076042
1787372748651,sell,78511,0.0000102,1046076041
1787372748651,sell,78512.2,0.00001278,1046076040
1787372748651,sell,78513.4,0.00079587,1046076039
1787372748650,sell,78515,0.00009286,1046076038
1787372748650,sell,78516.9,0.0000102,1046076037
1787372748650,sell,78517.6,0.00005901,1046076036
1787372748650,sell,78517.6,0.00742171,1046076035
1787372748504,buy,78517.7,0.03230941,1046076034
1787372748504,buy,78517.7,0.04667023,1046076033
1787372748413,sell,78517.6,0.00531428,1046076032
1787372748326,sell,78515.2,0.00001279,1046076031
1787372748326,sell,78515.7,0.000015,1046076030
1787372748326,sell,78517.3,0.00079587,1046076029
1787372748326,sell,78517.6,0.0000102,1046076028
1787372748322,sell,78518,0.00003055,1046076027
1787372748322,sell,78519,0.00001278,1046076026
1787372748322,sell,78519.2,0.0000102,1046076025
1787372748322,sell,78519.2,0.00040268,1046076024
1787372748322,sell,78519.8,0.00040069,1046076023
1787372748322,sell,78520,0.00008096,1046076022
1787372748320,sell,78521,0.00048166,1046076021
1787372748320,sell,78521.2,0.00079587,1046076020
1787372748320,sell,78521.5,0.00002,1046076019
1787372748320,sell,78521.5,0.00045961,1046076018
1787372747028,sell,78521.5,0.0001255,1046076017
1787372746436,sell,78523.6,0.00001278,1046076016
1787372816674,sell,78564.5,0.00000116,1046076663
1787372816674,sell,78564.6,0.00159884,1046076662
1787372816673,buy,78564.7,0.00009037,1046076661
1787372816672,sell,78564.6,0.00000001,1046076660
1787372816672,sell,78564.6,0.00047694,1046076659
1787372816669,sell,78564.6,0.00031893,1046076658
1787372816669,sell,78564.6,0.00001277,1046076657
1787372816669,sell,78566,0.00127282,1046076656
1787372816669,sell,78567.8,0.0000102,1046076655
1787372816667,sell,78568.5,0.00079587,1046076654
1787372816667,sell,78569.5,0.1103197,1046076653
1787372816667,sell,78569.5,0.1249,1046076652
1787372816667,sell,78569.5,0.01937874,1046076651
1787372814964,sell,78571.7,0.0000102,1046076650
1787372814964,sell,78572.4,0.00079587,1046076649
1787372814964,sell,78572.5,0.0000102,1046076648
1787372814963,sell,78573,0.00027817,1046076647
1787372814963,sell,78573,0.0005107,1046076646
1787372814963,sell,78573,0.00001,1046076645
1787372814963,sell,78573,0.00234623,1046076644
1787372814963,sell,78573,0.00182553,1046076643
1787372814596,buy,78573.1,0.02871826,1046076642
1787372813857,sell,78573,0.00052059,1046076641
1787372812960,sell,78569.8,0.0000102,1046076640
1787372812901,sell,78576.2,0.0478041,1046076639
1787372812900,sell,78576.2,0.1974733,1046076638
1787372812900,sell,78576.2,0.0066,1046076637
1787372812785,buy,78576.3,0.11431095,1046076636
1787372812785,buy,78576.3,0.0009,1046076635
1787372812785,buy,78576.3,0.0011,1046076634
1787372812785,buy,78576.3,0.0078,1046076633
1787372812785,buy,78576.3,0.00318348,1046076632
1787372812517,buy,78575.8,0.00001277,1046076631
1787372812517,buy,78575.5,0.0000102,1046076630
1787372812517,buy,78574.9,0.0000555,1046076629
1787372812515,buy,78572.2,0.00040268,1046076628
1787372812513,buy,78571.7,0.00001232,1046076627
1787372812513,buy,78571.7,0.00231232,1046076626
1787372812513,buy,78571.7,0.00231231,1046076625
1787372812369,buy,78571.7,0.02745425,1046076624
1787372812369,buy,78571.7,0.0011,1046076623
1787372812369,buy,78571.7,0.00004575,1046076622
1787372812369,buy,78571.7,0.008,1046076621
1787372811921,buy,78571.6,0.0000102,1046076620
1787372811919,buy,78570.8,0.0000102,1046076619
1787372811918,buy,78570,0.00033208,1046076618
1787372811918,buy,78570,0.00031125,1046076617
1787372811918,buy,78570,0.00008096,1046076616
1787372811863,sell,78569.9,0.00512699,1046076615
1787372811127,sell,78569.9,0.00409877,1046076614
1787372811127,sell,78569.9,0.00217057,1046076613
1787372811127,sell,78569.9,0.00001,1046076612
1787372811127,sell,78569.9,0.00046473,1046076611
1787372811127,sell,78569.9,0.00217058,1046076610
1787372811127,sell,78569.9,0.00014563,1046076609
1787372811127,sell,78569.9,0.0001453,1046076608
1787372811127,sell,78569.9,0.00001,1046076607
1787372811127,sell,78569.9,0.00001,1046076606
1787372808970,buy,78569.7,0.0000102,1046076605
1787372808970,buy,78569,0.00001277,1046076604
1787372808970,buy,78568.7,0.00001501,1046076603
1787372808967,buy,78564.5,0.00001277,1046076602
1787372808965,buy,78562.2,0.000298,1046076601
1787372808965,buy,78562,0.00096017,1046076600
1787372808965,buy,78560,0.00047533,1046076599
1787372808965,buy,78560,0.00217058,1046076598
1787372808965,buy,78560,0.00217058,1046076597
1787372805165,sell,78559.8,0.00000001,1046076596
1787372805165,sell,78560,0.00001277,1046076595
1787372805165,sell,78560,0.00008096,1046076594
1787372805165,sell,78560.7,0.0000102,1046076593
1787372805165,sell,78560.7,0.00079587,1046076592
1787372805163,sell,78561.6,0.00040268,1046076591
1787372803536,sell,78562.1,0.00313354,1046076590
1787372803536,sell,78562.1,0.0011,1046076589
1787372803143,buy,78562.2,0.00501767,1046076588
1787372803143,buy,78562.2,0.00000001,1046076587
1787372802048,sell,78562.3,0.00001277,1046076586
1787372802048,sell,78562.4,0.00111803,1046076585
1787372802048,sell,78563.1,0.0000102,1046076584
1787372802048,sell,78563.9,0.0000102,1046076583
1787372802048,sell,78564.6,0.00001277,1046076582
1787372801419,sell,78566.8,0.00001277,1046076581
1787372801419,sell,78569.1,0.00001277,1046076580
1787372801419,sell,78569.4,0.0000102,1046076579
1787372801419,sell,78571.7,0.0000102,1046076578
1787372800428,buy,78572.4,0.06909021,1046076577
1787372800428,buy,78572.4,0.20262851,1046076576
1787372800428,buy,78572.4,0.0011,1046076575
1787372800428,buy,78572.4,0.00165043,1046076574
1787372797781,buy,78572.4,0.12324957,1046076573
1787372797781,buy,78572.4,0.0009,1046076572
1787372797781,buy,78572.4,0.05016991,1046076571
1787372797278,buy,78572.2,0.00040268,1046076570
1787372797278,buy,78571.2,0.00044619,1046076569
1787372797278,buy,78571.1,0.00022086,1046076568
1787372797275,buy,78564.2,0.00010789,1046076567
1787372797275,buy,78563,0.0000102,1046076566
1787372797068,sell,78561.6,0.00461396,1046076565
1787372797068,sell,78561.6,0.0009,1046076564
1787372870931,sell,78520.5,0.00181597,1046077054
1787372870798,sell,78520.5,0.00008097,1046077053
1787372870796,sell,78521.2,0.00079587,1046077052
1787372870795,sell,78525.1,0.00004066,1046077051
1787372870795,sell,78525.1,0.00193563,1046077050
1787372870359,buy,78525.2,0.00173061,1046077049
1787372869440,sell,78525.1,0.0000278,1046077048
1787372869440,sell,78525.1,0.00079587,1046077047
1787372869438,sell,78525.8,0.00001278,1046077046
1787372869438,sell,78528.1,0.00001278,1046077045
1787372869438,sell,78528.6,0.0000102,1046077044
1787372869438,sell,78529,0.00079587,1046077043
1787372869438,sell,78529.8,0.00040268,1046077042
1787372869438,sell,78529.9,0.00043263,1046077041
1787372869438,sell,78529.9,0.00031057,1046077040
1787372869172,buy,78530,0.04106299,1046077039
1787372869172,buy,78530,0.0009,1046077038
1787372869172,buy,78530,0.03907,1046077037
1787372869172,buy,78530,0.0078,1046077036
1787372869172,buy,78530,0.04906334,1046077035
1787372869172,buy,78530,0.00000001,1046077034
1787372868202,sell,78530,0.00008096,1046077033
1787372868201,sell,78530.3,0.00018757,1046077032
1787372868201,sell,78530.4,0.00001278,1046077031
1787372868201,sell,78531.5,0.00001501,1046077030
1787372868201,sell,78532.9,0.00079587,1046077029
1787372868201,sell,78533.3,0.0000102,1046077028
1787372868201,sell,78535,0.00031052,1046077027
1787372868127,sell,78535,0.00000001,1046077026
1787372868127,sell,78535,0.00054076,1046077025
1787372867893,sell,78536.8,0.00212704,1046077024
1787372867893,sell,78536.8,0.00212704,1046077023
1787372867893,sell,78536.8,0.00003415,1046077022
1787372867672,sell,78537.7,0.00110418,1046077021
1787372867670,sell,78538.8,0.0000102,1046077020
1787372867670,sell,78540.9,0.00004284,1046077019
1787372867334,sell,78540.9,0.00004449,1046077018
1787372867334,sell,78540.9,0.00000001,1046077017
1787372867111,buy,78540.1,0.00099518,1046077016
1787372867109,buy,78538.6,0.00001021,1046077015
1787372867106,buy,78536.9,0.00006366,1046077014
1787372865206,sell,78537.2,0.00001278,1046077013
1787372865206,sell,78540,0.00008096,1046077012
1787372865206,sell,78540.4,0.0000102,1046077011
1787372865155,sell,78544.1,0.00004499,1046077010
1787372865155,sell,78544.1,0.00001278,1046077009
1787372865155,sell,78544.2,0.00119564,1046077008
1787372865154,sell,78550.6,0.00000465,1046077007
1787372865154,sell,78550.6,0.00029335,1046077006
1787372865154,sell,78550.6,0.00225665,1046077005
1787372865153,sell,78550.6,0.00135177,1046077004
1787372865151,sell,78550.6,0.00255465,1046077003
1787372865150,sell,78550.6,0.00153095,1046077002
1787372865149,sell,78550.6,0.003552,1046077001
1787372865148,sell,78550.6,0.0015729,1046077000
1787372865147,sell,78550.6,0.00583547,1046076999
1787372865144,sell,78550.6,0.00178966,1046076998
1787372865143,sell,78550.6,0.01659597,1046076997
1787372865142,sell,78550.6,0.00115508,1046076996
1787372865130,sell,78550.9,0.03350166,1046076995
1787372865126,sell,78550.9,0.00469014,1046076994
1787372865126,sell,78550.9,0.00112584,1046076993
1787372865126,sell,78550.9,0.0036705,1046076992
1787372865126,sell,78550.9,0.18984579,1046076991
1787372864993,sell,78550.9,0.00807172,1046076990
1787372864339,sell,78550.9,0.04856836,1046076989
1787372863495,sell,78550.9,0.00068669,1046076988
1787372863248,sell,78550.9,0.00751515,1046076987
1787372861901,sell,78550.9,0.00011592,1046076986
1787372857060,sell,78550.6,0.00839999,1046076985
1787372857060,sell,78550.6,0.00000001,1046076984
1787372856188,buy,78550,0.00008096,1046076983
1787372856188,buy,78548.8,0.0009,1046076982
1787372856188,buy,78548.8,0.00012758,1046076981
1787372856161,buy,78548.8,0.00000001,1046076980
1787372856161,buy,78547.3,0.0000102,1046076979
1787372856161,buy,78546.5,0.0000102,1046076978
1787372856159,buy,78545,0.00001501,1046076977
1787372855021,sell,78544.1,0.03699999,1046076976
1787372855021,sell,78544.1,0.00000001,1046076975
1787372854835,buy,78544,0.00001278,1046076974
1787372854835,buy,78542.4,0.0009,1046076973
1787372854835,buy,78542.4,0.00071904,1046076972
1787372854313,buy,78542.4,0.0018774,1046076971
1787372851498,sell,78542.3,0.00014165,1046076970
1787372850291,buy,78542.4,0.00095856,1046076969
1787372849260,sell,78542.3,0.00013256,1046076968
1787372848049,sell,78542.3,0.00282734,1046076967
1787372848049,sell,78542.3,0.00000001,1046076966
1787372847993,buy,78541.7,0.00001278,1046076965
1787372847993,buy,78540.4,0.00040268,1046076964
1787372847993,buy,78540,0.00008096,1046076963
1787372847992,buy,78536.8,0.0009,1046076962
1787372847929,buy,78539.7,0.00001021,1046076961
1787372847929,buy,78539.4,0.00001278,1046076960
1787372847929,buy,78537.1,0.00001278,1046076959
1787372847929,buy,78537.1,0.00001501,1046076958
1787372847929,buy,78536.8,0.00159174,1046076957
1787372847929,buy,78529.3,0.0000102,1046076956
1787372847889,buy,78528.5,0.0000102,1046076955
1787372925440,buy,78534.8,0.00001278,1046077224
1787372925440,buy,78534.4,0.0000102,1046077223
1787372925440,buy,78532.6,0.00001278,1046077222
1787372925440,buy,78532.2,0.00034551,1046077221
1787372925440,buy,78530.3,0.00001278,1046077220
1787372925440,buy,78528.5,0.0000102,1046077219
1787372925440,buy,78527,0.0000102,1046077218
1787372925320,buy,78526.2,0.0000102,1046077217
1787372925320,buy,78526.1,0.00026224,1046077216
1787372925208,buy,78525.2,0.00037135,1046077215
1787372925208,buy,78525.2,0.00022003,1046077214
1787372925208,buy,78525.2,0.00231837,1046077213
1787372925208,buy,78525.2,0.00209834,1046077212
1787372925208,buy,78525.2,0.00043114,1046077211
1787372925208,buy,78525.2,0.00257948,1046077210
1787372925208,buy,78525.2,0.00001,1046077209
1787372925208,buy,78525.2,0.00257923,1046077208
1787372925208,buy,78525.2,0.00078072,1046077207
1787372925208,buy,78525.2,0.0002642,1046077206
1787372923101,buy,78525.2,0.00128621,1046077205
1787372922549,buy,78525.2,0.00002546,1046077204
1787372921125,buy,78525.2,0.06446593,1046077203
1787372921125,buy,78525.2,0.0009,1046077202
1787372920294,buy,78525.2,0.00025469,1046077201
1787372920140,buy,78525.2,0.01,1046077200
1787372919259,buy,78525.2,0.008162,1046077199
1787372919259,buy,78525.2,0.00000001,1046077198
1787372918899,sell,78525.8,0.00001278,1046077197
1787372918899,sell,78527,0.0005186,1046077196
1787372918899,sell,78527,0.00160227,1046077195
1787372918434,sell,78527,0.00266052,1046077194
1787372918216,sell,78528.6,0.0000102,1046077193
1787372918216,sell,78529,0.00079587,1046077192
1787372918214,sell,78529.8,0.00040268,1046077191
1787372918214,sell,78530,0.00142623,1046077190
1787372918214,sell,78530,0.00008096,1046077189
1787372918212,buy,78530.2,0.0152997,1046077188
1787372918210,sell,78531.1,0.0015887,1046077187
1787372918207,sell,78531.5,0.000015,1046077186
1787372918207,sell,78532.3,0.00098725,1046077185
1787372918207,sell,78532.7,0.00001278,1046077184
1787372918207,sell,78532.9,0.00079587,1046077183
1787372918207,sell,78534.9,0.00001278,1046077182
1787372918206,sell,78536.5,0.0000102,1046077181
1787372918206,sell,78536.7,0.0368106,1046077180
1787372918205,sell,78539.6,0.0000102,1046077179
1787372918205,sell,78540.1,0.0025384,1046077178
1787372918205,sell,78540.1,0.0025384,1046077177
1787372918205,sell,78540.1,0.00492387,1046077176
1787372918205,sell,78540.1,0.25471852,1046077175
1787372918146,buy,78540.2,0.00025942,1046077174
1787372918146,buy,78540.2,0.00541869,1046077173
1787372918146,buy,78540.2,0.00235112,1046077172
1787372918146,buy,78540.2,0.00235112,1046077171
1787372918146,buy,78540.2,0.0001009,1046077170
1787372916766,buy,78540.2,0.00005092,1046077169
1787372911213,buy,78540.2,0.00001273,1046077168
1787372910567,buy,78539.8,0.00073126,1046077167
1787372910567,buy,78539.5,0.0000102,1046077166
1787372902023,sell,78536.7,0.00138805,1046077165
1787372901269,buy,78539.2,0.00000001,1046077164
1787372901269,buy,78537.9,0.0009,1046077163
1787372901264,sell,78539.5,0.00001278,1046077162
1787372901264,sell,78540,0.00008096,1046077161
1787372901264,sell,78540.4,0.0000102,1046077160
1787372901264,sell,78540.4,0.00040268,1046077159
1787372901264,sell,78541.8,0.00001278,1046077158
1787372901264,sell,78542.1,0.00115119,1046077157
1787372901264,sell,78546.3,0.0000102,1046077156
1787372901252,sell,78548.6,0.00001278,1046077155
1787372901252,sell,78550.9,0.00001278,1046077154
1787372901250,sell,78554.6,0.00468772,1046077153
1787372901250,sell,78554.6,0.01647031,1046077152
1787372901249,sell,78554.6,0.04603351,1046077151
1787372901248,sell,78554.6,0.02115803,1046077150
1787372901240,sell,78554.6,0.145503,1046077149
1787372899973,buy,78554.7,0.07280786,1046077148
1787372899351,sell,78554.6,0.00239848,1046077147
1787372899351,sell,78554.6,0.00237573,1046077146
1787372899351,sell,78554.6,0.00001,1046077145
1787372899351,sell,78554.6,0.00223561,1046077144
1787372898092,sell,78554.6,0.0001273,1046077143
1787372898017,sell,78554.6,0.00001272,1046077142
1787372895906,sell,78554.6,0.00150732,1046077141
1787372895383,sell,78554.6,0.02459999,1046077140
1787372895383,sell,78554.6,0.00000001,1046077139
1787372894603,buy,78553.6,0.0000102,1046077138
1787372894603,buy,78553.1,0.00001278,1046077137
1787372894603,buy,78552.8,0.0000102,1046077136
1787372894603,buy,78552.7,0.00034277,1046077135
1787372894603,buy,78552.7,0.00019672,1046077134
1787372894603,buy,78551.5,0.0005186,1046077133
1787372894603,buy,78551.5,0.00088727,1046077132
1787372892088,sell,78551.4,0.0231318,1046077131
1787372892088,sell,78551.4,0.00001,1046077130
1787372892088,sell,78551.4,0.00268941,1046077129
1787372892088,sell,78551.4,0.00268891,1046077128
1787372892083,buy,78551.5,0.00001273,1046077127
1787372891032,buy,78551,0.00040268,1046077126
1787372891032,buy,78550.8,0.00001278,1046077125
1787374780157,sell,78480.1,0.00413,1046098723
1787374779408,buy,78480.2,0.0156819,1046098722
1787374778111,buy,78480.2,0.00484309,1046098721
1787374777102,buy,78480.2,0.00592686,1046098720
1787374777102,buy,78480.2,0.00001279,1046098719
1787374776375,sell,78480.1,0.008,1046098718
1787374775070,sell,78481.6,0.0000102,1046098717
1787374775070,sell,78482.3,0.0007957,1046098716
1787374775070,sell,78482.6,0.00001278,1046098715
1787374775069,sell,78484.5,0.00412255,1046098714
1787374774931,sell,78484.9,0.00001278,1046098713
1787374774931,sell,78487.1,0.00041387,1046098712
1787374774931,sell,78487.4,0.00040268,1046098711
1787374774931,sell,78487.5,0.0000102,1046098710
1787374774930,sell,78489.2,0.00114955,1046098709
1787374774930,sell,78489.5,0.00561162,1046098708
1787374774878,sell,78491,0.00082771,1046098707
1787374774876,sell,78493.4,0.0000102,1046098706
1787374774876,sell,78494.1,0.0000102,1046098705
1787374774875,sell,78494.6,0.0030807,1046098704
1787374774875,sell,78494.6,0.0030807,1046098703
1787374774738,sell,78494.6,0.004636,1046098702
1787374774738,sell,78494.6,0.00028671,1046098701
1787374774738,sell,78494.6,0.00292734,1046098700
1787374774738,sell,78494.6,0.00293735,1046098699
1787374774738,sell,78494.6,0.00001,1046098698
1787374774738,sell,78494.6,0.00856642,1046098697
1787374774160,sell,78494.6,0.02169358,1046098696
1787374773810,sell,78497.7,0.00293722,1046098695
1787374773810,sell,78497.7,0.00293723,1046098694
1787374773810,sell,78497.7,0.00054179,1046098693
1787374773810,sell,78497.7,0.0117361,1046098692
1787374773809,sell,78497.7,0.00137131,1046098691
1787374773808,sell,78497.7,0.19636842,1046098690
1787374773642,sell,78497.7,0.00482665,1046098689
1787374773116,sell,78497.7,0.01800658,1046098688
1787374772795,sell,78497.7,0.003888,1046098687
1787374771766,sell,78497.7,0.00966486,1046098686
1787374769160,sell,78497.7,0.00007847,1046098685
1787374769149,sell,78497.7,0.00891135,1046098684
1787374767641,buy,78497.8,0.00012626,1046098683
1787374767640,buy,78496.1,0.00001278,1046098682
1787374767640,buy,78493.9,0.00001278,1046098681
1787374767639,buy,78492.5,0.0000102,1046098680
1787374767639,buy,78492.5,0.21074491,1046098679
1787374767639,buy,78492.3,0.00124344,1046098678
1787374767639,buy,78491.6,0.00001278,1046098677
1787374767639,buy,78490.9,0.0000102,1046098676
1787374767639,buy,78490.8,0.00301995,1046098675
1787374767639,buy,78490.8,0.01754261,1046098674
1787374767639,buy,78489.6,0.1249,1046098673
1787374767639,buy,78489.6,0.00307873,1046098672
1787374767639,buy,78489.6,0.00307873,1046098671
1787374767639,buy,78489.6,0.0078,1046098670
1787374767639,buy,78489.6,0.0011,1046098669
1787374767639,buy,78489.6,0.0174895,1046098668
1787374767639,buy,78489.6,0.10825173,1046098667
1787374767639,buy,78489.6,0.3424895,1046098666
1787374766824,sell,78489.5,0.0753798,1046098665
1787374766824,sell,78489.5,0.01019398,1046098664
1787374766824,sell,78489.5,0.23433057,1046098663
1787374766824,sell,78489.5,0.1249,1046098662
1787374766824,sell,78489.5,0.0009,1046098661
1787374766824,sell,78489.5,0.02999,1046098660
1787374766824,sell,78489.5,0.21605333,1046098659
1787374766824,sell,78489.5,0.0011,1046098658
1787374766824,sell,78489.5,0.01529068,1046098657
1787374766824,sell,78489.5,0.18854,1046098656
1787374766673,sell,78489.5,0.005,1046098655
1787374766060,sell,78489.5,0.0431,1046098654
1787374765628,buy,78489.6,0.01753581,1046098653
1787374764251,sell,78489.5,0.0095,1046098652
1787374762161,buy,78489.6,0.00025481,1046098651
1787374761820,sell,78489.5,0.0382225,1046098650
1787374760108,buy,78489.6,0.0915847,1046098649
1787374759609,buy,78489.5,0.00415772,1046098648
1787374759360,sell,78487.8,0.00001143,1046098647
1787374759282,buy,78487.9,0.00019711,1046098646
1787374759099,buy,78487.9,0.00005096,1046098645
1787374757380,buy,78487.9,0.00324757,1046098644
1787374757380,buy,78487.9,0.0009,1046098643
1787374757380,buy,78487.9,0.00095243,1046098642
1787374754732,sell,78487.8,0.00048116,1046098641
1787374754369,sell,78487.8,0.0027914,1046098640
1787374753851,buy,78487.9,0.005,1046098639
1787374753655,sell,78487.8,0.01851,1046098638
1787374753081,sell,78487.8,0.00009838,1046098637
1787374752958,sell,78487.8,0.00000001,1046098636
1787374752958,sell,78490,0.00008096,1046098635
1787374752958,sell,78490.2,0.0000102,1046098634
1787374752957,sell,78490.8,0.030257,1046098633
1787374752271,sell,78490.8,0.005,1046098632
1787374752087,sell,78490.8,0.01851,1046098631
1787374751275,sell,78490.8,0.00110439,1046098630
1787374749940,sell,78490.8,0.01369904,1046098629
1787374749813,buy,78490.9,0.00012739,1046098628
1787374749087,buy,78490.9,0.00040296,1046098627
1787374749087,buy,78490.9,0.0008707,1046098626
1787374747572,buy,78490.9,0.0000293,1046098625
1787374747191,sell,78490.9,0.00002307,1046098624
1787374835001,buy,78514.9,0.01467536,1046099636
1787374835001,buy,78514.9,0.0011,1046099635
1787374835001,buy,78514.4,0.00035088,1046099634
1787374835001,buy,78514.4,0.01419195,1046099633
1787374834507,sell,78514.3,0.00485024,1046099632
1787374833254,sell,78514.3,0.00478563,1046099631
1787374833131,buy,78514.4,0.00068013,1046099630
1787374832735,sell,78514.3,0.00468592,1046099629
1787374832686,buy,78512.1,0.00001278,1046099628
1787374832686,buy,78511.7,0.00008508,1046099627
1787374832685,buy,78510.3,0.00005922,1046099626
1787374832685,buy,78510,0.00008096,1046099625
1787374832685,buy,78509.7,0.00315683,1046099624
1787374832685,buy,78509.5,0.0025378,1046099623
1787374832685,buy,78509,0.00019253,1046099622
1787374832685,buy,78508.8,0.00397802,1046099621
1787374832448,buy,78508.8,0.0001797,1046099620
1787374832235,sell,78508.7,0.01481354,1046099619
1787374832235,sell,78508.7,0.005395,1046099618
1787374831800,buy,78507.1,0.00003734,1046099617
1787374831800,buy,78507.1,0.00287688,1046099616
1787374831800,buy,78507.1,0.11140629,1046099615
1787374831800,buy,78507.1,0.00017688,1046099614
1787374831800,buy,78507.1,0.00017688,1046099613
1787374831800,buy,78507.1,0.00017688,1046099612
1787374831800,buy,78507.1,0.00017688,1046099611
1787374831800,buy,78507.1,0.00017688,1046099610
1787374831800,buy,78507.1,0.00017688,1046099609
1787374831800,buy,78507.1,0.00017688,1046099608
1787374831800,buy,78507.1,0.00017688,1046099607
1787374831800,buy,78507.1,0.32557688,1046099606
1787374830904,buy,78507.1,0.00005986,1046099605
1787374830803,sell,78507,0.00006,1046099604
1787374830787,sell,78507,0.00012926,1046099603
1787374830545,sell,78507,0.01198748,1046099602
1787374830526,sell,78507,0.00001655,1046099601
1787374830364,buy,78507.1,0.00758339,1046099600
1787374830364,buy,78507.1,0.00001021,1046099599
1787374830345,sell,78507,0.00033915,1046099598
1787374830317,sell,78507,0.1,1046099597
1787374830032,sell,78507,0.00001786,1046099596
1787374829940,sell,78507,0.00981645,1046099595
1787374829594,sell,78507,0.00059189,1046099594
1787374829408,buy,78507.1,0.00127249,1046099593
1787374829391,buy,78507.1,0.0002038,1046099592
1787374829390,buy,78507.1,0.00025475,1046099591
1787374829364,buy,78507.1,0.00002547,1046099590
1787374829125,buy,78507.1,0.00259205,1046099589
1787374828614,buy,78507.1,0.00002547,1046099588
1787374828590,buy,78507.1,0.00025475,1046099587
1787374828586,buy,78507.1,0.00006368,1046099586
1787374828582,buy,78507.1,0.00034391,1046099585
1787374828446,sell,78507,0.01217841,1046099584
1787374828446,sell,78507,0.00646706,1046099583
1787374827868,sell,78507,0.0038,1046099582
1787374827825,sell,78507,0.00607699,1046099581
1787374827812,buy,78507.1,0.00006368,1046099580
1787374827785,buy,78507.1,0.00009808,1046099579
1787374827091,sell,78507,0.00752945,1046099578
1787374827033,sell,78507,0.0001255,1046099577
1787374827013,buy,78507.1,0.00015922,1046099576
1787374827009,buy,78507.1,0.00003821,1046099575
1787374826783,sell,78507,0.0038,1046099574
1787374826763,sell,78507,0.002461,1046099573
1787374826242,sell,78507.5,0.0000102,1046099572
1787374826242,sell,78508.9,0.00314841,1046099571
1787374826241,sell,78508.9,0.01662974,1046099570
1787374826235,sell,78508.9,0.00221094,1046099569
1787374826234,sell,78508.9,0.19662661,1046099568
1787374826185,buy,78509,0.00025474,1046099567
1787374826180,buy,78509,0.0009553,1046099566
1787374826160,buy,78509,0.00082793,1046099565
1787374826126,sell,78508.9,0.03620939,1046099564
1787374825389,buy,78509,0.00012737,1046099563
1787374825366,buy,78509,0.00127246,1046099562
1787374825362,buy,78509,0.00006368,1046099561
1787374825103,sell,78508.9,0.00663055,1046099560
1787374824612,buy,78509,0.00002547,1046099559
1787374824611,buy,78509,0.00006368,1046099558
1787374824590,buy,78509,0.00003821,1046099557
1787374824589,buy,78509,0.00003439,1046099556
1787374824588,buy,78509,0.00002547,1046099555
1787374824587,buy,78509,0.00002547,1046099554
1787374824583,buy,78509,0.00004458,1046099553
1787374824580,buy,78509,0.00006368,1046099552
1787374823942,buy,78509,0.01192373,1046099551
1787374823848,buy,78509,0.00012737,1046099550
1787374823836,sell,78508.9,0.0066587,1046099549
1787374823834,buy,78509,0.00063686,1046099548
1787374823810,buy,78509,0.00216168,1046099547
1787374823810,buy,78509,0.0006,1046099546
1787374823810,buy,78509,0.00150534,1046099545
1787374823797,buy,78509,0.00006368,1046099544
1787374823786,buy,78509,0.00012737,1046099543
1787374823543,sell,78508.9,0.00827561,1046099542
1787374823007,buy,78509,0.00012737,1046099541
1787374822989,buy,78508.6,0.00040268,1046099540
1787374822986,buy,78507.5,0.00001278,1046099539
1787374822986,buy,78505.3,0.0002999,1046099538
1787374822986,buy,78503,0.00001278,1046099537
1787374890745,sell,78524.1,0.02648596,1046099935
1787374890620,sell,78524.1,0.00173999,1046099934
1787374890620,sell,78524.1,0.00000001,1046099933
1787374890604,buy,78523.5,0.00001278,1046099932
1787374890604,buy,78521.5,0.0000102,1046099931
1787374890224,buy,78521.3,0.00382061,1046099930
1787374889838,sell,78521.2,0.00434532,1046099929
1787374886882,sell,78521.2,0.001641,1046099928
1787374885510,sell,78521.2,0.02562853,1046099927
1787374885194,sell,78521.2,0.00342,1046099926
1787374885131,sell,78521.2,0.00008231,1046099925
1787374885128,sell,78521.2,0.00609562,1046099924
1787374884989,sell,78521.2,0.0069,1046099923
1787374884260,sell,78521.2,0.00025097,1046099922
1787374884219,sell,78521.2,0.00012618,1046099921
1787374883991,sell,78521.2,0.00926003,1046099920
1787374883539,sell,78521.2,0.00120352,1046099919
1787374882389,sell,78521.2,0.01193521,1046099918
1787374882389,sell,78521.2,0.000154,1046099917
1787374882389,sell,78521.2,0.00000001,1046099916
1787374882186,buy,78521.3,0.00002547,1046099915
1787374881738,buy,78521.2,0.00001278,1046099914
1787374881738,buy,78520,0.00008096,1046099913
1787374881736,sell,78519.5,0.01188627,1046099912
1787374881736,sell,78519.5,0.00001021,1046099911
1787374881705,buy,78518.9,0.00001278,1046099910
1787374881701,buy,78514.4,0.1024,1046099909
1787374881699,buy,78513.6,0.0000102,1046099908
1787374881699,buy,78513.5,0.1249,1046099907
1787374881699,buy,78513.5,0.00001,1046099906
1787374881699,buy,78513.5,0.0021232,1046099905
1787374881699,buy,78513.5,0.0021232,1046099904
1787374881699,buy,78513.5,0.0016153,1046099903
1787374880713,buy,78513.5,0.00111622,1046099902
1787374880713,buy,78513.5,0.00018419,1046099901
1787374880349,buy,78513.5,0.00254733,1046099900
1787374879944,sell,78513.4,0.00873913,1046099899
1787374879114,sell,78513.4,0.01324175,1046099898
1787374878544,sell,78513.4,0.00569178,1046099897
1787374877436,sell,78513.4,0.01266389,1046099896
1787374876941,sell,78513.4,0.00021204,1046099895
1787374876497,sell,78513.4,0.00124,1046099894
1787374876340,sell,78513.4,0.0002896,1046099893
1787374875499,sell,78513.4,0.00022,1046099892
1787374875106,sell,78513.7,0.0000102,1046099891
1787374875105,sell,78514.3,0.00116,1046099890
1787374875105,sell,78514.3,0.00193249,1046099889
1787374875105,sell,78514.3,0.0007725,1046099888
1787374875037,sell,78514.3,0.00116,1046099887
1787374874608,sell,78514.3,0.01991608,1046099886
1787374874608,sell,78514.3,0.00234196,1046099885
1787374874608,sell,78514.3,0.00234196,1046099884
1787374873441,sell,78509.6,0.00000001,1046099883
1787374873441,sell,78509.9,0.00001278,1046099882
1787374873441,sell,78510,0.00008096,1046099881
1787374873441,sell,78510.1,0.0007957,1046099880
1787374873440,sell,78514,0.0007957,1046099879
1787374873440,sell,78514.3,0.0009,1046099878
1787374873440,sell,78514.3,0.1249,1046099877
1787374873440,sell,78514.3,0.00002173,1046099876
1787374873440,sell,78514.3,0.0357195,1046099875
1787374873424,sell,78516.7,0.00001278,1046099874
1787374873424,sell,78516.9,0.0000102,1046099873
1787374873424,sell,78517.9,0.0007957,1046099872
1787374873424,sell,78519,0.00001278,1046099871
1787374873424,sell,78519.2,0.00040268,1046099870
1787374873424,sell,78520,0.00008096,1046099869
1787374873423,sell,78521.8,0.0007957,1046099868
1787374873422,sell,78522.8,0.0000102,1046099867
1787374873421,sell,78523.6,0.00001278,1046099866
1787374873413,sell,78525.5,0.24298422,1046099865
1787374873413,sell,78525.8,0.05093137,1046099864
1787374873413,sell,78525.8,0.00001278,1046099863
1787374873412,sell,78528.1,0.00001278,1046099862
1787374873412,sell,78530,0.055,1046099861
1787374873412,sell,78530.2,0.01,1046099860
1787374873412,sell,78530.3,0.06,1046099859
1787374873412,sell,78530.4,0.00001278,1046099858
1787374873412,sell,78532.4,0.055,1046099857
1787374873412,sell,78533.3,0.0000102,1046099856
1787374873411,sell,78535.7,0.0000102,1046099855
1787374873411,sell,78536.4,0.012,1046099854
1787374873411,sell,78537,0.0996,1046099853
1787374873411,sell,78537,0.17816726,1046099852
1787374873195,sell,78537,0.00862844,1046099851
1787374872276,sell,78537,0.0111943,1046099850
1787374871947,buy,78537.1,0.0002381,1046099849
1787374871722,buy,78534.3,0.0011,1046099848
1787374871722,buy,78534.3,0.00024686,1046099847
1787374871722,buy,78534.3,0.00005158,1046099846
1787374871707,buy,78532.5,0.00009313,1046099845
1787374871707,buy,78530.3,0.00001278,1046099844
1787374871707,buy,78530,0.00008096,1046099843
1787374871707,buy,78529.8,0.00040268,1046099842
1787374871707,buy,78529.7,0.00018381,1046099841
1787374871705,buy,78528.5,0.0000102,1046099840
1787374871702,buy,78525.7,0.00001278,1046099839
1787374871702,buy,78525.4,0.0000102,1046099838
1787374871701,buy,78525.1,0.0015914,1046099837
1787374871701,buy,78525,0.00252786,1046099836
1787374946131,sell,78515,0.00022,1046100592
1787374945870,sell,78515,0.00044786,1046100591
1787374945857,buy,78515.1,0.00276634,1046100590
1787374945228,buy,78515.1,0.0121,1046100589
1787374944143,buy,78515.1,0.09220709,1046100588
1787374944143,buy,78515.1,0.0009,1046100587
1787374944143,buy,78515.1,0.24781,1046100586
1787374944143,buy,78515.1,0.070746,1046100585
1787374944143,buy,78515.1,0.05181593,1046100584
1787374943728,buy,78515.1,0.012,1046100583
1787374943518,sell,78515,0.00021,1046100582
1787374942729,buy,78515.1,0.00702206,1046100581
1787374942729,buy,78515.1,0.00001021,1046100580
1787374942193,sell,78515,0.00074744,1046100579
1787374942193,sell,78515,0.00349152,1046100578
1787374942190,sell,78515,0.0125871,1046100577
1787374942180,sell,78515,0.01113371,1046100576
1787374942171,sell,78515,0.00135685,1046100575
1787374942170,sell,78515,0.00131915,1046100574
1787374942169,sell,78515,0.00139586,1046100573
1787374942168,sell,78515,0.00131099,1046100572
1787374942167,sell,78515,0.0012973,1046100571
1787374942166,sell,78515,0.001386,1046100570
1787374942165,sell,78515,0.00141401,1046100569
1787374942164,sell,78515,0.00362467,1046100568
1787374942161,sell,78515,0.00138459,1046100567
1787374942160,sell,78515,0.00847679,1046100566
1787374942153,sell,78515,0.00145604,1046100565
1787374942152,sell,78515,0.0013158,1046100564
1787374942151,sell,78515,0.00139984,1046100563
1787374942150,sell,78515,0.0128266,1046100562
1787374942140,sell,78515,0.01031288,1046100561
1787374942131,sell,78515,0.00136535,1046100560
1787374942130,sell,78515,0.00726971,1046100559
1787374942124,sell,78515,0.00156294,1046100558
1787374942123,sell,78515,0.00139992,1046100557
1787374942122,sell,78515,0.00135856,1046100556
1787374942121,sell,78515,0.00147074,1046100555
1787374942120,sell,78515,0.00843175,1046100554
1787374942113,sell,78515,0.00164879,1046100553
1787374942112,sell,78515,0.00139578,1046100552
1787374942111,sell,78515,0.0014318,1046100551
1787374942110,sell,78515,0.00867829,1046100550
1787374942103,sell,78515,0.00886504,1046100549
1787374942100,sell,78515,0.00314605,1046100548
1787374942097,sell,78515,0.00142215,1046100547
1787374942096,sell,78515,0.00132797,1046100546
1787374942095,sell,78515,0.00982655,1046100545
1787374942082,sell,78515,0.00129225,1046100544
1787374942081,sell,78515,0.00143765,1046100543
1787374942080,sell,78515,0.01266849,1046100542
1787374942070,sell,78515,0.00879881,1046100541
1787374942063,sell,78515,0.01108427,1046100540
1787374942060,sell,78515,0.00304628,1046100539
1787374942057,sell,78515,0.00421368,1046100538
1787374942053,sell,78515,0.00646632,1046100537
1787374942035,sell,78515,0.00737471,1046100536
1787374942030,sell,78515,0.0128903,1046100535
1787374942020,sell,78515,0.00934565,1046100534
1787374942012,sell,78515,0.01168194,1046100533
1787374941983,sell,78515,0.00241024,1046100532
1787374941982,sell,78515,0.01394022,1046100531
1787374941976,sell,78515,0.0047894,1046100530
1787374941975,sell,78515,0.00889828,1046100529
1787374941968,sell,78515,0.0087321,1046100528
1787374941964,sell,78515,0.02514618,1046100527
1787374941961,sell,78515,0.0062171,1046100526
1787374941959,sell,78515,0.01911209,1046100525
1787374941958,sell,78515,0.18236295,1046100524
1787374941953,sell,78516.1,0.0000102,1046100523
1787374941953,sell,78516.7,0.0007957,1046100522
1787374941953,sell,78516.7,0.00001278,1046100521
1787374941952,sell,78518.2,0.00245139,1046100520
1787374941952,sell,78518.2,0.00245138,1046100519
1787374941952,sell,78518.2,0.01159729,1046100518
1787374941841,sell,78518.2,0.00015861,1046100517
1787374941446,sell,78518.2,0.0004,1046100516
1787374941164,sell,78518.2,0.00058,1046100515
1787374941013,sell,78519,0.00001278,1046100514
1787374941013,sell,78519.2,0.00040268,1046100513
1787374941013,sell,78519.8,0.00040069,1046100512
1787374941012,sell,78520,0.0000102,1046100511
1787374941012,sell,78520,0.00008096,1046100510
1787374941012,sell,78520.6,0.0007957,1046100509
1787374941012,sell,78521.6,0.0000102,1046100508
1787374941012,sell,78522.3,0.00234439,1046100507
1787374941012,sell,78522.3,0.00234439,1046100506
1787374941012,sell,78522.3,0.00013268,1046100505
1787374941012,sell,78522.3,0.00380091,1046100504
1787374941012,sell,78522.3,0.00680182,1046100503
1787374941011,sell,78522.3,0.00089706,1046100502
1787374941010,sell,78522.3,0.00227354,1046100501
1787374941010,sell,78522.3,0.01712651,1046100500
1787374941009,sell,78522.3,0.01940005,1046100499
1787374940190,sell,78522.3,0.00058,1046100498
1787374940088,sell,78522.3,0.0008059,1046100497
1787374940026,sell,78522.3,0.00079587,1046100496
1787374940016,sell,78522.3,0.0099227,1046100495
1787374939899,sell,78522.3,0.0007,1046100494
1787374939483,sell,78522.3,0.00125,1046100493
1787375000565,buy,78571.6,0.00025454,1046101158
1787375000446,sell,78571.5,0.03354744,1046101157
1787375000420,sell,78571.5,0.00955044,1046101156
1787375000412,sell,78571.5,0.00388403,1046101155
1787375000409,sell,78571.5,0.02177139,1046101154
1787375000408,sell,78571.5,0.03702974,1046101153
1787375000408,sell,78571.5,0.00143094,1046101152
1787375000408,sell,78571.5,0.00011991,1046101151
1787375000408,sell,78571.5,0.00194331,1046101150
1787375000408,sell,78571.5,0.00023653,1046101149
1787375000408,sell,78571.5,0.00001,1046101148
1787375000408,sell,78571.5,0.00005345,1046101147
1787375000408,sell,78571.5,0.00001,1046101146
1787375000408,sell,78571.5,0.00001,1046101145
1787375000408,sell,78571.5,0.00345689,1046101144
1787375000408,sell,78571.5,0.00157706,1046101143
1787375000408,sell,78571.5,0.00001,1046101142
1787375000408,sell,78571.5,0.00166849,1046101141
1787375000408,sell,78571.5,0.00024634,1046101140
1787375000408,sell,78571.5,0.00001,1046101139
1787375000408,sell,78571.5,0.00002798,1046101138
1787375000408,sell,78571.5,0.00001,1046101137
1787375000408,sell,78571.5,0.03907468,1046101136
1787375000407,sell,78571.5,0.08582532,1046101135
1787375000407,sell,78571.5,0.0011,1046101134
1787374999975,buy,78571.6,0.00230967,1046101133
1787374999975,buy,78571.3,0.00001277,1046101132
1787374999975,buy,78570.8,0.0000102,1046101131
1787374999975,buy,78570,0.00008096,1046101130
1787374999975,buy,78569.4,0.00005392,1046101129
1787374999975,buy,78569,0.00001277,1046101128
1787374999975,buy,78568.6,0.00025,1046101127
1787374999975,buy,78567.4,0.00172853,1046101126
1787374999975,buy,78567.4,0.00172853,1046101125
1787374999975,buy,78567.4,0.00057359,1046101124
1787374999765,sell,78567.3,0.00636569,1046101123
1787374999466,sell,78567.3,0.00018773,1046101122
1787374999327,sell,78567.3,0.00474844,1046101121
1787374999327,sell,78567.3,0.00000001,1046101120
1787374998980,buy,78567.4,0.00006363,1046101119
1787374998793,buy,78567.4,0.00026278,1046101118
1787374998792,buy,78566.7,0.00001277,1046101117
1787374998791,buy,78564.3,0.00011395,1046101116
1787374998791,buy,78564.3,0.00004634,1046101115
1787374998791,buy,78564.3,0.0009,1046101114
1787374998676,buy,78562.2,0.00512842,1046101113
1787374998646,buy,78554,0.0635215,1046101112
1787374998646,buy,78554,0.00006345,1046101111
1787374998646,buy,78554,0.00156937,1046101110
1787374998646,buy,78554,0.00169709,1046101109
1787374998646,buy,78554,0.00009774,1046101108
1787374998646,buy,78554,0.00001,1046101107
1787374998646,buy,78554,0.00001,1046101106
1787374998646,buy,78554,0.00001,1046101105
1787374998646,buy,78554,0.0078,1046101104
1787374998646,buy,78554,0.0009,1046101103
1787374998646,buy,78554,0.1249,1046101102
1787374998646,buy,78554,0.03552,1046101101
1787374998646,buy,78554,0.06876626,1046101100
1787374998240,sell,78553.9,0.02406017,1046101099
1787374997228,sell,78553.9,0.00001278,1046101098
1787374997228,sell,78554.8,0.00001501,1046101097
1787374997225,sell,78557.4,0.0007957,1046101096
1787374997225,sell,78557.7,0.00001277,1046101095
1787374997225,sell,78560,0.00001277,1046101094
1787374997225,sell,78560.7,0.0000102,1046101093
1787374997225,sell,78561.3,0.0007957,1046101092
1787374997225,sell,78561.5,0.0000102,1046101091
1787374997224,sell,78562.1,0.04335975,1046101090
1787374997223,sell,78562.1,0.08693237,1046101089
1787374997214,sell,78562.1,0.01795977,1046101088
1787374997214,sell,78562.1,0.10638453,1046101087
1787374997214,sell,78562.1,0.01272878,1046101086
1787374996201,sell,78565.4,0.0000102,1046101085
1787374996201,sell,78566,0.00175014,1046101084
1787374996200,sell,78566,0.00138478,1046101083
1787374996199,sell,78566,0.0013793,1046101082
1787374996198,sell,78566,0.00245167,1046101081
1787374996196,sell,78566,0.00078006,1046101080
1787374996196,sell,78566,0.01485117,1046101079
1787374996191,sell,78566,0.00144406,1046101078
1787374996190,sell,78566,0.00144882,1046101077
1787374996189,sell,78566,0.00144893,1046101076
1787374996188,sell,78566,0.00159539,1046101075
1787374996187,sell,78566,0.00167444,1046101074
1787374996185,sell,78566,0.00140087,1046101073
1787374996184,sell,78566,0.00127803,1046101072
1787374996183,sell,78566,0.01640446,1046101071
1787374996182,sell,78566,0.00157314,1046101070
1787374996181,sell,78566,0.0081235,1046101069
1787374996180,sell,78566,0.03011604,1046101068
1787374996179,sell,78566,0.17331923,1046101067
1787374995279,buy,78566.1,0.00002545,1046101066
1787374995047,sell,78566,0.00025089,1046101065
1787374994728,sell,78566,0.00001786,1046101064
1787374994225,sell,78566,0.00001785,1046101063
1787374993328,sell,78566,0.00006364,1046101062
1787374993195,sell,78566,0.08620775,1046101061
1787374992587,buy,78566.1,0.00038184,1046101060
1787374991399,buy,78566.1,0.00050572,1046101059
1787376949902,sell,77457.4,0.0002,1046226930
1787376949889,buy,77457.5,0.00686182,1046226929
1787376949651,sell,77457.4,0.05336813,1046226928
1787376949077,sell,77457.4,0.0064438,1046226927
1787376949077,sell,77457.4,0.00001,1046226926
1787376948968,buy,77457.2,0.00001887,1046226925
1787376948968,buy,77456.9,0.00002827,1046226924
1787376948968,buy,77456.9,0.00005655,1046226923
1787376948968,buy,77456.9,0.00001136,1046226922
1787376948968,buy,77456.9,0.00001394,1046226921
1787376948968,buy,77456.6,0.00007283,1046226920
1787376948968,buy,77456.3,0.000023,1046226919
1787376948968,buy,77456.2,0.0001032,1046226918
1787376948968,buy,77456.2,0.00001066,1046226917
1787376948968,buy,77455.9,0.00001001,1046226916
1787376948968,buy,77455.9,0.00001003,1046226915
1787376948968,buy,77455.7,0.00002173,1046226914
1787376948968,buy,77455.7,0.00010698,1046226913
1787376948968,buy,77455.1,0.00001001,1046226912
1787376948968,buy,77455.1,0.00016549,1046226911
1787376948968,buy,77455.1,0.00001317,1046226910
1787376948968,buy,77455.1,0.0000106,1046226909
1787376948968,buy,77454.9,0.00004605,1046226908
1787376948968,buy,77454.9,0.00032889,1046226907
1787376948968,buy,77454.9,0.00003153,1046226906
1787376948968,buy,77454.9,0.00001717,1046226905
1787376948968,buy,77454.9,0.00001458,1046226904
1787376948968,buy,77454.9,0.00001845,1046226903
1787376948968,buy,77454.9,0.00001108,1046226902
1787376948968,buy,77454.9,0.00001036,1046226901
1787376948968,buy,77454.9,0.00002477,1046226900
1787376948968,buy,77454.9,0.0000185,1046226899
1787376948968,buy,77454.9,0.00001443,1046226898
1787376948968,buy,77454.9,0.00001631,1046226897
1787376948968,buy,77454.9,0.00001254,1046226896
1787376948968,buy,77454.8,0.00001768,1046226895
1787376948968,buy,77454.7,0.0000102,1046226894
1787376948964,buy,77454.5,0.0001043,1046226893
1787376948964,buy,77454.5,0.00021715,1046226892
1787376948964,buy,77454.5,0.00009808,1046226891
1787376948964,buy,77454.5,0.00001034,1046226890
1787376948964,buy,77454.5,0.00011211,1046226889
1787376948964,buy,77454.5,0.00003064,1046226888
1787376948964,buy,77454.5,0.00001478,1046226887
1787376948964,buy,77454.5,0.00001088,1046226886
1787376948964,buy,77454.5,0.00002724,1046226885
1787376948964,buy,77454.5,0.0000658,1046226884
1787376948964,buy,77454.3,0.00001091,1046226883
1787376948964,buy,77454.3,0.00001018,1046226882
1787376948964,buy,77454,0.0002978,1046226881
1787376948964,buy,77454,0.00002146,1046226880
1787376948964,buy,77454,0.00002128,1046226879
1787376948964,buy,77454,0.00010687,1046226878
1787376948964,buy,77453.6,0.00001002,1046226877
1787376948964,buy,77453.3,0.00027262,1046226876
1787376948964,buy,77453.2,0.00002983,1046226875
1787376948964,buy,77453.2,0.00001624,1046226874
1787376948964,buy,77453.2,0.00014508,1046226873
1787376948964,buy,77453.1,0.00001183,1046226872
1787376948964,buy,77453,0.00001063,1046226871
1787376948964,buy,77453,0.00002132,1046226870
1787376948964,buy,77453,0.00001212,1046226869
1787376948964,buy,77453,0.00001638,1046226868
1787376948964,buy,77452.9,0.00001528,1046226867
1787376948964,buy,77452.7,0.00015255,1046226866
1787376948964,buy,77452.2,0.00001016,1046226865
1787376948964,buy,77452,0.00016833,1046226864
1787376948964,buy,77452,0.00001339,1046226863
1787376948964,buy,77451.9,0.00001134,1046226862
1787376948964,buy,77451.9,0.0000219,1046226861
1787376948964,buy,77451.9,0.00001011,1046226860
1787376948964,buy,77451.9,0.00001204,1046226859
1787376948964,buy,77451.5,0.00002357,1046226858
1787376948964,buy,77451.5,0.00039855,1046226857
1787376948964,buy,77451.5,0.00011139,1046226856
1787376948964,buy,77451.4,0.00001026,1046226855
1787376948964,buy,77451.1,0.00001055,1046226854
1787376948964,buy,77451.1,0.00036131,1046226853
1787376948964,buy,77451.1,0.00001374,1046226852
1787376948964,buy,77451.1,0.00001324,1046226851
1787376948964,buy,77451.1,0.00004298,1046226850
1787376948964,buy,77451.1,0.00001854,1046226849
1787376948964,buy,77451.1,0.00003482,1046226848
1787376948964,buy,77451.1,0.00008555,1046226847
1787376948964,buy,77451.1,0.00005151,1046226846
1787376948964,buy,77451.1,0.00003584,1046226845
1787376948964,buy,77451.1,0.00002874,1046226844
1787376948964,buy,77451.1,0.00008874,1046226843
1787376948964,buy,77451.1,0.00002707,1046226842
1787376948964,buy,77451.1,0.00003589,1046226841
1787376948964,buy,77451.1,0.00053775,1046226840
1787376948964,buy,77451.1,0.00003373,1046226839
1787376948964,buy,77451.1,0.00001848,1046226838
1787376948964,buy,77451.1,0.00028003,1046226837
1787376948964,buy,77451.1,0.00001015,1046226836
1787376948964,buy,77451.1,0.00001071,1046226835
1787376948964,buy,77451.1,0.00004366,1046226834
1787376948964,buy,77451.1,0.00061051,1046226833
1787376948964,buy,77451.1,0.00001076,1046226832
1787376948964,buy,77451.1,0.00002691,1046226831
1787377004930,buy,77483.5,0.00367419,1046229729
1787377004930,buy,77483.5,0.0004,1046229728
1787377004930,buy,77483.5,0.00128787,1046229727
1787377004930,buy,77483.5,0.0094,1046229726
1787377004930,buy,77483.5,0.001,1046229725
1787377004872,sell,77483.4,0.04249358,1046229724
1787377004872,sell,77483.4,0.037594,1046229723
1787377004872,sell,77483.4,0.07558633,1046229722
1787377004872,sell,77483.4,0.00003667,1046229721
1787377004689,buy,77482.8,0.00001501,1046229720
1787377004513,buy,77475.7,0.23170179,1046229719
1787377004289,sell,77471.8,0.0007957,1046229718
1787377004289,sell,77474.9,0.00001501,1046229717
1787377004289,sell,77475.1,0.00003646,1046229716
1787377004289,sell,77475.7,0.0007957,1046229715
1787377004288,sell,77483.3,0.00231784,1046229714
1787377003990,sell,77483.3,0.01058816,1046229713
1787377003823,buy,77487.2,0.00034715,1046229712
1787377003065,buy,77487.1,0.00128385,1046229711
1787377002952,sell,77477.7,0.0000102,1046229710
1787377002952,sell,77479.6,0.0007957,1046229709
1787377002951,buy,77479.7,0.000033,1046229708
1787377002950,sell,77479.7,0.00080591,1046229707
1787377002950,sell,77479.7,0.00018839,1046229706
1787377002948,sell,77479.7,0.0002123,1046229705
1787377002948,sell,77480,0.00008096,1046229704
1787377002948,sell,77480.4,0.0001884,1046229703
1787377002948,sell,77480.4,0.0011,1046229702
1787377002893,sell,77480.4,0.00048166,1046229701
1787377002893,sell,77480.4,0.00040268,1046229700
1787377002869,sell,77483.9,0.0000102,1046229699
1787377002868,sell,77484.2,0.00022474,1046229698
1787377002546,sell,77490.5,0.00001501,1046229697
1787377002373,sell,77492.5,0.00000001,1046229696
1787377002373,sell,77494,0.00002268,1046229695
1787377002272,sell,77487.4,0.00011295,1046229694
1787377002272,sell,77487.4,0.00110255,1046229693
1787377002270,sell,77490,0.00008096,1046229692
1787377002270,sell,77490.5,0.00001501,1046229691
1787377002270,sell,77491,0.00040268,1046229690
1787377002270,sell,77491.6,0.0000102,1046229689
1787377002268,sell,77492.7,0.00000215,1046229688
1787377002268,sell,77492.7,0.00116,1046229687
1787377001750,sell,77500.6,0.0000102,1046229686
1787377001734,sell,77502.9,0.00049316,1046229685
1787377001142,buy,77503,0.00011525,1046229684
1787377000359,sell,77502.9,0.01227847,1046229683
1787376999956,buy,77500.8,0.0000102,1046229682
1787376999884,buy,77492.8,0.00121559,1046229681
1787376999604,buy,77492.7,0.00001,1046229680
1787376999604,buy,77492.7,0.00142098,1046229679
1787376999604,buy,77492.7,0.00142098,1046229678
1787376999394,sell,77492.7,0.00003226,1046229677
1787376999394,sell,77495.1,0.0000102,1046229676
1787376999393,sell,77501.4,0.00110636,1046229675
1787376999393,sell,77501.4,0.0044788,1046229674
1787376999393,sell,77501.4,0.00142092,1046229673
1787376999393,sell,77501.4,0.00142092,1046229672
1787376999393,sell,77501.4,0.0044788,1046229671
1787376999237,buy,77501.5,0.00019741,1046229670
1787376999202,buy,77501.5,0.00006451,1046229669
1787376998995,buy,77501.5,0.00201792,1046229668
1787376998916,sell,77501.4,0.0000438,1046229667
1787376998903,buy,77495.2,0.0001087,1046229666
1787376998903,buy,77495.2,0.00136655,1046229665
1787376998903,buy,77495.2,0.00135682,1046229664
1787376998903,buy,77495.2,0.00001,1046229663
1787376998839,sell,77495.1,0.00001021,1046229662
1787376998675,buy,77502.9,0.00136655,1046229661
1787376998675,buy,77502.9,0.00042234,1046229660
1787376998675,buy,77502.9,0.00094421,1046229659
1787376998358,buy,77502.9,0.00040457,1046229658
1787376998358,buy,77502.9,0.00145506,1046229657
1787376998358,buy,77502.9,0.00033383,1046229656
1787376998108,buy,77502.9,0.00112124,1046229655
1787376997796,sell,77502.8,0.00019534,1046229654
1787376997775,sell,77502.8,0.0000645,1046229653
1787376997775,sell,77502.8,0.00000001,1046229652
1787376997386,buy,77501.6,0.00040268,1046229651
1787376997384,buy,77500,0.00008096,1046229650
1787376997384,buy,77499.7,0.00040069,1046229649
1787376997383,buy,77498.4,0.00001501,1046229648
1787376997373,buy,77490.7,0.00145529,1046229647
1787376997373,buy,77490.7,0.0014553,1046229646
1787376996986,buy,77493.9,0.00000001,1046229645
1787376996986,buy,77491,0.00040268,1046229644
1787376996986,buy,77490.6,0.000015,1046229643
1787376996986,buy,77490,0.00008096,1046229642
1787376996889,sell,77479.7,0.00040069,1046229641
1787376996889,sell,77480,0.00008096,1046229640
1787376996889,sell,77480.4,0.00040268,1046229639
1787376996889,sell,77483.5,0.00086801,1046229638
1787376996889,sell,77483.5,0.0007957,1046229637
1787376996663,buy,77483.6,0.00037459,1046229636
1787376996663,buy,77483.6,0.00001,1046229635
1787376996466,sell,77487.4,0.0007957,1046229634
1787376996464,sell,77490,0.00008096,1046229633
1787376996464,sell,77491,0.00040268,1046229632
1787376996464,sell,77491.3,0.0007957,1046229631
1787376996464,sell,77494.5,0.00000849,1046229630
1787377060594,sell,77277.8,0.0006189,1046230888
1787377060594,sell,77277.8,0.00257683,1046230887
1787377060594,sell,77277.8,0.00006427,1046230886
1787377060003,sell,77278.1,0.00001346,1046230885
1787377060003,sell,77278.2,0.0007957,1046230884
1787377060003,sell,77278.3,0.00001557,1046230883
1787377060003,sell,77278.8,0.00001137,1046230882
1787377060003,sell,77279,0.00003953,1046230881
1787377060003,sell,77279,0.00040268,1046230880
1787377060003,sell,77279.5,0.00001003,1046230879
1787377060003,sell,77279.7,0.00040069,1046230878
1787377060003,sell,77279.8,0.00005027,1046230877
1787377060003,sell,77279.8,0.00049997,1046230876
1787377060003,sell,77280,0.00004166,1046230875
1787377060003,sell,77280,0.00021115,1046230874
1787377060003,sell,77280,0.00001771,1046230873
1787377060003,sell,77280,0.00001196,1046230872
1787377060003,sell,77280,0.00008096,1046230871
1787377060003,sell,77280.5,0.00008033,1046230870
1787377059968,sell,77280.5,0.00317396,1046230869
1787377059968,sell,77280.5,0.00323042,1046230868
1787377059839,sell,77285,0.00019718,1046230867
1787377059680,sell,77285,0.00314,1046230866
1787377059471,sell,77285,0.00192793,1046230865
1787377059457,sell,77285,0.01212883,1046230864
1787377059457,sell,77285,0.00000001,1046230863
1787377059315,buy,77284.9,0.00188237,1046230862
1787377059313,buy,77283.9,0.00188238,1046230861
1787377059313,buy,77283.9,0.00004636,1046230860
1787377058945,sell,77283.8,0.01869423,1046230859
1787377058945,sell,77283.8,0.00000001,1046230858
1787377058868,buy,77280.6,0.03257868,1046230857
1787377058854,buy,77280.6,0.00009276,1046230856
1787377058681,buy,77280.6,0.00000999,1046230855
1787377058681,buy,77280.6,0.00000001,1046230854
1787377058524,sell,77281,0.00129966,1046230853
1787377058524,sell,77282.1,0.0007957,1046230852
1787377058524,sell,77282.2,0.00002399,1046230851
1787377058524,sell,77283,0.00007471,1046230850
1787377058524,sell,77283.5,0.00010608,1046230849
1787377058524,sell,77283.9,0.0000101,1046230848
1787377058521,sell,77284.6,0.00247219,1046230847
1787377058521,sell,77284.6,0.00247219,1046230846
1787377058521,sell,77284.6,0.00020285,1046230845
1787377058521,sell,77284.6,0.41889939,1046230844
1787377058516,sell,77284.6,0.03422221,1046230843
1787377058298,buy,77284.7,0.01293919,1046230842
1787377058089,sell,77284.6,0.0210138,1046230841
1787377058012,buy,77284.7,0.35350192,1046230840
1787377058012,buy,77284.7,0.0001616,1046230839
1787377058012,buy,77284.7,0.0001616,1046230838
1787377058012,buy,77284.7,0.0001616,1046230837
1787377058012,buy,77284.7,0.0691983,1046230836
1787377058012,buy,77284.7,0.1461616,1046230835
1787377058012,buy,77284.7,0.0988616,1046230834
1787377058012,buy,77284.7,0.0078,1046230833
1787377058012,buy,77284.7,0.0023548,1046230832
1787377058012,buy,77284.7,0.00235479,1046230831
1787377058012,buy,77284.7,0.01087607,1046230830
1787377058012,buy,77284.7,0.01087608,1046230829
1787377058012,buy,77284.7,0.1041,1046230828
1787377057763,sell,77284.6,0.0258646,1046230827
1787377056753,sell,77288.3,0.00001978,1046230826
1787377056541,buy,77284.7,0.0051,1046230825
1787377055990,sell,77288.4,0.00039506,1046230824
1787377055975,sell,77288.4,0.00250394,1046230823
1787377055975,sell,77288.4,0.0009,1046230822
1787377055975,sell,77288.4,0.00235467,1046230821
1787377055975,sell,77288.4,0.00235468,1046230820
1787377055372,sell,77288.4,0.00013232,1046230819
1787377055372,sell,77288.4,0.00235468,1046230818
1787377055372,sell,77288.4,0.00211834,1046230817
1787377055372,sell,77288.4,0.00013232,1046230816
1787377055372,sell,77288.4,0.00403232,1046230815
1787377055372,sell,77288.4,0.23603232,1046230814
1787377055372,sell,77288.4,0.00049384,1046230813
1787377055372,sell,77288.4,0.08955401,1046230812
1787377055372,sell,77288.4,0.00023633,1046230811
1787377055372,sell,77288.4,0.0094,1046230810
1787377055372,sell,77288.4,0.0009,1046230809
1787377055372,sell,77288.4,0.001,1046230808
1787377055372,sell,77288.4,0.10388978,1046230807
1787377055300,sell,77288.4,0.00021022,1046230806
1787377055300,sell,77288.4,0.00223651,1046230805
1787377055300,sell,77288.4,0.0022365,1046230804
1787377055300,sell,77288.4,0.00000001,1046230803
1787377055214,buy,77288.5,0.01293856,1046230802
1787377054851,sell,77288.4,0.00000999,1046230801
1787377054851,sell,77288.4,0.00061731,1046230800
1787377054851,sell,77288.4,0.00015808,1046230799
1787377054851,sell,77288.4,0.00015808,1046230798
1787377054851,sell,77288.4,0.1189,1046230797
1787377054851,sell,77288.4,0.08402309,1046230796
1787377054851,sell,77288.4,0.00001,1046230795
1787377054851,sell,77288.4,0.0009,1046230794
1787377054851,sell,77288.4,0.0094,1046230793
1787377054851,sell,77288.4,0.1041,1046230792
1787377054851,sell,77288.4,0.0011,1046230791
1787377054851,sell,77288.4,0.22765808,1046230790
1787377054851,sell,77288.4,0.00223651,1046230789
1787377115522,sell,77264.3,0.00001501,1046232387
1787377115443,sell,77274.7,0.00001,1046232386
1787377115443,sell,77274.7,0.00162159,1046232385
1787377115443,sell,77274.7,0.00001,1046232384
1787377115443,sell,77274.7,0.00116672,1046232383
1787377115443,sell,77274.7,0.00001,1046232382
1787377115443,sell,77274.7,0.00042479,1046232381
1787377115443,sell,77274.7,0.00001,1046232380
1787377115443,sell,77274.7,0.0094,1046232379
1787377115443,sell,77274.7,0.1041,1046232378
1787377115415,buy,77278.7,0.00019756,1046232377
1787377115415,buy,77274.8,0.00022822,1046232376
1787377115413,buy,77278.7,0.00004375,1046232375
1787377115413,buy,77274.1,0.0000102,1046232374
1787377115413,buy,77274,0.00023845,1046232373
1787377115413,buy,77272.2,0.00001501,1046232372
1787377115413,buy,77270,0.00008096,1046232371
1787377115413,buy,77268.4,0.00040268,1046232370
1787377115413,buy,77268.3,0.0000102,1046232369
1787377115413,buy,77267.8,0.0002988,1046232368
1787377115413,buy,77262.5,0.0000102,1046232367
1787377115413,buy,77262.1,0.0000102,1046232366
1787377115411,buy,77260,0.00795709,1046232365
1787377115411,buy,77260,0.00008096,1046232364
1787377115378,buy,77259.7,0.00003703,1046232363
1787377115378,buy,77259.7,0.00002265,1046232362
1787377115224,buy,77259.7,0.00000001,1046232361
1787377115224,buy,77259.7,0.00019484,1046232360
1787377115221,buy,77259.7,0.00031798,1046232359
1787377115221,buy,77259.7,0.00040069,1046232358
1787377115221,buy,77259.6,0.0000299,1046232357
1787377115221,buy,77259.6,0.00016495,1046232356
1787377115221,buy,77257.8,0.00040268,1046232355
1787377115220,buy,77253.2,0.0015914,1046232354
1787377115220,buy,77253.1,0.00280939,1046232353
1787377115220,buy,77253.1,0.00162204,1046232352
1787377115220,buy,77253.1,0.00306176,1046232351
1787377115220,buy,77253.1,0.00306177,1046232350
1787377115220,buy,77253.1,0.00162205,1046232349
1787377115220,buy,77253.1,0.00448004,1046232348
1787377115163,sell,77253,0.00118734,1046232347
1787377115163,sell,77253,0.00162205,1046232346
1787377115163,sell,77253,0.00207246,1046232345
1787377114877,sell,77253,0.00131651,1046232344
1787377113638,sell,77253,0.04582732,1046232343
1787377113638,sell,77253,0.10402268,1046232342
1787377113100,sell,77253,0.01211732,1046232341
1787377113100,sell,77253,0.02191526,1046232340
1787377112556,sell,77253,0.01531674,1046232339
1787377111677,sell,77250,0.00764192,1046232338
1787377111677,sell,77250,0.00000001,1046232337
1787377111060,buy,77250.1,0.00002588,1046232336
1787377110617,buy,77250,0.00010268,1046232335
1787377110617,buy,77244.8,0.0000102,1046232334
1787377110348,sell,77244.1,0.01209085,1046232333
1787377110215,sell,77244.4,0.02398537,1046232332
1787377110215,sell,77244.5,0.02337678,1046232331
1787377110215,sell,77246.6,0.012,1046232330
1787377110215,sell,77250,0.1041,1046232329
1787377110215,sell,77250,0.00150284,1046232328
1787377110215,sell,77250,0.00150284,1046232327
1787377110215,sell,77250,0.00307667,1046232326
1787377109884,sell,77250,0.01701888,1046232325
1787377109884,sell,77250,0.00005694,1046232324
1787377109884,sell,77250,0.00156538,1046232323
1787377109884,sell,77250,0.00005819,1046232322
1787377109884,sell,77250,0.00156576,1046232321
1787377109740,sell,77250,0.00347001,1046232320
1787377109403,buy,77250,0.00008096,1046232319
1787377109403,buy,77248.8,0.00001501,1046232318
1787377109403,buy,77247.2,0.00040268,1046232317
1787377109387,buy,77244.6,0.00025891,1046232316
1787377109341,buy,77240.4,0.0000102,1046232315
1787377109339,buy,77240,0.00002521,1046232314
1787377109339,buy,77240,0.00008096,1046232313
1787377109338,buy,77237,0.00014632,1046232312
1787377109338,buy,77237,0.00014632,1046232311
1787377109338,buy,77237,0.00014632,1046232310
1787377109338,buy,77237,0.00014632,1046232309
1787377109338,buy,77237,0.00014632,1046232308
1787377109338,buy,77237,0.00014632,1046232307
1787377109338,buy,77237,0.00014632,1046232306
1787377109338,buy,77237,0.00014632,1046232305
1787377109338,buy,77237,0.14774632,1046232304
1787377108971,buy,77236.6,0.00040268,1046232303
1787377107966,sell,77231.1,0.00415,1046232302
1787377107468,sell,77225.3,0.00001501,1046232301
1787377107468,sell,77226,0.00040268,1046232300
1787377107468,sell,77230,0.00008096,1046232299
1787377107313,sell,77233.1,0.00001501,1046232298
1787377107312,sell,77239.3,0.012,1046232297
1787377107294,sell,77246.1,0.00935929,1046232296
1787377107294,sell,77246.1,0.00001,1046232295
1787377107294,sell,77246.1,0.00001,1046232294
1787377107294,sell,77246.1,0.00001,1046232293
1787377107294,sell,77246.1,0.00156551,1046232292
1787377107294,sell,77246.1,0.0015452,1046232291
1787377107294,sell,77246.1,0.1041,1046232290
1787377107130,buy,77241,0.00001501,1046232289
1787377107130,buy,77240,0.00008096,1046232288
1787377170158,sell,77177.4,0.00001111,1046233024
1787377170158,sell,77177.4,0.00002373,1046233023
1787377170158,sell,77177.5,0.00001024,1046233022
1787377170158,sell,77177.5,0.00001138,1046233021
1787377170158,sell,77177.7,0.00004182,1046233020
1787377170158,sell,77178,0.00001436,1046233019
1787377170158,sell,77178.2,0.00005287,1046233018
1787377170158,sell,77179.2,0.00010382,1046233017
1787377170158,sell,77179.2,0.00001038,1046233016
1787377170158,sell,77179.4,0.0000102,1046233015
1787377170158,sell,77179.4,0.00006965,1046233014
1787377170158,sell,77179.4,0.00006974,1046233013
1787377170158,sell,77179.4,0.00001326,1046233012
1787377170158,sell,77179.7,0.00040069,1046233011
1787377170158,sell,77179.8,0.00001402,1046233010
1787377170158,sell,77179.9,0.00001265,1046233009
1787377170158,sell,77179.9,0.00062655,1046233008
1787377170158,sell,77180,0.00006898,1046233007
1787377170158,sell,77180,0.00055723,1046233006
1787377170158,sell,77180,0.00058829,1046233005
1787377170158,sell,77180,0.00001178,1046233004
1787377170158,sell,77180,0.00001138,1046233003
1787377170158,sell,77180,0.00006817,1046233002
1787377170158,sell,77180,0.00008096,1046233001
1787377170158,sell,77180.2,0.00000652,1046233000
1787377170146,sell,77180.5,0.00067743,1046232999
1787377170146,sell,77180.5,0.00221844,1046232998
1787377170145,sell,77180.2,0.00000608,1046232997
1787377170145,sell,77180.4,0.00007465,1046232996
1787377170145,sell,77180.4,0.00007783,1046232995
1787377170145,sell,77180.5,0.00037484,1046232994
1787377170145,sell,77180.5,0.0000266,1046232993
1787377170144,sell,77180.5,0.00025976,1046232992
1787377170144,sell,77180.5,0.00203102,1046232991
1787377170144,sell,77180.5,0.00203102,1046232990
1787377170144,sell,77180.5,0.0007957,1046232989
1787377169395,sell,77180.7,0.00001207,1046232988
1787377169395,sell,77180.8,0.00001009,1046232987
1787377169395,sell,77180.9,0.00004118,1046232986
1787377169395,sell,77181.3,0.00001777,1046232985
1787377169395,sell,77181.5,0.00001012,1046232984
1787377169395,sell,77181.8,0.00131257,1046232983
1787377169395,sell,77181.8,0.00070792,1046232982
1787377169395,sell,77181.8,0.00049516,1046232981
1787377169395,sell,77181.8,0.00002055,1046232980
1787377169395,sell,77181.8,0.00002727,1046232979
1787377169395,sell,77181.8,0.00006586,1046232978
1787377169395,sell,77181.8,0.00001019,1046232977
1787377169395,sell,77181.8,0.0000141,1046232976
1787377169395,sell,77181.8,0.00001174,1046232975
1787377169395,sell,77181.8,0.00013361,1046232974
1787377168758,buy,77181.9,0.00068538,1046232973
1787377168758,buy,77181.9,0.00000001,1046232972
1787377168386,sell,77181.8,0.0000646,1046232971
1787377168089,sell,77186.3,0.00061541,1046232970
1787377167832,sell,77186.3,0.00025499,1046232969
1787377167832,sell,77186.3,0.00001501,1046232968
1787377166240,buy,77186.9,0.0000102,1046232967
1787377165201,sell,77181.9,0.00001058,1046232966
1787377165201,sell,77182.1,0.00091344,1046232965
1787377165201,sell,77182.2,0.00001209,1046232964
1787377165201,sell,77182.4,0.00151767,1046232963
1787377165201,sell,77182.5,0.00004755,1046232962
1787377165201,sell,77182.7,0.00006706,1046232961
1787377165201,sell,77182.8,0.00001997,1046232960
1787377165200,sell,77183,0.00001184,1046232959
1787377165200,sell,77183.1,0.00001957,1046232958
1787377165200,sell,77183.3,0.0000211,1046232957
1787377165200,sell,77183.6,0.00040268,1046232956
1787377165200,sell,77183.9,0.01116515,1046232955
1787377165169,sell,77183.9,0.00340851,1046232954
1787377165169,sell,77184.4,0.00079579,1046232953
1787377165169,sell,77188.8,0.0007957,1046232952
1787377165155,sell,77193.5,0.01761596,1046232951
1787377164996,sell,77189.3,0.00188237,1046232950
1787377164995,sell,77190,0.00008096,1046232949
1787377164995,sell,77192.7,0.0007957,1046232948
1787377164994,sell,77193.5,0.01323187,1046232947
1787377164863,sell,77194,0.0000102,1046232946
1787377164863,sell,77194.2,0.00040268,1046232945
1787377164863,sell,77196.2,0.00029999,1046232944
1787377164863,sell,77196.6,0.0007957,1046232943
1787377164658,sell,77199.7,0.00040069,1046232942
1787377164658,sell,77200,0.0000102,1046232941
1787377164658,sell,77200,0.00027217,1046232940
1787377164658,sell,77200,0.00008096,1046232939
1787377164658,sell,77200.5,0.00070766,1046232938
1787377164658,sell,77200.5,0.0007957,1046232937
1787377164654,buy,77200.6,0.00012016,1046232936
1787377164654,buy,77200.6,0.00000001,1046232935
1787377164119,sell,77201.9,0.000015,1046232934
1787377164115,sell,77202.3,0.00001501,1046232933
1787377164115,sell,77204.4,0.0007957,1046232932
1787377164115,sell,77204.4,0.0000102,1046232931
1787377164115,sell,77204.8,0.00040268,1046232930
1787377164115,sell,77208.3,0.0007957,1046232929
1787377164075,sell,77209.6,0.00029432,1046232928
1787377164075,sell,77209.6,0.00014832,1046232927
1787377164075,sell,77209.7,0.00001501,1046232926
1787377164075,sell,77210,0.00008096,1046232925
1787378338407,sell,77476.7,0.0012977,1046250739
1787378337826,sell,77475.4,0.02556484,1046250738
1787378337826,sell,77476.7,0.00094329,1046250737
1787378337826,sell,77480,0.00185687,1046250736
1787378337826,sell,77480,0.00001,1046250735
1787378337826,sell,77480,0.00186687,1046250734
1787378337366,sell,77480,0.00116037,1046250733
1787378337346,buy,77475.5,0.01333324,1046250732
1787378337270,buy,77480,0.00008096,1046250731
1787378337270,buy,77476.9,0.00069483,1046250730
1787378337179,sell,77469.9,0.02900285,1046250729
1787378337179,sell,77469.9,0.0011,1046250728
1787378337179,sell,77469.9,0.00258948,1046250727
1787378336944,sell,77469.9,0.00056109,1046250726
1787378336926,sell,77470,0.00008096,1046250725
1787378336926,sell,77470.1,0.00025484,1046250724
1787378336924,sell,77470.6,0.0059373,1046250723
1787378336924,sell,77473.1,0.00331286,1046250722
1787378336922,sell,77476.2,0.01290718,1046250721
1787378336922,sell,77476.8,0.00119183,1046250720
1787378336922,sell,77480,0.00155452,1046250719
1787378336922,sell,77480,0.00186687,1046250718
1787378336922,sell,77480,0.00031235,1046250717
1787378336922,sell,77480,0.01152995,1046250716
1787378336922,sell,77480,0.11293183,1046250715
1787378336621,sell,77480,0.069154,1046250714
1787378335899,sell,77480,0.00324399,1046250713
1787378335899,sell,77480,0.00001,1046250712
1787378335899,sell,77480,0.00189145,1046250711
1787378335899,sell,77480,0.00001,1046250710
1787378335899,sell,77480,0.00150994,1046250709
1787378335137,sell,77480,0.00037145,1046250708
1787378335087,buy,77480.1,0.00532265,1046250707
1787378334861,sell,77480,0.02920962,1046250706
1787378334861,sell,77480,0.00000001,1046250705
1787378334859,buy,77480.1,0.00064532,1046250704
1787378334426,buy,77480,0.0000139,1046250703
1787378334426,buy,77480,0.0000129,1046250702
1787378334426,buy,77480,0.00008096,1046250701
1787378334426,buy,77479.7,0.00040069,1046250700
1787378334426,buy,77479.3,0.00001568,1046250699
1787378334426,buy,77479.1,0.00005979,1046250698
1787378334426,buy,77478.8,0.00001344,1046250697
1787378334426,buy,77477.7,0.00012939,1046250696
1787378334426,buy,77476.5,0.00004753,1046250695
1787378334426,buy,77475.5,0.00019786,1046250694
1787378334417,buy,77475.5,0.00028899,1046250693
1787378334414,buy,77475.5,0.00075899,1046250692
1787378334414,buy,77475.5,0.06414416,1046250691
1787378334414,buy,77475,0.00001195,1046250690
1787378334414,buy,77472.2,0.00003705,1046250689
1787378334413,buy,77471.3,0.00069978,1046250688
1787378334413,buy,77470.8,0.00314941,1046250687
1787378334413,buy,77470,0.00008096,1046250686
1787378334413,buy,77469.9,0.0018917,1046250685
1787378334413,buy,77469.9,0.0018917,1046250684
1787378334413,buy,77469.9,0.0002138,1046250683
1787378334413,buy,77469.9,0.00377281,1046250682
1787378333974,sell,77469.8,0.00786765,1046250681
1787378333276,sell,77469.8,0.00488452,1046250680
1787378332449,sell,77469.8,0.03690349,1046250679
1787378331739,buy,77469.9,0.00002581,1046250678
1787378331450,sell,77469.8,0.0054,1046250677
1787378327693,buy,77469.9,0.00736802,1046250676
1787378327600,sell,77469.8,0.00628457,1046250675
1787378327600,sell,77469.8,0.00041592,1046250674
1787378327600,sell,77469.8,0.00191995,1046250673
1787378327600,sell,77469.8,0.00191981,1046250672
1787378327275,buy,77469.9,0.01166877,1046250671
1787378327275,buy,77469.8,0.00040268,1046250670
1787378327275,buy,77469.7,0.00033944,1046250669
1787378327275,buy,77466,0.0000102,1046250668
1787378327275,buy,77465.4,0.02581334,1046250667
1787378327275,buy,77460.1,0.0000102,1046250666
1787378327275,buy,77460,0.00008096,1046250665
1787378327275,buy,77459.7,0.00040069,1046250664
1787378327198,buy,77459.3,0.00049984,1046250663
1787378327198,buy,77459.2,0.00040268,1046250662
1787378327198,buy,77459.1,0.00012474,1046250661
1787378327196,buy,77455.9,0.00715709,1046250660
1787378327195,buy,77455.9,0.0008,1046250659
1787378327195,buy,77451.9,0.00001306,1046250658
1787378327194,buy,77451.9,0.00011579,1046250657
1787378327194,buy,77451.9,0.02328421,1046250656
1787378325720,buy,77451.7,0.00033569,1046250655
1787378325720,buy,77451.7,0.00033569,1046250654
1787378325719,buy,77451.7,0.00033741,1046250653
1787378325460,buy,77451.7,0.00160065,1046250652
1787378325170,buy,77451.7,0.00041548,1046250651
1787378324197,buy,77451.7,0.00130743,1046250650
1787378324197,buy,77451.7,0.00192038,1046250649
1787378323322,buy,77451.7,0.00598472,1046250648
1787378323322,buy,77451.7,0.00175326,1046250647
1787378323322,buy,77451.7,0.00175326,1046250646
1787378323322,buy,77451.7,0.00050449,1046250645
1787378323322,buy,77451.7,0.00192038,1046250644
1787378323322,buy,77451.7,0.00192038,1046250643
1787378323322,buy,77451.7,0.00076309,1046250642
1787378323322,buy,77451.7,0.00964391,1046250641
1787378322757,buy,77451.7,0.00086787,1046250640
1787378393990,sell,77399.1,0.00348593,1046251216
1787378393276,sell,77399.1,0.01117263,1046251215
1787378392335,sell,77399.1,0.04830089,1046251214
1787378391934,buy,77400,0.00008096,1046251213
1787378391934,buy,77399.7,0.00040069,1046251212
1787378391933,buy,77395.9,0.0000102,1046251211
1787378391933,buy,77395.6,0.00040268,1046251210
1787378391933,buy,77395.1,0.00056989,1046251209
1787378391456,sell,77395,0.00114001,1046251208
1787378391445,buy,77390.4,0.0000102,1046251207
1787378391445,buy,77390,0.00008096,1046251206
1787378390746,buy,77384.4,0.00000001,1046251205
1787378390746,buy,77382.9,0.0007957,1046251204
1787378390703,buy,77378.7,0.00242774,1046251203
1787378390703,buy,77378.7,0.00241789,1046251202
1787378390703,buy,77378.7,0.00262305,1046251201
1787378390703,buy,77378.7,0.00262313,1046251200
1787378390703,buy,77378.7,0.00001,1046251199
1787378390703,buy,77378.7,0.00001,1046251198
1787378390703,buy,77378.7,0.01410873,1046251197
1787378390703,buy,77378.7,0.01034094,1046251196
1787378390703,buy,77378.7,0.01788211,1046251195
1787378390703,buy,77378.7,0.027779,1046251194
1787378390703,buy,77378.7,0.037005,1046251193
1787378390703,buy,77378.7,0.01711793,1046251192
1787378390703,buy,77378.7,0.01113907,1046251191
1787378390488,sell,77379,0.0007957,1046251190
1787378390488,sell,77379.7,0.00040069,1046251189
1787378390488,sell,77380,0.00008096,1046251188
1787378390488,sell,77381.1,0.00071081,1046251187
1787378390365,buy,77381.2,0.00048458,1046251186
1787378390365,buy,77381.2,0.00000001,1046251185
1787378388066,sell,77382.9,0.00079579,1046251184
1787378388066,sell,77385,0.00040268,1046251183
1787378388058,sell,77385.4,0.00119848,1046251182
1787378388058,sell,77385.4,0.00020559,1046251181
1787378388057,sell,77385.4,0.01271674,1046251180
1787378388050,sell,77386.1,0.00001501,1046251179
1787378388050,sell,77389.9,0.00004909,1046251178
1787378388049,sell,77389.9,0.010209,1046251177
1787378388049,sell,77389.9,0.00250107,1046251176
1787378388049,sell,77389.9,0.00250107,1046251175
1787378388049,sell,77389.9,0.00228886,1046251174
1787378387848,sell,77389.9,0.00942926,1046251173
1787378387220,sell,77389.9,0.00130725,1046251172
1787378387220,sell,77390,0.00008096,1046251171
1787378387213,sell,77390.5,0.0000102,1046251170
1787378387210,sell,77392.9,0.00540136,1046251169
1787378387196,sell,77396.8,0.00706112,1046251168
1787378387196,sell,77396.8,0.01033888,1046251167
1787378386971,sell,77396.8,0.01545557,1046251166
1787378385666,sell,77403,0.0000102,1046251165
1787378385665,sell,77403.5,0.0026285,1046251164
1787378385665,sell,77403.5,0.00001,1046251163
1787378385665,sell,77403.5,0.00008396,1046251162
1787378385665,sell,77403.5,0.00254417,1046251161
1787378385013,sell,77403.5,0.00001,1046251160
1787378385012,buy,77400,0.00008096,1046251159
1787378385010,buy,77398.8,0.00009852,1046251158
1787378385009,buy,77396.2,0.0000102,1046251157
1787378384985,buy,77387.1,0.00016896,1046251156
1787378384985,buy,77387.1,0.01507875,1046251155
1787378384985,buy,77387.1,0.0056,1046251154
1787378384985,buy,77387.1,0.00020133,1046251153
1787378384985,buy,77387.1,0.01507818,1046251152
1787378384985,buy,77387.1,0.00271354,1046251151
1787378384985,buy,77387.1,0.00010037,1046251150
1787378384985,buy,77387.1,0.00261317,1046251149
1787378384985,buy,77387.1,0.0003505,1046251148
1787378384298,sell,77395.3,0.00277616,1046251147
1787378384298,sell,77395.3,0.00001,1046251146
1787378384298,sell,77395.3,0.00001,1046251145
1787378384298,sell,77395.3,0.00280384,1046251144
1787378383766,buy,77395.4,0.0608607,1046251143
1787378383766,buy,77395.4,0.00001501,1046251142
1787378383134,buy,77393.5,0.00112884,1046251141
1787378382084,sell,77387,0.06309245,1046251140
1787378382084,sell,77387,0.00055433,1046251139
1787378382084,sell,77387,0.00253704,1046251138
1787378382084,sell,77387,0.00253705,1046251137
1787378382084,sell,77387,0.01289761,1046251136
1787378381293,sell,77387,0.00253619,1046251135
1787378381293,sell,77387,0.00253704,1046251134
1787378381293,sell,77387,0.01349977,1046251133
1787378381286,buy,77387.1,0.02960779,1046251132
1787378381286,buy,77387.1,0.00000001,1046251131
1787378381043,sell,77387.1,0.0011,1046251130
1787378380503,sell,77387.1,0.00001292,1046251129
1787378380182,buy,77387.2,0.00029774,1046251128
1787378379597,buy,77387.2,0.00002584,1046251127
1787378379193,buy,77387.2,0.00025244,1046251126
1787378378837,buy,77385.9,0.0000102,1046251125
1787378378021,sell,77385.5,0.00081371,1046251124
1787378377018,sell,77385.8,0.00032891,1046251123
1787378377018,sell,77386.1,0.000015,1046251122
1787378377017,sell,77389.6,0.01439538,1046251121
1787378377005,sell,77386.8,0.00032889,1046251120
1787378377005,sell,77387.3,0.0007957,1046251119
1787378377005,sell,77390,0.00008096,1046251118
1787378377004,sell,77391.2,0.0007957,1046251117
1787378449279,buy,77416.4,0.00136028,1046251752
1787378448763,buy,77416.4,0.02194612,1046251751
1787378448763,buy,77416.4,0.02337522,1046251750
1787378448763,buy,77416.4,0.00204268,1046251749
1787378448763,buy,77416.4,0.00204268,1046251748
1787378448763,buy,77416.4,0.00485029,1046251747
1787378448470,buy,77416.4,0.00119681,1046251746
1787378447365,buy,77416.4,0.00187641,1046251745
1787378444816,sell,77416.3,0.00100836,1046251744
1787378444816,sell,77416.3,0.00000001,1046251743
1787378444769,buy,77414.1,0.00075122,1046251742
1787378443663,buy,77410.2,0.00001019,1046251741
1787378443174,buy,77410.2,0.0006259,1046251740
1787378443174,buy,77410.2,0.00001,1046251739
1787378443174,buy,77410.2,0.00001,1046251738
1787378442185,buy,77410.2,0.00074,1046251737
1787378441024,sell,77410.1,0.00000001,1046251736
1787378441024,sell,77410.1,0.00129183,1046251735
1787378441023,sell,77412.6,0.0000102,1046251734
1787378441023,sell,77413.1,0.0000102,1046251733
1787378440486,buy,77413.6,0.0000102,1046251732
1787378440486,buy,77412.5,0.00001886,1046251731
1787378440486,buy,77406.3,0.00097222,1046251730
1787378440400,buy,77406.3,0.00475827,1046251729
1787378439424,sell,77413.6,0.00634599,1046251728
1787378439044,buy,77416.4,0.00003358,1046251727
1787378438517,buy,77413.7,0.0713671,1046251726
1787378438497,buy,77413.6,0.00032241,1046251725
1787378438363,buy,77406.3,0.00007751,1046251724
1787378437509,buy,77406.5,0.00001504,1046251723
1787378437445,sell,77413.5,0.00019495,1046251722
1787378437440,buy,77412.2,0.00019395,1046251721
1787378437440,buy,77411.4,0.0002999,1046251720
1787378437440,buy,77410,0.00008096,1046251719
1787378437440,buy,77406.3,0.00039448,1046251718
1787378437440,buy,77406.3,0.0000361,1046251717
1787378437273,buy,77406.3,0.00065725,1046251716
1787378437273,buy,77406.3,0.0009,1046251715
1787378437273,buy,77406.3,0.00008659,1046251714
1787378437123,buy,77406.2,0.00040268,1046251713
1787378437121,buy,77402,0.0000102,1046251712
1787378437120,buy,77400.3,0.00004161,1046251711
1787378437119,buy,77399.8,0.00008736,1046251710
1787378437119,buy,77396,0.01033918,1046251709
1787378437119,buy,77396,0.00184299,1046251708
1787378437119,buy,77396,0.001843,1046251707
1787378437119,buy,77396,0.00198559,1046251706
1787378437119,buy,77396,0.00198559,1046251705
1787378437119,buy,77396,0.00002157,1046251704
1787378437119,buy,77396,0.00817893,1046251703
1787378436101,buy,77396,0.00239923,1046251702
1787378436101,buy,77396,0.01033922,1046251701
1787378436101,buy,77396,0.00171118,1046251700
1787378434540,sell,77395.9,0.00899909,1046251699
1787378434478,buy,77396,0.00021448,1046251698
1787378433992,buy,77396,0.0001292,1046251697
1787378432980,buy,77395.1,0.64603573,1046251696
1787378432747,buy,77396,0.0000218,1046251695
1787378431783,sell,77395.9,0.10089481,1046251694
1787378431783,sell,77395.9,0.0011,1046251693
1787378431783,sell,77395.9,0.0094,1046251692
1787378431783,sell,77395.9,0.00019884,1046251691
1787378431783,sell,77395.9,0.00001,1046251690
1787378431783,sell,77395.9,0.00188117,1046251689
1787378431783,sell,77395.9,0.00188117,1046251688
1787378430797,sell,77395.9,0.00286205,1046251687
1787378430797,sell,77400.2,0.00007055,1046251686
1787378430797,sell,77400.2,0.00175866,1046251685
1787378430797,sell,77400.2,0.00016494,1046251684
1787378430797,sell,77400.2,0.00001,1046251683
1787378430797,sell,77400.2,0.00175819,1046251682
1787378430797,sell,77400.2,0.0037138,1046251681
1787378430253,sell,77400.2,0.00016884,1046251680
1787378430045,sell,77400.2,0.00551736,1046251679
1787378430045,sell,77400.2,0.0009,1046251678
1787378429493,buy,77400.3,0.00016192,1046251677
1787378429493,buy,77400,0.00008096,1046251676
1787378429493,buy,77399.9,0.0000946,1046251675
1787378429493,buy,77399.9,0.00006074,1046251674
1787378429493,buy,77395.6,0.00040268,1046251673
1787378429493,buy,77395.4,0.0000102,1046251672
1787378429493,buy,77394.4,0.0000102,1046251671
1787378429493,buy,77393.6,0.0000102,1046251670
1787378429492,buy,77392.8,0.0010466,1046251669
1787378429390,buy,77392.8,0.00020673,1046251668
1787378429388,buy,77392.8,0.00002584,1046251667
1787378429387,buy,77392.8,0.00155053,1046251666
1787378429386,buy,77392.8,0.00003876,1046251665
1787378429385,buy,77392.8,0.00025842,1046251664
1787378429382,buy,77392.8,0.00077526,1046251663
1787378429361,buy,77392.8,0.00025842,1046251662
1787378428590,buy,77392.8,0.00025842,1046251661
1787378428589,buy,77392.8,0.00045223,1046251660
1787378428586,buy,77392.8,0.0000646,1046251659
1787378428583,buy,77392.8,0.0000646,1046251658
1787378428483,buy,77392.8,0.00002584,1046251657
1787378427922,buy,77390.8,0.0000102,1046251656
1787378427922,buy,77389.7,0.0000102,1046251655
1787378427813,buy,77387.7,0.00002584,1046251654
1787378427813,buy,77387.7,0.0000646,1046251653
1787378504329,sell,77408.6,0.10351801,1046252225
1787378504329,sell,77408.6,0.0011,1046252224
1787378504329,sell,77408.6,0.0617314,1046252223
1787378504329,sell,77408.6,0.00153528,1046252222
1787378504329,sell,77408.6,0.00001,1046252221
1787378504329,sell,77408.6,0.00152507,1046252220
1787378504329,sell,77408.6,0.00001,1046252219
1787378504329,sell,77408.6,0.01033763,1046252218
1787378504329,sell,77408.6,0.01206985,1046252217
1787378504093,buy,77408.7,0.00193776,1046252216
1787378503485,buy,77408.7,0.00241292,1046252215
1787378503485,buy,77408.7,0.0094,1046252214
1787378503485,buy,77408.7,0.0011,1046252213
1787378502483,sell,77408.6,0.00480191,1046252212
1787378502433,buy,77406.2,0.00003397,1046252211
1787378502428,buy,77406.2,0.00036871,1046252210
1787378502428,buy,77402.7,0.00003398,1046252209
1787378502428,buy,77400,0.00008096,1046252208
1787378502423,buy,77398.5,0.00003489,1046252207
1787378502420,buy,77391.8,0.01109155,1046252206
1787378502299,sell,77391.7,0.00031397,1046252205
1787378502299,sell,77391.7,0.00000001,1046252204
1787378502103,buy,77390.4,0.0000102,1046252203
1787378501815,sell,77385.9,0.00015147,1046252202
1787378501814,buy,77389.6,0.00136606,1046252201
1787378501814,sell,77390,0.00039448,1046252200
1787378501809,sell,77395.9,0.0015325,1046252199
1787378501809,sell,77395.9,0.00153251,1046252198
1787378501715,sell,77395.9,0.00153017,1046252197
1787378501715,sell,77395.9,0.00161953,1046252196
1787378501715,sell,77395.9,0.00161953,1046252195
1787378500125,sell,77390,0.00008096,1046252194
1787378500116,sell,77395.4,0.00127852,1046252193
1787378500114,sell,77395.6,0.00040268,1046252192
1787378500114,buy,77397.9,0.00151783,1046252191
1787378500113,sell,77398.5,0.000015,1046252190
1787378500111,sell,77400,0.00008096,1046252189
1787378500106,sell,77403.1,0.06,1046252188
1787378500106,sell,77403.6,0.029295,1046252187
1787378500106,sell,77403.6,0.00141,1046252186
1787378500106,sell,77405.9,0.06,1046252185
1787378500106,sell,77406.3,0.029295,1046252184
1787378500106,sell,77406.3,0.030705,1046252183
1787378500106,sell,77406.4,0.06,1046252182
1787378500106,sell,77406.5,0.16,1046252181
1787378500106,sell,77406.7,0.00646044,1046252180
1787378500105,sell,77409.5,0.0000102,1046252179
1787378500105,sell,77409.9,0.11624694,1046252178
1787378500105,sell,77411,0.00001847,1046252177
1787378500105,sell,77411.5,0.0000102,1046252176
1787378500105,sell,77411.9,0.012,1046252175
1787378500105,sell,77412.2,0.11624334,1046252174
1787378500105,sell,77412.4,0.00004129,1046252173
1787378500105,sell,77412.4,0.00159854,1046252172
1787378500105,sell,77412.4,0.00159854,1046252171
1787378500105,sell,77412.4,0.0094,1046252170
1787378500105,sell,77412.4,0.01312004,1046252169
1787378500105,sell,77412.4,0.1041,1046252168
1787378500105,sell,77412.4,0.0011,1046252167
1787378500105,sell,77412.4,0.01033714,1046252166
1787378500105,sell,77412.4,0.01643618,1046252165
1787378500105,sell,77412.4,0.04360623,1046252164
1787378498463,sell,77412.4,0.00938253,1046252163
1787378498310,buy,77412.5,0.00010334,1046252162
1787378498274,buy,77412.5,0.00042004,1046252161
1787378498274,buy,77412.5,0.00025995,1046252160
1787378497975,sell,77412.4,0.01361757,1046252159
1787378497975,sell,77412.4,0.00000001,1046252158
1787378495958,buy,77411.4,0.0002999,1046252157
1787378495958,buy,77410.8,0.00001501,1046252156
1787378495958,buy,77410,0.00008096,1046252155
1787378495957,buy,77406.5,0.0073264,1046252154
1787378495879,buy,77406.2,0.00000001,1046252153
1787378495879,buy,77406.2,0.00040268,1046252152
1787378495807,buy,77403.1,0.00001501,1046252151
1787378495807,buy,77402,0.0000102,1046252150
1787378495805,buy,77400,0.00008096,1046252149
1787378495803,buy,77395.4,0.00001501,1046252148
1787378495802,buy,77392,0.01021674,1046252147
1787378495764,sell,77391.9,0.00013639,1046252146
1787378495509,sell,77385.2,0.00001143,1046252145
1787378493866,sell,77390,0.00008096,1046252144
1787378493847,buy,77393.5,0.00142877,1046252143
1787378493844,sell,77396.8,0.0000102,1046252142
1787378493843,sell,77397,0.00373847,1046252141
1787378493842,sell,77397,0.020214,1046252140
1787378493841,sell,77398.2,0.00017188,1046252139
1787378493841,sell,77398.2,0.0015962,1046252138
1787378493841,sell,77398.2,0.00158641,1046252137
1787378493841,sell,77398.2,0.00001,1046252136
1787378493841,sell,77398.2,0.12177188,1046252135
1787378493841,sell,77398.2,0.0011,1046252134
1787378493841,sell,77398.2,0.01033866,1046252133
1787378493841,sell,77398.2,0.0612469,1046252132
1787378493709,sell,77403,0.00020937,1046252131
1787378493709,sell,77403,0.00001,1046252130
1787378493709,sell,77403,0.00002422,1046252129
1787378493709,sell,77403,0.00127451,1046252128
1787378493709,sell,77403,0.00027628,1046252127
1787378493709,sell,77403,0.00127453,1046252126
1787378558591,buy,77361,0.00002155,1046252911
1787378558591,buy,77361,0.00005988,1046252910
1787378558415,sell,77360.9,0.00005742,1046252909
1787378558415,sell,77360.9,0.00027758,1046252908
1787378556691,sell,77360.9,0.00227126,1046252907
1787378556370,buy,77360.1,0.00111913,1046252906
1787378556370,buy,77360,0.00008096,1046252905
1787378556370,buy,77359.8,0.0000102,1046252904
1787378556368,buy,77356.2,0.00041763,1046252903
1787378555466,buy,77355.5,0.0000102,1046252902
1787378555461,buy,77349.9,0.0008353,1046252901
1787378555459,buy,77345.4,0.00039361,1046252900
1787378555459,buy,77345.4,0.00265306,1046252899
1787378555459,buy,77345.4,0.00019612,1046252898
1787378555459,buy,77345.4,0.00265368,1046252897
1787378555459,buy,77345.4,0.00001,1046252896
1787378555459,buy,77345.4,0.00001,1046252895
1787378555459,buy,77345.4,0.00207284,1046252894
1787378555459,buy,77345.4,0.000066,1046252893
1787378555459,buy,77345.4,0.00001,1046252892
1787378555459,buy,77345.4,0.00207283,1046252891
1787378555385,buy,77345.4,0.00737226,1046252890
1787378555193,sell,77345.3,0.00025755,1046252889
1787378554675,buy,77345.4,0.00336675,1046252888
1787378554675,buy,77345.4,0.00000001,1046252887
1787378554401,sell,77345.4,0.0002347,1046252886
1787378554399,sell,77347.7,0.00003878,1046252885
1787378554399,sell,77349.8,0.0000102,1046252884
1787378554399,sell,77350,0.00008096,1046252883
1787378554399,sell,77353.2,0.00040268,1046252882
1787378554397,sell,77356,0.00279904,1046252881
1787378554397,sell,77356,0.00279905,1046252880
1787378554397,sell,77356,0.00214786,1046252879
1787378554397,sell,77356,0.00220525,1046252878
1787378553683,buy,77356.1,0.0002752,1046252877
1787378553683,buy,77356.1,0.00001021,1046252876
1787378553612,sell,77356,0.00577747,1046252875
1787378552656,sell,77356,0.00494452,1046252874
1787378551416,sell,77356.3,0.00039389,1046252873
1787378551416,sell,77356.4,0.00045128,1046252872
1787378551415,sell,77358,0.00004417,1046252871
1787378551413,sell,77360.1,0.00221496,1046252870
1787378550973,sell,77360.1,0.00121477,1046252869
1787378550973,sell,77360.1,0.00006598,1046252868
1787378550973,sell,77360.1,0.0009,1046252867
1787378550973,sell,77360.1,0.00221925,1046252866
1787378550954,sell,77360.1,0.00044367,1046252865
1787378550954,sell,77360.1,0.00001,1046252864
1787378550954,sell,77360.1,0.00044633,1046252863
1787378550908,sell,77360.1,0.00027025,1046252862
1787378550828,sell,77360.1,0.0019462,1046252861
1787378550828,sell,77360.1,0.00525022,1046252860
1787378548681,sell,77362.9,0.00007124,1046252859
1787378548510,buy,77356.3,0.0009,1046252858
1787378548510,buy,77356.3,0.0002707,1046252857
1787378548510,buy,77356.3,0.00226402,1046252856
1787378548510,buy,77356.3,0.00001,1046252855
1787378548510,buy,77356.3,0.00001,1046252854
1787378548510,buy,77356.3,0.00228365,1046252853
1787378548510,buy,77356.3,0.00001,1046252852
1787378548510,buy,77356.3,0.00001,1046252851
1787378548510,buy,77356.3,0.00045773,1046252850
1787378548510,buy,77356.3,0.00001,1046252849
1787378548189,sell,77360,0.00008096,1046252848
1787378548189,sell,77360,0.0004152,1046252847
1787378548189,sell,77360.1,0.00120585,1046252846
1787378548187,sell,77363.5,0.00046856,1046252845
1787378548187,sell,77364.3,0.0000102,1046252844
1787378547133,sell,77368.8,0.00009477,1046252843
1787378547133,sell,77368.8,0.00046752,1046252842
1787378547133,sell,77368.8,0.00001,1046252841
1787378547133,sell,77368.8,0.00228381,1046252840
1787378547133,sell,77368.8,0.00218888,1046252839
1787378546554,buy,77368.9,0.00153426,1046252838
1787378546454,buy,77368.9,0.00033267,1046252837
1787378546451,buy,77368.9,0.00051651,1046252836
1787378546449,buy,77368.9,0.00068437,1046252835
1787378546128,sell,77368.8,0.00008477,1046252834
1787378546128,sell,77368.8,0.00001,1046252833
1787378545416,buy,77366,0.0000102,1046252832
1787378545415,buy,77363.5,0.00006413,1046252831
1787378545415,buy,77363.5,0.00003223,1046252830
1787378545415,buy,77363.5,0.00228379,1046252829
1787378545415,buy,77363.5,0.00221,1046252828
1787378545415,buy,77363.5,0.00001,1046252827
1787378545313,buy,77363.5,0.00012407,1046252826
1787378545313,buy,77363.5,0.00000001,1046252825
1787378545157,sell,77368.9,0.0000102,1046252824
1787378545156,sell,77369.2,0.00001,1046252823
1787378545156,sell,77369.2,0.00234792,1046252822
1787378545156,sell,77369.2,0.0023479,1046252821
1787378544129,buy,77370,0.00008096,1046252820
1787378544129,buy,77367.1,0.0000102,1046252819
1787378544129,buy,77364.6,0.00001501,1046252818
1787378544129,buy,77363.8,0.00040268,1046252817
1787378544129,buy,77362.7,0.00036979,1046252816
1787378544129,buy,77360.3,0.0000102,1046252815
1787378544128,buy,77360,0.0023482,1046252814
1787378544128,buy,77360,0.0023482,1046252813
1787378544128,buy,77360,0.00007999,1046252812
1787381610464,sell,77488.2,0.00128975,1046283207
1787381610182,buy,77488.3,0.0004419,1046283206
1787381608727,sell,77488.2,0.00016597,1046283205
1787381608727,sell,77488.2,0.00000001,1046283204
1787381608071,buy,77487.8,0.00091466,1046283203
1787381608071,buy,77487.2,0.0003451,1046283202
1787381608071,buy,77487.2,0.00040163,1046283201
1787381608062,sell,77487.1,0.0417488,1046283200
1787381608061,sell,77487.1,0.1249,1046283199
1787381608060,sell,77487.1,0.05032382,1046283198
1787381608060,sell,77487.1,0.00001296,1046283197
1787381608057,buy,77485.2,0.00001295,1046283196
1787381608057,buy,77483.3,0.0002997,1046283195
1787381608057,buy,77482.9,0.00001295,1046283194
1787381608057,buy,77481,0.000015,1046283193
1787381608057,buy,77480.5,0.00033307,1046283192
1787381608055,buy,77480.5,0.00095757,1046283191
1787381608055,buy,77480.4,0.00040268,1046283190
1787381608055,buy,77480,0.00008096,1046283189
1787381608055,buy,77479.7,0.00040069,1046283188
1787381608055,buy,77479.6,0.00032974,1046283187
1787381608055,buy,77479.6,0.00034394,1046283186
1787381608055,buy,77478.4,0.00001295,1046283185
1787381608004,sell,77477.3,0.0004989,1046283184
1787381608004,sell,77477.3,0.0007918,1046283183
1787381608003,buy,77477.4,0.00002316,1046283182
1787381608002,buy,77476.2,0.00001295,1046283181
1787381608002,buy,77473.9,0.00001295,1046283180
1787381608002,buy,77471.8,0.0000102,1046283179
1787381608001,buy,77470,0.00008096,1046283178
1787381608001,buy,77469.8,0.00040268,1046283177
1787381608001,buy,77469.7,0.00014836,1046283176
1787381608001,buy,77469.7,0.00012977,1046283175
1787381608001,buy,77469.3,0.01,1046283174
1787381607977,buy,77467.5,0.00003944,1046283173
1787381607977,buy,77467.2,0.00001295,1046283172
1787381607977,buy,77465.6,0.00001501,1046283171
1787381607977,buy,77465,0.00001295,1046283170
1787381607977,buy,77464.4,0.00010937,1046283169
1787381607977,buy,77464.3,0.00012602,1046283168
1787381607974,buy,77460.7,0.00022134,1046283167
1787381607974,buy,77460.7,0.1198729,1046283166
1787381607974,buy,77460.7,0.00182327,1046283165
1787381607974,buy,77460.7,0.00182327,1046283164
1787381607974,buy,77460.7,0.00707998,1046283163
1787381607446,buy,77460.7,0.00012908,1046283162
1787381607063,buy,77460.7,0.00090368,1046283161
1787381606887,buy,77460.5,0.0000102,1046283160
1787381606887,buy,77460.5,0.00001295,1046283159
1787381606887,buy,77460,0.00008096,1046283158
1787381606887,buy,77459.7,0.00040069,1046283157
1787381606887,buy,77459.2,0.00040268,1046283156
1787381606887,buy,77457.9,0.0000102,1046283155
1787381606885,buy,77457.8,0.0001,1046283154
1787381606885,buy,77457.8,0.1644,1046283153
1787381606884,buy,77457.2,0.0000102,1046283152
1787381606883,buy,77456.7,0.00120331,1046283151
1787381606883,buy,77456.7,0.00120331,1046283150
1787381606883,buy,77456.7,0.00182337,1046283149
1787381606883,buy,77456.7,0.00182336,1046283148
1787381606883,buy,77456.7,0.1175089,1046283147
1787381606837,sell,77456.6,0.00104651,1046283146
1787381605303,buy,77456.7,0.00107952,1046283145
1787381605303,buy,77456.7,0.000086,1046283144
1787381605303,buy,77456.7,0.00012552,1046283143
1787381605115,sell,77456.6,0.00031985,1046283142
1787381604795,buy,77456.7,0.06378842,1046283141
1787381604795,buy,77456.7,0.00076377,1046283140
1787381604628,sell,77456.6,0.00037228,1046283139
1787381604628,sell,77456.6,0.00000001,1046283138
1787381602137,buy,77456.7,0.00032017,1046283137
1787381601804,buy,77456.6,0.00014735,1046283136
1787381601804,buy,77456.6,0.00004468,1046283135
1787381601606,buy,77447.6,0.0001196,1046283134
1787381601606,buy,77447.6,0.00003694,1046283133
1787381601586,sell,77448.5,0.00052,1046283132
1787381601586,sell,77452.2,0.0078,1046283131
1787381601584,sell,77452.2,0.08288692,1046283130
1787381601583,sell,77452.2,0.00000001,1046283129
1787381601581,buy,77451.5,0.00001296,1046283128
1787381601581,buy,77450.2,0.00001501,1046283127
1787381601581,buy,77450,0.00008096,1046283126
1787381601581,buy,77448.6,0.00040268,1046283125
1787381601581,buy,77448.5,0.0000102,1046283124
1787381601581,buy,77447,0.00052,1046283123
1787381601581,buy,77445.5,0.00007762,1046283122
1787381601581,buy,77445.4,0.00001627,1046283121
1787381601581,buy,77440.9,0.0000102,1046283120
1787381600697,sell,77440.7,0.00128958,1046283119
1787381600563,sell,77445.8,0.0018547,1046283118
1787381600563,sell,77445.8,0.0018547,1046283117
1787381600545,sell,77445.8,0.00482029,1046283116
1787381600545,sell,77445.8,0.0040226,1046283115
1787381600545,sell,77445.8,0.0018547,1046283114
1787381600545,sell,77445.8,0.00001,1046283113
1787381600545,sell,77445.8,0.00185449,1046283112
1787381600545,sell,77445.8,0.00267821,1046283111
1787381600543,sell,77445.8,0.0054798,1046283110
1787381600542,sell,77445.8,0.01488127,1046283109
1787381600540,sell,77445.8,0.00239318,1046283108
1787381666010,sell,77466.1,0.0000102,1046283757
1787381666004,sell,77467.5,0.03238857,1046283756
1787381666004,sell,77469.3,0.000015,1046283755
1787381666004,sell,77469.5,0.00001295,1046283754
1787381666004,sell,77469.8,0.00040268,1046283753
1787381666004,sell,77470,0.00008096,1046283752
1787381666004,sell,77471.8,0.00001295,1046283751
1787381666004,sell,77473.5,0.0000102,1046283750
1787381666004,sell,77474.2,0.00039721,1046283749
1787381666004,sell,77474.2,0.00014468,1046283748
1787381666004,sell,77474.2,0.00164252,1046283747
1787381666004,sell,77474.2,0.00164253,1046283746
1787381666004,sell,77474.2,0.06274975,1046283745
1787381665576,sell,77474.2,0.02614287,1046283744
1787381664272,sell,77474.2,0.04106786,1046283743
1787381664110,sell,77474.2,0.00272829,1046283742
1787381664109,sell,77474.2,0.00272829,1046283741
1787381664108,sell,77474.2,0.00272829,1046283740
1787381664107,sell,77474.2,0.00272829,1046283739
1787381664106,sell,77474.2,0.00272829,1046283738
1787381664105,sell,77474.2,0.00272829,1046283737
1787381664104,sell,77474.2,0.00272829,1046283736
1787381664103,sell,77474.2,0.00272829,1046283735
1787381664102,sell,77474.2,0.00272829,1046283734
1787381664100,sell,77474.2,0.00272829,1046283733
1787381664099,sell,77474.2,0.00272829,1046283732
1787381664098,sell,77474.2,0.00272829,1046283731
1787381664097,sell,77474.2,0.00272829,1046283730
1787381664096,sell,77474.2,0.00272829,1046283729
1787381664095,sell,77474.2,0.00272829,1046283728
1787381664084,sell,77474.2,0.00272829,1046283727
1787381664083,sell,77474.2,0.00272829,1046283726
1787381664082,sell,77474.2,0.00272829,1046283725
1787381664079,sell,77474.2,0.00272829,1046283724
1787381664078,sell,77474.2,0.00272829,1046283723
1787381664077,sell,77474.2,0.00272829,1046283722
1787381664076,buy,77474.3,0.00013526,1046283721
1787381664076,sell,77474.2,0.00272829,1046283720
1787381664075,sell,77474.2,0.00272829,1046283719
1787381664070,sell,77474.2,0.00272829,1046283718
1787381664069,sell,77474.2,0.00272829,1046283717
1787381664065,sell,77474.2,0.00272829,1046283716
1787381664057,sell,77474.2,0.00272829,1046283715
1787381664056,sell,77474.2,0.00272829,1046283714
1787381664055,sell,77474.2,0.00272829,1046283713
1787381664053,sell,77474.2,0.00272829,1046283712
1787381664046,sell,77474.2,0.00272829,1046283711
1787381664045,sell,77474.2,0.00272829,1046283710
1787381664034,sell,77474.2,0.00272829,1046283709
1787381664029,sell,77474.2,0.00272829,1046283708
1787381664027,sell,77474.2,0.00272829,1046283707
1787381664026,sell,77474.2,0.00272829,1046283706
1787381664024,sell,77474.2,0.00272829,1046283705
1787381664023,sell,77474.2,0.00272829,1046283704
1787381664021,sell,77474.2,0.00272829,1046283703
1787381664020,sell,77474.2,0.00272829,1046283702
1787381664019,sell,77474.2,0.00272829,1046283701
1787381664018,sell,77474.2,0.00272829,1046283700
1787381664017,sell,77474.2,0.00272829,1046283699
1787381664016,sell,77474.2,0.00272829,1046283698
1787381664015,sell,77474.2,0.00272829,1046283697
1787381664006,sell,77474.2,0.00272829,1046283696
1787381664005,sell,77474.2,0.00272829,1046283695
1787381663349,sell,77479,0.0000102,1046283694
1787381663300,buy,77480.3,0.00052047,1046283693
1787381663300,buy,77480.3,0.00052047,1046283692
1787381663206,sell,77480.2,0.00272788,1046283691
1787381663151,sell,77480.2,0.00001143,1046283690
1787381662499,sell,77480.2,0.01642564,1046283689
1787381662329,sell,77480.2,0.00132442,1046283688
1787381661829,buy,77480.3,0.00025813,1046283687
1787381660252,sell,77480.4,0.00001672,1046283686
1787381660002,sell,77480.3,0.08423943,1046283685
1787381660002,sell,77481.5,0.012,1046283684
1787381660002,sell,77486.7,0.0000102,1046283683
1787381660002,sell,77488.5,0.00160649,1046283682
1787381660002,sell,77488.5,0.00160649,1046283681
1787381659366,buy,77488.6,0.00063859,1046283680
1787381658018,buy,77488.6,0.00133851,1046283679
1787381657968,buy,77488.6,0.00010617,1046283678
1787381657968,buy,77488.6,0.00010676,1046283677
1787381657968,buy,77488.6,0.00099383,1046283676
1787381657966,buy,77488.6,0.00010617,1046283675
1787381657966,buy,77488.6,0.00010676,1046283674
1787381657546,buy,77486.3,0.000264,1046283673
1787381657546,buy,77485.2,0.00001295,1046283672
1787381657546,buy,77483.4,0.0000102,1046283671
1787381657546,buy,77482.9,0.00001295,1046283670
1787381657546,buy,77480.4,0.00040268,1046283669
1787381657489,buy,77480,0.00008096,1046283668
1787381657489,buy,77479.9,0.00009864,1046283667
1787381657489,buy,77478.4,0.00001295,1046283666
1787381657453,buy,77474.9,0.00001446,1046283665
1787381657129,sell,77474.8,0.00301865,1046283664
1787381657129,sell,77474.8,0.005163,1046283663
1787381656935,buy,77473.9,0.00001295,1046283662
1787381656933,buy,77469.9,0.00081127,1046283661
1787381656902,buy,77467.2,0.0000102,1046283660
1787381656902,buy,77466.9,0.00129088,1046283659
1787381656901,buy,77465.3,0.0012025,1046283658
1787381720683,buy,77420.1,0.00044154,1046284571
1787381719721,sell,77420,0.0015923,1046284570
1787381719720,sell,77420,0.0015923,1046284569
1787381719719,sell,77420,0.0015923,1046284568
1787381719718,sell,77420,0.0015923,1046284567
1787381719717,sell,77420,0.0015923,1046284566
1787381719716,sell,77420,0.0015923,1046284565
1787381719715,sell,77420,0.0015923,1046284564
1787381719710,sell,77420,0.0015923,1046284563
1787381719709,sell,77420,0.0015923,1046284562
1787381719708,sell,77420,0.0015923,1046284561
1787381719707,sell,77420,0.0015923,1046284560
1787381719706,sell,77420,0.0015923,1046284559
1787381719705,sell,77420,0.0015923,1046284558
1787381719698,sell,77420,0.0015923,1046284557
1787381719697,sell,77420,0.0015923,1046284556
1787381719696,sell,77420,0.0015923,1046284555
1787381719695,sell,77420,0.0015923,1046284554
1787381719691,sell,77420,0.0015923,1046284553
1787381719690,sell,77420,0.0015923,1046284552
1787381719689,sell,77420,0.0015923,1046284551
1787381719688,sell,77420,0.0015923,1046284550
1787381719687,sell,77420,0.0015923,1046284549
1787381719686,sell,77420,0.0015923,1046284548
1787381719685,sell,77420,0.0015923,1046284547
1787381719675,sell,77420,0.0015923,1046284546
1787381719666,sell,77420,0.0015923,1046284545
1787381719665,sell,77420,0.0015923,1046284544
1787381719656,sell,77420,0.0015923,1046284543
1787381719655,sell,77420,0.0015923,1046284542
1787381719650,sell,77420,0.0015923,1046284541
1787381719649,sell,77420,0.0015923,1046284540
1787381719648,sell,77420,0.0015923,1046284539
1787381719646,sell,77420,0.0015923,1046284538
1787381719645,sell,77420,0.0015923,1046284537
1787381719643,sell,77420,0.0015923,1046284536
1787381719642,sell,77420,0.0015923,1046284535
1787381719637,sell,77420,0.0015923,1046284534
1787381719636,sell,77420,0.0015923,1046284533
1787381719635,sell,77420,0.0015923,1046284532
1787381719631,sell,77420,0.0015923,1046284531
1787381719627,sell,77420,0.0006923,1046284530
1787381719627,sell,77420,0.0009,1046284529
1787381719625,sell,77420,0.0015923,1046284528
1787381719624,sell,77420,0.0015923,1046284527
1787381719623,sell,77420,0.0015923,1046284526
1787381719622,sell,77420,0.0015923,1046284525
1787381719621,sell,77420,0.0015923,1046284524
1787381719619,sell,77420,0.0015923,1046284523
1787381719618,sell,77420,0.00014779,1046284522
1787381719618,sell,77420,0.00001381,1046284521
1787381719618,sell,77420,0.0014307,1046284520
1787381719617,sell,77420,0.0015923,1046284519
1787381719616,sell,77420,0.0015923,1046284518
1787381718967,sell,77420,0.00159235,1046284517
1787381718966,sell,77420,0.00159235,1046284516
1787381718965,sell,77420,0.00159235,1046284515
1787381718963,sell,77420,0.00159235,1046284514
1787381718962,sell,77420,0.00159235,1046284513
1787381718961,sell,77420,0.00159235,1046284512
1787381718960,sell,77420,0.00159235,1046284511
1787381718959,sell,77420,0.00159235,1046284510
1787381718958,sell,77420,0.00159235,1046284509
1787381718956,sell,77420,0.0008541,1046284508
1787381718956,sell,77420,0.00073825,1046284507
1787381718955,sell,77420,0.00159235,1046284506
1787381718954,sell,77420,0.00159235,1046284505
1787381718953,sell,77420,0.00159235,1046284504
1787381718952,sell,77420,0.00159235,1046284503
1787381718951,sell,77420,0.00069235,1046284502
1787381718951,sell,77420,0.0009,1046284501
1787381718950,sell,77420,0.00159235,1046284500
1787381718949,sell,77420,0.00159235,1046284499
1787381718947,sell,77420,0.00159235,1046284498
1787381718946,sell,77420,0.00159235,1046284497
1787381718945,sell,77420,0.00159235,1046284496
1787381718944,sell,77420,0.00159235,1046284495
1787381718943,sell,77420,0.00159235,1046284494
1787381718942,sell,77420,0.00159235,1046284493
1787381718941,sell,77420,0.00159235,1046284492
1787381718940,sell,77420,0.00159235,1046284491
1787381718938,sell,77420,0.00159235,1046284490
1787381718937,sell,77420,0.00159235,1046284489
1787381718936,buy,77420.1,0.00001019,1046284488
1787381718936,sell,77420,0.00159235,1046284487
1787381718935,sell,77420,0.00159235,1046284486
1787381718934,sell,77420,0.00159235,1046284485
1787381718933,sell,77420,0.00048166,1046284484
1787381718933,sell,77420,0.00041481,1046284483
1787381718933,sell,77420,0.00008096,1046284482
1787381718932,sell,77423.8,0.00001412,1046284481
1787381717891,sell,77426.8,0.00001444,1046284480
1787381717875,sell,77426.8,0.00159204,1046284479
1787381715953,sell,77426.9,0.00001481,1046284478
1787381715953,sell,77426.9,0.01357487,1046284477
1787381714707,sell,77426.9,0.00132544,1046284476
1787381714706,sell,77426.9,0.0017579,1046284475
1787381714705,sell,77426.9,0.00343624,1046284474
1787381714702,sell,77426.9,0.00395926,1046284473
1787381714699,sell,77426.9,0.00133579,1046284472
1787381776674,buy,77446,0.00033209,1046285334
1787381775785,buy,77446,0.00011621,1046285333
1787381772514,buy,77444.7,0.00009555,1046285332
1787381772182,sell,77446.9,0.00005414,1046285331
1787381771318,sell,77446.4,0.0000102,1046285330
1787381771318,sell,77446.6,0.00001399,1046285329
1787381771318,sell,77446.6,0.00208413,1046285328
1787381771318,sell,77446.6,0.00207422,1046285327
1787381771318,sell,77446.6,0.00001,1046285326
1787381771318,sell,77446.6,0.012,1046285325
1787381771290,buy,77446.7,0.00006456,1046285324
1787381771239,sell,77448.4,0.00207857,1046285323
1787381771238,sell,77448.4,0.00000556,1046285322
1787381771238,sell,77448.4,0.00208413,1046285321
1787381771238,sell,77448.4,0.00048656,1046285320
1787381771236,sell,77448.4,0.01408197,1046285319
1787381771235,sell,77448.4,0.0017589,1046285318
1787381771233,sell,77448.4,0.00145886,1046285317
1787381771232,sell,77448.4,0.00314895,1046285316
1787381771230,sell,77448.4,0.02494564,1046285315
1787381771229,sell,77448.4,0.00600082,1046285314
1787381771228,sell,77448.4,0.00272579,1046285313
1787381771226,sell,77448.4,0.00616158,1046285312
1787381771225,sell,77448.4,0.00496311,1046285311
1787381771224,sell,77448.4,0.19253389,1046285310
1787381771224,sell,77448.4,0.00001428,1046285309
1787381771224,sell,77448.4,0.00228788,1046285308
1787381771224,sell,77448.4,0.00044027,1046285307
1787381771224,sell,77448.4,0.00228702,1046285306
1787381769726,buy,77444.7,0.00001296,1046285305
1787381769726,buy,77442.7,0.0000102,1046285304
1787381769726,buy,77442.5,0.00001296,1046285303
1787381769718,buy,77441.2,0.00026555,1046285302
1787381769718,buy,77440,0.00008096,1046285301
1787381769716,buy,77438,0.00040268,1046285300
1787381769716,buy,77438,0.00001296,1046285299
1787381769716,buy,77437.4,0.00081199,1046285298
1787381769715,buy,77437.1,0.01063977,1046285297
1787381769715,buy,77437.1,0.06448888,1046285296
1787381769692,buy,77436.9,0.00129138,1046285295
1787381769692,buy,77436.9,0.0000102,1046285294
1787381769692,buy,77435.8,0.00001296,1046285293
1787381769692,buy,77432.6,0.0000102,1046285292
1787381769691,buy,77430.2,0.05867895,1046285291
1787381769687,buy,77430.2,0.38073589,1046285290
1787381769612,buy,77430.2,0.0311,1046285289
1787381769611,buy,77427.9,0.00044073,1046285288
1787381769611,buy,77427.9,0.00029787,1046285287
1787381769611,buy,77427.9,0.00171938,1046285286
1787381769611,buy,77427.9,0.00228789,1046285285
1787381769611,buy,77427.9,0.00171937,1046285284
1787381769611,buy,77427.9,0.00228788,1046285283
1787381769611,buy,77427.9,0.12525229,1046285282
1787381768427,buy,77427.9,0.00003035,1046285281
1787381767018,buy,77427,0.0009,1046285280
1787381765301,sell,77427.4,0.00040268,1046285279
1787381765301,sell,77427.8,0.0000102,1046285278
1787381765300,sell,77429.1,0.00001296,1046285277
1787381765300,sell,77430,0.00008096,1046285276
1787381765300,sell,77430.1,0.00001477,1046285275
1787381764136,sell,77430.7,0.00081199,1046285274
1787381764136,sell,77430.8,0.00001501,1046285273
1787381764136,sell,77431.4,0.00001296,1046285272
1787381764136,sell,77433.6,0.00001296,1046285271
1787381764136,sell,77434.3,0.0000102,1046285270
1787381764136,sell,77434.5,0.00081205,1046285269
1787381764135,sell,77436.3,0.0000102,1046285268
1787381764134,sell,77437.3,0.00001837,1046285267
1787381764133,sell,77437.3,0.00001837,1046285266
1787381764132,sell,77437.3,0.00001837,1046285265
1787381764130,sell,77437.3,0.00001837,1046285264
1787381764129,sell,77437.3,0.00001837,1046285263
1787381764128,sell,77437.3,0.00001837,1046285262
1787381764127,sell,77437.3,0.00001837,1046285261
1787381764124,sell,77437.3,0.00001837,1046285260
1787381764123,sell,77437.3,0.00001837,1046285259
1787381764121,sell,77437.3,0.00001837,1046285258
1787381764120,sell,77437.3,0.00001837,1046285257
1787381764119,sell,77437.3,0.00001837,1046285256
1787381764118,sell,77437.3,0.00001837,1046285255
1787381764117,sell,77437.3,0.00001837,1046285254
1787381764116,sell,77437.3,0.00001837,1046285253
1787381764114,sell,77437.3,0.00001837,1046285252
1787381764113,sell,77437.3,0.00001837,1046285251
1787381764112,sell,77437.3,0.00001837,1046285250
1787381764111,sell,77437.3,0.00001837,1046285249
1787381764107,sell,77437.3,0.00001837,1046285248
1787381764106,sell,77437.3,0.00001837,1046285247
1787381764105,sell,77437.3,0.00001837,1046285246
1787381764102,sell,77437.3,0.00001837,1046285245
1787381764101,sell,77437.3,0.00001837,1046285244
1787381764099,sell,77437.3,0.00001837,1046285243
1787381764097,sell,77437.3,0.00001837,1046285242
1787381764096,sell,77437.3,0.00001837,1046285241
1787381764094,sell,77437.3,0.00001837,1046285240
1787381764088,sell,77437.3,0.00001837,1046285239
1787381764086,sell,77437.3,0.00001837,1046285238
1787381764084,sell,77437.3,0.00001837,1046285237
1787381764082,sell,77437.3,0.00001837,1046285236
1787381764081,sell,77437.3,0.00001837,1046285235
1787381831683,buy,77474.2,0.0000697,1046285792
1787381831675,buy,77474.2,0.00003869,1046285791
1787381831673,buy,77474.2,0.00033112,1046285790
1787381831673,buy,77474.2,0.00130746,1046285789
1787381831670,buy,77474.2,0.00069641,1046285788
1787381831668,buy,77474.2,0.00038688,1046285787
1787381831666,buy,77474.2,0.00051584,1046285786
1787381831083,buy,77466.9,0.00029657,1046285785
1787381828753,buy,77474.2,0.00016622,1046285784
1787381827103,buy,77473.9,0.00001295,1046285783
1787381827103,buy,77471.8,0.0000102,1046285782
1787381827103,buy,77471.7,0.00001295,1046285781
1787381827103,buy,77471.1,0.00019121,1046285780
1787381827103,buy,77471,0.00020154,1046285779
1787381827103,buy,77470,0.00008096,1046285778
1787381827103,buy,77469.8,0.00040268,1046285777
1787381827103,buy,77469.6,0.00061521,1046285776
1787381827101,buy,77468.6,0.01266627,1046285775
1787381827101,buy,77467.2,0.0000102,1046285774
1787381827101,buy,77467.2,0.00811915,1046285773
1787381827101,buy,77466.9,0.0025086,1046285772
1787381827101,buy,77466.9,0.0025086,1046285771
1787381827091,buy,77466.9,0.10331857,1046285770
1787381827091,buy,77466.9,0.02581282,1046285769
1787381826821,buy,77462.7,0.00001296,1046285768
1787381826821,buy,77462.6,0.0000102,1046285767
1787381826819,buy,77461.6,0.01209976,1046285766
1787381826819,buy,77461.6,0.0093,1046285765
1787381826819,buy,77461.6,0.10607373,1046285764
1787381826819,buy,77461.6,0.615,1046285763
1787381826819,buy,77461.6,0.25147609,1046285762
1787381826819,buy,77461.6,0.11715933,1046285761
1787381826819,buy,77461.6,0.00004067,1046285760
1787381824898,buy,77457.9,0.00123049,1046285759
1787381824897,buy,77454.1,0.00004095,1046285758
1787381824897,buy,77454.1,0.00187937,1046285757
1787381824897,buy,77454.1,0.0000382,1046285756
1787381824897,buy,77454.1,0.00001,1046285755
1787381824897,buy,77454.1,0.00248451,1046285754
1787381824897,buy,77454.1,0.00048792,1046285753
1787381824849,buy,77454.1,0.00179875,1046285752
1787381824849,buy,77454.1,0.00001,1046285751
1787381824849,buy,77454.1,0.00001,1046285750
1787381824849,buy,77454.1,0.00247462,1046285749
1787381824849,buy,77454.1,0.00227663,1046285748
1787381824849,buy,77454.1,0.00001,1046285747
1787381824849,buy,77454.1,0.00001,1046285746
1787381823567,sell,77454.4,0.00012104,1046285745
1787381823567,sell,77454.4,0.0000102,1046285744
1787381823558,sell,77457.3,0.0000102,1046285743
1787381823558,sell,77457.5,0.00751257,1046285742
1787381823557,sell,77457.5,0.00539773,1046285741
1787381823554,sell,77457.9,0.00001287,1046285740
1787381823554,sell,77457.9,0.01752722,1046285739
1787381823553,sell,77457.9,0.01361998,1046285738
1787381823552,sell,77457.9,0.00262191,1046285737
1787381823551,sell,77457.9,0.01768954,1046285736
1787381823550,sell,77457.9,0.00422664,1046285735
1787381823548,sell,77457.9,0.2012091,1046285734
1787381823519,sell,77459,0.0025,1046285733
1787381823375,sell,77457.9,0.00136792,1046285732
1787381823375,sell,77457.9,0.00024208,1046285731
1787381823002,sell,77458.3,0.00001295,1046285730
1787381823001,sell,77461.5,0.00004301,1046285729
1787381823001,sell,77461.5,0.0004841,1046285728
1787381823001,sell,77461.5,0.00057274,1046285727
1787381823001,sell,77461.5,0.00249432,1046285726
1787381823001,sell,77461.5,0.00137857,1046285725
1787381823001,sell,77461.5,0.0005,1046285724
1787381823001,sell,77461.5,0.01903732,1046285723
1787381822998,sell,77461.5,0.00136044,1046285722
1787381822998,sell,77461.5,0.00355062,1046285721
1787381822996,sell,77461.5,0.00672862,1046285720
1787381822996,sell,77461.5,0.00001131,1046285719
1787381822996,sell,77461.5,0.00004301,1046285718
1787381822996,sell,77461.5,0.01673759,1046285717
1787381822994,sell,77461.5,0.00030073,1046285716
1787381822991,sell,77461.5,0.03749309,1046285715
1787381822987,sell,77461.5,0.19586874,1046285714
1787381822815,sell,77461.5,0.00161,1046285713
1787381822557,buy,77455.3,0.00006455,1046285712
1787381822253,sell,77461.5,0.00047,1046285711
1787381822253,sell,77461.5,0.00047,1046285710
1787381822240,sell,77461.5,0.00006907,1046285709
1787381822240,sell,77461.5,0.00096819,1046285708
1787381822240,sell,77461.5,0.00057274,1046285707
1787381821527,sell,77461.5,0.00190008,1046285706
1787381821527,sell,77461.5,0.00197281,1046285705
1787381821108,sell,77461.5,0.0005,1046285704
1787381821108,sell,77461.5,0.0011,1046285703
1787381819689,buy,77460.5,0.00001296,1046285702
1787381819689,buy,77460.4,0.00064554,1046285701
1787381819689,buy,77460,0.00008096,1046285700
1787381819689,buy,77459.2,0.00040268,1046285699
1787381819205,buy,77458.2,0.00001295,1046285698
1787381819205,buy,77457.9,0.00090309,1046285697
1787381819204,buy,77455.3,0.00041569,1046285696
1787381819204,buy,77455.3,0.00226517,1046285695
1787381819204,buy,77455.3,0.00624374,1046285694
1787381819204,buy,77455.3,0.00624374,1046285693
1787383764312,buy,77478.8,0.04470545,1046307540
1787383764312,buy,77476.5,0.0000102,1046307539
1787383764312,buy,77475.8,0.00625336,1046307538
1787383764312,buy,77475.8,0.00625337,1046307537
1787383764312,buy,77475.8,0.04277762,1046307536
1787383763867,sell,77475.7,0.00183537,1046307535
1787383763557,sell,77475.7,0.00059207,1046307534
1787383763335,buy,77475.8,0.01722238,1046307533
1787383763335,buy,77475.8,0.00625337,1046307532
1787383763335,buy,77475.8,0.00625338,1046307531
1787383763335,buy,77475.8,0.00015933,1046307530
1787383763335,buy,77475.8,0.07011154,1046307529
1787383762390,buy,77475.8,0.00064536,1046307528
1787383762311,buy,77475.8,0.1,1046307527
1787383761333,sell,77475.7,0.00387218,1046307526
1787383761314,buy,77475.8,0.1,1046307525
1787383760846,sell,77475.7,0.01601657,1046307524
1787383760418,buy,77475.8,0.01580343,1046307523
1787383760418,buy,77475.7,0.00008547,1046307522
1787383760418,buy,77475.7,0.00625354,1046307521
1787383760418,buy,77475.7,0.00625353,1046307520
1787383760320,buy,77475.7,0.02739793,1046307519
1787383760320,buy,77473.7,0.06,1046307518
1787383760320,buy,77473.7,0.00001,1046307517
1787383760320,buy,77473.7,0.00008534,1046307516
1787383760320,buy,77473.7,0.00001,1046307515
1787383760320,buy,77473.7,0.00584177,1046307514
1787383760320,buy,77473.7,0.00584185,1046307513
1787383760320,buy,77473.7,0.00081311,1046307512
1787383759876,sell,77473.6,0.00073473,1046307511
1787383759859,sell,77473.8,0.38754297,1046307510
1787383759859,sell,77474,0.06,1046307509
1787383759859,sell,77474.3,0.0000102,1046307508
1787383759859,sell,77474.7,0.06,1046307507
1787383759859,sell,77475.7,0.00018073,1046307506
1787383759859,sell,77475.7,0.00018073,1046307505
1787383759859,sell,77475.7,0.00018073,1046307504
1787383759859,sell,77475.7,0.00018073,1046307503
1787383759859,sell,77475.7,0.00082304,1046307502
1787383759859,sell,77475.7,0.01343,1046307501
1787383759859,sell,77475.7,0.00018073,1046307500
1787383759859,sell,77475.7,0.00018073,1046307499
1787383759859,sell,77475.7,0.00018073,1046307498
1787383759859,sell,77475.7,0.00018073,1046307497
1787383759859,sell,77475.7,0.00018073,1046307496
1787383759859,sell,77475.7,0.14148073,1046307495
1787383759859,sell,77475.7,0.0094,1046307494
1787383759859,sell,77475.7,0.00001,1046307493
1787383759859,sell,77475.7,0.00584185,1046307492
1787383759859,sell,77475.7,0.00001,1046307491
1787383759859,sell,77475.7,0.00001,1046307490
1787383759859,sell,77475.7,0.00113634,1046307489
1787383759859,sell,77475.7,0.00033152,1046307488
1787383759859,sell,77475.7,0.05367585,1046307487
1787383759859,sell,77475.7,0.0000102,1046307486
1787383759859,sell,77475.7,0.00072299,1046307485
1787383759859,sell,77475.7,0.00001,1046307484
1787383759859,sell,77475.7,0.00001,1046307483
1787383759859,sell,77475.7,0.05361788,1046307482
1787383759859,sell,77475.7,0.00437398,1046307481
1787383759859,sell,77475.7,0.01469843,1046307480
1787383759859,sell,77475.7,0.06,1046307479
1787383759859,sell,77475.7,0.1457,1046307478
1787383759859,sell,77475.7,0.0009,1046307477
1787383759859,sell,77475.7,0.0011,1046307476
1787383759859,sell,77475.7,0.05701079,1046307475
1787383759768,sell,77475.7,0.0099224,1046307474
1787383759655,sell,77475.7,0.01326681,1046307473
1787383759312,buy,77475.8,0.1,1046307472
1787383758312,buy,77480.3,0.00830977,1046307471
1787383758312,buy,77480.2,0.00015092,1046307470
1787383758312,buy,77480,0.0000139,1046307469
1787383758312,buy,77480,0.0000129,1046307468
1787383758312,buy,77480,0.00008096,1046307467
1787383758312,buy,77479.9,0.00058272,1046307466
1787383758312,buy,77479.7,0.00040069,1046307465
1787383758312,buy,77479.3,0.00001568,1046307464
1787383758312,buy,77479.1,0.00005979,1046307463
1787383758312,buy,77478.8,0.00001344,1046307462
1787383758312,buy,77478.4,0.00001296,1046307461
1787383758312,buy,77475.8,0.0000102,1046307460
1787383758312,buy,77475.6,0.05812171,1046307459
1787383758312,buy,77475.3,0.01734933,1046307458
1787383758312,buy,77475,0.0000102,1046307457
1787383758312,buy,77474.9,0.00299946,1046307456
1787383758312,buy,77474.9,0.00014997,1046307455
1787383758312,buy,77474.8,0.00584192,1046307454
1787383758312,buy,77474.8,0.00584192,1046307453
1787383758312,buy,77474.8,0.00002156,1046307452
1787383757457,sell,77474.7,0.0025478,1046307451
1787383757457,sell,77474.7,0.00000001,1046307450
1787383757310,buy,77474.8,0.1,1046307449
1787383756347,buy,77474.7,0.00001501,1046307448
1787383756347,buy,77474.1,0.00006469,1046307447
1787383756347,buy,77474.1,0.00008819,1046307446
1787383756312,buy,77473.7,0.04044877,1046307445
1787383756312,buy,77471.3,0.00069978,1046307444
1787383756312,buy,77471,0.01944873,1046307443
1787383756312,buy,77470.3,0.0000102,1046307442
1787383756312,buy,77470.1,0.01290588,1046307441
1787383819331,buy,77482.9,0.1,1046308227
1787383818450,sell,77484.8,0.00331883,1046308226
1787383818450,sell,77484.8,0.0033089,1046308225
1787383818450,sell,77484.8,0.00001,1046308224
1787383818328,buy,77485.9,0.01311498,1046308223
1787383818328,buy,77485.1,0.0000102,1046308222
1787383818328,buy,77484.8,0.01083692,1046308221
1787383818328,buy,77482.9,0.0094,1046308220
1787383818328,buy,77482.9,0.00039658,1046308219
1787383818328,buy,77482.9,0.0031203,1046308218
1787383818328,buy,77482.9,0.00001,1046308217
1787383818328,buy,77482.9,0.00310102,1046308216
1787383818328,buy,77482.9,0.06,1046308215
1787383818328,buy,77482.9,0.00001,1046308214
1787383818105,sell,77482.8,0.03588488,1046308213
1787383818105,sell,77482.8,0.00001501,1046308212
1787383817441,sell,77490.9,0.00001,1046308211
1787383817441,sell,77490.9,0.0031203,1046308210
1787383817441,sell,77490.9,0.00248242,1046308209
1787383817441,sell,77490.9,0.00001,1046308208
1787383817441,sell,77490.9,0.00005297,1046308207
1787383817441,sell,77490.9,0.00004375,1046308206
1787383817441,sell,77490.9,0.00062749,1046308205
1787383817441,sell,77490.9,0.00001,1046308204
1787383817319,buy,77493.1,0.01500825,1046308203
1787383817319,buy,77492.8,0.00645518,1046308202
1787383817319,buy,77491.9,0.00001295,1046308201
1787383817319,buy,77490.2,0.00326878,1046308200
1787383817319,buy,77489.9,0.00052,1046308199
1787383817319,buy,77489.3,0.030666,1046308198
1787383817319,buy,77482.5,0.012,1046308197
1787383817319,buy,77482.4,0.00312068,1046308196
1787383817319,buy,77482.4,0.00001,1046308195
1787383817319,buy,77482.4,0.00312061,1046308194
1787383817319,buy,77482.4,0.02581755,1046308193
1787383817226,buy,77481.2,0.0000102,1046308192
1787383816954,sell,77480.6,0.00137798,1046308191
1787383816679,sell,77480.6,0.00117096,1046308190
1787383816630,sell,77480.6,0.00631581,1046308189
1787383816620,buy,77480.7,0.0002336,1046308188
1787383816325,buy,77480.7,0.1,1046308187
1787383816305,sell,77481.8,0.0094,1046308186
1787383816275,sell,77482.3,0.00004776,1046308185
1787383816275,sell,77482.3,0.0094,1046308184
1787383816275,sell,77482.3,0.00081164,1046308183
1787383815988,sell,77482.8,0.00001501,1046308182
1787383815988,sell,77482.9,0.00064129,1046308181
1787383815988,sell,77483,0.00001295,1046308180
1787383815988,sell,77483.5,0.0000102,1046308179
1787383815988,sell,77485.3,0.00001295,1046308178
1787383815987,sell,77486.1,0.00081164,1046308177
1787383815987,sell,77489.3,0.0000102,1046308176
1787383815987,sell,77489.5,0.01290497,1046308175
1787383815978,sell,77489.9,0.00081164,1046308174
1787383815978,sell,77490,0.00008096,1046308173
1787383815975,sell,77490.7,0.06,1046308172
1787383815975,sell,77491,0.00040268,1046308171
1787383815975,sell,77491.3,0.06,1046308170
1787383815968,sell,77493.1,0.0002997,1046308169
1787383815967,sell,77493.7,0.06,1046308168
1787383815967,sell,77493.7,0.00081164,1046308167
1787383815850,sell,77497.5,0.00125922,1046308166
1787383815848,sell,77497.5,0.00002316,1046308165
1787383815848,sell,77497.5,0.00081164,1046308164
1787383815845,sell,77500.9,0.0000102,1046308163
1787383815845,sell,77501.3,0.00081164,1046308162
1787383815842,sell,77504.2,0.06,1046308161
1787383815840,sell,77504.3,0.01931181,1046308160
1787383815830,sell,77504.3,0.00314945,1046308159
1787383815361,sell,77504.3,0.00578405,1046308158
1787383815319,buy,77504.4,0.02326812,1046308157
1787383815319,buy,77504.4,0.07673188,1046308156
1787383814354,sell,77504.3,0.00066308,1046308155
1787383814318,buy,77504.4,0.06730802,1046308154
1787383814318,buy,77504.4,0.00095829,1046308153
1787383814318,buy,77504.4,0.01002125,1046308152
1787383814318,buy,77504.4,0.00078028,1046308151
1787383814318,buy,77504.4,0.00001,1046308150
1787383814318,buy,77504.4,0.00395107,1046308149
1787383814318,buy,77504.4,0.00395109,1046308148
1787383814318,buy,77504.4,0.00001,1046308147
1787383814318,buy,77504.4,0.013,1046308146
1787383814318,buy,77504.4,0.00001,1046308145
1787383813509,sell,77504.3,0.00706979,1046308144
1787383813319,buy,77504.4,0.1,1046308143
1787383812954,sell,77504.3,0.01043182,1046308142
1787383812870,buy,77504.4,0.00002322,1046308141
1787383812317,buy,77504.4,0.1,1046308140
1787383811936,sell,77504.3,0.013,1046308139
1787383811505,sell,77504.3,0.00059,1046308138
1787383811318,buy,77504.4,0.1,1046308137
1787383811314,sell,77508.7,0.00001948,1046308136
1787383810319,buy,77504.4,0.00111005,1046308135
1787383810319,buy,77504.4,0.09888995,1046308134
1787383809899,buy,77504.4,0.00009805,1046308133
1787383809318,buy,77504.4,0.01171156,1046308132
1787383809318,buy,77504.4,0.08828844,1046308131
1787383808320,buy,77504.4,0.1,1046308130
1787383808175,sell,77505.1,0.00081164,1046308129
1787383808175,sell,77505.5,0.00001295,1046308128
1787383873641,buy,77441.8,0.00001084,1046309366
1787383873641,buy,77441.8,0.00010488,1046309365
1787383873640,buy,77438.2,0.09658419,1046309364
1787383873352,sell,77440.9,0.00000001,1046309363
1787383873352,sell,77440.9,0.002,1046309362
1787383873350,sell,77442,0.00221432,1046309361
1787383873350,sell,77442,0.00227238,1046309360
1787383873350,sell,77442,0.00236024,1046309359
1787383873350,sell,77442,0.00256296,1046309358
1787383873350,sell,77442,0.00001,1046309357
1787383873350,sell,77442,0.00014529,1046309356
1787383873350,sell,77442,0.00011511,1046309355
1787383873350,sell,77442,0.0001356,1046309354
1787383873350,sell,77442,0.0001356,1046309353
1787383873350,sell,77442,0.02454827,1046309352
1787383873349,sell,77442,0.00467279,1046309351
1787383873346,sell,77442,0.00138833,1046309350
1787383873345,sell,77442,0.00405936,1046309349
1787383873342,sell,77442,0.00158356,1046309348
1787383873341,sell,77442,0.00231392,1046309347
1787383873339,sell,77442,0.00142266,1046309346
1787383873338,sell,77442,0.00154712,1046309345
1787383873336,sell,77442,0.01646399,1046309344
1787383873336,sell,77442,0.00001,1046309343
1787383873335,sell,77442,0.1457,1046309342
1787383873335,sell,77442,0.0011,1046309341
1787383873335,sell,77442,0.06593677,1046309340
1787383873334,sell,77442,0.0415,1046309339
1787383873332,buy,77442.1,0.00608507,1046309338
1787383873332,buy,77442,0.012,1046309337
1787383873332,buy,77440.5,0.07390907,1046309336
1787383873332,buy,77439.3,0.0000102,1046309335
1787383873332,buy,77439,0.00116008,1046309334
1787383873332,buy,77437.1,0.0009,1046309333
1787383873332,buy,77437.1,0.0011,1046309332
1787383873332,buy,77437.1,0.00241779,1046309331
1787383873332,buy,77437.1,0.00241779,1046309330
1787383872412,sell,77437,0.05709964,1046309329
1787383872412,sell,77437,0.0794,1046309328
1787383872325,buy,77437.1,0.03700061,1046309327
1787383872325,buy,77437.1,0.00003022,1046309326
1787383872325,buy,77437.1,0.00011511,1046309325
1787383872325,buy,77437.1,0.00236023,1046309324
1787383872325,buy,77437.1,0.00236024,1046309323
1787383872325,buy,77437.1,0.05813359,1046309322
1787383871419,sell,77434.9,0.08038308,1046309321
1787383871329,buy,77435,0.02603793,1046309320
1787383871329,buy,77434.9,0.06,1046309319
1787383871329,buy,77431.6,0.0002915,1046309318
1787383871329,buy,77431.6,0.00433624,1046309317
1787383871329,buy,77431.6,0.00250615,1046309316
1787383871329,buy,77431.6,0.00250615,1046309315
1787383871329,buy,77431.6,0.00432203,1046309314
1787383871264,buy,77431.6,0.0000142,1046309313
1787383870732,buy,77431.6,0.00010977,1046309312
1787383870420,sell,77431.5,0.04642491,1046309311
1787383870326,buy,77431.6,0.1,1046309310
1787383870048,sell,77431.5,0.00454391,1046309309
1787383870044,sell,77431.5,0.02649669,1046309308
1787383870041,sell,77431.5,0.01311834,1046309307
1787383870036,sell,77435.3,0.06091544,1046309306
1787383870036,sell,77435.3,0.1457,1046309305
1787383870036,sell,77435.3,0.0009,1046309304
1787383870003,sell,77436.6,0.00001501,1046309303
1787383870001,sell,77439.9,0.01291323,1046309302
1787383869999,sell,77440.8,0.00706698,1046309301
1787383869830,sell,77443.9,0.00082499,1046309300
1787383869830,sell,77443.9,0.00149862,1046309299
1787383869830,sell,77443.9,0.00232362,1046309298
1787383869828,sell,77443.9,0.00082499,1046309297
1787383869827,sell,77443.9,0.00149863,1046309296
1787383869827,sell,77443.9,0.00232361,1046309295
1787383869824,sell,77443.9,0.00130461,1046309294
1787383869823,sell,77443.9,0.04752437,1046309293
1787383869823,sell,77443.9,0.00311504,1046309292
1787383869783,sell,77443.9,0.01146703,1046309291
1787383869775,sell,77443.9,0.01308974,1046309290
1787383869764,sell,77443.9,0.00717319,1046309289
1787383869759,sell,77443.9,0.00270881,1046309288
1787383869757,sell,77443.9,0.00134779,1046309287
1787383869756,sell,77443.9,0.00158438,1046309286
1787383869755,sell,77443.9,0.03866279,1046309285
1787383869755,sell,77443.9,0.0011,1046309284
1787383869755,sell,77443.9,0.00218317,1046309283
1787383869755,sell,77443.9,0.00026129,1046309282
1787383869755,sell,77443.9,0.00219277,1046309281
1787383869755,sell,77443.9,0.00001,1046309280
1787383869755,sell,77443.9,0.03329,1046309279
1787383869755,sell,77443.9,0.0094,1046309278
1787383869755,sell,77443.9,0.01618784,1046309277
1787383869675,sell,77443.9,0.01289491,1046309276
1787383869665,sell,77443.9,0.0128993,1046309275
1787383869655,sell,77443.9,0.00800143,1046309274
1787383869648,sell,77443.9,0.0049519,1046309273
1787383869645,sell,77443.9,0.01282526,1046309272
1787383869635,sell,77443.9,0.01291095,1046309271
1787383869625,sell,77443.9,0.01307445,1046309270
1787383869615,sell,77443.9,0.01277035,1046309269
1787383869605,sell,77443.9,0.00351007,1046309268
1787383869602,sell,77443.9,0.00342312,1046309267
1787383928411,sell,77472.6,0.08191615,1046310257
1787383928411,sell,77472.6,0.00079816,1046310256
1787383928334,buy,77472.7,0.01903962,1046310255
1787383928334,buy,77472.7,0.08096037,1046310254
1787383928334,buy,77472.7,0.00000001,1046310253
1787383928314,sell,77472.6,0.00001363,1046310252
1787383928080,sell,77474,0.00001295,1046310251
1787383928080,sell,77476.3,0.00001295,1046310250
1787383928080,sell,77476.4,0.00081179,1046310249
1787383928080,sell,77479.7,0.0000102,1046310248
1787383928080,sell,77480,0.00008096,1046310247
1787383928080,sell,77480.2,0.00081179,1046310246
1787383928079,sell,77480.4,0.00065914,1046310245
1787383928079,sell,77480.4,0.00040268,1046310244
1787383927548,sell,77480.8,0.00001295,1046310243
1787383927548,sell,77481.5,0.001,1046310242
1787383927548,sell,77483.5,0.0000102,1046310241
1787383927548,sell,77484,0.00081179,1046310240
1787383927547,sell,77485,0.01290572,1046310239
1787383927543,sell,77486.2,0.01105782,1046310238
1787383927540,sell,77486.2,0.00001296,1046310237
1787383927540,sell,77486.7,0.0000102,1046310236
1787383927539,sell,77486.9,0.00002753,1046310235
1787383927539,sell,77486.9,0.0614,1046310234
1787383927531,sell,77487.8,0.012,1046310233
1787383927531,sell,77487.8,0.00015203,1046310232
1787383927531,sell,77487.8,0.00081179,1046310231
1787383927412,sell,77489.8,0.0000102,1046310230
1787383927412,sell,77490.4,0.012,1046310229
1787383927412,sell,77491.4,0.0000102,1046310228
1787383927412,sell,77491.5,0.00086469,1046310227
1787383927412,sell,77491.6,0.00008232,1046310226
1787383927412,sell,77491.6,0.00008231,1046310225
1787383927412,sell,77491.6,0.00081179,1046310224
1787383927412,sell,77491.6,0.0001796,1046310223
1787383927412,sell,77491.6,0.0020229,1046310222
1787383927412,sell,77491.6,0.00001,1046310221
1787383927412,sell,77491.6,0.00001,1046310220
1787383927412,sell,77491.6,0.00013553,1046310219
1787383927412,sell,77491.6,0.00201941,1046310218
1787383927412,sell,77491.6,0.00021854,1046310217
1787383927336,buy,77491.7,0.09468706,1046310216
1787383927336,buy,77491.7,0.00229799,1046310215
1787383927336,buy,77491.7,0.00229799,1046310214
1787383927336,buy,77491.7,0.00003536,1046310213
1787383927336,buy,77491.7,0.00002246,1046310212
1787383927336,buy,77491.7,0.00065914,1046310211
1787383926411,sell,77491.6,0.00896951,1046310210
1787383926411,sell,77491.6,0.08120242,1046310209
1787383926411,sell,77491.6,0.00000001,1046310208
1787383926331,buy,77491.7,0.1,1046310207
1787383926073,buy,77491.7,0.00145199,1046310206
1787383926070,buy,77491.7,0.00063176,1046310205
1787383926070,buy,77491.7,0.000432,1046310204
1787383926069,buy,77491.7,0.00020622,1046310203
1787383926067,buy,77491.7,0.00110903,1046310202
1787383925525,buy,77491,0.00040268,1046310201
1787383925413,sell,77490.4,0.14664742,1046310200
1787383925339,buy,77490.5,0.1,1046310199
1787383925275,buy,77490,0.00008096,1046310198
1787383925275,buy,77489.4,0.00568295,1046310197
1787383925022,buy,77488.7,0.00023016,1046310196
1787383925022,buy,77488.7,0.00013076,1046310195
1787383924506,buy,77485.6,0.00953725,1046310194
1787383924506,buy,77485.6,0.00032264,1046310193
1787383924506,buy,77485.3,0.0000102,1046310192
1787383924506,buy,77485.2,0.00001295,1046310191
1787383924506,buy,77484.1,0.01290355,1046310190
1787383924414,sell,77484,0.0550759,1046310189
1787383924332,buy,77482.9,0.1,1046310188
1787383923723,buy,77482.9,0.01045093,1046310187
1787383923723,buy,77482.9,0.0011,1046310186
1787383923414,sell,77482.8,0.07178019,1046310185
1787383923338,buy,77481.8,0.1,1046310184
1787383923274,buy,77480.4,0.00192653,1046310183
1787383923200,sell,77480.3,0.00258129,1046310182
1787383923200,sell,77480.3,0.00000001,1046310181
1787383923142,buy,77480.3,0.00003098,1046310180
1787383923138,buy,77477.9,0.00104581,1046310179
1787383923138,buy,77477.6,0.0000102,1046310178
1787383923136,buy,77474.9,0.00016579,1046310177
1787383923136,buy,77474.9,0.00137218,1046310176
1787383923136,buy,77474.9,0.00600087,1046310175
1787383923136,buy,77474.9,0.00209593,1046310174
1787383923136,buy,77474.9,0.00737305,1046310173
1787383923136,buy,77474.9,0.00193015,1046310172
1787383922780,buy,77474.9,0.00016579,1046310171
1787383922415,sell,77474.8,0.0291329,1046310170
1787383922415,sell,77474.8,0.08048004,1046310169
1787383922330,buy,77474.9,0.1,1046310168
1787383921865,sell,77474.8,0.0005,1046310167
1787383921411,sell,77470.1,0.18930019,1046310166
1787383921333,buy,77470.2,0.1,1046310165
1787383920907,sell,77471.9,0.0000102,1046310164
1787383920905,sell,77477,0.00045177,1046310163
1787383920905,sell,77477,0.012,1046310162
1787383920889,sell,77477.6,0.0010857,1046310161
1787383920887,sell,77480.3,0.00202305,1046310160
1787383920887,sell,77480.3,0.00202305,1046310159
1787383920572,buy,77480.4,0.00009163,1046310158
1787383984169,sell,77447.3,0.04606106,1046310939
1787383984169,sell,77447.3,0.00002493,1046310938
1787383984045,sell,77447.3,0.01100459,1046310937
1787383984045,sell,77447.3,0.0025824,1046310936
1787383984007,sell,77448,0.0000102,1046310935
1787383984007,sell,77448.6,0.00003537,1046310934
1787383984007,sell,77448.6,0.00040268,1046310933
1787383984007,sell,77449.3,0.00001295,1046310932
1787383984007,sell,77449.5,0.000015,1046310931
1787383984007,sell,77449.6,0.00081172,1046310930
1787383984007,sell,77449.9,0.00008294,1046310929
1787383984007,sell,77449.9,0.0003532,1046310928
1787383983548,buy,77450,0.00839251,1046310927
1787383983412,sell,77452.6,0.0000102,1046310926
1787383983412,sell,77454.6,0.0615,1046310925
1787383983412,sell,77454.6,0.00001816,1046310924
1787383983338,buy,77454.7,0.095805,1046310923
1787383983338,buy,77454.7,0.0020975,1046310922
1787383983338,buy,77454.7,0.0020975,1046310921
1787383982411,sell,77454.6,0.11388471,1046310920
1787383982338,buy,77454.7,0.1,1046310919
1787383981667,buy,77450,0.00019367,1046310918
1787383981412,sell,77454.6,0.03285833,1046310917
1787383981338,buy,77454.7,0.09516301,1046310916
1787383981338,buy,77450.2,0.0000102,1046310915
1787383981338,buy,77450,0.00233736,1046310914
1787383981338,buy,77450,0.00001,1046310913
1787383981338,buy,77450,0.00001,1046310912
1787383981338,buy,77450,0.00004594,1046310911
1787383981338,buy,77450,0.00001,1046310910
1787383981338,buy,77450,0.00001,1046310909
1787383981338,buy,77450,0.00001,1046310908
1787383981338,buy,77450,0.00238349,1046310907
1787383981338,buy,77450,0.00001,1046310906
1787383980599,buy,77450,0.00013131,1046310905
1787383980599,buy,77450,0.00022151,1046310904
1787383980513,sell,77450,0.00008096,1046310903
1787383980513,sell,77451.6,0.00001295,1046310902
1787383980513,sell,77453.4,0.00081172,1046310901
1787383980511,sell,77456.1,0.00001295,1046310900
1787383980511,sell,77457.2,0.00081172,1046310899
1787383980511,sell,77457.3,0.0000102,1046310898
1787383980351,sell,77458.2,0.00003063,1046310897
1787383980343,sell,77458.2,0.00081173,1046310896
1787383980343,sell,77458.3,0.00001295,1046310895
1787383980343,sell,77459.1,0.001,1046310894
1787383980342,sell,77461,0.00081172,1046310893
1787383980342,sell,77461.1,0.030678,1046310892
1787383980341,buy,77461.2,0.01375112,1046310891
1787383980341,buy,77461.2,0.08624887,1046310890
1787383980341,buy,77461.2,0.00000001,1046310889
1787383980338,sell,77462.2,0.0000102,1046310888
1787383980338,sell,77462.5,0.00016438,1046310887
1787383980324,sell,77463.6,0.01290928,1046310886
1787383980314,sell,77465.5,0.00111176,1046310885
1787383980313,sell,77467.6,0.01235207,1046310884
1787383980311,sell,77467.6,0.06026,1046310883
1787383980311,sell,77467.6,0.185553,1046310882
1787383980311,sell,77467.6,0.00001,1046310881
1787383980311,sell,77467.6,0.00004636,1046310880
1787383980311,sell,77467.6,0.00002652,1046310879
1787383980311,sell,77467.6,0.00001,1046310878
1787383980311,sell,77467.6,0.00001,1046310877
1787383980311,sell,77467.6,0.00004662,1046310876
1787383980311,sell,77467.6,0.00238062,1046310875
1787383980311,sell,77467.6,0.00007346,1046310874
1787383980311,sell,77467.6,0.00233411,1046310873
1787383979411,sell,77467.6,0.04002276,1046310872
1787383979411,sell,77467.6,0.049634,1046310871
1787383979349,buy,77467.7,0.1,1046310870
1787383978412,sell,77467.6,0.05661895,1046310869
1787383978412,sell,77467.6,0.00000001,1046310868
1787383978340,buy,77467.7,0.1,1046310867
1787383978033,buy,77467.2,0.00001295,1046310866
1787383978033,buy,77466,0.0000102,1046310865
1787383978015,buy,77465,0.00001501,1046310864
1787383978015,buy,77464.8,0.00324688,1046310863
1787383977898,buy,77463,0.0003532,1046310862
1787383977861,buy,77459.2,0.05688863,1046310861
1787383977836,buy,77456.4,0.0000102,1046310860
1787383977431,sell,77454.5,0.02173042,1046310859
1787383977431,sell,77454.5,0.13531315,1046310858
1787383977338,buy,77454.6,0.09589136,1046310857
1787383977338,buy,77454.6,0.00238096,1046310856
1787383977338,buy,77454.6,0.00172768,1046310855
1787383976666,buy,77454.6,0.00062617,1046310854
1787383976499,buy,77454.6,0.00002711,1046310853
1787383976411,sell,77454.5,0.00298685,1046310852
1787383976411,sell,77454.5,0.0011,1046310851
1787383976411,sell,77454.5,0.1457,1046310850
1787383976338,buy,77454.6,0.09000388,1046310849
1787383976338,buy,77454.6,0.0000935,1046310848
1787383976338,buy,77454.6,0.00005286,1046310847
1787383976338,buy,77454.6,0.00249691,1046310846
1787383976338,buy,77454.6,0.00249743,1046310845
1787383976338,buy,77454.6,0.00242771,1046310844
1787383976338,buy,77454.6,0.00002616,1046310843
1787383976338,buy,77454.6,0.00240155,1046310842
1787383975372,sell,77462.7,0.0000102,1046310841
1787383975339,buy,77463,0.1,1046310840
1787385382705,sell,77353.4,0.00674084,1046325184
1787385382602,sell,77353.4,0.0188,1046325183
1787385382455,sell,77353.4,0.01276669,1046325182
1787385382411,sell,77353.4,0.01688407,1046325181
1787385382219,sell,77353.4,0.00004,1046325180
1787385382173,sell,77353.4,0.01254452,1046325179
1787385382136,sell,77353.4,0.00063678,1046325178
1787385381416,sell,77353.4,0.07036705,1046325177
1787385381235,sell,77353.4,0.00487924,1046325176
1787385380411,sell,77353.4,0.02359392,1046325175
1787385380411,sell,77353.4,0.0005055,1046325174
1787385380411,sell,77353.4,0.030718,1046325173
1787385380411,sell,77353.4,0.0248,1046325172
1787385380411,sell,77353.4,0.00590583,1046325171
1787385380411,sell,77353.4,0.00589609,1046325170
1787385380411,sell,77353.4,0.00001,1046325169
1787385380411,sell,77353.4,0.01878976,1046325168
1787385380402,sell,77353.4,0.00534362,1046325167
1787385380341,sell,77353.4,0.01881,1046325166
1787385380229,sell,77353.4,0.00001024,1046325165
1787385379780,buy,77353.5,0.00002585,1046325164
1787385379772,sell,77353.4,0.01881,1046325163
1787385379411,sell,77353.4,0.11127552,1046325162
1787385379307,sell,77353.4,0.00444,1046325161
1787385379241,sell,77353.4,0.08781776,1046325160
1787385378961,buy,77353.5,0.00046539,1046325159
1787385378411,sell,77353.4,0.12126343,1046325158
1787385378224,sell,77355.1,0.00838869,1046325157
1787385378224,sell,77355.1,0.0048419,1046325156
1787385378224,sell,77355.1,0.00006393,1046325155
1787385378224,sell,77355.1,0.00590583,1046325154
1787385378224,sell,77355.1,0.001,1046325153
1787385378224,sell,77355.1,0.02979965,1046325152
1787385377532,sell,77355.1,0.00091835,1046325151
1787385377532,sell,77355.1,0.0048419,1046325150
1787385377411,sell,77355.1,0.10798841,1046325149
1787385377411,sell,77355.1,0.00590583,1046325148
1787385377411,sell,77355.1,0.00006393,1046325147
1787385377008,sell,77355.1,0.001,1046325146
1787385376929,sell,77355.1,0.0048419,1046325145
1787385376929,sell,77355.1,0.00132582,1046325144
1787385376412,sell,77355.1,0.02939218,1046325143
1787385376412,sell,77355.1,0.00020991,1046325142
1787385375556,sell,77355.1,0.00001143,1046325141
1787385372505,sell,77360.5,0.00334081,1046325140
1787385372412,sell,77355.1,0.02765157,1046325139
1787385372412,sell,77355.1,0.0309436,1046325138
1787385372412,sell,77355.1,0.03094857,1046325137
1787385372412,sell,77355.1,0.031,1046325136
1787385372412,sell,77355.1,0.02451339,1046325135
1787385372269,sell,77355.1,0.00028661,1046325134
1787385372269,sell,77355.1,0.00947938,1046325133
1787385372124,sell,77355.1,0.01258671,1046325132
1787385371828,sell,77355.1,0.00055,1046325131
1787385371416,sell,77355.1,0.00218391,1046325130
1787385371416,sell,77355.1,0.00577577,1046325129
1787385371416,sell,77355.1,0.00576576,1046325128
1787385371416,sell,77355.1,0.00001,1046325127
1787385371416,sell,77355.1,0.02585737,1046325126
1787385370632,sell,77355.7,0.0000102,1046325125
1787385370631,sell,77356.8,0.00577564,1046325124
1787385370631,sell,77356.8,0.00577563,1046325123
1787385370631,sell,77356.8,0.00032317,1046325122
1787385370631,sell,77356.8,0.030718,1046325121
1787385370631,sell,77356.8,0.01621616,1046325120
1787385370415,sell,77356.8,0.00858384,1046325119
1787385370415,sell,77356.8,0.00001,1046325118
1787385370415,sell,77356.8,0.00576559,1046325117
1787385370415,sell,77356.8,0.0057756,1046325116
1787385370415,sell,77356.8,0.00001,1046325115
1787385370415,sell,77356.8,0.03094266,1046325114
1787385370240,sell,77356.8,0.00001024,1046325113
1787385370193,buy,77356.9,0.00008674,1046325112
1787385370193,buy,77356.9,0.00001021,1046325111
1787385370073,sell,77357.4,0.00110927,1046325110
1787385370073,sell,77357.4,0.030718,1046325109
1787385370073,sell,77357.4,0.0248,1046325108
1787385370073,sell,77357.4,0.00001,1046325107
1787385370073,sell,77357.4,0.00521595,1046325106
1787385370073,sell,77357.4,0.00521596,1046325105
1787385370073,sell,77357.4,0.00663074,1046325104
1787385369412,sell,77357.4,0.04836926,1046325103
1787385369412,sell,77357.5,0.0248,1046325102
1787385369412,sell,77357.5,0.00001,1046325101
1787385369412,sell,77357.5,0.00521595,1046325100
1787385369412,sell,77357.5,0.00520596,1046325099
1787385369412,sell,77357.5,0.00765235,1046325098
1787385369412,sell,77357.5,0.030718,1046325097
1787385368903,sell,77357.5,0.00001473,1046325096
1787385368903,sell,77357.5,0.00001008,1046325095
1787385368903,sell,77357.5,0.0248,1046325094
1787385368903,sell,77357.5,0.030718,1046325093
1787385368903,sell,77357.5,0.00800962,1046325092
1787385368903,sell,77357.5,0.00521595,1046325091
1787385368903,sell,77357.5,0.00521596,1046325090
1787385368420,sell,77357.5,0.03953284,1046325089
1787385368420,sell,77357.5,0.00838356,1046325088
1787385368420,sell,77357.5,0.00521596,1046325087
1787385368420,sell,77357.5,0.00521595,1046325086
1787385368420,sell,77357.5,0.030718,1046325085
1787385438158,sell,77324.8,0.0032021,1046325591
1787385437716,buy,77323.6,0.00001298,1046325590
1787385437716,buy,77320,0.0000102,1046325589
1787385437716,buy,77319.9,0.00019448,1046325588
1787385437412,sell,77319.8,0.06278859,1046325587
1787385436413,sell,77319.8,0.00950782,1046325586
1787385436413,sell,77319.8,0.04667519,1046325585
1787385435413,sell,77319.8,0.01332481,1046325584
1787385435413,sell,77319.8,0.00010787,1046325583
1787385435413,sell,77319.8,0.00039415,1046325582
1787385435413,sell,77319.8,0.00402649,1046325581
1787385435413,sell,77319.8,0.16969292,1046325580
1787385434411,sell,77319.8,0.02980708,1046325579
1787385434411,sell,77319.8,0.00467509,1046325578
1787385434411,sell,77319.8,0.00001,1046325577
1787385434411,sell,77319.8,0.00063859,1046325576
1787385434411,sell,77319.8,0.00011064,1046325575
1787385434411,sell,77319.8,0.00011064,1046325574
1787385434411,sell,77319.8,0.10701064,1046325573
1787385434241,buy,77319.9,0.00014413,1046325572
1787385433411,sell,77319.8,0.11226204,1046325571
1787385433223,sell,77319.8,0.00034,1046325570
1787385432636,buy,77321.2,0.1803507,1046325569
1787385432636,buy,77320.2,0.06,1046325568
1787385432636,buy,77320,0.00387997,1046325567
1787385432636,buy,77319.3,0.1246567,1046325566
1787385432636,buy,77319.2,0.24,1046325565
1787385432636,buy,77319.1,0.00001298,1046325564
1787385432636,buy,77318.3,0.06,1046325563
1787385432636,buy,77318.2,0.06,1046325562
1787385432636,buy,77317.9,0.00085291,1046325561
1787385432636,buy,77316.9,0.0000102,1046325560
1787385432636,buy,77316.6,0.02587041,1046325559
1787385432636,buy,77316.3,0.06,1046325558
1787385432636,buy,77315.1,0.00160048,1046325557
1787385432636,buy,77315.1,0.0002001,1046325556
1787385432636,buy,77315.1,0.00159064,1046325555
1787385432636,buy,77315.1,0.00160038,1046325554
1787385432636,buy,77315.1,0.00251567,1046325553
1787385432636,buy,77315.1,0.00826306,1046325552
1787385432636,buy,77315.1,0.00001,1046325551
1787385432636,buy,77315.1,0.00044876,1046325550
1787385432636,buy,77315.1,0.00402626,1046325549
1787385432636,buy,77315.1,0.00001,1046325548
1787385432636,buy,77315.1,0.00572666,1046325547
1787385432636,buy,77315.1,0.00001,1046325546
1787385432636,buy,77315.1,0.00159052,1046325545
1787385432636,buy,77315.1,0.00001,1046325544
1787385432636,buy,77315.1,0.00080569,1046325543
1787385432636,buy,77315.1,0.00001,1046325542
1787385432636,buy,77315.1,0.20174072,1046325541
1787385432413,sell,77315,0.08183683,1046325540
1787385432413,sell,77315,0.0001,1046325539
1787385432413,sell,77315,0.00063917,1046325538
1787385431426,sell,77315,0.00522164,1046325537
1787385431426,sell,77315,0.00001,1046325536
1787385431426,sell,77315,0.00435079,1046325535
1787385431426,sell,77315,0.00435079,1046325534
1787385431426,sell,77315,0.00043886,1046325533
1787385431426,sell,77315,0.01481035,1046325532
1787385430412,sell,77315,0.07651882,1046325531
1787385430412,sell,77316.1,0.00120664,1046325530
1787385430412,sell,77316.1,0.01701148,1046325529
1787385430412,sell,77316.2,0.00001024,1046325528
1787385430412,sell,77316.2,0.00043886,1046325527
1787385430412,sell,77316.2,0.00001,1046325526
1787385430412,sell,77316.2,0.0041263,1046325525
1787385430412,sell,77316.2,0.00411618,1046325524
1787385430225,sell,77316.2,0.00000024,1046325523
1787385430225,sell,77316.2,0.00001,1046325522
1787385429411,sell,77316.2,0.10703684,1046325521
1787385428412,sell,77316.1,0.00885825,1046325520
1787385428412,sell,77317,0.07878113,1046325519
1787385428412,sell,77318,0.0000139,1046325518
1787385428412,sell,77318.1,0.00116765,1046325517
1787385428412,sell,77318.2,0.11408815,1046325516
1787385428412,sell,77318.2,0.0009,1046325515
1787385428412,sell,77318.2,0.00340087,1046325514
1787385428412,sell,77318.2,0.00072543,1046325513
1787385428412,sell,77318.2,0.00412631,1046325512
1787385428412,sell,77318.2,0.02080946,1046325511
1787385428382,buy,77318.3,0.00035352,1046325510
1787385428112,sell,77318.2,0.01309054,1046325509
1787385428112,sell,77318.2,0.00340087,1046325508
1787385427817,buy,77318.3,0.06027491,1046325507
1787385427817,buy,77318.3,0.0009,1046325506
1787385427817,buy,77318.3,0.00412631,1046325505
1787385427817,buy,77318.3,0.0041263,1046325504
1787385427817,buy,77318.3,0.0000483,1046325503
1787385427413,sell,77318.2,0.08722085,1046325502
1787385427413,sell,77318.2,0.00412631,1046325501
1787385427413,sell,77318.2,0.00072543,1046325500
1787385426412,sell,77318.2,0.00340087,1046325499
1787385426412,sell,77318.2,0.035,1046325498
1787385424412,sell,77318.2,0.08608659,1046325497
1787385424412,sell,77318.2,0.02586867,1046325496
1787385424412,sell,77318.2,0.00077104,1046325495
1787385424412,sell,77318.2,0.00364004,1046325494
1787385424412,sell,77318.2,0.0036397,1046325493
1787385424412,sell,77318.2,0.08556598,1046325492
1787385492411,sell,77304.9,0.00724661,1046326034
1787385492411,sell,77304.9,0.00599473,1046326033
1787385492411,sell,77304.9,0.00600473,1046326032
1787385492411,sell,77304.9,0.00001,1046326031
1787385492411,sell,77304.9,0.030723,1046326030
1787385492411,sell,77304.9,0.0000216,1046326029
1787385492411,sell,77304.9,0.00646818,1046326028
1787385492411,sell,77304.9,0.02287995,1046326027
1787385492308,buy,77305,0.06505141,1046326026
1787385491950,buy,77305,0.05183559,1046326025
1787385491426,sell,77304.9,0.00812005,1046326024
1787385491426,sell,77304.9,0.031,1046326023
1787385491426,sell,77304.9,0.031,1046326022
1787385491426,sell,77304.9,0.031,1046326021
1787385491426,sell,77304.9,0.0248,1046326020
1787385491426,sell,77304.9,0.00001,1046326019
1787385491426,sell,77304.9,0.00599594,1046326018
1787385491426,sell,77304.9,0.00599593,1046326017
1787385490533,buy,77305,0.00129357,1046326016
1787385490412,sell,77304.9,0.04311117,1046326015
1787385490412,sell,77305.7,0.00001298,1046326014
1787385490412,sell,77306.9,0.0000102,1046326013
1787385490412,sell,77307.7,0.0000119,1046326012
1787385490412,sell,77307.7,0.00646819,1046326011
1787385490412,sell,77307.7,0.00599594,1046326010
1787385490412,sell,77307.7,0.00599593,1046326009
1787385490412,sell,77307.7,0.030723,1046326008
1787385490412,sell,77307.7,0.02421767,1046326007
1787385490250,buy,77307.8,0.00003629,1046326006
1787385490225,sell,77307.7,0.00001024,1046326005
1787385490050,sell,77307.7,0.00031209,1046326004
1787385489655,sell,77307.7,0.00026,1046326003
1787385489412,sell,77307.7,0.05169554,1046326002
1787385489412,sell,77307.7,0.030723,1046326001
1787385489412,sell,77307.7,0.00541566,1046326000
1787385489412,sell,77307.7,0.00541566,1046325999
1787385489412,sell,77307.7,0.00646803,1046325998
1787385489412,sell,77307.7,0.00003738,1046325997
1787385489412,sell,77307.7,0.00003282,1046325996
1787385489412,sell,77307.7,0.02159128,1046325995
1787385489082,sell,77307.7,0.00428,1046325994
1787385488412,sell,77307.7,0.03217408,1046325993
1787385488412,sell,77307.8,0.00001086,1046325992
1787385488412,sell,77307.8,0.0248,1046325991
1787385488412,sell,77307.8,0.00003738,1046325990
1787385488412,sell,77307.8,0.00646789,1046325989
1787385488412,sell,77307.8,0.00006564,1046325988
1787385488412,sell,77307.8,0.030723,1046325987
1787385488412,sell,77307.8,0.01659245,1046325986
1787385487714,buy,77307.9,0.00074507,1046325985
1787385487412,sell,77307.8,0.00764259,1046325984
1787385486411,sell,77307.8,0.00676496,1046325983
1787385486411,sell,77307.8,0.0248,1046325982
1787385486411,sell,77307.8,0.031,1046325981
1787385486411,sell,77307.8,0.00007687,1046325980
1787385486411,sell,77307.8,0.00541565,1046325979
1787385486411,sell,77307.8,0.00173381,1046325978
1787385486411,sell,77307.8,0.00327,1046325977
1787385486411,sell,77307.8,0.00041184,1046325976
1787385486411,sell,77307.8,0.030723,1046325975
1787385486411,sell,77307.8,0.00002819,1046325974
1787385486411,sell,77307.8,0.00384538,1046325973
1787385485906,buy,77307.9,0.00000293,1046325972
1787385485906,buy,77307.9,0.00001,1046325971
1787385485901,sell,77314.9,0.00129214,1046325970
1787385485411,sell,77307.8,0.00262254,1046325969
1787385485411,sell,77307.8,0.03097801,1046325968
1787385485411,sell,77307.8,0.031,1046325967
1787385485411,sell,77307.8,0.0248,1046325966
1787385485411,sell,77307.8,0.00001,1046325965
1787385485411,sell,77307.8,0.0009,1046325964
1787385485411,sell,77307.8,0.00008594,1046325963
1787385485411,sell,77307.8,0.00520473,1046325962
1787385485411,sell,77307.8,0.00193473,1046325961
1787385484962,sell,77307.8,0.00327,1046325960
1787385484411,sell,77307.8,0.01470491,1046325959
1787385484411,sell,77308,0.00001298,1046325958
1787385484411,sell,77308.8,0.02587092,1046325957
1787385484411,sell,77309.1,0.00019581,1046325956
1787385484411,sell,77309.2,0.0000102,1046325955
1787385484411,sell,77309.6,0.0258,1046325954
1787385484411,sell,77309.8,0.0009,1046325953
1787385484411,sell,77309.8,0.00646792,1046325952
1787385484411,sell,77309.8,0.00520473,1046325951
1787385484411,sell,77309.8,0.00520473,1046325950
1787385484411,sell,77309.8,0.030723,1046325949
1787385484411,sell,77309.8,0.0248,1046325948
1787385483413,sell,77309.8,0.08757954,1046325947
1787385482421,sell,77309.8,0.03955466,1046325946
1787385482421,sell,77309.8,0.00529957,1046325945
1787385482421,sell,77309.8,0.00529958,1046325944
1787385482421,sell,77309.8,0.0248,1046325943
1787385482421,sell,77309.8,0.00002147,1046325942
1787385482421,sell,77309.8,0.00001785,1046325941
1787385482421,sell,77309.8,0.00048987,1046325940
1787385482421,sell,77309.8,0.01597171,1046325939
1787385481934,buy,77309.9,0.05273756,1046325938
1787385481413,sell,77309.8,0.009898,1046325937
1787385481413,sell,77310.2,0.00001298,1046325936
1787385481413,sell,77313.2,0.00102276,1046325935
1787385547940,sell,77298,0.00000001,1046326488
1787385547940,sell,77301.3,0.00029107,1046326487
1787385547940,sell,77301.3,0.00031838,1046326486
1787385547929,sell,77301.3,0.00001299,1046326485
1787385547929,sell,77303.6,0.00029107,1046326484
1787385547929,sell,77303.6,0.0002837,1046326483
1787385547920,sell,77308.5,0.0000102,1046326482
1787385547920,sell,77308.6,0.00032756,1046326481
1787385547915,sell,77309.2,0.0000102,1046326480
1787385544750,buy,77309,0.0000102,1046326479
1787385544676,buy,77306.5,0.00077674,1046326478
1787385544657,buy,77305.6,0.00000001,1046326477
1787385544657,buy,77305.6,0.0011,1046326476
1787385544646,buy,77305,0.00001299,1046326475
1787385544646,buy,77303.4,0.00001298,1046326474
1787385544646,buy,77303.3,0.000015,1046326473
1787385544646,buy,77303.2,0.0000102,1046326472
1787385544646,buy,77301.4,0.001,1046326471
1787385544646,buy,77301.1,0.00001298,1046326470
1787385544646,buy,77300.2,0.00040268,1046326469
1787385544646,buy,77300,0.00008096,1046326468
1787385544646,buy,77299.9,0.00001053,1046326467
1787385544645,buy,77296,0.00081225,1046326466
1787385544645,buy,77296,0.08728701,1046326465
1787385544238,buy,77295,0.00004364,1046326464
1787385544236,buy,77294.4,0.00001298,1046326463
1787385544236,buy,77293.8,0.00001076,1046326462
1787385544236,buy,77293.1,0.0000102,1046326461
1787385544235,buy,77289.9,0.00058731,1046326460
1787385544235,buy,77289.9,0.00210791,1046326459
1787385544235,buy,77289.9,0.0105514,1046326458
1787385544235,buy,77289.9,0.01055152,1046326457
1787385544235,buy,77289.9,0.00361456,1046326456
1787385544235,buy,77289.9,0.00105419,1046326455
1787385544235,buy,77289.9,0.00465936,1046326454
1787385544235,buy,77289.9,0.00001,1046326453
1787385544235,buy,77289.9,0.02587906,1046326452
1787385543065,sell,77290,0.00001298,1046326451
1787385543065,sell,77291.3,0.00106849,1046326450
1787385543065,sell,77291.8,0.00081225,1046326449
1787385543065,sell,77292.3,0.00001298,1046326448
1787385543065,sell,77294.5,0.0000102,1046326447
1787385543048,sell,77295.3,0.0000102,1046326446
1787385540473,buy,77298.9,0.00753583,1046326445
1787385540473,buy,77298.9,0.00001298,1046326444
1787385540473,buy,77298.8,0.00008009,1046326443
1787385540473,buy,77298.4,0.01139544,1046326442
1787385540473,buy,77297.4,0.0000102,1046326441
1787385540473,buy,77296.7,0.00001298,1046326440
1787385540473,buy,77295.6,0.000015,1046326439
1787385540473,buy,77295.6,0.0016245,1046326438
1787385540473,buy,77294.4,0.00001298,1046326437
1787385540472,buy,77294.1,0.00005018,1046326436
1787385540472,buy,77292.4,0.00045068,1046326435
1787385540469,buy,77292.4,0.00006039,1046326434
1787385540469,buy,77292.4,0.00090127,1046326433
1787385540469,buy,77292.2,0.00001298,1046326432
1787385540469,buy,77289.9,0.00001298,1046326431
1787385540468,buy,77287.8,0.02587909,1046326430
1787385540468,buy,77287.8,0.01556172,1046326429
1787385540468,buy,77286.7,0.0000102,1046326428
1787385540468,buy,77286.3,0.00002801,1046326427
1787385540280,sell,77286.2,0.00019372,1046326426
1787385540227,sell,77286.2,0.00001024,1046326425
1787385538426,sell,77286.3,0.16015428,1046326424
1787385538426,sell,77286.7,0.1525277,1046326423
1787385538426,sell,77286.8,0.18089246,1046326422
1787385538426,sell,77287.7,0.0248,1046326421
1787385538426,sell,77287.7,0.1383,1046326420
1787385538426,sell,77287.7,0.00013763,1046326419
1787385538426,sell,77287.7,0.00542482,1046326418
1787385538426,sell,77287.7,0.00542482,1046326417
1787385538426,sell,77287.7,0.031,1046326416
1787385538426,sell,77287.7,0.031,1046326415
1787385538426,sell,77287.7,0.19983763,1046326414
1787385538426,sell,77287.7,0.00646959,1046326413
1787385538426,sell,77287.7,0.06403107,1046326412
1787385537411,sell,77287.7,0.10235461,1046326411
1787385537411,sell,77287.7,0.00542482,1046326410
1787385537411,sell,77287.7,0.00542482,1046326409
1787385536411,sell,77287.7,0.00593071,1046326408
1787385536411,sell,77287.7,0.0004571,1046326407
1787385536411,sell,77287.7,0.03099065,1046326406
1787385536411,sell,77287.7,0.031,1046326405
1787385536411,sell,77287.7,0.031,1046326404
1787385536411,sell,77287.7,0.00519602,1046326403
1787385536411,sell,77287.7,0.00518652,1046326402
1787385536411,sell,77287.7,0.00001,1046326401
1787385535520,sell,77287.7,0.00217,1046326400
1787385535429,sell,77287.7,0.00605911,1046326399
1787385535429,sell,77287.7,0.0009,1046326398
1787385534411,sell,77287.7,0.12738798,1046326397
1787385533413,sell,77288.4,0.031,1046326396
1787385533413,sell,77289.2,0.031,1046326395
1787385533413,sell,77289.3,0.02043801,1046326394
1787385533413,sell,77291.5,0.0009,1046326393
1787385533413,sell,77291.5,0.00010912,1046326392
1787385533413,sell,77291.5,0.00519602,1046326391
1787385533413,sell,77291.5,0.00010912,1046326390
1787385533413,sell,77291.5,0.00519601,1046326389
1787385603375,buy,77276.3,0.00042292,1046327187
1787385603375,buy,77276.3,0.00095149,1046327186
1787385603309,buy,77276.3,0.00014851,1046327185
1787385603231,buy,77276.3,0.05445813,1046327184
1787385603231,buy,77276.3,0.00000001,1046327183
1787385603165,sell,77276.4,0.00034785,1046327182
1787385603165,sell,77276.4,0.00002122,1046327181
1787385603150,sell,77276.4,0.00000001,1046327180
1787385603150,sell,77276.6,0.00081225,1046327179
1787385603146,sell,77278.8,0.00001298,1046327178
1787385603146,sell,77279,0.00040268,1046327177
1787385603146,sell,77279.7,0.00040069,1046327176
1787385603146,sell,77280,0.00008096,1046327175
1787385603146,sell,77280.1,0.00001501,1046327174
1787385603146,sell,77280.4,0.00081225,1046327173
1787385603146,sell,77281.1,0.00001298,1046327172
1787385603145,sell,77283.2,0.001,1046327171
1787385603145,sell,77284.2,0.00030848,1046327170
1787385603143,sell,77284.2,0.00050377,1046327169
1787385603143,sell,77284.3,0.00028378,1046327168
1787385603143,sell,77284.3,0.00002471,1046327167
1787385603143,sell,77285.5,0.0000102,1046327166
1787385603143,sell,77285.5,0.00001298,1046327165
1787385603141,sell,77288,0.00081225,1046327164
1787385603141,sell,77288.5,0.0248,1046327163
1787385603009,buy,77288.9,0.00002587,1046327162
1787385602990,buy,77288.9,0.00005175,1046327161
1787385602988,buy,77288.9,0.00009056,1046327160
1787385602988,buy,77288.9,0.00129384,1046327159
1787385602981,buy,77288.9,0.00005822,1046327158
1787385602980,buy,77288.9,0.00002587,1046327157
1787385602980,buy,77288.9,0.00003234,1046327156
1787385602808,buy,77288.9,0.00064211,1046327155
1787385602737,buy,77288.9,0.00019224,1046327154
1787385602737,buy,77288.9,0.00000001,1046327153
1787385602432,sell,77288.8,0.00033494,1046327152
1787385602423,sell,77288.8,0.0001464,1046327151
1787385602302,sell,77289.2,0.001,1046327150
1787385602302,sell,77289.6,0.00040268,1046327149
1787385602302,sell,77289.7,0.00006638,1046327148
1787385602302,sell,77290,0.00008096,1046327147
1787385602302,sell,77290.1,0.00003027,1046327146
1787385602302,sell,77291.7,0.0000102,1046327145
1787385602302,sell,77291.8,0.00081225,1046327144
1787385602301,sell,77295,0.000122,1046327143
1787385602258,buy,77295.2,0.00006468,1046327142
1787385602212,buy,77295.2,0.00009056,1046327141
1787385602212,buy,77295.2,0.00032343,1046327140
1787385602210,buy,77295.2,0.00002587,1046327139
1787385602187,buy,77295.2,0.00002587,1046327138
1787385602053,buy,77295.2,0.00069979,1046327137
1787385601946,sell,77298.3,0.00000001,1046327136
1787385601946,sell,77298.3,0.00001,1046327135
1787385601944,sell,77298.3,0.00000001,1046327134
1787385601944,sell,77298.3,0.0010579,1046327133
1787385601943,sell,77298.3,0.00004209,1046327132
1787385601942,sell,77298.3,0.00000001,1046327131
1787385601942,sell,77299.2,0.0006,1046327130
1787385601939,sell,77295,0.00004798,1046327129
1787385601935,buy,77292.2,0.00002852,1046327128
1787385601496,sell,77292.3,0.00001298,1046327127
1787385601496,sell,77292.4,0.00003997,1046327126
1787385601496,sell,77294.5,0.00001298,1046327125
1787385601496,sell,77302.3,0.0000102,1046327124
1787385601384,buy,77303.2,0.00012936,1046327123
1787385601365,buy,77303.2,0.00014488,1046327122
1787385601364,buy,77303.2,0.00004527,1046327121
1787385601360,buy,77303.2,0.00006468,1046327120
1787385600737,sell,77303.1,0.0099527,1046327119
1787385600737,sell,77303.1,0.0001623,1046327118
1787385600612,buy,77303.2,0.0000388,1046327117
1787385600611,buy,77303.2,0.00010348,1046327116
1787385600589,buy,77303.2,0.0000388,1046327115
1787385600565,buy,77303.2,0.00002716,1046327114
1787385600284,buy,77303.6,0.00005237,1046327113
1787385600272,buy,77303.6,0.00004029,1046327112
1787385600222,sell,77303.5,0.00001024,1046327111
1787385600175,buy,77303.6,0.00002581,1046327110
1787385600092,buy,77301.1,0.00001298,1046327109
1787385600092,buy,77300.2,0.00040268,1046327108
1787385600092,buy,77300,0.00049616,1046327107
1787385600092,buy,77300,0.00008096,1046327106
1787385600091,buy,77299.7,0.00040069,1046327105
1787385600091,buy,77298.9,0.00001298,1046327104
1787385600091,buy,77296.7,0.00001298,1046327103
1787385600089,buy,77295.2,0.0258776,1046327102
1787385600084,buy,77292.1,0.00731025,1046327101
1787385600083,buy,77291.6,0.0000102,1046327100
1787385600016,buy,77290,0.00008096,1046327099
1787385600016,buy,77289.7,0.00004967,1046327098
1787385600016,buy,77289.6,0.00116781,1046327097
1787385600016,buy,77289.6,0.00040268,1046327096
1787385600016,buy,77288.6,0.00363279,1046327095
1787385600016,buy,77288.6,0.00363279,1046327094
1787385600016,buy,77288.6,0.00026658,1046327093
1787385599296,buy,77288.6,0.00056001,1046327092
1787385599296,buy,77288.6,0.0011,1046327091
1787385598094,sell,77288.5,0.00028913,1046327090
1787385597313,buy,77287.8,0.06,1046327089
1787385597313,buy,77287.8,0.0011,1046327088
