timestamp_ms,side,price,size,trade_id
1783905076798,sell,63755.5,0.01503149,1032349035
1783905076798,sell,63755.5,0.00065697,1032349034
1783905074921,buy,63755.6,0.000729,1032349033
1783905074920,buy,63755.6,0.00126899,1032349032
1783905074919,buy,63755.4,0.00012435,1032349031
1783905074919,buy,63753.7,0.00051208,1032349030
1783905074919,buy,63751.6,0.0001316,1032349029
1783905074539,buy,63749.2,0.0001918,1032349028
1783905072802,buy,63749.1,0.01118944,1032349027
1783905072330,buy,63750,0.0001208,1032349026
1783905072330,buy,63749.3,0.0000842,1032349025
1783905072330,buy,63748.8,0.00001577,1032349024
1783905072330,buy,63746.6,0.00006481,1032349023
1783905072328,buy,63746.6,0.0000668,1032349022
1783905072328,buy,63746.6,0.0016,1032349021
1783905072328,buy,63746.6,0.001,1032349020
1783905072055,sell,63746.5,0.00846829,1032349019
1783905072055,sell,63746.5,0.00000001,1032349018
1783905071747,buy,63746,0.00001577,1032349017
1783905071747,buy,63743.2,0.00001577,1032349016
1783905071747,buy,63740.4,0.00001577,1032349015
1783905071747,buy,63739.3,0.00046015,1032349014
1783905071744,buy,63737.6,0.01,1032349013
1783905071744,buy,63737.5,0.01,1032349012
1783905071744,buy,63737.4,0.00049937,1032349011
1783905071744,buy,63737.4,0.00996863,1032349010
1783905070992,buy,63737.3,0.00013063,1032349009
1783905069444,buy,63734.5,0.00123481,1032349008
1783905068491,buy,63734.6,0.00042083,1032349007
1783905068173,sell,63734.4,0.00002317,1032349006
1783905066759,sell,63734.4,0.00077801,1032349005
1783905066520,sell,63737.3,0.0016,1032349004
1783905066520,sell,63737.3,0.001,1032349003
1783905066520,sell,63737.3,0.00003847,1032349002
1783905066125,buy,63737.4,0.00003137,1032349001
1783905065471,buy,63733.4,0.00249468,1032349000
1783905065471,buy,63732,0.00001577,1032348999
1783905065470,buy,63729.2,0.00001577,1032348998
1783905065470,buy,63727.7,0.000015,1032348997
1783905065464,buy,63724.5,0.0016,1032348996
1783905065464,buy,63724.5,0.001,1032348995
1783905065406,buy,63724.5,0.09689738,1032348994
1783905065406,buy,63723.9,0.00049956,1032348993
1783905065406,buy,63722.5,0.0016,1032348992
1783905065406,buy,63722.5,0.001,1032348991
1783905065021,buy,63717.8,0.00083217,1032348990
1783905064783,buy,63717.7,0.00313884,1032348989
1783905063875,sell,63717.6,0.1,1032348988
1783905063438,sell,63719.3,0.00046015,1032348987
1783905063438,sell,63720.6,0.00595111,1032348986
1783905063322,sell,63720.9,0.00001577,1032348985
1783905063320,sell,63723.8,0.00595111,1032348984
1783905063314,sell,63725,0.0001208,1032348983
1783905063312,sell,63726.8,0.00167592,1032348982
1783905063312,sell,63726.8,0.00978111,1032348981
1783905063212,sell,63726.8,0.10212793,1032348980
1783905063087,sell,63726.8,0.03207473,1032348979
1783905063087,sell,63727,0.00595111,1032348978
1783905063087,sell,63729.3,0.00001577,1032348977
1783905063087,sell,63730.2,0.0000404,1032348976
1783905063087,sell,63730.2,0.00595111,1032348975
1783905063087,sell,63732.1,0.00001577,1032348974
1783905063087,sell,63732.2,0.01,1032348973
1783905063087,sell,63732.3,0.01,1032348972
1783905063087,sell,63732.4,0.01,1032348971
1783905063087,sell,63733.4,0.00595111,1032348970
1783905063080,sell,63734,0.02000619,1032348969
1783905063080,sell,63735.2,0.07844959,1032348968
1783905063080,sell,63736.6,0.00156991,1032348967
1783905063080,sell,63736.6,0.00595111,1032348966
1783905063001,buy,63736.7,0.00021337,1032348965
1783905062117,buy,63736.7,0.00524237,1032348964
1783905061498,buy,63736.7,0.00119443,1032348963
1783905061335,buy,63736.7,0.0002901,1032348962
1783905060517,sell,63741.1,0.001,1032348961
1783905060517,sell,63741.1,0.0016,1032348960
1783905060517,sell,63741.1,0.00023142,1032348959
1783905060081,sell,63743.8,0.00185251,1032348958
1783905060010,sell,63743.8,0.08052128,1032348957
1783905059805,sell,63743.8,0.08,1032348956
1783905059801,sell,63743.8,0.00001501,1032348955
1783905059801,sell,63743.8,0.00001501,1032348954
1783905059801,sell,63743.8,0.00001501,1032348953
1783905059782,sell,63746.1,0.00001576,1032348952
1783905059782,sell,63746.2,0.018,1032348951
1783905059782,sell,63747.6,0.00228587,1032348950
1783905059782,sell,63747.6,0.0016,1032348949
1783905059782,sell,63747.6,0.001,1032348948
1783905059575,buy,63747.7,0.01429999,1032348947
1783905059100,buy,63747.7,0.00032942,1032348946
1783905058931,buy,63747.7,0.0017604,1032348945
1783905058472,buy,63747.7,0.00069178,1032348944
1783905058233,sell,63747.6,0.08,1032348943
1783905058213,sell,63757.3,0.00117533,1032348942
1783905058139,buy,63757.4,0.02876894,1032348941
1783905058139,buy,63756.4,0.0016,1032348940
1783905058139,buy,63756.4,0.001,1032348939
1783905058136,sell,63756.3,0.00424251,1032348938
1783905058049,buy,63754.5,0.00165007,1032348937
1783905058049,buy,63754.4,0.00001578,1032348936
1783905130505,sell,63829,0.00108084,1032349338
1783905128773,buy,63831.1,0.00023537,1032349337
1783905128773,buy,63831.1,0.00019927,1032349336
1783905128773,buy,63831,0.00065832,1032349335
1783905128773,buy,63831,0.00082877,1032349334
1783905126221,buy,63831,0.00845983,1032349333
1783905126099,buy,63831,0.00918,1032349332
1783905126099,buy,63831,0.0012,1032349331
1783905125561,buy,63830.1,0.00001501,1032349330
1783905125561,buy,63827.3,0.00108,1032349329
1783905125561,buy,63827,0.00015709,1032349328
1783905125558,buy,63825.7,0.00015695,1032349327
1783905125558,buy,63825,0.0001208,1032349326
1783905125558,buy,63824.6,0.00001577,1032349325
1783905125558,buy,63823.5,0.00085809,1032349324
1783905125396,buy,63822.6,0.01399529,1032349323
1783905125396,buy,63822.2,0.00492255,1032349322
1783905125396,buy,63821.8,0.00001575,1032349321
1783905125396,buy,63819.3,0.00046015,1032349320
1783905125396,buy,63816.4,0.00285576,1032349319
1783905125392,buy,63816.2,0.00049906,1032349318
1783905125392,buy,63816.2,0.00001575,1032349317
1783905125392,buy,63814.6,0.00082913,1032349316
1783905125042,buy,63814,0.00015698,1032349315
1783905125042,buy,63813.3,0.00001575,1032349314
1783905125042,buy,63810.7,0.0015,1032349313
1783905125042,buy,63809,0.0001413,1032349312
1783905125042,buy,63809,0.00015729,1032349311
1783905123132,buy,63809,0.08,1032349310
1783905123131,buy,63809,0.1163058,1032349309
1783905123131,buy,63809,0.5,1032349308
1783905123131,buy,63809,0.31573195,1032349307
1783905123128,buy,63809,0.01567179,1032349306
1783905123128,buy,63809,0.00391881,1032349305
1783905123126,buy,63809,0.00306906,1032349304
1783905123126,buy,63809,0.08,1032349303
1783905123124,buy,63809,0.04,1032349302
1783905123122,buy,63809,0.04,1032349301
1783905123119,buy,63809,0.00160839,1032349300
1783905123119,buy,63808.8,0.07839161,1032349299
1783905123114,buy,63805,0.07836377,1032349298
1783905123114,buy,63804.9,0.00001575,1032349297
1783905123113,buy,63802.2,0.00030817,1032349296
1783905123113,buy,63802.1,0.00001575,1032349295
1783905123113,buy,63802,0.20753544,1032349294
1783905123113,buy,63802,0.03134697,1032349293
1783905123112,buy,63799.4,0.0015,1032349292
1783905123112,buy,63799.4,0.01,1032349291
1783905123112,buy,63799.3,0.00001575,1032349290
1783905123112,buy,63799.3,0.01,1032349289
1783905123112,buy,63799.2,0.01,1032349288
1783905123112,buy,63798.2,0.0776207,1032349287
1783905123111,buy,63798.2,0.00078394,1032349286
1783905123111,buy,63797.1,0.00050031,1032349285
1783905123111,buy,63796.5,0.00001575,1032349284
1783905123111,buy,63795.6,0.0005151,1032349283
1783905123111,buy,63794.2,0.00008228,1032349282
1783905123110,buy,63791.5,0.12991352,1032349281
1783905123110,buy,63791.5,0.0411722,1032349280
1783905123110,buy,63790.7,0.02740925,1032349279
1783905123110,buy,63790.7,0.06455104,1032349278
1783905123109,buy,63790.7,0.03643474,1032349277
1783905123109,buy,63790.7,0.01231433,1032349276
1783905123109,buy,63790.7,0.00156719,1032349275
1783905123109,buy,63790.7,0.08322683,1032349274
1783905123109,buy,63790.7,0.02006317,1032349273
1783905123109,buy,63790.7,0.00193557,1032349272
1783905123109,buy,63790.7,0.00379402,1032349271
1783905123109,buy,63790.7,0.02759874,1032349270
1783905123109,buy,63790.7,0.03166167,1032349269
1783905123109,buy,63790.7,0.00009958,1032349268
1783905123109,buy,63790.7,0.00313749,1032349267
1783905122982,buy,63790.7,0.13324826,1032349266
1783905122203,buy,63790.7,0.00047028,1032349265
1783905116125,buy,63790.7,0.02864994,1032349264
1783905114759,buy,63790.7,0.00259,1032349263
1783905114306,buy,63790.7,0.1556017,1032349262
1783905114306,buy,63790.7,0.0013,1032349261
1783905114191,sell,63790.6,0.00120001,1032349260
1783905114182,sell,63791.5,0.00001502,1032349259
1783905114180,sell,63791.5,0.0468626,1032349258
1783905114180,sell,63793.6,0.01,1032349257
1783905114180,sell,63793.7,0.01,1032349256
1783905114180,sell,63793.8,0.0031374,1032349255
1783905114180,sell,63793.8,0.01,1032349254
1783905114163,sell,63799,0.07675609,1032349253
1783905114092,sell,63799.9,0.00784182,1032349252
1783905114092,sell,63799.9,0.17921548,1032349251
1783905114092,sell,63799.9,0.0016,1032349250
1783905114092,sell,63799.9,0.001,1032349249
1783905114092,sell,63799.9,0.14483,1032349248
1783905114092,sell,63799.9,0.07837003,1032349247
1783905114092,sell,63799.9,0.00313699,1032349246
1783905114092,sell,63799.9,0.00117428,1032349245
1783905114026,buy,63805.6,0.00032506,1032349244
1783905114022,buy,63813.3,0.05948913,1032349243
1783905114022,buy,63813.3,0.00001577,1032349242
1783905114022,buy,63812.6,0.00001465,1032349241
1783905114022,buy,63810.9,0.00001501,1032349240
1783905114022,buy,63810.5,0.00001577,1032349239
1783905187361,buy,63862.6,0.0005,1032349544
1783905186741,sell,63862.5,0.00031131,1032349543
1783905186733,buy,63862.6,0.0005,1032349542
1783905185982,buy,63862.6,0.00015,1032349541
1783905185133,buy,63862.6,0.00015,1032349540
1783905183994,sell,63864,0.00001574,1032349539
1783905183994,sell,63865.7,0.00032431,1032349538
1783905181378,buy,63868,0.00016923,1032349537
1783905181378,buy,63868,0.00086415,1032349536
1783905181345,buy,63867.8,0.00015683,1032349535
1783905181345,buy,63867.5,0.00012682,1032349534
1783905181345,buy,63867.2,0.00001055,1032349533
1783905181345,buy,63866.9,0.00005076,1032349532
1783905181345,buy,63866.7,0.0015,1032349531
1783905178944,sell,63856.8,0.0000387,1032349530
1783905177997,buy,63856.9,0.00016756,1032349529
1783905177366,sell,63856.9,0.00595111,1032349528
1783905177366,sell,63860.1,0.00595111,1032349527
1783905177254,sell,63861.2,0.00001574,1032349526
1783905177252,sell,63863.3,0.00004097,1032349525
1783905177252,sell,63863.3,0.00595111,1032349524
1783905175792,sell,63863.4,0.00004319,1032349523
1783905172591,sell,63865.7,0.00005,1032349522
1783905172187,sell,63866.5,0.00595111,1032349521
1783905172187,sell,63866.5,0.00574516,1032349520
1783905170844,buy,63866.6,0.04282653,1032349519
1783905170844,buy,63866.6,0.00187301,1032349518
1783905170844,buy,63866.6,0.00013376,1032349517
1783905170844,buy,63866.6,0.00057467,1032349516
1783905170844,buy,63866.6,0.00003345,1032349515
1783905170844,buy,63866.6,0.00001001,1032349514
1783905170844,buy,63866.6,0.00016684,1032349513
1783905170844,buy,63866.6,0.00001459,1032349512
1783905170844,buy,63866.6,0.00042849,1032349511
1783905170844,buy,63866.6,0.0055355,1032349510
1783905170844,buy,63866.6,0.0000973,1032349509
1783905170844,buy,63866.6,0.00505352,1032349508
1783905170844,buy,63866.6,0.02154051,1032349507
1783905170256,buy,63866.6,0.00311,1032349506
1783905169185,buy,63866.6,0.00782881,1032349505
1783905168568,sell,63866.5,0.00090756,1032349504
1783905166342,buy,63866.6,0.00501044,1032349503
1783905160974,buy,63866.6,0.02129438,1032349502
1783905160494,buy,63866.6,0.00015657,1032349501
1783905159490,buy,63866.6,0.00057044,1032349500
1783905159199,buy,63865.7,0.00002866,1032349499
1783905159199,buy,63865.7,0.00009049,1032349498
1783905159199,buy,63865.7,0.00009107,1032349497
1783905159199,buy,63865.7,0.00001822,1032349496
1783905159199,buy,63864.4,0.00004965,1032349495
1783905159199,buy,63863.6,0.00001172,1032349494
1783905159199,buy,63863.5,0.00034781,1032349493
1783905159199,buy,63862.7,0.00001576,1032349492
1783905159199,buy,63862.2,0.00181061,1032349491
1783905159196,buy,63861.4,0.01,1032349490
1783905159195,buy,63861.3,0.01,1032349489
1783905159195,buy,63861.2,0.01,1032349488
1783905159158,buy,63861.1,0.00001576,1032349487
1783905159158,buy,63861,0.00015711,1032349486
1783905159158,buy,63860,0.00015688,1032349485
1783905159158,buy,63860,0.00010471,1032349484
1783905159158,buy,63859.8,0.00023513,1032349483
1783905159158,buy,63859.3,0.00046015,1032349482
1783905159155,buy,63858.2,0.01169708,1032349481
1783905159130,buy,63857,0.00029999,1032349480
1783905159130,buy,63857,0.00049921,1032349479
1783905159130,buy,63856.1,0.00007917,1032349478
1783905159129,buy,63856,0.10151328,1032349477
1783905159126,buy,63856,0.39848672,1032349476
1783905159126,buy,63856,0.36428757,1032349475
1783905159126,buy,63856,0.09027737,1032349474
1783905159123,buy,63856,0.03132047,1032349473
1783905159119,buy,63856,0.01395799,1032349472
1783905158867,buy,63856,0.0001566,1032349471
1783905158866,sell,63855.9,0.00065684,1032349470
1783905158795,buy,63855.7,0.00001576,1032349469
1783905158795,buy,63855.5,0.00001576,1032349468
1783905158789,buy,63853.8,0.00727675,1032349467
1783905158785,buy,63853.8,0.01441895,1032349466
1783905158768,buy,63853.8,0.0001566,1032349465
1783905158765,buy,63853.8,0.031099,1032349464
1783905158765,buy,63853.6,0.00003178,1032349463
1783905158765,buy,63852.9,0.00001684,1032349462
1783905158765,buy,63852.7,0.00001732,1032349461
1783905158764,buy,63851.1,0.01338082,1032349460
1783905158024,sell,63851,0.00032871,1032349459
1783905157775,sell,63851,0.00030999,1032349458
1783905157775,sell,63851,0.00000001,1032349457
1783905157422,buy,63851.1,0.0001,1032349456
1783905157418,buy,63851.1,0.00013895,1032349455
1783905157418,buy,63851.1,0.00007905,1032349454
1783905157416,buy,63850.9,0.00010549,1032349453
1783905157416,buy,63850.8,0.00013135,1032349452
1783905157416,buy,63850.3,0.00039484,1032349451
1783905157416,buy,63850,0.0001208,1032349450
1783905157416,buy,63847.2,0.0015,1032349449
1783905157416,buy,63847.2,0.00002131,1032349448
1783905157416,buy,63847.1,0.00014935,1032349447
1783905157079,buy,63847.1,0.00055601,1032349446
1783905156615,buy,63847.1,0.0008536,1032349445
1783905242597,buy,63880.6,0.00001008,1032349696
1783905242597,buy,63880.4,0.00001433,1032349695
1783905242597,buy,63880,0.0032999,1032349694
1783905242597,buy,63880,0.00027854,1032349693
1783905242597,buy,63880,0.00004228,1032349692
1783905242597,buy,63879.3,0.00046015,1032349691
1783905242597,buy,63879.1,0.00010663,1032349690
1783905242597,buy,63878.7,0.0015,1032349689
1783905242597,buy,63878.7,0.00012185,1032349688
1783905242590,buy,63878.2,0.00002274,1032349687
1783905242590,buy,63878,0.00050395,1032349686
1783905242590,buy,63878,0.00015706,1032349685
1783905242527,buy,63877.5,0.00046301,1032349684
1783905242527,buy,63877.5,0.00017966,1032349683
1783905242527,buy,63877,0.00032112,1032349682
1783905242527,buy,63875.2,0.001,1032349681
1783905242527,buy,63875.2,0.0016,1032349680
1783905242411,buy,63875.2,0.03131105,1032349679
1783905241000,buy,63875.2,0.03131105,1032349678
1783905239646,buy,63875.1,0.00001573,1032349677
1783905239601,buy,63868.9,0.03131414,1032349676
1783905236856,sell,63868.8,0.0061011,1032349675
1783905236856,sell,63868.8,0.0012,1032349674
1783905233699,buy,63868.9,0.0015657,1032349673
1783905231797,sell,63869.7,0.0012,1032349672
1783905231719,sell,63872.4,0.00001573,1032349671
1783905231183,sell,63876.9,0.0012,1032349670
1783905230801,sell,63876.9,0.00049457,1032349669
1783905230752,buy,63877,0.00002348,1032349668
1783905230407,buy,63876.9,0.00006401,1032349667
1783905230407,buy,63876.7,0.00001575,1032349666
1783905230407,buy,63876.7,0.00001571,1032349665
1783905230407,buy,63876.6,0.00002341,1032349664
1783905230407,buy,63876.1,0.00008212,1032349663
1783905230407,buy,63875.1,0.00001575,1032349662
1783905230407,buy,63875,0.00001499,1032349661
1783905230407,buy,63875,0.00001315,1032349660
1783905230407,buy,63875,0.00399258,1032349659
1783905230407,buy,63875,0.0001208,1032349658
1783905230407,buy,63874.8,0.00015232,1032349657
1783905230407,buy,63874.3,0.00008488,1032349656
1783905230407,buy,63873.2,0.00051753,1032349655
1783905230407,buy,63873.2,0.00054878,1032349654
1783905230407,buy,63872.7,0.00001019,1032349653
1783905230407,buy,63872.3,0.00001574,1032349652
1783905230407,buy,63872.2,0.00001162,1032349651
1783905230407,buy,63872.1,0.00001002,1032349650
1783905230407,buy,63871.9,0.0015,1032349649
1783905230407,buy,63871.4,0.00003403,1032349648
1783905230407,buy,63871,0.00015684,1032349647
1783905230407,buy,63871,0.00001612,1032349646
1783905230407,buy,63869.7,0.00055192,1032349645
1783905230407,buy,63869.7,0.02486578,1032349644
1783905227541,buy,63869.7,0.00427119,1032349643
1783905227403,buy,63869.7,0.00907629,1032349642
1783905224657,sell,63868.2,0.0012,1032349641
1783905224480,sell,63869.6,0.0012,1032349640
1783905224197,buy,63867.7,0.00000001,1032349639
1783905224197,buy,63866.9,0.0015,1032349638
1783905224197,buy,63866.7,0.00001574,1032349637
1783905224194,buy,63862.6,0.00000001,1032349636
1783905224194,buy,63862.6,0.0015,1032349635
1783905219977,sell,63866.7,0.0016,1032349634
1783905219977,sell,63866.7,0.001,1032349633
1783905219977,sell,63866.7,0.0015,1032349632
1783905218167,sell,63869.5,0.0012,1032349631
1783905218143,sell,63869.6,0.0012,1032349630
1783905217491,buy,63869.7,0.00344451,1032349629
1783905217464,buy,63869.4,0.00014973,1032349628
1783905217464,buy,63869.4,0.00002126,1032349627
1783905217464,buy,63869.4,0.00001063,1032349626
1783905217464,buy,63869.4,0.00001963,1032349625
1783905217462,buy,63869.2,0.0016,1032349624
1783905217462,buy,63869.2,0.001,1032349623
1783905217340,buy,63868.9,0.00001042,1032349622
1783905217340,buy,63868.1,0.0015,1032349621
1783905217340,buy,63866.7,0.00001574,1032349620
1783905217340,buy,63861.5,0.01,1032349619
1783905217340,buy,63861.4,0.01,1032349618
1783905217340,buy,63861.3,0.01,1032349617
1783905216597,buy,63861.1,0.00001574,1032349616
1783905216597,buy,63860.1,0.004,1032349615
1783905216597,buy,63859.6,0.001,1032349614
1783905216597,buy,63859.6,0.0016,1032349613
1783905216554,buy,63859.6,0.0313187,1032349612
1783905213951,sell,63859.5,0.05629598,1032349611
1783905213951,sell,63859.5,0.00000001,1032349610
1783905213101,buy,63858.5,0.00037107,1032349609
1783905213098,buy,63855.5,0.00001574,1032349608
1783905211322,buy,63852.8,0.00015,1032349607
1783905208595,buy,63850.7,0.00015,1032349606
1783905207873,buy,63850.7,0.00103366,1032349605
1783905205955,buy,63855,0.00015,1032349604
1783905205450,buy,63852.1,0.001,1032349603
1783905205450,buy,63852.1,0.0016,1032349602
1783905205358,buy,63851.6,0.000218,1032349601
1783905205358,buy,63851.6,0.00020702,1032349600
1783905205358,buy,63849.9,0.00001574,1032349599
1783905205355,buy,63847.4,0.00303844,1032349598
1783905205355,buy,63847.4,0.0016,1032349597
1783905297469,sell,63859.1,0.00003943,1032349919
1783905294289,sell,63864.2,0.00004075,1032349918
1783905290507,sell,63856,0.0000172,1032349917
1783905289521,buy,63856.1,0.00318203,1032349916
1783905288037,sell,63856,0.00031294,1032349915
1783905286174,sell,63856.7,0.00004361,1032349914
1783905286173,sell,63858.4,0.00001574,1032349913
1783905286173,sell,63858.4,0.00082352,1032349912
1783905286172,sell,63859.3,0.00003688,1032349911
1783905286172,sell,63859.3,0.05615616,1032349910
1783905286030,sell,63859.3,0.00176221,1032349909
1783905284859,sell,63862.2,0.00004513,1032349908
1783905284780,sell,63864,0.00001574,1032349907
1783905284025,sell,63865.1,0.00004746,1032349906
1783905282894,buy,63868.2,0.00961,1032349905
1783905279660,sell,63868.1,0.0175004,1032349904
1783905279660,sell,63868.1,0.00000001,1032349903
1783905279247,buy,63866.7,0.00001573,1032349902
1783905279237,buy,63861,0.01,1032349901
1783905279237,buy,63860.9,0.01,1032349900
1783905279237,buy,63860.8,0.01,1032349899
1783905276970,buy,63859.3,0.00046015,1032349898
1783905276967,buy,63858.5,0.0016,1032349897
1783905276967,buy,63858.5,0.001,1032349896
1783905275867,buy,63858.3,0.00001573,1032349895
1783905275867,buy,63855.7,0.00001501,1032349894
1783905275867,buy,63855.5,0.00001573,1032349893
1783905275429,buy,63849.2,0.00015661,1032349892
1783905275426,buy,63846.5,0.00003075,1032349891
1783905275419,buy,63844.2,0.0016,1032349890
1783905275419,buy,63844.2,0.001,1032349889
1783905274769,sell,63844.1,0.00078231,1032349888
1783905273500,buy,63844.2,0.00003149,1032349887
1783905273500,buy,63844.2,0.02743954,1032349886
1783905273500,buy,63844.2,0.0012,1032349885
1783905273500,buy,63844.2,0.00135338,1032349884
1783905273498,buy,63844.2,0.000218,1032349883
1783905273497,buy,63845.5,0.00001575,1032349882
1783905273497,buy,63844.2,0.00001574,1032349881
1783905273494,buy,63839.3,0.001,1032349880
1783905273494,buy,63839.3,0.0016,1032349879
1783905272699,sell,63839.3,0.00046015,1032349878
1783905272699,sell,63840,0.00005134,1032349877
1783905272699,sell,63841.5,0.00001574,1032349876
1783905272697,sell,63842.6,0.00067273,1032349875
1783905272697,sell,63842.6,0.00595111,1032349874
1783905271904,sell,63842.8,0.0016,1032349873
1783905271904,sell,63842.8,0.001,1032349872
1783905271507,sell,63845.8,0.00050503,1032349871
1783905271507,sell,63845.8,0.00595111,1032349870
1783905271498,sell,63846.6,0.00005355,1032349869
1783905271498,sell,63847.2,0.00001574,1032349868
1783905271496,sell,63849,0.00595111,1032349867
1783905271496,sell,63849.1,0.00067238,1032349866
1783905271496,sell,63849.1,0.15302559,1032349865
1783905271134,sell,63849.1,0.00035435,1032349864
1783905271132,sell,63849.1,0.09765435,1032349863
1783905270702,buy,63849.2,0.00078309,1032349862
1783905269797,sell,63849.9,0.00005555,1032349861
1783905269797,sell,63850,0.0001208,1032349860
1783905269797,sell,63850,0.00001574,1032349859
1783905269797,sell,63852.2,0.00049956,1032349858
1783905269797,sell,63852.2,0.00595111,1032349857
1783905268958,sell,63855.4,0.00595111,1032349856
1783905268958,sell,63856.4,0.00005742,1032349855
1783905268958,sell,63856.5,0.01,1032349854
1783905268958,sell,63856.6,0.01,1032349853
1783905268958,sell,63856.7,0.00003691,1032349852
1783905268958,sell,63856.7,0.01,1032349851
1783905268597,sell,63857,0.00049653,1032349850
1783905268597,sell,63857,0.00029746,1032349849
1783905268597,sell,63858.6,0.00595111,1032349848
1783905268591,sell,63859.3,0.00046015,1032349847
1783905268589,sell,63859.9,0.00006009,1032349846
1783905268589,sell,63861.8,0.00049937,1032349845
1783905268589,sell,63861.8,0.00595111,1032349844
1783905267003,buy,63861.9,0.00015658,1032349843
1783905266488,sell,63864,0.00001574,1032349842
1783905266488,sell,63865,0.00595111,1032349841
1783905266488,sell,63866.8,0.00001573,1032349840
1783905266488,sell,63868,0.00006287,1032349839
1783905266488,sell,63868.2,0.0003719,1032349838
1783905266488,sell,63868.2,0.00595111,1032349837
1783905265226,sell,63869.7,0.00030837,1032349836
1783905265226,sell,63869.7,0.0016,1032349835
1783905264424,sell,63872.4,0.00001573,1032349834
1783905264418,sell,63872.9,0.00008333,1032349833
1783905264417,sell,63872.9,0.00013468,1032349832
1783905264417,sell,63873.4,0.00001501,1032349831
1783905264417,sell,63873.8,0.00006831,1032349830
1783905264413,sell,63875.8,0.00030829,1032349829
1783905258229,sell,63877.2,0.001094,1032349828
1783905258227,sell,63877.2,0.000218,1032349827
1783905258226,sell,63878.1,0.00001573,1032349826
1783905258224,sell,63879.9,0.00007179,1032349825
1783905258224,sell,63880.4,0.0007102,1032349824
1783905258222,sell,63880.4,0.0000718,1032349823
1783905258222,sell,63880.4,0.000218,1032349822
1783905258207,sell,63880.9,0.02600296,1032349821
1783905258207,sell,63880.9,0.00003748,1032349820
1783917973698,buy,62740.1,0.01814085,1032432101
1783917972977,sell,62740,0.00020143,1032432100
1783917972822,buy,62739.2,0.08,1032432099
1783917972792,buy,62739.2,0.00000001,1032432098
1783917972792,buy,62738.7,0.00001602,1032432097
1783917972782,buy,62736,0.00001602,1032432096
1783917972780,buy,62733.2,0.00001602,1032432095
1783917972779,buy,62730.4,0.00001602,1032432094
1783917972779,buy,62729.9,0.57870514,1032432093
1783917972779,buy,62729.9,0.01393439,1032432092
1783917972779,buy,62729.9,0.00463384,1032432091
1783917972778,buy,62729.9,0.01785224,1032432090
1783917972778,buy,62729.9,0.01723303,1032432089
1783917972778,buy,62729.9,0.12754827,1032432088
1783917972777,buy,62729.9,0.02044954,1032432087
1783917972777,buy,62729.9,0.05811776,1032432086
1783917972777,buy,62729.9,0.0937,1032432085
1783917972777,buy,62729.9,0.0013,1032432084
1783917972777,buy,62729.9,0.0452,1032432083
1783917972777,buy,62729.9,0.00821259,1032432082
1783917972776,buy,62729.9,0.00361692,1032432081
1783917972776,buy,62729.9,0.00047612,1032432080
1783917970945,buy,62729.1,0.01,1032432079
1783917970945,buy,62729,0.01,1032432078
1783917970945,buy,62728.9,0.01,1032432077
1783917970936,buy,62726.8,0.00001,1032432076
1783917970936,buy,62726.8,0.02486741,1032432075
1783917970935,buy,62726.8,0.08813259,1032432074
1783917970935,buy,62726.8,0.21256741,1032432073
1783917970935,buy,62726.8,0.02219254,1032432072
1783917970935,buy,62726.8,0.23214513,1032432071
1783917970935,buy,62726.8,0.01105846,1032432070
1783917970935,buy,62726.8,0.00580646,1032432069
1783917970935,buy,62726.8,0.26498039,1032432068
1783917970935,buy,62726.8,0.01628806,1032432067
1783917970934,buy,62726.8,0.0753,1032432066
1783917970931,buy,62726.8,0.01962516,1032432065
1783917970895,buy,62726.8,0.02702269,1032432064
1783917970628,buy,62726.8,0.1130067,1032432063
1783917970149,buy,62726.8,0.07729403,1032432062
1783917970149,buy,62726.8,0.40647297,1032432061
1783917970149,buy,62726.8,0.00020628,1032432060
1783917970149,buy,62726.8,0.03092075,1032432059
1783917970149,buy,62726.8,0.00105282,1032432058
1783917970149,buy,62726.8,0.15365561,1032432057
1783917970149,buy,62726.8,0.00895282,1032432056
1783917970149,buy,62726.8,0.0445,1032432055
1783917966561,sell,62726.7,0.00022051,1032432054
1783917966513,buy,62723.2,0.00003892,1032432053
1783917966513,buy,62723.2,0.00000001,1032432052
1783917966513,buy,62722,0.00026339,1032432051
1783917966430,sell,62721.9,0.01309971,1032432050
1783917966430,sell,62721.9,0.0016,1032432049
1783917966430,sell,62721.9,0.001,1032432048
1783917966430,sell,62721.9,0.0445,1032432047
1783917966369,sell,62721.9,0.00283072,1032432046
1783917966364,sell,62721.9,0.04,1032432045
1783917966363,sell,62721.9,0.00226032,1032432044
1783917966363,sell,62721.9,0.00558063,1032432043
1783917966362,sell,62721.9,0.08416704,1032432042
1783917966362,sell,62723,0.00595111,1032432041
1783917966362,sell,62723.8,0.00007971,1032432040
1783917966362,sell,62724.1,0.01,1032432039
1783917966362,sell,62724.2,0.01,1032432038
1783917966362,sell,62724.3,0.00070214,1032432037
1783917966362,sell,62724.3,0.00409047,1032432036
1783917966360,sell,62724.3,0.00520739,1032432035
1783917966360,sell,62724.3,0.00007971,1032432034
1783917966359,sell,62724.6,0.00001501,1032432033
1783917966359,sell,62725,0.0001208,1032432032
1783917966357,sell,62727.4,0.00029989,1032432031
1783917966356,sell,62727.8,0.00001602,1032432030
1783917966355,sell,62731.3,0.0164677,1032432029
1783917966355,sell,62731.6,0.01654955,1032432028
1783917966353,sell,62731.6,0.02275974,1032432027
1783917966353,sell,62731.6,0.04,1032432026
1783917966353,sell,62731.6,0.00346071,1032432025
1783917966353,sell,62733.1,0.01309903,1032432024
1783917966353,sell,62733.1,0.0013,1032432023
1783917966353,sell,62733.1,0.00195974,1032432022
1783917966352,sell,62733.1,0.00825974,1032432021
1783917966352,sell,62733.1,0.01975974,1032432020
1783917966351,sell,62733.1,0.00678339,1032432019
1783917966351,sell,62733.2,0.07321661,1032432018
1783917966350,sell,62733.1,0.03160836,1032432017
1783917966350,sell,62733.3,0.00001602,1032432016
1783917966350,sell,62734.7,0.01747562,1032432015
1783917966350,sell,62734.7,0.04,1032432014
1783917966346,sell,62734.7,0.02529438,1032432013
1783917966346,sell,62734.8,0.00144124,1032432012
1783917966346,sell,62734.8,0.01043562,1032432011
1783917966346,sell,62734.8,0.00023712,1032432010
1783917966346,sell,62734.8,0.01259287,1032432009
1783917966346,sell,62736.1,0.00001602,1032432008
1783917966345,sell,62737.2,0.000015,1032432007
1783917966345,sell,62738.8,0.00001602,1032432006
1783917966345,sell,62740.3,0.0000576,1032432005
1783917966345,sell,62741.6,0.00001602,1032432004
1783917966345,sell,62743.2,0.20968244,1032432003
1783917966345,sell,62743.2,0.03141998,1032432002
1783918028377,sell,62749.9,0.0118946,1032432158
1783918028377,sell,62749.9,0.01413343,1032432157
1783918026865,buy,62747.1,0.02826657,1032432156
1783918026834,sell,62747,0.00035444,1032432155
1783918026064,buy,62747.1,0.00001501,1032432154
1783918026064,buy,62747.1,0.00001501,1032432153
1783918026064,buy,62747.1,0.00001501,1032432152
1783918019590,buy,62747.1,0.0002486,1032432151
1783918019590,buy,62747.1,0.00000001,1032432150
1783918015444,sell,62747,0.00079382,1032432149
1783918013828,sell,62747,0.00205373,1032432148
1783918013828,sell,62747,0.00004373,1032432147
1783918004154,sell,62747,0.00063501,1032432146
1783918001956,sell,62747.1,0.00001602,1032432145
1783918001954,sell,62750.2,0.00005226,1032432144
1783918001954,sell,62750.2,0.00595111,1032432143
1783918001155,sell,62753.4,0.00595111,1032432142
1783918001011,sell,62756.6,0.02878975,1032432141
1783918001011,sell,62756.6,0.00595111,1032432140
1783918001004,sell,62757.6,0.0160579,1032432139
1783918001004,sell,62757.6,0.01422105,1032432138
1783918001004,sell,62758.2,0.03027895,1032432137
1783917990638,sell,62758.2,0.00060782,1032432136
1783917990305,buy,62758.2,0.0006,1032432135
1783917990292,buy,62757.8,0.00015964,1032432134
1783917990290,buy,62757.2,0.00001,1032432133
1783917990290,buy,62756.2,0.05976231,1032432132
1783917990289,buy,62756.2,0.04656768,1032432131
1783917990289,buy,62756.2,0.02123874,1032432130
1783917990289,buy,62756.2,0.00106768,1032432129
1783917990289,buy,62756.2,0.01629836,1032432128
1783917990289,buy,62755.8,0.00008089,1032432127
1783917990289,buy,62755.5,0.00001603,1032432126
1783917990289,buy,62755.5,0.00001,1032432125
1783917990289,buy,62755.2,0.0038992,1032432124
1783917990289,buy,62753.4,0.03060667,1032432123
1783917990289,buy,62753.4,0.02890448,1032432122
1783917989989,buy,62752.5,0.00001602,1032432121
1783917989953,buy,62752.2,0.00037,1032432120
1783917989953,buy,62751.8,0.00109533,1032432119
1783917989940,buy,62751.7,0.01282938,1032432118
1783917987929,buy,62751,0.0002999,1032432117
1783917987925,buy,62750,0.0001208,1032432116
1783917987925,buy,62749.8,0.00001602,1032432115
1783917987925,buy,62749.5,0.01169722,1032432114
1783917987925,buy,62748.7,0.00779834,1032432113
1783917987917,buy,62748.6,0.00039121,1032432112
1783917983894,sell,62748.5,0.00161438,1032432111
1783917983854,sell,62748.5,0.00160802,1032432110
1783917981868,buy,62748.6,0.05370637,1032432109
1783917981693,buy,62747.2,0.00272548,1032432108
1783917980771,buy,62747.2,0.00160963,1032432107
1783917980233,buy,62747.2,0.001616,1032432106
1783917977624,buy,62747,0.00001602,1032432105
1783917977624,buy,62744.2,0.00001602,1032432104
1783917977399,buy,62740.1,0.00017544,1032432103
1783917976818,buy,62740.1,0.00003053,1032432102
1783918084564,sell,62743.8,0.00026423,1032432390
1783918084206,buy,62743.9,0.00015,1032432389
1783918083884,buy,62743.9,0.00326714,1032432388
1783918083832,sell,62743.8,0.0016081,1032432387
1783918081641,buy,62743.9,0.00525747,1032432386
1783918081403,buy,62743.9,0.00003187,1032432385
1783918080691,sell,62743.8,0.00034219,1032432384
1783918079354,buy,62743.9,0.01212288,1032432383
1783918079354,buy,62743.9,0.0013,1032432382
1783918079354,buy,62743.9,0.0445,1032432381
1783918079354,buy,62743.9,0.07697947,1032432380
1783918077918,sell,62743.8,0.00033403,1032432379
1783918077632,sell,62743.8,0.00047143,1032432378
1783918076216,buy,62743.9,0.00003607,1032432377
1783918074525,buy,62743.9,0.00002988,1032432376
1783918074525,buy,62743.9,0.00002988,1032432375
1783918074525,buy,62743.9,0.00002988,1032432374
1783918074525,buy,62743.9,0.00002988,1032432373
1783918074525,buy,62743.9,0.00002988,1032432372
1783918074525,buy,62743.9,0.00002988,1032432371
1783918074525,buy,62743.9,0.00002988,1032432370
1783918074525,buy,62743.9,0.00002988,1032432369
1783918074525,buy,62743.9,0.00002988,1032432368
1783918074525,buy,62743.9,0.00002988,1032432367
1783918074525,buy,62743.9,0.00002988,1032432366
1783918074525,buy,62743.9,0.00002988,1032432365
1783918074525,buy,62743.9,0.00002988,1032432364
1783918074525,buy,62743.9,0.00002988,1032432363
1783918074525,buy,62743.9,0.00002988,1032432362
1783918074525,buy,62743.9,0.00002988,1032432361
1783918074525,buy,62743.9,0.00002988,1032432360
1783918074525,buy,62743.9,0.00002988,1032432359
1783918074525,buy,62743.9,0.00002988,1032432358
1783918074525,buy,62743.9,0.00002988,1032432357
1783918074525,buy,62743.9,0.00002988,1032432356
1783918074525,buy,62743.9,0.00002988,1032432355
1783918074525,buy,62743.9,0.00002988,1032432354
1783918074525,buy,62743.9,0.00002988,1032432353
1783918074525,buy,62743.9,0.00002988,1032432352
1783918074525,buy,62743.9,0.00002988,1032432351
1783918074525,buy,62743.9,0.00002988,1032432350
1783918074525,buy,62743.9,0.00002988,1032432349
1783918074525,buy,62743.9,0.00002988,1032432348
1783918074525,buy,62743.9,0.00002988,1032432347
1783918074525,buy,62743.9,0.00002988,1032432346
1783918074525,buy,62743.9,0.00002988,1032432345
1783918074525,buy,62743.9,0.00002988,1032432344
1783918074525,buy,62743.9,0.00002988,1032432343
1783918074525,buy,62743.9,0.00002988,1032432342
1783918074525,buy,62743.9,0.00002988,1032432341
1783918074525,buy,62743.9,0.00002988,1032432340
1783918074525,buy,62743.9,0.00002988,1032432339
1783918074525,buy,62743.9,0.00002988,1032432338
1783918074525,buy,62743.9,0.00002988,1032432337
1783918074525,buy,62743.9,0.00002988,1032432336
1783918074525,buy,62743.9,0.00002988,1032432335
1783918074525,buy,62743.9,0.00002988,1032432334
1783918074525,buy,62743.9,0.00002988,1032432333
1783918074525,buy,62743.9,0.00002988,1032432332
1783918074525,buy,62743.9,0.00002988,1032432331
1783918074525,buy,62743.9,0.00002988,1032432330
1783918074525,buy,62743.9,0.00002988,1032432329
1783918074525,buy,62743.9,0.00002988,1032432328
1783918074525,buy,62743.9,0.00002988,1032432327
1783918074525,buy,62743.9,0.00002988,1032432326
1783918074525,buy,62743.9,0.00002988,1032432325
1783918074525,buy,62743.9,0.00002988,1032432324
1783918074525,buy,62743.9,0.00002988,1032432323
1783918074525,buy,62743.9,0.00002988,1032432322
1783918074525,buy,62743.9,0.00002988,1032432321
1783918074525,buy,62743.9,0.00002988,1032432320
1783918074525,buy,62743.9,0.00002988,1032432319
1783918074525,buy,62743.9,0.00002988,1032432318
1783918074525,buy,62743.9,0.00002988,1032432317
1783918074525,buy,62743.9,0.00002988,1032432316
1783918074525,buy,62743.9,0.00002988,1032432315
1783918074525,buy,62743.9,0.00002988,1032432314
1783918074525,buy,62743.9,0.00002988,1032432313
1783918074525,buy,62743.9,0.00002988,1032432312
1783918074525,buy,62743.9,0.00002988,1032432311
1783918074525,buy,62743.9,0.00002988,1032432310
1783918074525,buy,62743.9,0.00002988,1032432309
1783918074525,buy,62743.9,0.00002988,1032432308
1783918074525,buy,62743.9,0.00002988,1032432307
1783918074525,buy,62743.9,0.00002988,1032432306
1783918074525,buy,62743.9,0.00002988,1032432305
1783918074525,buy,62743.9,0.00002988,1032432304
1783918074525,buy,62743.9,0.00002988,1032432303
1783918074525,buy,62743.9,0.00002988,1032432302
1783918074525,buy,62743.9,0.00002988,1032432301
1783918074525,buy,62743.9,0.00002988,1032432300
1783918074525,buy,62743.9,0.00002988,1032432299
1783918074525,buy,62743.9,0.00002988,1032432298
1783918074525,buy,62743.9,0.00002988,1032432297
1783918074525,buy,62743.9,0.00002988,1032432296
1783918074525,buy,62743.9,0.00002988,1032432295
1783918074525,buy,62743.9,0.00002988,1032432294
1783918074525,buy,62743.9,0.00002988,1032432293
1783918074525,buy,62743.9,0.00002988,1032432292
1783918074525,buy,62743.9,0.00002988,1032432291
1783918139061,sell,62747.7,0.02958694,1032432510
1783918139061,sell,62747.7,0.00239783,1032432509
1783918138737,sell,62747.7,0.00247189,1032432508
1783918138737,sell,62747.7,0.0039874,1032432507
1783918138737,sell,62747.7,0.02416035,1032432506
1783918138737,sell,62747.7,0.0059,1032432505
1783918138737,sell,62747.7,0.03908965,1032432504
1783918138737,sell,62747.7,0.06325,1032432503
1783918138737,sell,62747.7,0.0382,1032432502
1783918138737,sell,62747.7,0.03946035,1032432501
1783918138737,sell,62747.7,0.02707965,1032432500
1783918138737,sell,62747.7,0.07630851,1032432499
1783918138737,sell,62747.7,0.00500149,1032432498
1783918138737,sell,62747.7,0.04873,1032432497
1783918138737,sell,62747.7,0.06115209,1032432496
1783918138737,sell,62747.7,0.00824791,1032432495
1783918138737,sell,62747.7,0.05935,1032432494
1783918138737,sell,62747.7,0.01648,1032432493
1783918138736,sell,62747.7,0.04850567,1032432492
1783918138736,sell,62747.7,0.10507433,1032432491
1783918138736,sell,62747.7,0.0937,1032432490
1783918138736,sell,62747.7,0.0013,1032432489
1783918138736,sell,62747.7,0.0157,1032432488
1783918132130,sell,62747.7,0.00160797,1032432487
1783918128538,sell,62747.7,0.01905033,1032432486
1783918124725,buy,62747.8,0.07915462,1032432485
1783918124725,buy,62747.8,0.00051751,1032432484
1783918123205,buy,62747.8,0.0000478,1032432483
1783918121488,sell,62747.7,0.00001166,1032432482
1783918120191,buy,62747.8,0.00206088,1032432481
1783918119283,sell,62748.9,0.00348581,1032432480
1783918119281,sell,62748.9,0.0259,1032432479
1783918119231,sell,62748.9,0.00215301,1032432478
1783918119231,sell,62748.9,0.0016,1032432477
1783918119231,sell,62748.9,0.001,1032432476
1783918119045,sell,62748.9,0.00777721,1032432475
1783918118699,buy,62749,0.00161596,1032432474
1783918118633,buy,62749,0.00160958,1032432473
1783918118382,sell,62749.8,0.00001501,1032432472
1783918118382,sell,62750.4,0.0016,1032432471
1783918118382,sell,62750.4,0.001,1032432470
1783918118135,sell,62750.6,0.00005848,1032432469
1783918118135,sell,62753.1,0.00455676,1032432468
1783918118135,sell,62753.1,0.0016,1032432467
1783918118135,sell,62753.1,0.001,1032432466
1783918117613,sell,62753.1,0.00107054,1032432465
1783918117613,sell,62753.1,0.001094,1032432464
1783918117613,sell,62753.1,0.01642723,1032432463
1783918117611,sell,62753.1,0.13254349,1032432462
1783918117610,sell,62753.1,0.03182687,1032432461
1783918117610,sell,62753.1,0.03183327,1032432460
1783918117609,sell,62753.1,0.03183963,1032432459
1783918117609,sell,62753.1,0.0039868,1032432458
1783918117609,sell,62753.1,0.02689941,1032432457
1783918117609,sell,62754,0.00494662,1032432456
1783918117609,sell,62754,0.03185238,1032432455
1783918117609,sell,62754,0.03185879,1032432454
1783918117609,sell,62754,0.03186515,1032432453
1783918117609,sell,62754,0.01611711,1032432452
1783918117609,sell,62756.1,0.01575444,1032432451
1783918117609,sell,62756.1,0.01900242,1032432450
1783918117609,sell,62756.5,0.01287548,1032432449
1783918117609,sell,62756.5,0.0170731,1032432448
1783918117609,sell,62757.2,0.0016,1032432447
1783918117609,sell,62757.2,0.001,1032432446
1783918117609,sell,62757.2,0.01217859,1032432445
1783918117609,sell,62757.2,0.2352132,1032432444
1783918117609,sell,62757.2,0.00227387,1032432443
1783918117609,sell,62757.2,0.02679293,1032432442
1783918115369,sell,62757.2,0.00274942,1032432441
1783918115189,sell,62757.2,0.00040623,1032432440
1783918111600,buy,62757.3,0.03196,1032432439
1783918111598,buy,62757.3,0.03766297,1032432438
1783918111598,buy,62757.3,0.03120703,1032432437
1783918111598,buy,62757.3,0.01311,1032432436
1783918111596,buy,62757.3,0.06967,1032432435
1783918111435,sell,62757.2,0.00398681,1032432434
1783918111429,sell,62757.2,0.00398681,1032432433
1783918111428,sell,62757.2,0.06664,1032432432
1783918111428,sell,62757.2,0.01406,1032432431
1783918110707,sell,62757.2,0.00032337,1032432430
1783918109440,buy,62757.3,0.00269,1032432429
1783918105837,buy,62757.3,0.00005258,1032432428
1783918104803,sell,62757.2,0.00073305,1032432427
1783918104754,buy,62752.4,0.0072,1032432426
1783918104754,buy,62752.4,0.00125947,1032432425
1783918104146,sell,62752.3,0.00162083,1032432424
1783918103902,buy,62752.4,0.00004999,1032432423
1783918103843,sell,62752.3,0.00173253,1032432422
1783918103805,buy,62752.4,0.000729,1032432421
1783918103805,buy,62752.4,0.00051001,1032432420
1783918103803,buy,62751,0.0005,1032432419
1783918103803,buy,62751,0.00001,1032432418
1783918103803,buy,62750.7,0.001,1032432417
1783918103803,buy,62750.7,0.0016,1032432416
1783918103795,sell,62750.6,0.00237615,1032432415
1783918103762,buy,62750.1,0.00001,1032432414
1783918103759,buy,62749.2,0.00001,1032432413
1783918103756,buy,62748.3,0.00001,1032432412
1783918103756,buy,62747.4,0.00001,1032432411
1783918188293,buy,62747.8,0.00127335,1032432578
1783918185465,buy,62747.8,0.00160961,1032432577
1783918185178,sell,62747.7,0.00398741,1032432576
1783918180370,sell,62747.7,0.00162233,1032432575
1783918177939,buy,62747.8,0.00162396,1032432574
1783918174007,buy,62747.5,0.02876,1032432573
1783918174007,buy,62747.5,0.04462,1032432572
1783918174007,buy,62747.5,0.04178,1032432571
1783918174003,buy,62747.5,0.03551,1032432570
1783918173905,buy,62747.5,0.01204,1032432569
1783918173905,buy,62747.5,0.00421,1032432568
1783918173903,buy,62747.5,0.00975,1032432567
1783918173903,buy,62747.5,0.012,1032432566
1783918173901,buy,62747.5,0.01483,1032432565
1783918173901,buy,62747.5,0.00977,1032432564
1783918173899,buy,62747.5,0.04957,1032432563
1783918172230,sell,62747.4,0.00001143,1032432562
1783918169535,buy,62747.5,0.00584405,1032432561
1783918168474,sell,62747.4,0.001091,1032432560
1783918167824,sell,62747.4,0.00164622,1032432559
1783918167486,buy,62747.5,0.00047666,1032432558
1783918163264,buy,62747.5,0.00159368,1032432557
1783918162896,buy,62747.5,0.00153722,1032432556
1783918162896,buy,62747.5,0.00544313,1032432555
1783918156783,buy,62747.5,0.00164787,1032432554
1783918155624,sell,62747.4,0.01379577,1032432553
1783918155624,sell,62747.5,0.01803562,1032432552
1783918155624,sell,62747.5,0.01193338,1032432551
1783918155624,sell,62747.7,0.01989802,1032432550
1783918155623,sell,62747.7,0.03183775,1032432549
1783918155623,sell,62747.7,0.03184416,1032432548
1783918155623,sell,62747.7,0.01979639,1032432547
1783918155623,sell,62747.7,0.00919419,1032432546
1783918155623,sell,62747.7,0.00285994,1032432545
1783918155623,sell,62747.7,0.03185687,1032432544
1783918155623,sell,62747.7,0.03186328,1032432543
1783918155623,sell,62747.7,0.03186964,1032432542
1783918155623,sell,62747.7,0.0039874,1032432541
1783918155623,sell,62747.7,0.03188241,1032432540
1783918155623,sell,62747.7,0.03188881,1032432539
1783918155622,sell,62747.7,0.03734251,1032432538
1783918155280,buy,62747.8,0.00252261,1032432537
1783918155280,buy,62747.8,0.00022438,1032432536
1783918155280,buy,62747.8,0.001594,1032432535
1783918155280,buy,62747.8,0.00499,1032432534
1783918155280,buy,62747.8,0.03379901,1032432533
1783918155278,buy,62747.8,0.01213743,1032432532
1783918155278,buy,62747.8,0.00027632,1032432531
1783918155278,buy,62747.8,0.00027632,1032432530
1783918155278,buy,62747.8,0.01767632,1032432529
1783918155278,buy,62747.8,0.0445,1032432528
1783918155278,buy,62747.8,0.00154113,1032432527
1783918155278,buy,62747.8,0.001594,1032432526
1783918155278,buy,62747.8,0.00007998,1032432525
1783918155278,buy,62747.8,0.0172085,1032432524
1783918155278,buy,62747.8,0.06393,1032432523
1783918155276,buy,62747.8,0.14781,1032432522
1783918155110,buy,62747.8,0.006,1032432521
1783918154893,sell,62747.7,0.001608,1032432520
1783918152525,buy,62747.8,0.00003187,1032432519
1783918152346,buy,62747.8,0.00885927,1032432518
1783918151136,buy,62747.8,0.0000239,1032432517
1783918150581,buy,62747.8,0.00159368,1032432516
1783918147991,sell,62747.7,0.03653418,1032432515
1783918147991,sell,62747.7,0.00331198,1032432514
1783918146772,buy,62747.8,0.00031675,1032432513
1783918142757,buy,62747.8,0.00160961,1032432512
1783918142626,sell,62747.7,0.0001,1032432511
1783929454099,sell,63022.1,0.0016,1032473962
1783929454094,sell,63022.1,0.0429,1032473961
1783929454094,sell,63022.1,0.0371,1032473960
1783929454094,sell,63022.1,0.08,1032473959
1783929454085,sell,63021.9,0.02737,1032473958
1783929454085,sell,63022.5,0.00013,1032473957
1783929454085,sell,63024.3,0.0125,1032473956
1783929454044,sell,63024.3,0.0012,1032473955
1783929454004,sell,63024.3,0.06277193,1032473954
1783929454004,sell,63024.8,0.00595111,1032473953
1783929454004,sell,63025,0.0001208,1032473952
1783929454004,sell,63026.6,0.00453,1032473951
1783929454004,sell,63026.6,0.00662616,1032473950
1783929454002,sell,63026.6,0.04,1032473949
1783929453995,sell,63025.3,0.09792692,1032473948
1783929453995,sell,63026.5,0.06207308,1032473947
1783929453995,sell,63026.5,0.04,1032473946
1783929453995,sell,63026.5,0.07390294,1032473945
1783929453995,sell,63026.6,0.00001595,1032473944
1783929453995,sell,63028,0.00595111,1032473943
1783929453995,sell,63028.1,0.00013,1032473942
1783929453974,sell,63028.2,0.04,1032473941
1783929453974,sell,63028.2,0.02556782,1032473940
1783929453974,sell,63029.3,0.00001595,1032473939
1783929453974,sell,63030.6,0.00011155,1032473938
1783929453974,sell,63031.2,0.00595111,1032473937
1783929453974,sell,63031.3,0.00001,1032473936
1783929453974,sell,63032.1,0.04573083,1032473935
1783929453974,sell,63032.1,0.00001594,1032473934
1783929453974,sell,63033.2,0.0440336,1032473933
1783929453974,sell,63033.7,0.0385632,1032473932
1783929453974,sell,63033.7,0.0054704,1032473931
1783929453974,sell,63033.7,0.00013,1032473930
1783929453974,sell,63033.8,0.00004,1032473929
1783929453974,sell,63033.8,0.0440336,1032473928
1783929453974,sell,63033.8,0.030326,1032473927
1783929453795,buy,63033.9,0.26923154,1032473926
1783929453795,buy,63033.9,0.01863949,1032473925
1783929453075,sell,63034.6,0.00119351,1032473924
1783929452852,sell,63034.6,0.00001,1032473923
1783929452797,sell,63034.6,0.00048583,1032473922
1783929452797,sell,63035.5,0.00003,1032473921
1783929452797,sell,63035.8,0.00029988,1032473920
1783929452795,buy,63035.9,0.00763399,1032473919
1783929452795,buy,63035.9,0.09751107,1032473918
1783929452795,buy,63035.9,0.02,1032473917
1783929452757,sell,63036.2,0.03996905,1032473916
1783929452757,sell,63036.6,0.00001501,1032473915
1783929452757,sell,63037.7,0.00001594,1032473914
1783929452755,sell,63039.2,0.00013,1032473913
1783929452755,sell,63039.3,0.0368223,1032473912
1783929452755,sell,63039.3,0.00028535,1032473911
1783929452653,sell,63039.3,0.0001748,1032473910
1783929452653,sell,63039.5,0.0368223,1032473909
1783929452653,sell,63039.5,0.00009,1032473908
1783929452653,sell,63039.6,0.0029129,1032473907
1783929452653,sell,63039.6,0.0339094,1032473906
1783929452653,sell,63039.6,0.00004244,1032473905
1783929452653,sell,63039.6,0.0003245,1032473904
1783929452653,sell,63039.6,0.04572366,1032473903
1783929452601,buy,63039.7,0.00158575,1032473902
1783929451912,sell,63039.6,0.0016,1032473901
1783929451912,sell,63039.6,0.0384,1032473900
1783929451912,sell,63039.6,0.0787,1032473899
1783929451912,sell,63039.6,0.0013,1032473898
1783929451795,buy,63039.7,0.05530983,1032473897
1783929451281,sell,63039.6,0.015,1032473896
1783929451281,sell,63039.6,0.012,1032473895
1783929451281,sell,63039.6,0.012,1032473894
1783929451281,sell,63039.6,0.013,1032473893
1783929451281,sell,63039.6,0.012,1032473892
1783929451280,sell,63039.6,0.02206309,1032473891
1783929451280,sell,63039.9,0.00001,1032473890
1783929451280,sell,63040.4,0.00001594,1032473889
1783929451280,sell,63042.1,0.05791097,1032473888
1783929451280,sell,63042.1,0.11162013,1032473887
1783929451280,sell,63042.8,0.00503,1032473886
1783929451280,sell,63042.8,0.04334987,1032473885
1783929451280,sell,63042.8,0.013,1032473884
1783929451280,sell,63042.8,0.016,1032473883
1783929451280,sell,63042.8,0.013,1032473882
1783929451280,sell,63042.8,0.03175013,1032473881
1783929451280,sell,63042.8,0.00824987,1032473880
1783929451280,sell,63042.8,0.026,1032473879
1783929451280,sell,63042.8,0.01025013,1032473878
1783929451280,sell,63042.8,0.00174987,1032473877
1783929451280,sell,63042.8,0.012,1032473876
1783929451280,sell,63042.8,0.018,1032473875
1783929451210,sell,63042.8,0.025,1032473874
1783929451210,sell,63042.8,0.016,1032473873
1783929451210,sell,63042.8,0.01,1032473872
1783929451210,sell,63042.8,0.012,1032473871
1783929451210,sell,63042.8,0.00939982,1032473870
1783929451210,sell,63042.9,0.00001501,1032473869
1783929451210,sell,63043.2,0.00001594,1032473868
1783929451210,sell,63043.9,0.00003,1032473867
1783929451210,sell,63044.8,0.00013,1032473866
1783929451210,sell,63045.6,0.00240923,1032473865
1783929451210,sell,63045.6,0.01,1032473864
1783929451210,sell,63045.6,0.01,1032473863
1783929509794,buy,63025.5,0.00258712,1032474247
1783929509794,buy,63025.5,0.1123807,1032474246
1783929508795,buy,63025.5,0.03452287,1032474245
1783929507796,buy,63025.5,0.02403789,1032474244
1783929507796,buy,63025.5,0.00161743,1032474243
1783929507458,sell,63025.4,0.00147731,1032474242
1783929507458,sell,63025.4,0.00020118,1032474241
1783929507458,sell,63025.4,0.00003972,1032474240
1783929506844,sell,63025.4,0.0703,1032474239
1783929506844,sell,63025.4,0.0162,1032474238
1783929506794,buy,63025.5,0.00154306,1032474237
1783929506794,buy,63025.5,0.0013,1032474236
1783929506794,buy,63025.5,0.08768678,1032474235
1783929506657,sell,63025.4,0.0099,1032474234
1783929505818,sell,63025.4,0.0896276,1032474233
1783929505818,sell,63025.4,0.03203006,1032474232
1783929505818,sell,63025.4,0.10328782,1032474231
1783929505818,sell,63025.4,0.00020117,1032474230
1783929505818,sell,63025.4,0.0012,1032474229
1783929505818,sell,63025.4,0.0445,1032474228
1783929505818,sell,63025.4,0.0013,1032474227
1783929505818,sell,63025.4,0.22234953,1032474226
1783929505795,buy,63025.5,0.02941322,1032474225
1783929505795,buy,63025.5,0.02757806,1032474224
1783929505122,sell,63025.4,0.0139,1032474223
1783929505122,sell,63025.4,0.011,1032474222
1783929505122,sell,63025.4,0.0537,1032474221
1783929505093,sell,63025.4,0.0111,1032474220
1783929504939,sell,63025.4,0.0523,1032474219
1783929504794,buy,63025.5,0.08090741,1032474218
1783929503795,buy,63025.5,0.07890403,1032474217
1783929503206,sell,63025.4,0.0319,1032474216
1783929502972,buy,63025.5,0.00171993,1032474215
1783929502794,buy,63025.5,0.10588057,1032474214
1783929502484,sell,63025.4,0.0008,1032474213
1783929501804,sell,63025.4,0.01,1032474212
1783929501804,sell,63025.4,0.015,1032474211
1783929501804,sell,63025.4,0.01,1032474210
1783929501804,sell,63025.4,0.01,1032474209
1783929501804,sell,63025.4,0.00580878,1032474208
1783929501804,sell,63026.2,0.00419122,1032474207
1783929501804,sell,63026.2,0.00175989,1032474206
1783929501804,sell,63026.6,0.00001594,1032474205
1783929501804,sell,63027.6,0.00001,1032474204
1783929501804,sell,63029.3,0.00001594,1032474203
1783929501804,sell,63029.4,0.01319823,1032474202
1783929501804,sell,63029.4,0.012,1032474201
1783929501804,sell,63029.4,0.00936698,1032474200
1783929501804,sell,63029.4,0.00263302,1032474199
1783929501804,sell,63029.4,0.00331809,1032474198
1783929501804,sell,63031.6,0.00668191,1032474197
1783929501804,sell,63031.6,0.025,1032474196
1783929501804,sell,63031.6,0.01,1032474195
1783929501804,sell,63031.6,0.00611231,1032474194
1783929501804,sell,63032.6,0.00388769,1032474193
1783929501804,sell,63032.6,0.01,1032474192
1783929501804,sell,63032.6,0.012,1032474191
1783929501804,sell,63032.6,0.01904889,1032474190
1783929501804,sell,63032.6,0.00595111,1032474189
1783929501795,buy,63032.7,0.08093124,1032474188
1783929501795,buy,63032.7,0.0012,1032474187
1783929501795,buy,63032.7,0.0013,1032474186
1783929501795,buy,63032.7,0.01234214,1032474185
1783929501772,buy,63032.7,0.00165786,1032474184
1783929501382,sell,63032.7,0.04,1032474183
1783929500699,sell,63032.7,0.0419,1032474182
1783929500699,sell,63032.7,0.03024395,1032474181
1783929500699,sell,63032.7,0.02875605,1032474180
1783929499796,buy,63032.8,0.08573246,1032474179
1783929499518,sell,63032.7,0.0158,1032474178
1783929499186,buy,63032.8,0.0039297,1032474177
1783929498838,sell,63032.7,0.0052,1032474176
1783929498794,buy,63032.8,0.15322729,1032474175
1783929498794,buy,63032.8,0.00532865,1032474174
1783929498771,sell,63034.9,0.01065935,1032474173
1783929497795,buy,63035,0.02140546,1032474172
1783929497177,buy,63035,0.00374521,1032474171
1783929496794,buy,63035,0.08155693,1032474170
1783929496721,sell,63034.9,0.03427723,1032474169
1783929496721,sell,63034.9,0.04572277,1032474168
1783929495794,buy,63035,0.07515168,1032474167
1783929495642,sell,63035.4,0.00001,1032474166
1783929495642,sell,63035.8,0.00595111,1032474165
1783929495642,sell,63037.7,0.00001594,1032474164
1783929495642,sell,63038,0.0005,1032474163
1783929495642,sell,63038.7,0.04095451,1032474162
1783929495642,sell,63039,0.03710932,1032474161
1783929495211,sell,63039.3,0.02673795,1032474160
1783929495211,sell,63039.3,0.00003974,1032474159
1783929495055,sell,63039.3,0.00598,1032474158
1783929494930,sell,63039.3,0.0036,1032474157
1783929494795,buy,63039.4,0.08067063,1032474156
1783929493801,buy,63039.4,0.03180487,1032474155
1783929493801,buy,63039.4,0.00317543,1032474154
1783929493801,buy,63039.4,0.02878933,1032474153
1783929493524,sell,63039.3,0.00432759,1032474152
1783929493524,sell,63039.3,0.0013,1032474151
1783929493524,sell,63039.3,0.03437241,1032474150
1783929492794,buy,63039.4,0.08831067,1032474149
1783929492794,buy,63039.4,0.00487,1032474148
1783929565084,sell,63007.3,0.00172655,1032474428
1783929564795,buy,63007.4,0.05667235,1032474427
1783929563795,buy,63007.4,0.04729672,1032474426
1783929562795,buy,63007.4,0.13994525,1032474425
1783929562164,sell,63007.3,0.02481661,1032474424
1783929562164,sell,63007.9,0.00001,1032474423
1783929562164,sell,63010,0.01517339,1032474422
1783929562164,sell,63010,0.00992664,1032474421
1783929562164,sell,63010,0.00595111,1032474420
1783929562164,sell,63010.1,0.02300266,1032474419
1783929562164,sell,63010.3,0.04111959,1032474418
1783929562138,sell,63010.1,0.00209737,1032474417
1783929562138,sell,63010.1,0.01170263,1032474416
1783929562134,sell,63010.3,0.08,1032474415
1783929562134,sell,63010.3,0.02040342,1032474414
1783929562134,sell,63010.3,0.00051096,1032474413
1783929562134,sell,63010.3,0.0013,1032474412
1783929562134,sell,63010.3,0.0012,1032474411
1783929562134,sell,63010.3,0.0004164,1032474410
1783929562134,sell,63010.3,0.01616922,1032474409
1783929561795,buy,63010.4,0.08363287,1032474408
1783929561378,buy,63010.4,0.00023805,1032474407
1783929561098,buy,63010.4,0.00172828,1032474406
1783929560795,buy,63010.4,0.07701464,1032474405
1783929560434,sell,63010.3,0.00893081,1032474404
1783929560434,sell,63010.3,0.00416919,1032474403
1783929560434,sell,63010.3,0.0089,1032474402
1783929560434,sell,63010.3,0.0354,1032474401
1783929560434,sell,63010.3,0.0035,1032474400
1783929560434,sell,63010.3,0.0513,1032474399
1783929560434,sell,63010.3,0.0074,1032474398
1783929560433,sell,63010.3,0.0178,1032474397
1783929560387,sell,63010.3,0.04,1032474396
1783929560387,sell,63010.3,0.0788,1032474395
1783929560387,sell,63010.3,0.0012,1032474394
1783929559832,sell,63011.4,0.00017,1032474393
1783929559832,sell,63011.8,0.01,1032474392
1783929559832,sell,63011.9,0.01,1032474391
1783929559832,sell,63012,0.01,1032474390
1783929559832,sell,63012,0.00049983,1032474389
1783929559832,sell,63012,0.00029989,1032474388
1783929559832,sell,63012.9,0.00003,1032474387
1783929559832,sell,63013.2,0.00595116,1032474386
1783929559832,sell,63014.3,0.0012,1032474385
1783929559832,sell,63014.3,0.0000397,1032474384
1783929559832,sell,63014.3,0.04677871,1032474383
1783929559822,sell,63015,0.04379468,1032474382
1783929559816,buy,63015.1,0.04468684,1032474381
1783929559759,sell,63015,0.00298403,1032474380
1783929559759,sell,63015,0.00001,1032474379
1783929559759,sell,63015.1,0.0012,1032474378
1783929559759,sell,63015.1,0.00780597,1032474377
1783929558794,buy,63015.2,0.08041813,1032474376
1783929558794,buy,63015.2,0.0275346,1032474375
1783929558132,sell,63015.1,0.012,1032474374
1783929557795,buy,63015.2,0.00986217,1032474373
1783929557408,sell,63015.1,0.0098,1032474372
1783929556475,sell,63015.1,0.00031656,1032474371
1783929555923,sell,63015.1,0.0189,1032474370
1783929554909,sell,63015.1,0.0113,1032474369
1783929554794,buy,63015.2,0.07970323,1032474368
1783929554721,sell,63015.1,0.002,1032474367
1783929553794,buy,63015.2,0.09723855,1032474366
1783929553527,sell,63015.1,0.029,1032474365
1783929552794,buy,63015.2,0.07584887,1032474364
1783929552033,buy,63015.2,0.00160278,1032474363
1783929551794,buy,63015.2,0.07603161,1032474362
1783929551509,sell,63015.1,0.0048,1032474361
1783929550748,buy,63015.2,0.00160278,1032474360
1783929549768,buy,63015.2,0.00160278,1032474359
1783929548946,sell,63015.1,0.01916961,1032474358
1783929548946,sell,63015.1,0.0012,1032474357
1783929548946,sell,63015.1,0.00344169,1032474356
1783929548946,sell,63015.1,0.0203887,1032474355
1783929548796,buy,63015.2,0.03199563,1032474354
1783929548796,buy,63015.2,0.03607855,1032474353
1783929548796,buy,63015.2,0.02149164,1032474352
1783929548498,buy,63015.2,0.00160278,1032474351
1783929547795,buy,63015.2,0.07511504,1032474350
1783929546794,buy,63015.2,0.00499054,1032474349
1783929546794,buy,63015.2,0.06782815,1032474348
1783929545794,buy,63015.2,0.030535,1032474347
1783929545794,buy,63015.2,0.0013,1032474346
1783929545794,buy,63015.2,0.04335469,1032474345
1783929545690,buy,63015.2,0.00114531,1032474344
1783929545690,buy,63015.2,0.00493721,1032474343
1783929545351,sell,63015.1,0.0596113,1032474342
1783929545351,sell,63015.1,0.0387,1032474341
1783929545351,sell,63015.1,0.02517025,1032474340
1783929545351,sell,63015.1,0.00003974,1032474339
1783929545351,sell,63015.1,0.03647871,1032474338
1783929545351,sell,63015.1,0.0103,1032474337
1783929545351,sell,63015.1,0.0012,1032474336
1783929545351,sell,63015.1,0.0451,1032474335
1783929545351,sell,63015.1,0.08,1032474334
1783929544910,sell,63015.1,0.0034,1032474333
1783929544796,buy,63015.2,0.06756582,1032474332
1783929544724,buy,63015.2,0.00549249,1032474331
1783929544578,buy,63015.2,0.00019043,1032474330
1783929544423,sell,63015.1,0.08,1032474329
1783929620578,buy,63004.5,0.00003174,1032474893
1783929620526,buy,63004.5,0.00015871,1032474892
1783929620526,buy,63004.5,0.00015871,1032474891
1783929619804,buy,63004.5,0.00007935,1032474890
1783929619804,buy,63004.5,0.00003174,1032474889
1783929619804,buy,63004.5,0.00079359,1032474888
1783929619779,buy,63004.5,0.00003174,1032474887
1783929619778,buy,63004.5,0.00180939,1032474886
1783929619740,buy,63004.5,0.00003174,1032474885
1783929619727,buy,63004.5,0.00003174,1032474884
1783929619726,buy,63004.5,0.00158718,1032474883
1783929619459,sell,63004.4,0.0011,1032474882
1783929619432,sell,63004.4,0.006,1032474881
1783929619424,sell,63004.4,0.005,1032474880
1783929619417,buy,63004.5,0.00016189,1032474879
1783929619370,sell,63004.4,0.006,1032474878
1783929619348,sell,63004.4,0.005,1032474877
1783929619309,sell,63004.4,0.005,1032474876
1783929619306,sell,63004.4,0.005,1032474875
1783929619301,sell,63004.4,0.005,1032474874
1783929619291,sell,63004.4,0.005,1032474873
1783929619268,sell,63004.4,0.005,1032474872
1783929619237,sell,63004.4,0.005,1032474871
1783929619210,sell,63004.4,0.0133,1032474870
1783929619206,sell,63004.4,0.005,1032474869
1783929619169,sell,63004.4,0.005,1032474868
1783929619140,sell,63004.4,0.0014,1032474867
1783929619140,sell,63004.4,0.0036,1032474866
1783929619060,sell,63004.4,0.005,1032474865
1783929619023,sell,63004.4,0.005,1032474864
1783929619003,buy,63004.5,0.00003174,1032474863
1783929618992,sell,63004.4,0.005,1032474862
1783929618985,sell,63004.4,0.005,1032474861
1783929618961,sell,63004.4,0.005,1032474860
1783929618947,sell,63004.4,0.005,1032474859
1783929618940,buy,63004.5,0.00079359,1032474858
1783929618940,buy,63004.5,0.00004761,1032474857
1783929618934,sell,63004.4,0.005,1032474856
1783929618926,buy,63004.5,0.00007935,1032474855
1783929618924,sell,63004.4,0.0007,1032474854
1783929618924,sell,63004.4,0.0013,1032474853
1783929618924,sell,63004.4,0.0194,1032474852
1783929618924,sell,63004.4,0.0036,1032474851
1783929618900,sell,63004.4,0.005,1032474850
1783929618882,sell,63004.4,0.005,1032474849
1783929618848,sell,63004.4,0.005,1032474848
1783929618771,sell,63004.4,0.0065,1032474847
1783929618771,sell,63004.4,0.0002,1032474846
1783929618770,sell,63004.4,0.0083,1032474845
1783929618747,sell,63004.4,0.005,1032474844
1783929618734,sell,63004.4,0.005,1032474843
1783929618678,sell,63004.4,0.005,1032474842
1783929618654,sell,63004.4,0.006,1032474841
1783929618560,sell,63004.4,0.005,1032474840
1783929618516,sell,63004.4,0.007,1032474839
1783929618496,sell,63004.4,0.005,1032474838
1783929618480,sell,63004.4,0.0083,1032474837
1783929618467,sell,63004.4,0.0083,1032474836
1783929618431,sell,63004.4,0.005,1032474835
1783929618427,sell,63004.4,0.005,1032474834
1783929618410,sell,63004.4,0.007,1032474833
1783929618402,sell,63004.4,0.005,1032474832
1783929618400,sell,63004.4,0.015,1032474831
1783929618397,sell,63004.4,0.005,1032474830
1783929618396,sell,63004.4,0.006,1032474829
1783929618378,sell,63004.4,0.006,1032474828
1783929618203,buy,63004.5,0.00003174,1032474827
1783929618203,buy,63004.5,0.00031743,1032474826
1783929618203,buy,63004.5,0.00015871,1032474825
1783929618180,buy,63001.5,0.00430885,1032474824
1783929618180,buy,63001.5,0.00861915,1032474823
1783929618177,buy,63001.5,0.00007142,1032474822
1783929618177,buy,63001.5,0.00380943,1032474821
1783929618170,sell,63001.4,0.00016498,1032474820
1783929618126,buy,63001.5,0.00045713,1032474819
1783929618126,buy,63001.5,0.00003174,1032474818
1783929618124,buy,63001.5,0.00001596,1032474817
1783929618122,buy,63002.1,0.00000001,1032474816
1783929618122,buy,63001.5,0.00001595,1032474815
1783929618120,buy,63001.1,0.000015,1032474814
1783929618120,buy,62998.7,0.00001595,1032474813
1783929618120,buy,62998,0.0005,1032474812
1783929618120,buy,62996,0.00018942,1032474811
1783929617404,buy,62993.5,0.00003174,1032474810
1783929617403,buy,62993.5,0.00003174,1032474809
1783929617378,buy,62993.5,0.00031749,1032474808
1783929617340,buy,62993.5,0.00020637,1032474807
1783929617326,buy,62993.5,0.00015874,1032474806
1783929617325,buy,62993.5,0.00003174,1032474805
1783929617325,buy,62993.5,0.00050798,1032474804
1783929617069,buy,62993.5,0.00005556,1032474803
1783929616661,sell,62993.4,0.0016,1032474802
1783929616603,buy,62993.5,0.00095247,1032474801
1783929616603,buy,62993.5,0.00253994,1032474800
1783929616603,buy,62993.5,0.00007937,1032474799
1783929616578,buy,62993.5,0.00003174,1032474798
1783929616578,buy,62993.5,0.00003174,1032474797
1783929616540,buy,62993.5,0.00007937,1032474796
1783929616540,buy,62993.5,0.00003174,1032474795
1783929616526,buy,62993.5,0.00158746,1032474794
1783929674977,buy,63020.4,0.00003173,1032475394
1783929674192,sell,63021,0.00001595,1032475393
1783929674192,sell,63022.6,0.0125,1032475392
1783929674154,sell,63022.6,0.03,1032475391
1783929674154,sell,63022.6,0.01,1032475390
1783929674132,sell,63024.5,0.00718308,1032475389
1783929674116,sell,63026.6,0.00001595,1032475388
1783929674116,sell,63026.7,0.00434353,1032475387
1783929674115,sell,63026.7,0.0005,1032475386
1783929674114,sell,63026.7,0.0008,1032475385
1783929674112,sell,63026.7,0.02537647,1032475384
1783929674112,sell,63027.9,0.09172353,1032475383
1783929674111,sell,63027.9,0.0013,1032475382
1783929674110,sell,63029,0.00793882,1032475381
1783929674110,sell,63029.3,0.00001595,1032475380
1783929674110,sell,63029.6,0.00004249,1032475379
1783929674110,sell,63029.6,0.00678998,1032475378
1783929674110,sell,63032.1,0.00001595,1032475377
1783929674110,sell,63032.7,0.03886994,1032475376
1783929674109,sell,63032.7,0.02213161,1032475375
1783929674109,sell,63033,0.0005,1032475374
1783929674109,sell,63034.3,0.04121383,1032475373
1783929674109,sell,63034.3,0.00169458,1032475372
1783929674109,sell,63034.3,0.1171,1032475371
1783929674109,sell,63034.3,0.001484,1032475370
1783929674109,sell,63034.3,0.02035826,1032475369
1783929674109,sell,63034.7,0.04202087,1032475368
1783929674109,sell,63034.8,0.04202087,1032475367
1783929674109,sell,63035.3,0.0053522,1032475366
1783929674109,sell,63035.3,0.02998392,1032475365
1783929674109,sell,63035.3,0.0939,1032475364
1783929674109,sell,63035.3,0.1405,1032475363
1783929674109,sell,63035.3,0.0856,1032475362
1783929674107,sell,63035.3,0.09470588,1032475361
1783929674107,sell,63035.3,0.00395,1032475360
1783929674107,sell,63035.3,0.01587338,1032475359
1783929674104,sell,63035.3,0.08,1032475358
1783929674104,sell,63035.3,0.02372576,1032475357
1783929674104,sell,63035.3,0.1171,1032475356
1783929674104,sell,63035.3,0.0013,1032475355
1783929674104,sell,63035.3,0.01787424,1032475354
1783929674104,sell,63035.3,0.02414663,1032475353
1783929674104,sell,63035.3,0.00250353,1032475352
1783929674104,sell,63035.3,0.01334984,1032475351
1783929673325,buy,63035.4,0.00003172,1032475350
1783929672214,buy,63035.4,0.06000376,1032475349
1783929671457,buy,63035.4,0.00091276,1032475348
1783929670545,buy,63035.4,0.00159751,1032475347
1783929670466,buy,63035.4,0.00159751,1032475346
1783929670166,sell,63035.3,0.00904263,1032475345
1783929669766,buy,63035.4,0.00159751,1032475344
1783929669726,sell,63035.3,0.00160753,1032475343
1783929669368,buy,63035.4,0.00159751,1032475342
1783929668018,buy,63035.4,0.01036877,1032475341
1783929665951,buy,63034.8,0.00001594,1032475340
1783929665951,buy,63033.8,0.00001,1032475339
1783929665951,buy,63032.7,0.00019561,1032475338
1783929665944,buy,63029.9,0.00002,1032475337
1783929664063,buy,63029.7,0.00095625,1032475336
1783929663342,buy,63026.5,0.00001594,1032475335
1783929663342,buy,63026.2,0.00002,1032475334
1783929663342,buy,63025.8,0.00001,1032475333
1783929663342,buy,63025,0.00069992,1032475332
1783929663342,buy,63025,0.0125,1032475331
1783929662621,buy,63025,0.00001001,1032475330
1783929662621,buy,63025,0.0001208,1032475329
1783929662618,buy,63023.7,0.00001594,1032475328
1783929662618,buy,63022,0.0005,1032475327
1783929662612,buy,63020.6,0.00002,1032475326
1783929662612,buy,63020.5,0.00001,1032475325
1783929662612,buy,63019.3,0.00046015,1032475324
1783929662608,buy,63018.3,0.01501087,1032475323
1783929662608,buy,63018.1,0.00001594,1032475322
1783929662608,buy,63017.4,0.01,1032475321
1783929662608,buy,63017.3,0.00063407,1032475320
1783929662608,buy,63017.3,0.0013,1032475319
1783929662607,buy,63017.3,0.00806593,1032475318
1783929662607,buy,63017.2,0.00225533,1032475317
1783929662607,buy,63017.2,0.00774467,1032475316
1783929662607,buy,63016.2,0.00001,1032475315
1783929662606,buy,63015,0.00304274,1032475314
1783929662606,buy,63015,0.10376114,1032475313
1783929662262,sell,63014.9,0.00008286,1032475312
1783929662215,buy,63015,0.00160914,1032475311
1783929660841,buy,63015,0.00095215,1032475310
1783929659836,buy,63015,0.1121348,1032475309
1783929659148,buy,63015,0.00205691,1032475308
1783929656762,sell,63014.9,0.00063383,1032475307
1783929655912,buy,63014.9,0.01526532,1032475306
1783929655912,buy,63014.6,0.00001,1032475305
1783929655494,buy,63013.8,0.00008,1032475304
1783929655032,buy,63012.6,0.00001595,1032475303
1783929655032,buy,63012,0.0002996,1032475302
1783929655032,buy,63011.4,0.00054459,1032475301
1783929655032,buy,63011.4,0.0125,1032475300
1783929655032,buy,63011.4,0.04670794,1032475299
1783929654387,buy,63011.4,0.00082094,1032475298
1783929653822,buy,63011.4,0.00008,1032475297
1783929653166,sell,63011.3,0.0002,1032475296
1783929652482,buy,63010.9,0.07935136,1032475295
1783941792502,buy,63058.1,0.0145172,1032515242
1783941791950,sell,63058,0.00006819,1032515241
1783941791127,buy,63058.1,0.00008,1032515240
1783941790775,buy,63058.1,0.0073,1032515239
1783941789248,buy,63058.1,0.00723376,1032515238
1783941787826,buy,63058.1,0.02165,1032515237
1783941787615,sell,63058,0.5,1032515236
1783941787598,sell,63058,0.5,1032515235
1783941787371,sell,63058,0.5,1032515234
1783941787233,sell,63058,0.5,1032515233
1783941787231,sell,63058,0.08197241,1032515232
1783941787231,sell,63058,0.02509898,1032515231
1783941787231,sell,63058,0.13247727,1032515230
1783941787231,sell,63058,0.07929209,1032515229
1783941787231,sell,63058,0.07934956,1032515228
1783941787231,sell,63058,0.10180969,1032515227
1783941787227,sell,63058,0.13566508,1032515226
1783941787227,sell,63058,0.36433492,1032515225
1783941787201,sell,63058,0.5,1032515224
1783941786995,sell,63058,0.22196983,1032515223
1783941786995,sell,63058,0.27522441,1032515222
1783941786995,sell,63058,0.00020935,1032515221
1783941786995,sell,63058,0.00259641,1032515220
1783941786976,sell,63058,0.04618559,1032515219
1783941786976,sell,63058,0.27522441,1032515218
1783941786976,sell,63058,0.02,1032515217
1783941786976,sell,63058,0.15859,1032515216
1783941786956,buy,63058.1,0.0488861,1032515215
1783941786924,buy,63058.1,0.00789354,1032515214
1783941786924,buy,63058.1,0.5,1032515213
1783941786924,buy,63058.1,0.28210646,1032515212
1783941786834,buy,63058.1,0.00795356,1032515211
1783941786821,buy,63058.1,0.0174688,1032515210
1783941786820,buy,63058.1,0.01286339,1032515209
1783941786820,buy,63058.1,0.00778156,1032515208
1783941786819,buy,63058.1,0.01054578,1032515207
1783941786818,buy,63058.1,0.0238218,1032515206
1783941786815,buy,63058.1,0.01645844,1032515205
1783941786798,buy,63057,0.00001594,1032515204
1783941786798,buy,63056,0.00001944,1032515203
1783941786798,buy,63056,0.00007867,1032515202
1783941786798,buy,63056,0.00009529,1032515201
1783941786796,buy,63055.2,0.5,1032515200
1783941786796,buy,63055.2,0.00662984,1032515199
1783941786796,buy,63055.2,0.49337016,1032515198
1783941786796,buy,63055.2,0.20521441,1032515197
1783941786795,buy,63055.2,0.2102608,1032515196
1783941786795,buy,63055.2,0.08452479,1032515195
1783941786795,buy,63055.2,0.14006584,1032515194
1783941786785,buy,63055.2,0.15957999,1032515193
1783941786783,buy,63055.2,0.20035417,1032515192
1783941786783,buy,63055.2,0.12123804,1032515191
1783941786780,buy,63055.2,0.02205864,1032515190
1783941786773,buy,63055.2,0.02549393,1032515189
1783941786773,buy,63055.2,0.0725,1032515188
1783941786773,buy,63055.2,0.01443503,1032515187
1783941786773,buy,63055.2,0.01510425,1032515186
1783941786772,buy,63055.2,0.00377607,1032515185
1783941786772,buy,63055.2,0.0521,1032515184
1783941786772,buy,63055.2,0.16,1032515183
1783941786772,buy,63055.2,0.01329404,1032515182
1783941786772,buy,63055.2,0.06863925,1032515181
1783941786771,buy,63055.2,0.04,1032515180
1783941786771,buy,63055.2,0.0279,1032515179
1783941786768,buy,63055.2,0.02265638,1032515178
1783941786768,buy,63055.2,0.27159845,1032515177
1783941786767,buy,63055.2,0.03020852,1032515176
1783941786766,buy,63055.2,0.0389974,1032515175
1783941786766,buy,63055.2,0.01663553,1032515174
1783941786765,buy,63055.2,0.1218,1032515173
1783941786765,buy,63055.2,0.0668,1032515172
1783941786765,buy,63055.2,0.29476447,1032515171
1783941786765,buy,63055.2,0.01823553,1032515170
1783941786765,buy,63055.2,0.1196,1032515169
1783941786765,buy,63055.2,0.1506,1032515168
1783941786765,buy,63055.2,0.1236,1032515167
1783941786765,buy,63055.2,0.0257628,1032515166
1783941786765,buy,63055.2,0.06220167,1032515165
1783941786765,buy,63055.2,0.05369833,1032515164
1783941786765,buy,63055.2,0.0060821,1032515163
1783941786765,buy,63055.2,0.02665953,1032515162
1783941786765,buy,63055.2,0.1179,1032515161
1783941786765,buy,63055.2,0.1808,1032515160
1783941786765,buy,63055.2,0.0837,1032515159
1783941786764,buy,63055.2,0.03116004,1032515158
1783941786764,buy,63055.2,0.07123996,1032515157
1783941786764,buy,63055.2,0.01149485,1032515156
1783941786764,buy,63055.2,0.00582754,1032515155
1783941786764,buy,63055.2,0.02905058,1032515154
1783941786764,buy,63055.2,0.005777,1032515153
1783941786764,buy,63055.2,0.00639959,1032515152
1783941786763,buy,63055.2,0.08,1032515151
1783941786757,buy,63053.2,0.00907545,1032515150
1783941786757,buy,63053.2,0.15092455,1032515149
1783941786544,buy,63053.2,0.03312887,1032515148
1783941786187,sell,63053.2,0.04,1032515147
1783941786187,sell,63053.2,0.01,1032515146
1783941786187,sell,63053.3,0.01,1032515145
1783941786187,sell,63053.4,0.04241505,1032515144
1783941786187,sell,63054.8,0.03894145,1032515143
1783941847319,buy,63029.2,0.02798259,1032515349
1783941847316,sell,63030.5,0.03052222,1032515348
1783941847316,sell,63031.3,0.0287757,1032515347
1783941846460,sell,63031.3,0.00158797,1032515346
1783941844906,buy,63031.4,0.01170293,1032515345
1783941842625,sell,63031.3,0.00015855,1032515344
1783941838700,buy,63031.4,0.0000111,1032515343
1783941834710,sell,63031.8,0.00051689,1032515342
1783941834710,sell,63031.8,0.0005169,1032515341
1783941834710,sell,63031.8,0.03052222,1032515340
1783941834710,sell,63031.8,0.0005169,1032515339
1783941834425,buy,63031.9,0.0060199,1032515338
1783941833277,sell,63032.1,0.00154676,1032515337
1783941833264,sell,63032.1,0.000222,1032515336
1783941833262,sell,63032.1,0.00001502,1032515335
1783941833262,sell,63032.2,0.00154676,1032515334
1783941833257,sell,63032.2,0.01233908,1032515333
1783941833257,sell,63032.3,0.00154676,1032515332
1783941833257,sell,63032.3,0.00595116,1032515331
1783941833224,sell,63033.2,0.00001,1032515330
1783941833211,sell,63035.7,0.00595111,1032515329
1783941833197,sell,63035.8,0.00029897,1032515328
1783941833197,sell,63036.8,0.00001501,1032515327
1783941833197,sell,63037.7,0.00001594,1032515326
1783941833165,sell,63038.9,0.00595111,1032515325
1783941833165,sell,63039.3,0.00046015,1032515324
1783941833165,sell,63040.2,0.00625982,1032515323
1783941833165,sell,63040.2,0.0012,1032515322
1783941833164,sell,63040.2,0.03541215,1032515321
1783941833164,sell,63040.2,0.0013,1032515320
1783941833164,sell,63040.2,0.0352,1032515319
1783941833164,sell,63040.3,0.08,1032515318
1783941833164,sell,63040.3,0.08,1032515317
1783941833163,sell,63042,0.06804889,1032515316
1783941833163,sell,63042.1,0.00595111,1032515315
1783941833163,sell,63042.2,0.03722184,1032515314
1783941833161,sell,63042.6,0.03722184,1032515313
1783941833161,sell,63042.6,0.04,1032515312
1783941833161,sell,63042.7,0.03722184,1032515311
1783941833161,sell,63042.7,0.13046087,1032515310
1783941833161,sell,63042.7,0.02833296,1032515309
1783941833161,sell,63042.7,0.00076704,1032515308
1783941832887,buy,63042.8,0.0073,1032515307
1783941832821,sell,63042.7,0.00078107,1032515306
1783941825198,buy,63042.8,0.00042,1032515305
1783941824060,sell,63042.7,0.00001143,1032515304
1783941822186,buy,63042.8,0.00213664,1032515303
1783941822184,sell,63042.8,0.00011,1032515302
1783941822180,sell,63043.2,0.02986722,1032515301
1783941822180,sell,63043.2,0.00001594,1032515300
1783941822180,sell,63045.3,0.0464756,1032515299
1783941822180,sell,63045.3,0.00595111,1032515298
1783941822180,sell,63045.9,0.04572632,1032515297
1783941822180,sell,63045.9,0.15878577,1032515296
1783941822180,sell,63045.9,0.00154811,1032515295
1783941822180,sell,63045.9,0.03412233,1032515294
1783941821615,sell,63045.9,0.00747561,1032515293
1783941821615,sell,63046.1,0.28955595,1032515292
1783941821615,sell,63046.1,0.0000454,1032515291
1783941821615,sell,63046.1,0.1586301,1032515290
1783941821615,sell,63046.1,0.04429294,1032515289
1783941821599,buy,63046.2,0.00001744,1032515288
1783941821048,buy,63046.2,0.01226,1032515287
1783941819657,buy,63046.2,0.00020743,1032515286
1783941816896,buy,63046.2,0.0362,1032515285
1783941813856,buy,63046.2,0.03725046,1032515284
1783941813175,sell,63046.1,0.00177273,1032515283
1783941811989,buy,63046.2,0.00128953,1032515282
1783941810412,sell,63046.8,0.04600297,1032515281
1783941810412,sell,63046.9,0.04386363,1032515280
1783941807900,sell,63046.9,0.00213934,1032515279
1783941806931,sell,63048.5,0.04600297,1032515278
1783941806931,sell,63048.5,0.17253467,1032515277
1783941806931,sell,63048.5,0.0398,1032515276
1783941806931,sell,63048.5,0.00585021,1032515275
1783941806806,sell,63048.5,0.0001009,1032515274
1783941803986,sell,63048.8,0.00001594,1032515273
1783941803984,sell,63050,0.01536465,1032515272
1783941803984,sell,63050,0.11278672,1032515271
1783941803984,sell,63050,0.0443792,1032515270
1783941803984,sell,63050,0.0001208,1032515269
1783941803844,buy,63050.1,0.0015,1032515268
1783941803837,sell,63050.4,0.04571961,1032515267
1783941803837,sell,63051.5,0.16,1032515266
1783941803837,sell,63051.5,0.17252627,1032515265
1783941803837,sell,63051.5,0.00154943,1032515264
1783941803837,sell,63051.5,0.02279273,1032515263
1783941803779,sell,63051.5,0.05720727,1032515262
1783941803779,sell,63051.5,0.16,1032515261
1783941803779,sell,63051.6,0.04061017,1032515260
1783941803779,sell,63051.6,0.00592148,1032515259
1783941803779,sell,63051.7,0.04061017,1032515258
1783941803779,sell,63051.7,0.00595111,1032515257
1783941803779,sell,63054.2,0.04061017,1032515256
1783941803779,sell,63054.2,0.00154943,1032515255
1783941803779,sell,63054.2,0.1475402,1032515254
1783941803725,buy,63054.3,0.00015859,1032515253
1783941801584,sell,63054.3,0.00001594,1032515252
1783941801582,sell,63055.7,0.04,1032515251
1783941801486,sell,63057.3,0.03096441,1032515250
1783941903692,sell,63018.8,0.00044398,1032515411
1783941903692,sell,63018.8,0.00115885,1032515410
1783941903395,buy,63018.9,0.00158682,1032515409
1783941903395,buy,63018.9,0.00177965,1032515408
1783941903295,buy,63018.1,0.00001595,1032515407
1783941903295,buy,63016,0.0005,1032515406
1783941903295,buy,63014.4,0.0001116,1032515405
1783941903295,buy,63014.4,0.0000723,1032515404
1783941903295,buy,63014.4,0.0000177,1032515403
1783941903274,buy,63012.5,0.032666,1032515402
1783941902702,buy,63012.5,0.00315742,1032515401
1783941900087,buy,63012.5,0.00160444,1032515400
1783941897741,buy,63012.5,0.01275,1032515399
1783941896502,buy,63012.5,0.018723,1032515398
1783941896502,buy,63012.5,0.001027,1032515397
1783941894540,sell,63012.4,0.0001401,1032515396
1783941890795,buy,63012.5,0.00105239,1032515395
1783941888197,buy,63012.5,0.00150394,1032515394
1783941884236,buy,63012.5,0.0085,1032515393
1783941883483,buy,63012.5,0.00181056,1032515392
1783941878817,sell,63012.4,0.00664117,1032515391
1783941873761,sell,63013.1,0.00595111,1032515390
1783941873749,sell,63013.3,0.0015,1032515389
1783941873744,sell,63016.3,0.00595111,1032515388
1783941873744,sell,63017.4,0.04010993,1032515387
1783941873744,sell,63017.6,0.04010993,1032515386
1783941873744,sell,63017.6,0.00008378,1032515385
1783941873744,sell,63017.7,0.04010993,1032515384
1783941872819,sell,63017.7,0.00046928,1032515383
1783941871307,sell,63017.9,0.00001501,1032515382
1783941871307,sell,63018.2,0.00001595,1032515381
1783941871307,sell,63019.3,0.00046015,1032515380
1783941871307,sell,63019.5,0.00595111,1032515379
1783941871306,sell,63021,0.00001595,1032515378
1783941871306,sell,63022.1,0.00213371,1032515377
1783941870974,sell,63022.7,0.00595111,1032515376
1783941870974,sell,63024.1,0.01185296,1032515375
1783941870961,sell,63025,0.0001208,1032515374
1783941870959,sell,63025.7,0.00790198,1032515373
1783941870939,sell,63025.9,0.03913565,1032515372
1783941870939,sell,63025.9,0.00595111,1032515371
1783941870933,sell,63026.6,0.00002747,1032515370
1783941870933,sell,63026.6,0.0415,1032515369
1783941870801,sell,63028.2,0.03125839,1032515368
1783941869743,buy,63028.3,0.0073,1032515367
1783941868151,buy,63028.3,0.01346,1032515366
1783941867651,sell,63028.2,0.00005,1032515365
1783941866361,buy,63028.3,0.0016657,1032515364
1783941864283,sell,63028.3,0.00005376,1032515363
1783941864283,sell,63028.3,0.04245988,1032515362
1783941861730,buy,63028.4,0.00032828,1032515361
1783941859887,buy,63028.4,0.08893922,1032515360
1783941859856,sell,63028.3,0.00118171,1032515359
1783941859590,sell,63029.1,0.04087567,1032515358
1783941859590,sell,63029.1,0.00545786,1032515357
1783941857279,sell,63029.1,0.00031185,1032515356
1783941856697,buy,63029.2,0.00147748,1032515355
1783941852776,buy,63029.2,0.00158185,1032515354
1783941851830,buy,63029.2,0.00727167,1032515353
1783941851198,sell,63029.1,0.0001814,1032515352
1783941850626,buy,63029.2,0.00019,1032515351
1783941848758,buy,63029.2,0.00017808,1032515350
1783941958666,buy,63036.4,0.00125123,1032515515
1783941957139,buy,63036.4,0.00004955,1032515514
1783941956639,sell,63036.3,0.00026073,1032515513
1783941953638,sell,63036.3,0.00004283,1032515512
1783941952542,buy,63036.4,0.0000145,1032515511
1783941952057,sell,63038.8,0.00004853,1032515510
1783941952057,sell,63038.8,0.04367491,1032515509
1783941951646,sell,63040.9,0.00005209,1032515508
1783941951646,sell,63040.9,0.15565014,1032515507
1783941951646,sell,63040.9,0.64,1032515506
1783941951646,sell,63040.9,0.09567694,1032515505
1783941951100,sell,63040.9,0.22432306,1032515504
1783941951100,sell,63040.9,0.15565014,1032515503
1783941951100,sell,63040.9,0.0445,1032515502
1783941951100,sell,63040.9,0.00005584,1032515501
1783941951100,sell,63040.9,0.07262,1032515500
1783941951100,sell,63040.9,0.00285096,1032515499
1783941950632,buy,63041,0.00001012,1032515498
1783941950350,sell,63040.9,0.10833904,1032515497
1783941950350,sell,63040.9,0.03820364,1032515496
1783941950350,sell,63040.9,0.16,1032515495
1783941950350,sell,63040.9,0.08,1032515494
1783941950350,sell,63040.9,0.11345732,1032515493
1783941950292,sell,63040.9,0.27998105,1032515492
1783941950292,sell,63040.9,0.15565014,1032515491
1783941950292,sell,63040.9,0.00115745,1032515490
1783941950292,sell,63040.9,0.0445,1032515489
1783941950292,sell,63040.9,0.01871136,1032515488
1783941949139,buy,63041,0.09460252,1032515487
1783941949044,buy,63041,0.00180705,1032515486
1783941946719,sell,63040.9,0.00167998,1032515485
1783941945787,buy,63041,0.00793134,1032515484
1783941945733,buy,63041,0.0133,1032515483
1783941944346,sell,63040.9,0.00160866,1032515482
1783941943429,buy,63041,0.02218371,1032515481
1783941943429,buy,63041,0.00011,1032515480
1783941941292,buy,63040,0.00001042,1032515479
1783941941292,buy,63040,0.0000602,1032515478
1783941941292,buy,63039.7,0.00011,1032515477
1783941941292,buy,63039.3,0.00046015,1032515476
1783941941292,buy,63038.5,0.00011,1032515475
1783941940954,buy,63038.1,0.0069799,1032515474
1783941939851,sell,63038,0.00030087,1032515473
1783941938652,buy,63038.1,0.0073,1032515472
1783941938045,buy,63038.1,0.0000111,1032515471
1783941937531,buy,63038.1,0.00087406,1032515470
1783941937531,buy,63037.6,0.00001594,1032515469
1783941937531,buy,63037.2,0.00011,1032515468
1783941937531,buy,63036,0.00011,1032515467
1783941937529,buy,63034.7,0.00011,1032515466
1783941937529,buy,63033.5,0.00011,1032515465
1783941937529,buy,63033.3,0.00006442,1032515464
1783941937529,buy,63033.3,0.00001137,1032515463
1783941936236,sell,63032.2,0.00129425,1032515462
1783941936236,sell,63032.2,0.00115804,1032515461
1783941935620,buy,63032.3,0.05845,1032515460
1783941934986,buy,63032.3,0.00084,1032515459
1783941934606,buy,63032.3,0.00168167,1032515458
1783941933581,buy,63032.3,0.01253,1032515457
1783941933581,buy,63032.3,0.00177,1032515456
1783941932348,buy,63032.3,0.00367028,1032515455
1783941932348,buy,63032.3,0.00962972,1032515454
1783941930126,buy,63032.3,0.00161028,1032515453
1783941929575,buy,63032.3,0.00001,1032515452
1783941928875,buy,63032.3,0.00095167,1032515451
1783941928875,buy,63032.3,0.01179833,1032515450
1783941928133,buy,63032.3,0.00058061,1032515449
1783941927351,buy,63032.3,0.00762106,1032515448
1783941927351,buy,63032.3,0.00512894,1032515447
1783941927084,sell,63032.2,0.00010219,1032515446
1783941926716,buy,63032.3,0.00278745,1032515445
1783941925334,buy,63032.3,0.00001012,1032515444
1783941920978,buy,63032.3,0.0073,1032515443
1783941919433,buy,63032.3,0.00038671,1032515442
1783941919342,buy,63032.3,0.01279999,1032515441
1783941918127,buy,63032.3,0.00006345,1032515440
1783941917750,buy,63032.3,0.00723,1032515439
1783941917750,buy,63032.3,0.00012,1032515438
1783941917213,sell,63032.2,0.00023542,1032515437
1783941916109,buy,63031.7,0.00037006,1032515436
1783941916089,buy,63031.7,0.00723888,1032515435
1783941916089,buy,63031.7,0.00003268,1032515434
1783941916089,buy,63031.7,0.00006665,1032515433
1783941916089,buy,63031.7,0.00001179,1032515432
1783941915122,buy,63030.6,0.00001501,1032515431
1783941914514,buy,63029.2,0.00001594,1032515430
1783941914514,buy,63026.6,0.00004372,1032515429
1783941914514,buy,63026.6,0.00006978,1032515428
1783941914514,buy,63026.6,0.00001244,1032515427
1783941914514,buy,63026.5,0.00001594,1032515426
1783941913929,buy,63025.1,0.000714,1032515425
1783941913510,buy,63025.1,0.00267074,1032515424
1783941913510,buy,63025.1,0.01707926,1032515423
1783941913458,buy,63025.1,0.000714,1032515422
1783941910066,sell,63025,0.00058353,1032515421
1783941907734,sell,63025,0.00083,1032515420
1783941907470,buy,63024.8,0.00004508,1032515419
1783941907470,buy,63024.8,0.00007234,1032515418
1783941907470,buy,63024.8,0.00001293,1032515417
1783941907082,sell,63023.2,0.00059941,1032515416
1783942014084,buy,63038.9,0.00163708,1032515709
1783942013994,buy,63038.9,0.051,1032515708
1783942013994,buy,63038.9,0.30589746,1032515707
1783942013994,buy,63038.9,0.04310254,1032515706
1783942013956,buy,63038.4,0.0133,1032515705
1783942011002,sell,63038.3,0.00047763,1032515704
1783942010926,sell,63038.3,0.00028223,1032515703
1783942010926,sell,63038.3,0.00293987,1032515702
1783942010926,sell,63038.3,0.0020606,1032515701
1783942009503,sell,63038.3,0.0000793,1032515700
1783942008400,sell,63038.9,0.0793736,1032515699
1783942008400,sell,63039,0.00793815,1032515698
1783942008400,sell,63041.9,0.03337019,1032515697
1783942008400,sell,63041.9,0.07931234,1032515696
1783942008400,sell,63042.6,0.08,1032515695
1783942008400,sell,63043.1,0.04,1032515694
1783942008400,sell,63043.1,0.13690318,1032515693
1783942008308,sell,63043.1,0.33310645,1032515692
1783942008308,sell,63043.1,0.13690318,1032515691
1783942008308,sell,63043.1,0.02999037,1032515690
1783942008106,buy,63043.2,0.00041165,1032515689
1783942007994,sell,63043.1,0.5,1032515688
1783942007872,sell,63043.1,0.11000963,1032515687
1783942007872,sell,63043.1,0.11119,1032515686
1783942007872,sell,63043.1,0.00793769,1032515685
1783942007872,sell,63043.1,0.04572586,1032515684
1783942007872,sell,63043.1,0.13690318,1032515683
1783942007872,sell,63043.1,0.08823364,1032515682
1783942007721,buy,63043.2,0.01,1032515681
1783942007436,sell,63043.1,0.23176636,1032515680
1783942007436,sell,63043.1,0.00793764,1032515679
1783942007436,sell,63043.1,0.11119,1032515678
1783942007436,sell,63043.1,0.06043886,1032515677
1783942007436,sell,63043.1,0.03337019,1032515676
1783942007436,sell,63043.1,0.014,1032515675
1783942007436,sell,63043.1,0.00262274,1032515674
1783942007436,sell,63043.1,0.00004664,1032515673
1783942007436,sell,63043.1,0.03862757,1032515672
1783942007434,sell,63043.1,0.5,1032515671
1783942006841,buy,63043.2,0.07,1032515670
1783942006841,buy,63043.2,0.16,1032515669
1783942006808,sell,63043.1,0.10137243,1032515668
1783942006808,sell,63043.1,0.32,1032515667
1783942006808,sell,63043.1,0.07862757,1032515666
1783942006790,sell,63043.1,0.05827561,1032515665
1783942006790,sell,63043.1,0.04572766,1032515664
1783942006790,sell,63043.1,0.00793808,1032515663
1783942006790,sell,63043.1,0.11119,1032515662
1783942006790,sell,63043.1,0.00115601,1032515661
1783942006790,sell,63043.1,0.07931264,1032515660
1783942006790,sell,63043.1,0.0012,1032515659
1783942006790,sell,63043.1,0.1952,1032515658
1783942006551,sell,63043.1,0.01049694,1032515657
1783942006551,sell,63043.1,0.40374006,1032515656
1783942006551,sell,63043.1,0.005496,1032515655
1783942006551,sell,63043.1,0.080267,1032515654
1783942004507,buy,63043.2,0.0635858,1032515653
1783942004507,buy,63043.2,0.0175076,1032515652
1783942004478,buy,63043.2,0.08,1032515651
1783942004478,buy,63043.2,0.007,1032515650
1783942004478,buy,63043.2,0.073,1032515649
1783942004468,buy,63043.1,0.00001594,1032515648
1783942004468,buy,63042.2,0.00011,1032515647
1783942004468,buy,63039.2,0.00010165,1032515646
1783942004468,buy,63039.2,0.00001389,1032515645
1783942004465,buy,63038.4,0.01657813,1032515644
1783942004465,buy,63038.4,0.0002101,1032515643
1783942004465,buy,63038.4,0.14211177,1032515642
1783942004456,buy,63038.4,0.08,1032515641
1783942004285,sell,63038.3,0.0009255,1032515640
1783942000390,buy,63038.4,0.00090262,1032515639
1783941993285,buy,63038.4,0.08,1032515638
1783941992477,buy,63038.4,0.004,1032515637
1783941991637,buy,63038.4,0.032,1032515636
1783941990309,sell,63038.3,0.38881,1032515635
1783941990309,sell,63038.3,0.11119,1032515634
1783941989744,sell,63038.3,0.11614327,1032515633
1783941989744,sell,63038.3,0.0445,1032515632
1783941989744,sell,63038.3,0.07931686,1032515631
1783941989744,sell,63038.3,0.00793811,1032515630
1783941989744,sell,63038.3,0.16528967,1032515629
1783941989744,sell,63038.3,0.08681209,1032515628
1783941989516,sell,63038.3,0.23318791,1032515627
1783941989516,sell,63038.3,0.26681209,1032515626
1783941989484,sell,63038.3,0.37318791,1032515625
1783941989484,sell,63038.3,0.12681209,1032515624
1783941989309,buy,63038.4,0.00735999,1032515623
1783941989262,sell,63038.3,0.26664139,1032515622
1783941989262,sell,63038.3,0.23335861,1032515621
1783941989032,sell,63038.3,0.04397679,1032515620
1783941989032,sell,63038.3,0.0445,1032515619
1783941989032,sell,63038.3,0.06158005,1032515618
1783941989032,sell,63038.3,0.13488018,1032515617
1783941989032,sell,63038.3,0.00486976,1032515616
1783941989032,sell,63038.3,0.00110994,1032515615
1783941989032,sell,63038.3,0.00107003,1032515614
1783941989032,sell,63038.3,0.20801325,1032515613
1783941988766,sell,63038.3,0.06932215,1032515612
1783941988766,sell,63038.3,0.18,1032515611
1783941988766,sell,63038.3,0.00793845,1032515610
1783949599877,sell,62689.9,0.00027731,1032549512
1783949599877,sell,62689.9,0.00000001,1032549511
1783949599831,buy,62689,0.00001603,1032549510
1783949599829,buy,62687.9,0.00029786,1032549509
1783949599754,sell,62687.8,0.00031992,1032549508
1783949599729,buy,62687.9,0.0049931,1032549507
1783949599729,buy,62687.8,0.01,1032549506
1783949599706,buy,62687.7,0.00034362,1032549505
1783949599706,buy,62687.7,0.00219039,1032549504
1783949599706,buy,62687.5,0.00034361,1032549503
1783949599553,sell,62687.4,0.00041351,1032549502
1783949599504,sell,62683.3,0.00049597,1032549501
1783949599504,sell,62683.3,0.00000001,1032549500
1783949599460,buy,62680.8,0.00001603,1032549499
1783949599460,buy,62680.2,0.00051193,1032549498
1783949599457,buy,62679.8,0.00050685,1032549497
1783949599454,buy,62678,0.00001603,1032549496
1783949599454,buy,62676.3,0.07977498,1032549495
1783949599454,buy,62675.8,0.00109866,1032549494
1783949599452,buy,62674.1,0.13736565,1032549493
1783949599452,buy,62674.1,0.0221,1032549492
1783949599452,buy,62674.1,0.129,1032549491
1783949599452,buy,62674.1,0.2964,1032549490
1783949597647,sell,62674,0.00161754,1032549489
1783949596824,sell,62675.7,0.00030001,1032549488
1783949596824,sell,62675.7,0.000555,1032549487
1783949596135,sell,62675.7,0.00515789,1032549486
1783949596117,buy,62673.8,0.07977816,1032549485
1783949596117,buy,62672.4,0.18,1032549484
1783949596117,buy,62672.4,0.82944,1032549483
1783949596117,buy,62672.4,0.1708968,1032549482
1783949596117,buy,62672.4,0.28102154,1032549481
1783949596117,buy,62672.4,0.29648643,1032549480
1783949596117,buy,62672.4,0.12905823,1032549479
1783949596117,buy,62672.4,0.21044591,1032549478
1783949594957,buy,62672.4,0.004,1032549477
1783949594187,sell,62672.6,0.00001603,1032549476
1783949594187,sell,62674.9,0.00595111,1032549475
1783949594187,sell,62675,0.0001208,1032549474
1783949594187,sell,62678.1,0.00595116,1032549473
1783949594051,sell,62679.2,0.00046015,1032549472
1783949594049,sell,62680.2,0.00029987,1032549471
1783949594049,sell,62680.9,0.00001603,1032549470
1783949594049,sell,62681.5,0.00595111,1032549469
1783949594046,sell,62682.5,0.02622951,1032549468
1783949594046,sell,62682.5,0.01,1032549467
1783949594046,sell,62682.6,0.02622951,1032549466
1783949594046,sell,62682.6,0.01,1032549465
1783949594046,sell,62682.7,0.02622951,1032549464
1783949594046,sell,62682.7,0.01,1032549463
1783949593379,buy,62682.8,0.00017237,1032549462
1783949593260,sell,62684.7,0.00595111,1032549461
1783949593241,sell,62684.8,0.02819134,1032549460
1783949593241,sell,62685.4,0.02835474,1032549459
1783949593238,sell,62686.6,0.02819134,1032549458
1783949593238,sell,62686.6,0.0008864,1032549457
1783949592612,sell,62686.6,0.10235823,1032549456
1783949592612,sell,62686.6,0.00088598,1032549455
1783949592612,sell,62686.6,0.18565235,1032549454
1783949592612,sell,62686.6,0.00507713,1032549453
1783949592612,sell,62686.6,0.11068173,1032549452
1783949592540,buy,62686.7,0.0000319,1032549451
1783949591749,sell,62686.6,0.18578531,1032549450
1783949591749,sell,62686.6,0.06862448,1032549449
1783949591749,sell,62686.6,0.1562,1032549448
1783949591749,sell,62686.6,0.06380943,1032549447
1783949591749,sell,62686.6,0.0267,1032549446
1783949591749,sell,62686.6,0.25162268,1032549445
1783949591749,sell,62686.6,0.04487672,1032549444
1783949591713,sell,62686.6,0.08412328,1032549443
1783949591713,sell,62686.6,0.0262693,1032549442
1783949591713,sell,62686.6,0.02835474,1032549441
1783949591713,sell,62686.6,0.37541437,1032549440
1783949591713,sell,62686.6,0.00082849,1032549439
1783949591713,sell,62686.6,0.0125,1032549438
1783949591713,sell,62686.6,0.27012844,1032549437
1783949591163,buy,62686.7,0.00011804,1032549436
1783949590765,buy,62686.7,0.00161916,1032549435
1783949590203,buy,62686.7,0.0000319,1032549434
1783949589585,sell,62686.6,0.02637043,1032549433
1783949588907,sell,62687.9,0.00595111,1032549432
1783949588907,sell,62689.1,0.00001603,1032549431
1783949588907,sell,62691.1,0.00595111,1032549430
1783949588907,sell,62691.2,0.02525523,1032549429
1783949588907,sell,62691.3,0.02525523,1032549428
1783949588679,sell,62693.4,0.02079887,1032549427
1783949588679,sell,62693.4,0.02525523,1032549426
1783949588679,sell,62693.4,0.00062632,1032549425
1783949586407,sell,62694.3,0.00595111,1032549424
1783949586407,sell,62694.7,0.00001603,1032549423
1783949586407,sell,62697.4,0.00001603,1032549422
1783949586407,sell,62697.5,0.00595111,1032549421
1783949586407,sell,62700.7,0.00595111,1032549420
1783949586407,sell,62702.8,0.04247392,1032549419
1783949586392,sell,62702.8,0.001,1032549418
1783949586307,sell,62702.9,0.04347392,1032549417
1783949586307,sell,62702.9,0.00062554,1032549416
1783949586307,sell,62702.9,0.01,1032549415
1783949586225,buy,62703,0.04347392,1032549414
1783949585251,buy,62703.6,0.00579215,1032549413
1783949658229,buy,62736.8,0.00173741,1032550091
1783949658125,sell,62736.7,0.001,1032550090
1783949655234,sell,62736.9,0.0463143,1032550089
1783949655077,buy,62737,0.00175175,1032550088
1783949654305,sell,62736.9,0.00156201,1032550087
1783949653308,buy,62737,0.02802421,1032550086
1783949653308,buy,62737,0.018,1032550085
1783949653305,sell,62739.3,0.04787631,1032550084
1783949653305,sell,62739.3,0.0125,1032550083
1783949653305,sell,62739.3,0.00579302,1032550082
1783949651677,sell,62739.3,0.00015809,1032550081
1783949650086,sell,62739.6,0.00027908,1032550080
1783949650039,buy,62739.7,0.00000448,1032550079
1783949650039,buy,62739.7,0.00016037,1032550078
1783949650039,buy,62739.6,0.00005775,1032550077
1783949650039,buy,62739.2,0.00046015,1032550076
1783949650039,buy,62739.1,0.00011214,1032550075
1783949650039,buy,62739.1,0.0007929,1032550074
1783949650039,buy,62739.1,0.00001344,1032550073
1783949650039,buy,62739.1,0.00026927,1032550072
1783949650039,buy,62739.1,0.0000129,1032550071
1783949650039,buy,62739.1,0.00001077,1032550070
1783949650039,buy,62738.7,0.00001602,1032550069
1783949650039,buy,62738.3,0.0013,1032550068
1783949650039,buy,62738.3,0.00065853,1032550067
1783949650039,buy,62738.3,0.00037681,1032550066
1783949650036,buy,62737.7,0.0018125,1032550065
1783949650032,buy,62737.5,0.00001002,1032550064
1783949650032,buy,62737.5,0.05951115,1032550063
1783949650032,buy,62737,0.02117635,1032550062
1783949650032,buy,62737,0.001,1032550061
1783949650031,buy,62736.6,0.05768252,1032550060
1783949650031,buy,62736.6,0.0205,1032550059
1783949650031,buy,62736.6,0.126,1032550058
1783949650030,buy,62737,0.1562,1032550057
1783949650030,buy,62736.9,0.17112094,1032550056
1783949650030,buy,62736.8,0.00707906,1032550055
1783949650029,buy,62729.4,0.07970745,1032550054
1783949650028,buy,62736,0.00001602,1032550053
1783949650028,buy,62735.7,0.00001501,1032550052
1783949650028,buy,62734.7,0.14052879,1032550051
1783949650028,buy,62734.4,0.036,1032550050
1783949650028,buy,62732.2,0.07678598,1032550049
1783949650028,buy,62730.5,0.18,1032550048
1783949650028,buy,62726.6,0.14371957,1032550047
1783949650028,buy,62725.7,0.069386,1032550046
1783949649641,sell,62725,0.00001602,1032550045
1783949649637,sell,62727.1,0.0000465,1032550044
1783949649637,sell,62727.1,0.01179167,1032550043
1783949649637,sell,62729.1,0.00015148,1032550042
1783949649637,sell,62730.5,0.03634719,1032550041
1783949649619,sell,62734,0.04413065,1032550040
1783949649619,sell,62734,0.0013,1032550039
1783949649037,sell,62734.3,0.04543065,1032550038
1783949648690,sell,62736.7,0.04543065,1032550037
1783949645724,sell,62736.7,0.00161348,1032550036
1783949645122,sell,62736.7,0.00043163,1032550035
1783949645099,buy,62736.8,0.00000001,1032550034
1783949645099,buy,62736,0.00001602,1032550033
1783949645099,buy,62735.7,0.00001501,1032550032
1783949645099,buy,62733.2,0.00001602,1032550031
1783949645070,buy,62729.4,0.00084444,1032550030
1783949644601,sell,62729.1,0.00017171,1032550029
1783949644541,buy,62729.2,0.00006376,1032550028
1783949641413,buy,62729.2,0.00372455,1032550027
1783949641025,buy,62729.2,0.0014464,1032550026
1783949640987,sell,62729.1,0.00546295,1032550025
1783949640751,sell,62729.1,0.00006743,1032550024
1783949640095,buy,62729.2,0.00951869,1032550023
1783949640024,buy,62729.2,0.00051078,1032550022
1783949640024,buy,62729.2,0.00626596,1032550021
1783949639979,sell,62729.1,0.00003104,1032550020
1783949639979,sell,62729.1,0.000222,1032550019
1783949639977,sell,62730.5,0.00001602,1032550018
1783949639977,sell,62733.3,0.00001602,1032550017
1783949639977,sell,62734.1,0.0125,1032550016
1783949639931,sell,62737.1,0.03236512,1032550015
1783949639931,sell,62737.3,0.03236512,1032550014
1783949639931,sell,62737.4,0.03236512,1032550013
1783949637895,sell,62737.4,0.0003194,1032550012
1783949636598,buy,62737.4,0.00015148,1032550011
1783949636595,buy,62733.5,0.07970224,1032550010
1783949636593,buy,62733.4,0.27181275,1032550009
1783949636592,buy,62731,0.15501402,1032550008
1783949636592,buy,62730.7,0.01,1032550007
1783949636592,buy,62730.7,0.80237,1032550006
1783949636592,buy,62730.7,0.12905287,1032550005
1783949636592,buy,62730.7,0.2810037,1032550004
1783949636592,buy,62730.7,0.0267,1032550003
1783949636592,buy,62730.7,0.1562,1032550002
1783949636592,buy,62730.7,0.0013,1032550001
1783949636592,buy,62730.7,0.18515153,1032550000
1783949636592,buy,62730.7,0.11130207,1032549999
1783949635936,buy,62730.4,0.00001602,1032549998
1783949635835,buy,62726.7,0.13959212,1032549997
1783949635429,buy,62726.7,0.00009246,1032549996
1783949634684,buy,62721.1,0.02172234,1032549995
1783949634684,buy,62721.1,0.01588252,1032549994
1783949634684,buy,62721.1,0.02166866,1032549993
1783949634683,buy,62720,0.00413,1032549992
1783949713741,buy,62739.8,0.03328831,1032550456
1783949713741,buy,62739.8,0.03328831,1032550455
1783949713737,sell,62741.6,0.00001602,1032550454
1783949713737,sell,62745.3,0.03815249,1032550453
1783949713737,sell,62746.3,0.02465975,1032550452
1783949713728,sell,62746.3,0.006,1032550451
1783949713723,sell,62746.3,0.00749274,1032550450
1783949713658,sell,62747.6,0.01257161,1032550449
1783949713658,sell,62747.6,0.00632,1032550448
1783949713658,sell,62747.6,0.03332182,1032550447
1783949713340,buy,62747.7,0.00006374,1032550446
1783949713308,buy,62747.7,0.00001302,1032550445
1783949712060,buy,62747.7,0.00023538,1032550444
1783949711585,buy,62747.7,0.03183101,1032550443
1783949711531,buy,62747.7,0.00008,1032550442
1783949708607,buy,62744.1,0.0005004,1032550441
1783949708368,buy,62739.6,0.0005,1032550440
1783949707571,sell,62739.5,0.00319083,1032550439
1783949707561,sell,62739.5,0.00001603,1032550438
1783949707556,sell,62741.6,0.00000001,1032550437
1783949707556,sell,62741.6,0.00001602,1032550436
1783949706600,buy,62747.2,0.00111041,1032550435
1783949706487,buy,62744.2,0.00001602,1032550434
1783949706487,buy,62741.5,0.00001602,1032550433
1783949706487,buy,62739.9,0.00287034,1032550432
1783949706487,buy,62739.9,0.00223198,1032550431
1783949706487,buy,62739.2,0.00046015,1032550430
1783949706487,buy,62739.1,0.00052114,1032550429
1783949706487,buy,62739.1,0.0003306,1032550428
1783949706487,buy,62739.1,0.05163844,1032550427
1783949705754,sell,62736.8,0.00162494,1032550426
1783949704137,sell,62739,0.21020427,1032550425
1783949704137,sell,62739,0.02550576,1032550424
1783949703166,buy,62739.1,0.00040735,1032550423
1783949702089,buy,62737,0.00001501,1032550422
1783949701853,buy,62731.1,0.00000001,1032550421
1783949701853,buy,62730.7,0.00001501,1032550420
1783949701853,buy,62730.4,0.00001602,1032550419
1783949701637,buy,62724.9,0.00001602,1032550418
1783949701335,buy,62723.9,0.0101832,1032550417
1783949701163,buy,62719.5,0.0012,1032550416
1783949701160,buy,62721.3,0.00001603,1032550415
1783949701160,buy,62719.4,0.00001602,1032550414
1783949700315,buy,62713.7,0.00003755,1032550413
1783949700106,buy,62713.7,0.05652629,1032550412
1783949700106,buy,62713.7,0.17772874,1032550411
1783949697685,buy,62713.7,0.00637664,1032550410
1783949696997,sell,62714,0.00001602,1032550409
1783949696997,sell,62716.7,0.00001602,1032550408
1783949696997,sell,62720.1,0.04953147,1032550407
1783949696988,sell,62720.8,0.04944147,1032550406
1783949696863,sell,62720.8,0.000015,1032550405
1783949696863,sell,62720.8,0.000015,1032550404
1783949696863,sell,62720.8,0.000015,1032550403
1783949696863,sell,62720.8,0.000015,1032550402
1783949696862,sell,62720.8,0.000015,1032550401
1783949696862,sell,62720.8,0.000015,1032550400
1783949696517,sell,62722.4,0.04953147,1032550399
1783949695650,sell,62725,0.00001602,1032550398
1783949695650,sell,62727.8,0.00004732,1032550397
1783949695650,sell,62727.8,0.00001602,1032550396
1783949695648,sell,62730.2,0.0362657,1032550395
1783949695642,sell,62730.2,0.00345661,1032550394
1783949695640,sell,62730.7,0.03972231,1032550393
1783949695553,buy,62730.8,0.00039852,1032550392
1783949693352,sell,62732.1,0.03972231,1032550391
1783949692636,sell,62733.3,0.00001602,1032550390
1783949691844,buy,62738.8,0.00160984,1032550389
1783949691620,buy,62738.8,0.16398481,1032550388
1783949691620,buy,62738.8,0.14614996,1032550387
1783949691620,buy,62736.8,0.21600061,1032550386
1783949691620,buy,62735.9,0.07969919,1032550385
1783949691620,buy,62735.8,0.06143465,1032550384
1783949691620,buy,62735.8,0.02379021,1032550383
1783949691620,buy,62734.4,0.15315316,1032550382
1783949691620,buy,62734.4,0.29649741,1032550381
1783949691620,buy,62734.4,0.1562,1032550380
1783949691620,buy,62734.4,0.0267,1032550379
1783949691620,buy,62734.4,0.17639,1032550378
1783949689704,buy,62739.1,0.00031878,1032550377
1783949688920,buy,62739.1,0.00119542,1032550376
1783949688757,buy,62736,0.00001602,1032550375
1783949688757,buy,62736,0.00001501,1032550374
1783949688746,buy,62729.7,0.13509298,1032550373
1783949688745,buy,62729.7,0.00496059,1032550372
1783949688745,buy,62729,0.03736174,1032550371
1783949688745,buy,62729,0.04104622,1032550370
1783949688745,buy,62729,0.0013,1032550369
1783949688687,buy,62728.9,0.00465,1032550368
1783949688480,sell,62728.8,0.00199996,1032550367
1783949687476,buy,62728.9,0.02048681,1032550366
1783949687476,buy,62728.9,0.19266497,1032550365
1783949687476,buy,62728.9,0.07970808,1032550364
1783949684209,buy,62727.7,0.0267,1032550363
1783949684209,buy,62727.7,0.0125,1032550362
1783949683905,buy,62727.7,0.00161013,1032550361
1783949683508,buy,62728.2,0.00000001,1032550360
1783949683508,buy,62727.7,0.00001602,1032550359
1783949683508,buy,62724.9,0.00001602,1032550358
1783949683498,buy,62714.6,0.14952437,1032550357
1783949768802,sell,62702.9,0.00059999,1032550918
1783949768801,sell,62702.9,0.00451516,1032550917
1783949768800,sell,62702.9,0.03637725,1032550916
1783949768798,sell,62702.9,0.00171642,1032550915
1783949768792,sell,62703.8,0.03582825,1032550914
1783949768788,sell,62703.8,0.0026648,1032550913
1783949768788,sell,62703.8,0.00471577,1032550912
1783949768788,sell,62703.8,0.00029998,1032550911
1783949768774,buy,62703.9,0.01594174,1032550910
1783949768774,buy,62703.9,0.014,1032550909
1783949768771,sell,62703.9,0.04320882,1032550908
1783949768771,sell,62703.9,0.00046864,1032550907
1783949768771,sell,62703.9,0.00335111,1032550906
1783949768764,sell,62703.9,0.0013,1032550905
1783949768737,buy,62704,0.00015947,1032550904
1783949767056,buy,62704,0.00041464,1032550903
1783949765870,sell,62703.9,0.0013,1032550902
1783949765870,sell,62704.9,0.00001501,1032550901
1783949765870,sell,62705.4,0.00213417,1032550900
1783949765870,sell,62705.7,0.00001602,1032550899
1783949765869,sell,62707.1,0.00500665,1032550898
1783949765869,sell,62707.1,0.00094446,1032550897
1783949765869,sell,62707.4,0.09129828,1032550896
1783949765868,sell,62707.4,0.00740172,1032550895
1783949765868,sell,62707.4,0.0013,1032550894
1783949765868,sell,62708.7,0.00023,1032550893
1783949765868,sell,62710.3,0.00573358,1032550892
1783949765868,sell,62710.3,0.00021758,1032550891
1783949765868,sell,62710.5,0.01,1032550890
1783949765867,sell,62711.7,0.01828953,1032550889
1783949765859,sell,62711.7,0.02738278,1032550888
1783949765859,sell,62711.7,0.00069997,1032550887
1783949765657,sell,62712.3,0.03831768,1032550886
1783949765657,sell,62712.3,0.01471429,1032550885
1783949765657,sell,62712.4,0.03831768,1032550884
1783949765657,sell,62712.4,0.00023,1032550883
1783949765411,sell,62713.7,0.00046858,1032550882
1783949765411,sell,62713.7,0.03831768,1032550881
1783949765411,sell,62713.7,0.00595111,1032550880
1783949764055,sell,62714,0.00001602,1032550879
1783949764055,sell,62716.9,0.00595111,1032550878
1783949764055,sell,62717.6,0.00000001,1032550877
1783949764054,sell,62717.6,0.00130994,1032550876
1783949764051,sell,62717.6,0.00972273,1032550875
1783949764021,sell,62717.6,0.00398427,1032550874
1783949764017,sell,62717.6,0.00400708,1032550873
1783949764008,sell,62717.6,0.00097295,1032550872
1783949764006,sell,62717.6,0.08000302,1032550871
1783949763885,sell,62719.2,0.00046015,1032550870
1783949763885,sell,62720.1,0.00595111,1032550869
1783949763879,sell,62723.3,0.00595111,1032550868
1783949763873,sell,62723.5,0.01,1032550867
1783949763873,sell,62723.6,0.01,1032550866
1783949763873,sell,62723.7,0.04706969,1032550865
1783949763873,sell,62723.7,0.01,1032550864
1783949763873,sell,62723.7,0.01,1032550863
1783949763872,sell,62723.8,0.04706969,1032550862
1783949763872,sell,62723.9,0.0003306,1032550861
1783949763872,sell,62723.9,0.04706969,1032550860
1783949763780,buy,62724,0.00103581,1032550859
1783949762508,buy,62724,0.02209835,1032550858
1783949762508,buy,62724,0.00412265,1032550857
1783949762177,buy,62724,0.00015942,1032550856
1783949761098,sell,62724.3,0.00023,1032550855
1783949761098,sell,62725,0.0001208,1032550854
1783949761098,sell,62725,0.00001602,1032550853
1783949761098,sell,62725.6,0.00023,1032550852
1783949761098,sell,62726.5,0.00595111,1032550851
1783949761098,sell,62726.9,0.00045444,1032550850
1783949760540,sell,62727.4,0.00029999,1032550849
1783949760540,sell,62727.8,0.00001602,1032550848
1783949760537,sell,62729.7,0.17605499,1032550847
1783949760537,sell,62729.7,0.032174,1032550846
1783949760537,sell,62729.7,0.00595111,1032550845
1783949760533,sell,62730,0.00664316,1032550844
1783949760533,sell,62730.2,0.0000872,1032550843
1783949760147,sell,62730.5,0.00001602,1032550842
1783949760147,sell,62732.9,0.00595111,1032550841
1783949760147,sell,62733.3,0.00001602,1032550840
1783949760147,sell,62736.1,0.00595111,1032550839
1783949760147,sell,62737.1,0.01658645,1032550838
1783949760111,sell,62737.1,0.00050238,1032550837
1783949760110,sell,62737.1,0.00279057,1032550836
1783949760105,sell,62737.1,0.0801206,1032550835
1783949760026,sell,62738.8,0.00023,1032550834
1783949760026,sell,62738.8,0.00001602,1032550833
1783949760026,sell,62739.2,0.00046015,1032550832
1783949760026,sell,62739.3,0.00595111,1032550831
1783949760026,sell,62739.9,0.04044291,1032550830
1783949760026,sell,62739.9,0.00023,1032550829
1783949760026,sell,62740,0.04044291,1032550828
1783949760026,sell,62740,0.00187342,1032550827
1783949760026,sell,62740.2,0.04044291,1032550826
1783949760026,sell,62740.2,0.0087,1032550825
1783949760026,sell,62740.2,0.0013,1032550824
1783949759892,sell,62743.4,0.00038093,1032550823
1783949759891,sell,62745.2,0.04455469,1032550822
1783949759891,sell,62745.8,0.04455469,1032550821
1783949759891,sell,62746.1,0.01785469,1032550820
1783949759889,sell,62746.1,0.0267,1032550819
1783949823643,sell,62697.4,0.00686437,1032551118
1783949823643,sell,62697.4,0.00589594,1032551117
1783949823442,buy,62697.5,0.01390007,1032551116
1783949823283,buy,62697.5,0.00079747,1032551115
1783949822303,buy,62697.5,0.00015311,1032551114
1783949822237,buy,62697.5,0.00159495,1032551113
1783949821357,buy,62694.4,0.02135048,1032551112
1783949819374,buy,62694.4,0.1,1032551111
1783949816176,buy,62694.4,0.00250775,1032551110
1783949815074,sell,62694.3,0.00077021,1032551109
1783949814825,sell,62694.3,0.31804124,1032551108
1783949814825,sell,62694.3,0.0125,1032551107
1783949814825,sell,62694.3,0.093765,1032551106
1783949814825,sell,62694.3,0.00433566,1032551105
1783949812360,buy,62694.4,0.0001,1032551104
1783949812085,buy,62694.4,0.00164129,1032551103
1783949811610,buy,62694.4,0.00057494,1032551102
1783949810045,buy,62694.4,0.03785654,1032551101
1783949810045,buy,62694.4,0.00341189,1032551100
1783949809524,sell,62694.3,0.00161545,1032551099
1783949808000,sell,62694.7,0.00001603,1032551098
1783949808000,sell,62695.9,0.00049997,1032551097
1783949808000,sell,62697.5,0.00595111,1032551096
1783949807999,sell,62699,0.00011924,1032551095
1783949807998,sell,62699,0.00435954,1032551094
1783949807984,sell,62699,0.00338683,1032551093
1783949807984,sell,62699.2,0.00023,1032551092
1783949807984,sell,62699.2,0.00046015,1032551091
1783949807984,sell,62700,0.00035476,1032551090
1783949807984,sell,62700,0.0001208,1032551089
1783949807984,sell,62700,0.01684447,1032551088
1783949807983,sell,62700,0.06398255,1032551087
1783949807983,sell,62700,0.00228683,1032551086
1783949807983,sell,62700,0.10630506,1032551085
1783949807983,sell,62700,0.00240169,1032551084
1783949807977,sell,62700,0.00251181,1032551083
1783949807971,sell,62700,0.00241309,1032551082
1783949807961,sell,62700,0.00348537,1032551081
1783949807950,sell,62700,0.00213751,1032551080
1783949807946,sell,62700,0.00212662,1032551079
1783949807944,sell,62700,0.00438157,1032551078
1783949807939,sell,62700,0.00338339,1032551077
1783949807938,sell,62700,0.01931092,1032551076
1783949807888,sell,62700,0.00306023,1032551075
1783949807881,sell,62700,0.00274835,1032551074
1783949807873,sell,62700,0.00777856,1032551073
1783949807857,sell,62700.7,0.00595111,1032551072
1783949807857,sell,62700.8,0.01967602,1032551071
1783949807854,sell,62700.8,0.08032398,1032551070
1783949807829,sell,62703.8,0.00029999,1032551069
1783949807829,sell,62703.9,0.00730942,1032551068
1783949807817,sell,62703.9,0.00269058,1032551067
1783949807817,sell,62703.9,0.00595111,1032551066
1783949807817,sell,62705,0.02412881,1032551065
1783949807816,sell,62705,0.00178436,1032551064
1783949807816,sell,62705.7,0.02591317,1032551063
1783949807528,sell,62707.1,0.02591317,1032551062
1783949806828,sell,62707.1,0.00338689,1032551061
1783949806828,sell,62707.1,0.00595111,1032551060
1783949806813,sell,62710.3,0.00338684,1032551059
1783949806813,sell,62710.3,0.00595116,1032551058
1783949806800,sell,62711.2,0.00001602,1032551057
1783949806798,sell,62713.6,0.08866409,1032551056
1783949806670,sell,62713.6,0.00178607,1032551055
1783949806668,sell,62713.6,0.00954984,1032551054
1783949806649,sell,62713.7,0.00595111,1032551053
1783949806636,sell,62714,0.00001602,1032551052
1783949806634,sell,62715.4,0.00453469,1032551051
1783949806629,sell,62715.4,0.01930305,1032551050
1783949806587,sell,62716.7,0.01,1032551049
1783949806587,sell,62716.9,0.00595111,1032551048
1783949806587,sell,62719.1,0.02830499,1032551047
1783949806587,sell,62719.2,0.01057648,1032551046
1783949806578,sell,62719.2,0.00215024,1032551045
1783949806576,sell,62719.2,0.01271382,1032551044
1783949806576,sell,62719.2,0.00046015,1032551043
1783949806574,sell,62719.9,0.04261828,1032551042
1783949806574,sell,62719.9,0.02544054,1032551041
1783949806574,sell,62719.9,0.00049129,1032551040
1783949805382,buy,62720,0.00161033,1032551039
1783949804676,sell,62719.9,0.00163101,1032551038
1783949803668,buy,62720,0.00117636,1032551037
1783949803379,buy,62720,0.02,1032551036
1783949800258,buy,62720,0.00163265,1032551035
1783949800197,sell,62720.1,0.00595111,1032551034
1783949800197,sell,62723.3,0.00004698,1032551033
1783949800197,sell,62723.3,0.00595111,1032551032
1783949800197,sell,62724.1,0.01477677,1032551031
1783949800119,sell,62724.1,0.00073966,1032551030
1783949800117,sell,62724.1,0.00572023,1032551029
1783949800113,sell,62724.1,0.07876334,1032551028
1783949800084,sell,62725,0.00001602,1032551027
1783949800082,sell,62726.5,0.00595111,1032551026
1783949800079,sell,62727.2,0.01,1032551025
1783949800073,sell,62729.7,0.02354762,1032551024
1783949800072,sell,62729.7,0.02150013,1032551023
1783949800072,sell,62729.7,0.00595111,1032551022
1783949800047,sell,62730.1,0.00090414,1032551021
1783949800046,sell,62730.1,0.01744361,1032551020
1783949800045,sell,62730.1,0.0267,1032551019
1783958942266,sell,62560.7,0.00091452,1032634095
1783958942266,sell,62560.7,0.00000001,1032634094
1783958942217,buy,62560.3,0.00127857,1032634093
1783958941153,buy,62560.3,0.00089846,1032634092
1783958940809,buy,62560.3,0.00241982,1032634091
1783958940808,buy,62560.3,0.00345975,1032634090
1783958940052,sell,62560.2,0.00015968,1032634089
1783958939796,buy,62560.3,0.00080242,1032634088
1783958936677,buy,62560.3,0.00884181,1032634087
1783958936677,buy,62560.3,0.09115819,1032634086
1783958935791,buy,62560.3,0.00023584,1032634085
1783958933954,sell,62560.2,0.00025769,1032634084
1783958933668,buy,62560.3,0.00246977,1032634083
1783958933668,buy,62560.3,0.00288974,1032634082
1783958933668,buy,62560.3,0.00228979,1032634081
1783958933559,buy,62560.3,0.00128023,1032634080
1783958932878,buy,62560.3,0.0079914,1032634079
1783958931821,buy,62560.3,0.00044511,1032634078
1783958931821,buy,62560.3,0.00035489,1032634077
1783958929720,sell,62560.2,0.00162062,1032634076
1783958927160,sell,62560.2,0.00263012,1032634075
1783958927150,sell,62560.2,0.00217283,1032634074
1783958927144,sell,62560.2,0.00182933,1032634073
1783958927140,sell,62560.2,0.00061565,1032634072
1783958927140,sell,62560.2,0.00004821,1032634071
1783958927140,sell,62560.2,0.00078436,1032634070
1783958927136,sell,62560.2,0.00137677,1032634069
1783958927136,sell,62560.2,0.00116408,1032634068
1783958927130,sell,62560.2,0.00143255,1032634067
1783958927126,sell,62560.2,0.0025428,1032634066
1783958927120,sell,62560.2,0.00162778,1032634065
1783958927116,sell,62560.2,0.00223577,1032634064
1783958927110,sell,62560.2,0.00168794,1032634063
1783958927106,sell,62560.2,0.00243571,1032634062
1783958927100,sell,62560.2,0.00156139,1032634061
1783958927096,sell,62560.2,0.00244826,1032634060
1783958927090,sell,62560.2,0.00155339,1032634059
1783958927086,sell,62560.2,0.00242322,1032634058
1783958927084,buy,62560.3,0.00040352,1032634057
1783958927080,sell,62560.2,0.001717,1032634056
1783958927070,sell,62560.2,0.00161789,1032634055
1783958927066,sell,62560.2,0.00212321,1032634054
1783958927059,sell,62560.2,0.00195859,1032634053
1783958927055,sell,62560.2,0.00245718,1032634052
1783958927048,sell,62560.2,0.00337035,1032634051
1783958927036,sell,62560.2,0.0025251,1032634050
1783958927030,sell,62560.2,0.00396829,1032634049
1783958927016,sell,62560.2,0.00125183,1032634048
1783958927015,sell,62560.2,0.00195041,1032634047
1783958927010,sell,62560.2,0.00902926,1032634046
1783958927010,sell,62560.2,0.07742342,1032634045
1783958926690,sell,62560.2,0.0008143,1032634044
1783958926182,sell,62560.2,0.0016853,1032634043
1783958926173,sell,62560.6,0.00133743,1032634042
1783958926172,sell,62560.6,0.0007584,1032634041
1783958926170,sell,62560.6,0.00160373,1032634040
1783958926166,sell,62560.6,0.00064711,1032634039
1783958926164,sell,62560.6,0.00178696,1032634038
1783958926160,sell,62560.6,0.00061742,1032634037
1783958926158,sell,62560.6,0.00143735,1032634036
1783958926152,sell,62560.6,0.00085165,1032634035
1783958926150,sell,62560.6,0.00116681,1032634034
1783958926148,sell,62560.6,0.00085638,1032634033
1783958926146,sell,62560.6,0.00071943,1032634032
1783958926144,sell,62560.6,0.00084066,1032634031
1783958926142,sell,62560.6,0.00087012,1032634030
1783958926140,sell,62560.6,0.00071554,1032634029
1783958926138,sell,62560.6,0.00087364,1032634028
1783958926136,sell,62560.6,0.00077465,1032634027
1783958926134,sell,62560.6,0.00075939,1032634026
1783958926132,sell,62560.6,0.00083287,1032634025
1783958926130,sell,62560.6,0.00079833,1032634024
1783958926128,sell,62560.6,0.00080673,1032634023
1783958926126,sell,62560.6,0.00083663,1032634022
1783958926124,sell,62560.6,0.00070825,1032634021
1783958926122,sell,62560.6,0.0007983,1032634020
1783958926120,sell,62560.6,0.00085769,1032634019
1783958926117,sell,62560.6,0.00083731,1032634018
1783958926115,sell,62560.6,0.00079734,1032634017
1783958926114,sell,62560.6,0.0015867,1032634016
1783958926110,sell,62560.6,0.00082391,1032634015
1783958926107,sell,62560.6,0.00168218,1032634014
1783958926103,sell,62560.6,0.00227569,1032634013
1783958926097,sell,62560.6,0.00201831,1032634012
1783958926092,sell,62560.6,0.00053808,1032634011
1783958926090,sell,62560.6,0.00119756,1032634010
1783958926090,sell,62560.6,0.00198258,1032634009
1783958926084,sell,62560.6,0.00067406,1032634008
1783958926082,sell,62560.6,0.00218649,1032634007
1783958926076,sell,62560.6,0.00138301,1032634006
1783958926074,sell,62560.6,0.00174296,1032634005
1783958926069,sell,62560.6,0.00072337,1032634004
1783958926068,sell,62560.6,0.00151234,1032634003
1783958926064,sell,62560.6,0.0011785,1032634002
1783958926061,sell,62560.6,0.00064065,1032634001
1783958926059,sell,62560.6,0.00117562,1032634000
1783958926056,sell,62560.6,0.00071926,1032633999
1783958926055,sell,62560.6,0.00190637,1032633998
1783958926050,sell,62560.6,0.00058335,1032633997
1783958926048,sell,62560.6,0.00135421,1032633996
1783958995222,sell,62568.8,0.00198664,1032634249
1783958995176,buy,62567.8,0.00001606,1032634248
1783958995176,buy,62565.1,0.00001606,1032634247
1783958995176,buy,62565,0.0069486,1032634246
1783958995174,buy,62562.9,0.00294861,1032634245
1783958994365,sell,62562.8,0.00058164,1032634244
1783958994365,sell,62562.8,0.00258538,1032634243
1783958994317,buy,62560.1,0.00004092,1032634242
1783958994317,buy,62560.1,0.0002187,1032634241
1783958992890,buy,62560.1,0.00004315,1032634240
1783958992746,sell,62560,0.05864,1032634239
1783958991393,buy,62560.1,0.00041311,1032634238
1783958990509,buy,62560.1,0.01349849,1032634237
1783958989499,sell,62560,0.00083675,1032634236
1783958987981,sell,62560,0.0016605,1032634235
1783958987757,buy,62560.1,0.00258,1032634234
1783958984970,buy,62560.1,0.00083759,1032634233
1783958983639,sell,62561.2,0.00001243,1032634232
1783958983601,sell,62562.3,0.0125,1032634231
1783958983498,sell,62565.3,0.0000128,1032634230
1783958983494,sell,62565.3,0.01316836,1032634229
1783958983488,sell,62566.4,0.02178505,1032634228
1783958983345,sell,62566.4,0.00135807,1032634227
1783958983342,sell,62566.4,0.00049558,1032634226
1783958983340,sell,62566.4,0.00056961,1032634225
1783958983336,sell,62566.4,0.00102377,1032634224
1783958983333,sell,62566.4,0.00068766,1032634223
1783958983331,sell,62566.4,0.00098921,1032634222
1783958983325,sell,62566.4,0.00130816,1032634221
1783958983323,sell,62566.4,0.00315254,1032634220
1783958983321,sell,62566.4,0.00189337,1032634219
1783958983319,sell,62566.4,0.00115416,1032634218
1783958983317,sell,62566.4,0.00341692,1032634217
1783958983310,sell,62566.4,0.06256096,1032634216
1783958983297,sell,62567.9,0.00001606,1032634215
1783958983297,sell,62570.7,0.00001606,1032634214
1783958983295,sell,62571.7,0.02439557,1032634213
1783958983284,sell,62573.5,0.10109268,1032634212
1783958983284,sell,62574.7,0.02750876,1032634211
1783958983284,sell,62574.7,0.00001314,1032634210
1783958983284,sell,62575,0.02750876,1032634209
1783958983284,sell,62575.8,0.02750876,1032634208
1783958983284,sell,62575.8,0.002265,1032634207
1783958982977,sell,62575.8,0.00163711,1032634206
1783958980417,buy,62575.9,0.00024764,1032634205
1783958979058,buy,62575.9,0.00175786,1032634204
1783958978870,sell,62575.8,0.00051563,1032634203
1783958978822,buy,62573.3,0.00001606,1032634202
1783958978822,buy,62568.6,0.0000405,1032634201
1783958978804,buy,62568.6,0.00166217,1032634200
1783958978270,buy,62568.6,0.00797844,1032634199
1783958977902,sell,62568.5,0.00202103,1032634198
1783958976997,sell,62568.5,0.00039956,1032634197
1783958975817,sell,62569.5,0.00001352,1032634196
1783958975817,sell,62570.8,0.00004575,1032634195
1783958975817,sell,62570.8,0.0125,1032634194
1783958975520,sell,62570.8,0.00001607,1032634193
1783958975518,sell,62571.1,0.00004918,1032634192
1783958975518,sell,62574.3,0.00001372,1032634191
1783958975518,sell,62575.2,0.0129559,1032634190
1783958975518,sell,62575.2,0.0007499,1032634189
1783958975516,sell,62575.2,0.00166615,1032634188
1783958975512,sell,62575.2,0.00077385,1032634187
1783958975510,sell,62575.2,0.00157877,1032634186
1783958975506,sell,62575.2,0.00063589,1032634185
1783958975504,sell,62575.2,0.00174706,1032634184
1783958975500,sell,62575.2,0.00285824,1032634183
1783958975498,sell,62575.2,0.00075852,1032634182
1783958975491,sell,62575.2,0.00111874,1032634181
1783958975490,sell,62575.2,0.003029,1032634180
1783958975474,sell,62575.2,0.00165809,1032634179
1783958975473,sell,62575.2,0.00046,1032634178
1783958975471,sell,62575.2,0.0007385,1032634177
1783958975470,sell,62575.2,0.00064043,1032634176
1783958975468,sell,62575.2,0.00056574,1032634175
1783958975466,sell,62575.2,0.00045709,1032634174
1783958975465,sell,62575.2,0.00231098,1032634173
1783958975464,sell,62575.2,0.00075518,1032634172
1783958975462,sell,62575.2,0.00058669,1032634171
1783958975461,sell,62575.2,0.00042024,1032634170
1783958975459,sell,62575.2,0.00069633,1032634169
1783958975458,sell,62575.2,0.00149593,1032634168
1783958975456,sell,62575.2,0.00148705,1032634167
1783958975455,sell,62575.2,0.00046491,1032634166
1783958975453,sell,62575.2,0.00255974,1032634165
1783958975452,sell,62575.2,0.00266353,1032634164
1783958975446,sell,62575.3,0.01246449,1032634163
1783958975445,sell,62575.3,0.000351,1032634162
1783958975443,sell,62575.3,0.01617128,1032634161
1783958975443,sell,62575.4,0.01755917,1032634160
1783958975443,sell,62575.4,0.04583245,1032634159
1783958975443,sell,62575.4,0.00119867,1032634158
1783958974092,sell,62575.4,0.0008158,1032634157
1783958970581,buy,62575.5,0.00033,1032634156
1783958969220,buy,62575.5,0.0320301,1032634155
1783958969000,buy,62575.5,0.00081661,1032634154
1783958968392,buy,62575.5,0.00235715,1032634153
1783958967800,buy,62575.5,0.00021094,1032634152
1783958963947,sell,62575.4,0.00149995,1032634151
1783958963804,buy,62575.5,0.00003196,1032634150
1783959051659,buy,62581.1,0.0369875,1032634338
1783959051484,sell,62581,0.00058,1032634337
1783959047894,buy,62581.1,0.00332208,1032634336
1783959047217,sell,62581,0.0017561,1032634335
1783959047059,buy,62581.1,0.00536224,1032634334
1783959045755,buy,62581.1,0.00586791,1032634333
1783959045595,sell,62581,0.0014745,1032634332
1783959042781,sell,62581,0.16667975,1032634331
1783959042781,sell,62581,0.10382225,1032634330
1783959041860,sell,62581,0.00084292,1032634329
1783959041860,sell,62581,0.00000001,1032634328
1783959038044,buy,62581.1,0.00342976,1032634327
1783959038042,buy,62579.9,0.000015,1032634326
1783959038042,buy,62579.2,0.00046015,1032634325
1783959038042,buy,62578.8,0.00001606,1032634324
1783959038042,buy,62578.2,0.00049968,1032634323
1783959038039,buy,62575.9,0.00004042,1032634322
1783959038039,buy,62575.9,0.16668756,1032634321
1783959038039,buy,62575.9,0.05405938,1032634320
1783959036998,buy,62575.9,0.00116658,1032634319
1783959035270,buy,62575.9,0.00084377,1032634318
1783959031584,sell,62575.8,0.00082377,1032634317
1783959029608,buy,62575.9,0.00061133,1032634316
1783959026521,buy,62575.9,0.00082459,1032634315
1783959024132,sell,62573.2,0.01051,1032634314
1783959022995,buy,62573.3,0.00181,1032634313
1783959021585,sell,62573.2,0.00014927,1032634312
1783959018284,sell,62573.2,0.00067291,1032634311
1783959018236,buy,62571.5,0.00087088,1032634310
1783959018185,buy,62571.5,0.00249998,1032634309
1783959018126,buy,62570.6,0.00001606,1032634308
1783959018126,buy,62569.6,0.00789832,1032634307
1783959018124,buy,62569.5,0.00012611,1032634306
1783959018124,buy,62568.7,0.00001,1032634305
1783959017359,buy,62568.5,0.01595,1032634304
1783959016800,buy,62568.5,0.00796,1032634303
1783959016779,buy,62568.3,0.00004059,1032634302
1783959015693,sell,62568.2,0.003,1032634301
1783959014458,sell,62568.2,0.00046208,1032634300
1783959014410,sell,62568.2,0.00049629,1032634299
1783959014410,sell,62568.2,0.00000001,1032634298
1783959014408,buy,62567,0.0005,1032634297
1783959014183,sell,62565.4,0.00066344,1032634296
1783959014156,buy,62564.7,0.0125,1032634295
1783959014136,buy,62561.9,0.02472804,1032634294
1783959014131,buy,62560.1,0.00004029,1032634293
1783959014131,buy,62560.1,0.00184981,1032634292
1783959014009,buy,62560.1,0.04611739,1032634291
1783959012540,buy,62560.1,0.00003196,1032634290
1783959007786,sell,62560,0.00163247,1032634289
1783959005396,sell,62562.4,0.00001606,1032634288
1783959005396,sell,62565.2,0.00001606,1032634287
1783959005396,sell,62565.8,0.00004708,1032634286
1783959005396,sell,62566,0.0005,1032634285
1783959005394,sell,62567.4,0.01659226,1032634284
1783959005393,sell,62567.4,0.0199678,1032634283
1783959005393,sell,62567.6,0.0117346,1032634282
1783959005392,sell,62567.6,0.0061,1032634281
1783959005389,sell,62567.6,0.00767666,1032634280
1783959005385,buy,62567.7,0.01123901,1032634279
1783959005385,buy,62567.7,0.00000001,1032634278
1783959005383,sell,62567.6,0.00455333,1032634277
1783959005382,sell,62567.6,0.00332906,1032634276
1783959005380,sell,62567.6,0.00519084,1032634275
1783959005379,sell,62567.6,0.01078571,1032634274
1783959005379,sell,62567.6,0.0000527,1032634273
1783959005371,sell,62567.7,0.00006129,1032634272
1783959005368,sell,62568.4,0.00385062,1032634271
1783959005367,sell,62568.4,0.00614645,1032634270
1783959005366,sell,62568.4,0.00100385,1032634269
1783959005365,sell,62568.4,0.00473417,1032634268
1783959005364,sell,62568.4,0.01545429,1032634267
1783959005328,sell,62568.4,0.00085505,1032634266
1783959005326,sell,62568.4,0.00153132,1032634265
1783959005322,sell,62568.4,0.00088832,1032634264
1783959005320,sell,62568.4,0.00157863,1032634263
1783959005316,sell,62568.4,0.00242205,1032634262
1783959005310,sell,62568.4,0.00192554,1032634261
1783959005305,sell,62568.4,0.00207821,1032634260
1783959005300,sell,62568.4,0.00149037,1032634259
1783959005290,sell,62568.4,0.00600013,1032634258
1783959005283,sell,62568.8,0.00939571,1032634257
1783959005281,sell,62568.8,0.04409696,1032634256
1783959005281,sell,62568.8,0.03656006,1032634255
1783959005034,buy,62568.9,0.00269615,1032634254
1783959005034,buy,62568.9,0.0013,1032634253
1783959003237,sell,62568.8,0.00285594,1032634252
1783959002471,sell,62568.8,0.0018,1032634251
1783958998912,sell,62568.8,0.00163508,1032634250
1783959108240,sell,62580.5,0.00180471,1032634535
1783959108235,sell,62580.5,0.00220623,1032634534
1783959108230,sell,62580.5,0.00181767,1032634533
1783959108225,sell,62580.5,0.00210922,1032634532
1783959108220,sell,62580.5,0.00234819,1032634531
1783959108214,sell,62580.5,0.00235853,1032634530
1783959108208,sell,62580.5,0.00246011,1032634529
1783959108202,sell,62580.5,0.00244903,1032634528
1783959108196,sell,62580.5,0.00239662,1032634527
1783959108190,sell,62580.5,0.00235045,1032634526
1783959108184,sell,62580.5,0.00243943,1032634525
1783959108178,sell,62580.5,0.00240231,1032634524
1783959108172,sell,62580.5,0.00246614,1032634523
1783959108165,sell,62580.5,0.0023711,1032634522
1783959108160,sell,62580.5,0.00233068,1032634521
1783959108154,sell,62580.5,0.00248761,1032634520
1783959108147,sell,62580.5,0.00239613,1032634519
1783959108141,sell,62580.5,0.00234955,1032634518
1783959108136,sell,62580.5,0.0024307,1032634517
1783959108130,sell,62580.5,0.00361519,1032634516
1783959108116,sell,62580.5,0.002433,1032634515
1783959108110,sell,62580.5,0.00230811,1032634514
1783959108104,sell,62580.5,0.00151691,1032634513
1783959108104,sell,62580.5,0.00088874,1032634512
1783959108098,sell,62580.5,0.00242944,1032634511
1783959108092,sell,62580.5,0.00236251,1032634510
1783959108086,sell,62580.5,0.00249548,1032634509
1783959108080,sell,62580.5,0.00452656,1032634508
1783959108061,sell,62580.5,0.00238163,1032634507
1783959108055,sell,62580.5,0.0024926,1032634506
1783959108048,sell,62580.5,0.00238552,1032634505
1783959108042,sell,62580.5,0.0026192,1032634504
1783959108036,sell,62580.5,0.00253976,1032634503
1783959108030,sell,62580.5,0.00247029,1032634502
1783959108023,sell,62580.5,0.00067772,1032634501
1783959108022,sell,62580.5,0.00517921,1032634500
1783959108020,sell,62580.5,0.00249968,1032634499
1783959108017,buy,62580.6,0.03193516,1032634498
1783959108017,buy,62580.6,0.02368516,1032634497
1783959108017,buy,62580.6,0.00387,1032634496
1783959108017,buy,62580.6,0.00438,1032634495
1783959108013,sell,62580.5,0.00118254,1032634494
1783959108013,sell,62580.8,0.03607373,1032634493
1783959108013,sell,62580.9,0.0000516,1032634492
1783959108013,sell,62580.9,0.04296994,1032634491
1783959108013,sell,62580.9,0.00221277,1032634490
1783959107992,sell,62580.9,0.0003148,1032634489
1783959107479,sell,62580.9,0.00070824,1032634488
1783959107478,sell,62580.9,0.00101368,1032634487
1783959107475,sell,62580.9,0.00071168,1032634486
1783959107473,sell,62580.9,0.00074391,1032634485
1783959107472,sell,62580.9,0.00096578,1032634484
1783959107469,sell,62580.9,0.00080123,1032634483
1783959107467,sell,62580.9,0.00062442,1032634482
1783959107466,sell,62580.9,0.00069027,1032634481
1783959107464,sell,62580.9,0.00106495,1032634480
1783959107461,sell,62580.9,0.00066671,1032634479
1783959107460,sell,62580.9,0.0006511,1032634478
1783959107458,sell,62580.9,0.00107,1032634477
1783959107455,sell,62580.9,0.00136593,1032634476
1783959107452,sell,62580.9,0.00109667,1032634475
1783959107449,sell,62580.9,0.00137534,1032634474
1783959107446,sell,62580.9,0.00108927,1032634473
1783959107443,sell,62580.9,0.00133649,1032634472
1783959107439,sell,62580.9,0.00107504,1032634471
1783959107437,sell,62580.9,0.00091982,1032634470
1783959107435,sell,62580.9,0.0015119,1032634469
1783959107431,sell,62580.9,0.00085905,1032634468
1783959107428,sell,62580.9,0.00236662,1032634467
1783959107422,sell,62580.9,0.00451058,1032634466
1783959107404,sell,62580.9,0.00112091,1032634465
1783959107401,sell,62580.9,0.00129347,1032634464
1783959107398,sell,62580.9,0.00114384,1032634463
1783959107395,sell,62580.9,0.0012519,1032634462
1783959107392,sell,62580.9,0.00116759,1032634461
1783959107389,sell,62580.9,0.00169553,1032634460
1783959107385,sell,62580.9,0.00113102,1032634459
1783959107383,sell,62580.9,0.00124941,1032634458
1783959107379,sell,62580.9,0.00120459,1032634457
1783959107377,sell,62580.9,0.0023518,1032634456
1783959107369,sell,62580.9,0.00180481,1032634455
1783959107365,sell,62580.9,0.00312693,1032634454
1783959107345,sell,62580.9,0.00103033,1032634453
1783959107326,sell,62580.9,0.00203407,1032634452
1783959107321,sell,62580.9,0.0017788,1032634451
1783959107320,sell,62580.9,0.00202971,1032634450
1783959107315,sell,62580.9,0.00115133,1032634449
1783959107300,sell,62580.9,0.00219241,1032634448
1783959107299,sell,62580.9,0.00430162,1032634447
1783959107298,sell,62580.9,0.00226769,1032634446
1783959107293,sell,62580.9,0.00496452,1032634445
1783959107292,sell,62580.9,0.00628823,1032634444
1783959107290,sell,62580.9,0.00270833,1032634443
1783959107289,sell,62580.9,0.00219009,1032634442
1783959107288,sell,62580.9,0.00440074,1032634441
1783959107286,sell,62580.9,0.0029475,1032634440
1783959107284,sell,62580.9,0.04522668,1032634439
1783959107284,sell,62580.9,0.03607373,1032634438
1783959106533,buy,62581,0.00233956,1032634437
1783959102269,buy,62581,0.00051714,1032634436
1783959162806,buy,62578.2,0.00161398,1032634889
1783959160461,sell,62578.1,0.00139874,1032634888
1783959157431,buy,62578.2,0.00002107,1032634887
1783959157325,sell,62578.1,0.00789837,1032634886
1783959155663,sell,62578.1,0.00003831,1032634885
1783959153319,sell,62578.1,0.0000431,1032634884
1783959152419,buy,62578.2,0.14066117,1032634883
1783959152334,buy,62576.1,0.00001606,1032634882
1783959152332,buy,62575,0.0001208,1032634881
1783959152332,buy,62573.7,0.00580672,1032634880
1783959152282,buy,62571.8,0.04117078,1032634879
1783959152282,buy,62571.8,0.1562,1032634878
1783959152277,sell,62571.7,0.00017752,1032634877
1783959152249,sell,62571.7,0.00600662,1032634876
1783959152230,buy,62570.1,0.0012,1032634875
1783959152229,buy,62570.1,0.1562,1032634874
1783959152229,buy,62570.1,0.0267,1032634873
1783959152229,buy,62570.1,0.0125,1032634872
1783959152229,sell,62570,0.00022383,1032634871
1783959152226,buy,62570.1,0.11027642,1032634870
1783959152225,buy,62570.1,0.13675242,1032634869
1783959152223,buy,62570.1,0.0013,1032634868
1783959152223,buy,62570.1,0.0012,1032634867
1783959152223,buy,62570.1,0.1562,1032634866
1783959152223,buy,62570.1,0.0267,1032634865
1783959152213,buy,62570.1,0.0083,1032634864
1783959152208,buy,62570.1,0.013,1032634863
1783959152207,buy,62570.1,0.05787078,1032634862
1783959152207,buy,62570.1,0.02212922,1032634861
1783959152207,buy,62570.1,0.027,1032634860
1783959152205,buy,62570.1,0.06653539,1032634859
1783959152205,buy,62570.1,0.01346461,1032634858
1783959152176,sell,62570,0.067963,1032634857
1783959152176,buy,62570.1,0.00001607,1032634856
1783959152176,buy,62570.1,0.00001,1032634855
1783959152174,sell,62565.9,0.01580772,1032634854
1783959152173,buy,62565.5,0.00019985,1032634853
1783959152166,buy,62564.4,0.03313934,1032634852
1783959152166,buy,62564,0.0005,1032634851
1783959152166,buy,62563.9,0.012,1032634850
1783959152166,buy,62563.7,0.08768,1032634849
1783959152166,buy,62562.3,0.00001606,1032634848
1783959152165,buy,62562.1,0.04016429,1032634847
1783959152165,buy,62562.1,0.04742571,1032634846
1783959152165,buy,62561.7,0.013,1032634845
1783959152165,buy,62560.5,0.03357429,1032634844
1783959152165,buy,62560.5,0.05398571,1032634843
1783959152165,buy,62559.5,0.00001606,1032634842
1783959152165,buy,62558.6,0.03999823,1032634841
1783959152164,buy,62557.3,0.0288,1032634840
1783959152164,buy,62556.8,0.00001606,1032634839
1783959152164,buy,62556.5,0.15801626,1032634838
1783959152164,buy,62556.5,0.02198374,1032634837
1783959152164,buy,62556.2,0.0288,1032634836
1783959152164,buy,62555.9,0.02921626,1032634835
1783959152164,buy,62555.9,0.13118394,1032634834
1783959152164,buy,62555.5,0.0288,1032634833
1783959152164,buy,62554,0.00001606,1032634832
1783959152164,buy,62552,2,1032634831
1783959152163,buy,62551.8,0.10313735,1032634830
1783959152163,buy,62551.1,0.06935985,1032634829
1783959152163,buy,62551.1,0.04,1032634828
1783959152163,buy,62550.2,0.0239993,1032634827
1783959152163,buy,62550.1,0.00004626,1032634826
1783959152163,buy,62549.6,0.07993657,1032634825
1783959152163,buy,62548.9,0.16041812,1032634824
1783959152163,buy,62548.9,0.0012,1032634823
1783959152163,buy,62548.9,0.0013,1032634822
1783959152163,buy,62548.9,0.23776769,1032634821
1783959152163,buy,62548.9,0.1088,1032634820
1783959152163,buy,62548.9,0.12163231,1032634819
1783959152163,buy,62548.9,0.29021,1032634818
1783959152163,buy,62548.9,0.29224,1032634817
1783959152163,buy,62548.9,0.02,1032634816
1783959152163,buy,62548.9,0.10074432,1032634815
1783959152163,buy,62548.9,0.10592866,1032634814
1783959151699,buy,62548.9,0.00176848,1032634813
1783959150425,buy,62548.9,0.00001118,1032634812
1783959150425,buy,62548.9,0.00000001,1032634811
1783959147683,sell,62550,0.0001208,1032634810
1783959147634,buy,62550.2,0.00201752,1032634809
1783959147613,sell,62550.1,0.00013688,1032634808
1783959147611,sell,62551.4,0.00001607,1032634807
1783959147611,sell,62552.2,0.00595111,1032634806
1783959147611,sell,62554.1,0.00001607,1032634805
1783959147611,sell,62555.4,0.00595111,1032634804
1783959147598,sell,62556.1,0.03261159,1032634803
1783959147596,sell,62556.2,0.02714032,1032634802
1783959147596,sell,62556.2,0.0000378,1032634801
1783959147596,sell,62557.2,0.02927779,1032634800
1783959144014,sell,62557.2,0.00031482,1032634799
1783959143795,buy,62557.3,0.00024278,1032634798
1783959143795,buy,62557.3,0.00024278,1032634797
1783959143795,buy,62557.3,0.00024278,1032634796
1783959143795,buy,62557.3,0.00024278,1032634795
1783959143795,buy,62557.3,0.00024278,1032634794
1783959143795,buy,62557.3,0.00024278,1032634793
1783959143795,buy,62557.3,0.00024278,1032634792
1783959143795,buy,62557.3,0.00024278,1032634791
1783959143795,buy,62557.3,0.00024278,1032634790
1783966000648,buy,62034.8,0.0080487,1032675365
1783966000298,buy,62034.8,0.01465484,1032675364
1783966000298,buy,62034.8,0.0222,1032675363
1783965990955,sell,62038.8,0.0000162,1032675362
1783965990952,sell,62040.2,0.0000262,1032675361
1783965990949,sell,62040.3,0.00018774,1032675360
1783965989263,sell,62042.8,0.00454358,1032675359
1783965988544,buy,62042.9,0.00483536,1032675358
1783965987973,sell,62042.8,0.00018893,1032675357
1783965987925,buy,62042.9,0.00000001,1032675356
1783965987925,buy,62042.9,0.00020297,1032675355
1783965987492,buy,62039.6,0.01553685,1032675354
1783965986441,sell,62039.5,0.00055483,1032675353
1783965986438,sell,62040,0.00002858,1032675352
1783965986434,sell,62041.6,0.00014,1032675351
1783965986432,sell,62042.8,0.00004652,1032675350
1783965986432,sell,62042.8,0.12905776,1032675349
1783965986432,sell,62042.8,0.24705867,1032675348
1783965985764,buy,62042.9,0.00014,1032675347
1783965985600,buy,62042.9,0.00009509,1032675346
1783965985341,buy,62042.9,0.00004724,1032675345
1783965985341,buy,62042.9,0.00003334,1032675344
1783965985044,sell,62044.3,0.00001619,1032675343
1783965985044,sell,62044.8,0.00001501,1032675342
1783965985044,sell,62047,0.00001619,1032675341
1783965985043,sell,62048.6,0.00003333,1032675340
1783965985043,sell,62048.7,0.00014,1032675339
1783965985043,sell,62048.9,0.01,1032675338
1783965985043,sell,62049,0.01,1032675337
1783965985043,sell,62049.1,0.00004983,1032675336
1783965985043,sell,62049.1,0.05529927,1032675335
1783965985043,sell,62049.1,0.01,1032675334
1783965984603,buy,62049.2,0.00003384,1032675333
1783965984526,buy,62049.2,0.00322324,1032675332
1783965979902,buy,62049.2,0.00060411,1032675331
1783965979162,sell,62049.8,0.00001619,1032675330
1783965979162,sell,62051.6,0.0125,1032675329
1783965979066,sell,62052.9,0.0000528,1032675328
1783965979063,sell,62055.8,0.00005606,1032675327
1783965979063,sell,62055.8,0.01612764,1032675326
1783965979063,sell,62055.8,0.01415485,1032675325
1783965974940,buy,62055.9,0.00008057,1032675324
1783965973192,sell,62055.8,0.00165491,1032675323
1783965973103,buy,62055.9,0.00040286,1032675322
1783965970948,buy,62055.9,0.0469483,1032675321
1783965970459,buy,62055.9,0.00002417,1032675320
1783965968844,buy,62055.9,0.00164206,1032675319
1783965967987,buy,62055.9,0.00061329,1032675318
1783965967740,buy,62055.9,0.00003545,1032675317
1783965967480,buy,62055.9,0.1610967,1032675316
1783965967085,sell,62055.8,0.00031787,1032675315
1783965966042,sell,62055.8,0.01059805,1032675314
1783965965213,buy,62055.9,0.00088468,1032675313
1783965964742,buy,62055.9,0.00165657,1032675312
1783965964465,buy,62055.9,0.08,1032675311
1783965963518,buy,62055.9,0.08,1032675310
1783965963206,buy,62055.9,0.00805725,1032675309
1783965962832,buy,62055.3,0.00001622,1032675308
1783965962832,buy,62055.1,0.03322862,1032675307
1783965962832,buy,62055.1,0.00001622,1032675306
1783965962832,buy,62055.1,0.00003403,1032675305
1783965962832,buy,62054.7,0.01,1032675304
1783965962832,buy,62054.6,0.01,1032675303
1783965962832,buy,62054.5,0.00018774,1032675302
1783965962832,buy,62054.5,0.01,1032675301
1783965962282,sell,62054.4,0.00028497,1032675300
1783965962282,sell,62054.4,0.00020558,1032675299
1783965962056,buy,62052.4,0.00001621,1032675298
1783965962056,buy,62052.3,0.0015,1032675297
1783965962056,buy,62050.1,0.00029999,1032675296
1783965962056,buy,62050,0.0001208,1032675295
1783965962056,buy,62049.7,0.00001622,1032675294
1783965962055,buy,62046.9,0.0000162,1032675293
1783965962055,buy,62046.9,0.00008765,1032675292
1783965962054,buy,62046.3,0.00010172,1032675291
1783965962054,buy,62046.1,0.00027674,1032675290
1783965962054,buy,62046.1,0.07254202,1032675289
1783965962054,buy,62046.1,0.00202802,1032675288
1783965961909,buy,62046.1,0.08,1032675287
1783965961907,buy,62042.7,0.08,1032675286
1783965961907,buy,62042.7,0.08,1032675285
1783965961907,buy,62042.7,0.0009,1032675284
1783965961907,buy,62042.7,0.00013,1032675283
1783965961907,buy,62042.7,0.00044,1032675282
1783965961907,buy,62042.7,0.01925608,1032675281
1783965961907,buy,62042.7,0.0222,1032675280
1783965961907,buy,62042.7,0.0013,1032675279
1783965961907,buy,62042.7,0.00871401,1032675278
1783965961907,buy,62042.7,0.28705213,1032675277
1783965961307,buy,62042.7,0.08,1032675276
1783965960968,buy,62042.7,0.08,1032675275
1783965960832,buy,62042.7,0.00090044,1032675274
1783965960479,buy,62042.7,0.00012088,1032675273
1783965958989,buy,62042.7,0.00044646,1032675272
1783965958439,sell,62042.6,0.0000626,1032675271
1783965957071,sell,62043.2,0.0000197,1032675270
1783965956690,buy,62046.1,0.08,1032675269
1783965956164,sell,62046,0.00064579,1032675268
1783965956164,sell,62046,0.00000001,1032675267
1783965955243,buy,62046.1,0.08,1032675266
1783966055996,buy,62008.7,0.0019594,1032675452
1783966055331,sell,62008.6,0.00015873,1032675451
1783966053127,buy,62009,0.00000001,1032675450
1783966053127,buy,62008.7,0.0000162,1032675449
1783966052459,buy,62004.5,0.00613182,1032675448
1783966052176,buy,62004.5,0.00805102,1032675447
1783966051092,sell,62006.1,0.00014,1032675446
1783966051092,sell,62006.1,0.00001621,1032675445
1783966051092,sell,62007,0.00595111,1032675444
1783966051092,sell,62010.2,0.00003228,1032675443
1783966051092,sell,62010.2,0.00595111,1032675442
1783966051036,buy,62010.3,0.00245764,1032675441
1783966051036,buy,62010.3,0.00000001,1032675440
1783966050992,sell,62011.5,0.00001621,1032675439
1783966050990,sell,62012.2,0.00093496,1032675438
1783966050990,sell,62012.2,0.0125,1032675437
1783966049552,sell,62013.2,0.00014,1032675436
1783966049552,sell,62013.4,0.00595111,1032675435
1783966049542,sell,62014.3,0.00001621,1032675434
1783966049542,sell,62015.5,0.00003318,1032675433
1783966049542,sell,62016.6,0.0125,1032675432
1783966049542,sell,62016.6,0.00069718,1032675431
1783966049542,sell,62016.6,0.00595111,1032675430
1783966048630,buy,62016.7,0.00008062,1032675429
1783966048540,buy,62016.7,0.00011287,1032675428
1783966047112,sell,62018.4,0.00003407,1032675427
1783966047112,sell,62018.9,0.005943,1032675426
1783966047112,sell,62020.3,0.00004614,1032675425
1783966046928,buy,62020.4,0.00008061,1032675424
1783966044653,buy,62020.4,0.00806186,1032675423
1783966044055,sell,62021.1,0.001612,1032675422
1783966044055,sell,62024.5,0.00003511,1032675421
1783966043592,sell,62017,0.0000162,1032675420
1783966043592,sell,62019.2,0.00046015,1032675419
1783966043592,sell,62019.8,0.00595111,1032675418
1783966043592,sell,62020.3,0.00014,1032675417
1783966043592,sell,62021.4,0.00003618,1032675416
1783966043592,sell,62023,0.00595111,1032675415
1783966043523,buy,62023.4,0.00111899,1032675414
1783966043422,sell,62025,0.0001208,1032675413
1783966043422,sell,62026.2,0.00595111,1032675412
1783966043412,sell,62027,0.00029978,1032675411
1783966043412,sell,62027.1,0.0000372,1032675410
1783966043412,sell,62027.4,0.00004854,1032675409
1783966043412,sell,62027.4,0.00014,1032675408
1783966043367,sell,62027.9,0.0000162,1032675407
1783966042094,sell,62028.7,0.00165723,1032675406
1783966041632,sell,62029,0.0012,1032675405
1783966041632,sell,62029,0.00027679,1032675404
1783966041632,sell,62029,0.01363763,1032675403
1783966041532,sell,62031.5,0.00003824,1032675402
1783966041532,sell,62033.7,0.0125,1032675401
1783966040535,buy,62033.8,0.00132593,1032675400
1783966040535,buy,62033.8,0.00053675,1032675399
1783966039779,buy,62033.8,0.00006448,1032675398
1783966039523,buy,62033.8,0.019,1032675397
1783966039522,buy,62033.8,0.061,1032675396
1783966039522,buy,62033.3,0.0000162,1032675395
1783966039522,buy,62029.1,0.00060445,1032675394
1783966039522,buy,62029.1,0.00060445,1032675393
1783966039522,buy,62029.1,0.00823771,1032675392
1783966035853,buy,62029.1,0.00004836,1032675391
1783966034762,sell,62029,0.03079461,1032675390
1783966034502,buy,62029.1,0.00165889,1032675389
1783966030844,buy,62029.1,0.01612146,1032675388
1783966029840,buy,62029.1,0.00024258,1032675387
1783966029840,buy,62029.1,0.0018,1032675386
1783966025187,buy,62029.1,0.06099877,1032675385
1783966025187,buy,62029.1,0.00000001,1032675384
1783966024701,sell,62031.2,0.0012,1032675383
1783966023754,sell,62031.2,0.00042664,1032675382
1783966023302,sell,62032.4,0.00003818,1032675381
1783966023302,sell,62034.7,0.01675333,1032675380
1783966022686,buy,62034.8,0.00181035,1032675379
1783966022291,sell,62034.7,0.00016773,1032675378
1783966021121,sell,62034.7,0.00184258,1032675377
1783966019126,buy,62031.3,0.00003385,1032675376
1783966016635,sell,62029,0.00035082,1032675375
1783966010772,sell,62030.6,0.00004702,1032675374
1783966010772,sell,62030.6,0.0000162,1032675373
1783966010772,sell,62032.3,0.00002414,1032675372
1783966010772,sell,62033.4,0.0000162,1032675371
1783966010772,sell,62034.5,0.00014,1032675370
1783966010772,sell,62034.7,0.00003356,1032675369
1783966010772,sell,62034.7,0.00027674,1032675368
1783966010772,sell,62034.7,0.01607028,1032675367
1783966008007,buy,62034.8,0.00014951,1032675366
1783966112105,buy,62025.9,0.0009,1032675606
1783966112105,buy,62025.9,0.00001,1032675605
1783966110261,sell,62027.2,0.00209,1032675604
1783966110032,buy,62027.3,0.00468397,1032675603
1783966110026,buy,62027.3,0.00164282,1032675602
1783966109631,sell,62027.2,0.00000001,1032675601
1783966109631,sell,62027.2,0.00002368,1032675600
1783966109581,buy,62028.3,0.001193,1032675599
1783966108719,sell,62028.2,0.00018363,1032675598
1783966108397,sell,62027.4,0.00001621,1032675597
1783966108397,sell,62029,0.00002437,1032675596
1783966107885,sell,62030.8,0.00036762,1032675595
1783966107885,sell,62030.8,0.00000001,1032675594
1783966107837,buy,62030.5,0.0000162,1032675593
1783966107837,buy,62030.5,0.00039488,1032675592
1783966107405,sell,62027.6,0.00419272,1032675591
1783966107048,buy,62027.7,0.03334606,1032675590
1783966107048,buy,62027.7,0.0222,1032675589
1783966105535,sell,62029.3,0.00120001,1032675588
1783966105535,sell,62029.3,0.00004861,1032675587
1783966103694,sell,62026,0.00108106,1032675586
1783966102729,buy,62026.1,0.00162673,1032675585
1783966102574,sell,62026,0.00086492,1032675584
1783966102574,sell,62026,0.0012,1032675583
1783966101762,sell,62027.2,0.00595111,1032675582
1783966101762,sell,62027.9,0.0000162,1032675581
1783966101762,sell,62028.3,0.0000243,1032675580
1783966101762,sell,62030.4,0.00595111,1032675579
1783966101528,sell,62032.6,0.00000001,1032675578
1783966101528,sell,62033.4,0.00005147,1032675577
1783966101528,sell,62033.4,0.0000162,1032675576
1783966101525,sell,62034.8,0.24204909,1032675575
1783966101523,sell,62036.7,0.08066394,1032675574
1783966101522,sell,62036.8,0.00002311,1032675573
1783966101519,sell,62038.9,0.07997074,1032675572
1783966101519,sell,62038.9,0.0708048,1032675571
1783966101519,sell,62039,0.00614,1032675570
1783966101519,sell,62039,0.0030552,1032675569
1783966101517,sell,62039,0.1774548,1032675568
1783966101517,sell,62039,0.011,1032675567
1783966101517,sell,62039,0.30441591,1032675566
1783966101517,sell,62039,0.23726571,1032675565
1783966101517,sell,62039,0.12901552,1032675564
1783966101517,sell,62039,0.166034,1032675563
1783966101517,sell,62039,0.24700253,1032675562
1783966101517,sell,62039,0.0013,1032675561
1783966101517,sell,62039,0.0012,1032675560
1783966101517,sell,62039,0.1562,1032675559
1783966101517,sell,62039,0.01567534,1032675558
1783966099919,buy,62039.1,0.00154423,1032675557
1783966099796,buy,62039.1,0.00241783,1032675556
1783966097980,sell,62039,0.00036008,1032675555
1783966094341,buy,62039.1,0.01725677,1032675554
1783966092820,buy,62039.1,0.01510315,1032675553
1783966092820,buy,62039.1,0.00519685,1032675552
1783966092227,buy,62039.1,0.00099936,1032675551
1783966091377,buy,62039.1,0.0276,1032675550
1783966091072,buy,62039.1,0.0753953,1032675549
1783966091072,buy,62039.1,0.00900043,1032675548
1783966090951,buy,62039.1,0.04456583,1032675547
1783966090825,buy,62039.1,0.04459199,1032675546
1783966090708,buy,62039.1,0.08844717,1032675545
1783966090708,buy,62039.1,0.00000001,1032675544
1783966090368,sell,62039.1,0.00002306,1032675543
1783966089777,buy,62041.2,0.02353,1032675542
1783966089435,buy,62041.2,0.00002615,1032675541
1783966088140,buy,62041.2,0.0133,1032675540
1783966086744,sell,62041.1,0.00000001,1032675539
1783966086744,sell,62041.1,0.00002325,1032675538
1783966086666,buy,62043,0.01395,1032675537
1783966086501,buy,62043,0.00935641,1032675536
1783966085574,buy,62043,0.02044,1032675535
1783966084365,buy,62043,0.00005621,1032675534
1783966084365,buy,62043,0.00002,1032675533
1783966084362,buy,62039.2,0.00046015,1032675532
1783966084362,buy,62038.4,0.00074651,1032675531
1783966084362,buy,62038.4,0.0125,1032675530
1783966084323,sell,62038.3,0.00161954,1032675529
1783966083992,buy,62037.8,0.00002,1032675528
1783966083992,buy,62037.6,0.00002,1032675527
1783966083992,buy,62035.5,0.0125,1032675526
1783966083864,buy,62035.5,0.00053256,1032675525
1783966083864,buy,62035.5,0.00002,1032675524
1783966083864,buy,62034.8,0.00001501,1032675523
1783966083864,buy,62034.8,0.0015378,1032675522
1783966083861,buy,62033.3,0.00002,1032675521
1783966083859,buy,62030.5,0.0000162,1032675520
1783966083859,buy,62029.1,0.04165777,1032675519
1783966083859,buy,62029,0.00002,1032675518
1783966083859,buy,62028.6,0.00031643,1032675517
1783966083859,buy,62027.7,0.09966,1032675516
1783966083859,buy,62027.7,0.00004,1032675515
1783966083859,buy,62027.7,0.01083227,1032675514
1783966083859,buy,62027.7,0.04787773,1032675513
1783966083859,buy,62027.7,0.03212227,1032675512
1783966083858,buy,62027.7,0.06429773,1032675511
1783966083858,buy,62027.7,0.00317,1032675510
1783966083858,buy,62027.7,0.0268,1032675509
1783966083858,buy,62027.7,0.00005,1032675508
1783966083858,buy,62027.7,0.01138,1032675507
1783966167629,buy,62000.5,0.00001621,1032675784
1783966167629,buy,62000.2,0.00001,1032675783
1783966167629,buy,62000.1,0.00001939,1032675782
1783966167412,buy,61999.4,0.06659305,1032675781
1783966167410,buy,61998.6,0.0046,1032675780
1783966166899,buy,61998.6,0.00032258,1032675779
1783966163803,buy,61998.6,0.00003225,1032675778
1783966163740,buy,61998.6,0.00024194,1032675777
1783966162179,buy,61998.6,0.00004838,1032675776
1783966160274,buy,61996.9,0.00002055,1032675775
1783966158272,sell,61996.3,0.00000001,1032675774
1783966158272,sell,61996.3,0.00049853,1032675773
1783966158262,sell,61997.9,0.00001621,1032675772
1783966158262,sell,61998.2,0.00595111,1032675771
1783966158262,sell,61998.9,0.00001,1032675770
1783966158262,sell,61999,0.00014,1032675769
1783966158262,sell,61999.2,0.00046015,1032675768
1783966158262,sell,62000,0.0001208,1032675767
1783966158262,sell,62000.6,0.00001621,1032675766
1783966158262,sell,62001.4,0.00595116,1032675765
1783966157682,sell,62004,0.00029979,1032675764
1783966157682,sell,62004.7,0.00070244,1032675763
1783966157682,sell,62004.7,0.0125,1032675762
1783966157682,sell,62004.7,0.00132804,1032675761
1783966157627,sell,62004.7,0.03540938,1032675760
1783966157438,sell,62004.8,0.00000027,1032675759
1783966157436,sell,62004.8,0.00050141,1032675758
1783966157436,sell,62004.8,0.00031648,1032675757
1783966157436,sell,62004.8,0.0125,1032675756
1783966157436,sell,62004.8,0.00595111,1032675755
1783966156625,buy,62004.9,0.05041977,1032675754
1783966156623,buy,62004.9,0.00080638,1032675753
1783966156009,sell,62008,0.00595111,1032675752
1783966155925,sell,62008.1,0.00002,1032675751
1783966155919,sell,62011.2,0.00031643,1032675750
1783966155919,sell,62011.2,0.00595111,1032675749
1783966155918,sell,62011.5,0.0000162,1032675748
1783966155915,sell,62012.9,0.06179138,1032675747
1783966155915,sell,62012.9,0.01883701,1032675746
1783966155915,sell,62013,0.06116299,1032675745
1783966155915,sell,62013,0.12259351,1032675744
1783966155915,sell,62013,0.00004659,1032675743
1783966155915,sell,62013.6,0.001613,1032675742
1783966155914,sell,62015.7,0.00006224,1032675741
1783966155914,sell,62016.2,0.13644884,1032675740
1783966155914,sell,62016.3,0.0012,1032675739
1783966155914,sell,62016.3,0.1562,1032675738
1783966154259,sell,62017.3,0.00002905,1032675737
1783966154259,sell,62017.3,0.0013,1032675736
1783966153047,buy,62017.4,0.00003224,1032675735
1783966152662,buy,62017.4,0.00013544,1032675734
1783966151958,sell,62017.3,0.00024606,1032675733
1783966151958,sell,62017.3,0.00000001,1032675732
1783966151809,buy,62016.9,0.0000162,1032675731
1783966151809,buy,62014.5,0.00002481,1032675730
1783966151353,sell,62013.1,0.00077057,1032675729
1783966150690,buy,62013.2,0.00012,1032675728
1783966150645,buy,62013.2,0.00016125,1032675727
1783966150064,sell,62013.1,0.00031761,1032675726
1783966148674,buy,62013.2,0.14302331,1032675725
1783966148674,buy,62013.2,0.01823268,1032675724
1783966148378,buy,62013.2,0.00396732,1032675723
1783966148378,buy,62013.2,0.0013,1032675722
1783966148378,buy,62013.2,0.0841844,1032675721
1783966148189,buy,62013.2,0.04844306,1032675720
1783966147601,buy,62013.2,0.00004675,1032675719
1783966147601,buy,62013.2,0.00000001,1032675718
1783966147574,sell,62013.8,0.000015,1032675717
1783966147395,buy,62015.8,0.00036,1032675716
1783966147227,sell,62015.7,0.00013463,1032675715
1783966145828,sell,62019.7,0.0000162,1032675714
1783966145828,sell,62020,0.000015,1032675713
1783966145826,sell,62025,0.01613557,1032675712
1783966144510,buy,62025.5,0.00039,1032675711
1783966143237,buy,62028.6,0.00001502,1032675710
1783966143232,sell,62028.5,0.0003494,1032675709
1783966143232,buy,62028.6,0.06171106,1032675708
1783966143231,buy,62028.6,0.00000001,1032675707
1783966143231,buy,62028.6,0.00001501,1032675706
1783966143228,buy,62027.8,0.0000162,1032675705
1783966143213,buy,62025.1,0.0000162,1032675704
1783966143213,buy,62022.4,0.0000162,1032675703
1783966143213,buy,62022.4,0.00001501,1032675702
1783966143211,buy,62018.7,0.0000282,1032675701
1783966143210,buy,62017.4,0.19623118,1032675700
1783966143210,buy,62017.4,0.2246,1032675699
1783966143184,buy,62017.4,0.07915882,1032675698
1783966143184,buy,62017.4,0.00084118,1032675697
1783966142836,sell,62017.3,0.00029203,1032675696
1783966142401,sell,62017.3,0.00783363,1032675695
1783966142193,sell,62017.3,0.00331537,1032675694
1783966141579,sell,62017.3,0.06999141,1032675693
1783966141579,sell,62017.3,0.00000001,1032675692
1783966141039,buy,62015.5,0.00112586,1032675691
1783966141039,buy,62013.6,0.00002923,1032675690
1783966140502,sell,62014.3,0.0000162,1032675689
1783966140380,sell,62018.6,0.00004746,1032675688
1783966140369,sell,62019.2,0.00000001,1032675687
1783966140369,sell,62019.7,0.0000162,1032675686
1783966140361,sell,62023.4,0.01942287,1032675685
1783966222612,sell,61950.5,0.01646319,1032676030
1783966215182,sell,61950.5,0.05979248,1032676029
1783966215180,sell,61951.2,0.0000247,1032676028
1783966213022,buy,61951.5,0.00001622,1032676027
1783966213019,buy,61944.8,0.00162,1032676026
1783966213019,buy,61944.8,0.00285,1032676025
1783966213019,buy,61944.8,0.08096,1032676024
1783966213019,buy,61944.8,0.31223538,1032676023
1783966213019,buy,61944.8,0.02232923,1032676022
1783966212980,buy,61944.8,0.08,1032676021
1783966211694,buy,61944.8,0.00161111,1032676020
1783966211692,buy,61942.5,0.0125,1032676019
1783966210686,buy,61937.6,0.00735654,1032676018
1783966210182,sell,61939.1,0.00046015,1032676017
1783966210182,sell,61939.5,0.0000162,1032676016
1783966210182,sell,61940.4,0.00595111,1032676015
1783966210182,sell,61940.6,0.0000162,1032676014
1783966210182,sell,61940.7,0.00016148,1032676013
1783966210182,sell,61942.4,0.00002545,1032676012
1783966210182,sell,61943.6,0.00595111,1032676011
1783966210157,sell,61943.9,0.00182155,1032676010
1783966210156,buy,61944,0.01024352,1032676009
1783966210156,buy,61944,0.00085648,1032676008
1783966210154,sell,61944.7,0.00034352,1032676007
1783966210108,sell,61944.7,0.0001588,1032676006
1783966209904,sell,61946.3,0.0000162,1032676005
1783966209904,sell,61946.8,0.00595111,1032676004
1783966209903,sell,61948.8,0.0000162,1032676003
1783966209903,sell,61949,0.0000262,1032676002
1783966209901,sell,61950,0.00282067,1032676001
1783966209900,sell,61950,0.00301976,1032676000
1783966209898,sell,61950,0.00011068,1032675999
1783966209898,sell,61950,0.0008071,1032675998
1783966209898,sell,61950,0.00016142,1032675997
1783966209898,sell,61950,0.0001208,1032675996
1783966209896,sell,61950.2,0.00050013,1032675995
1783966209896,sell,61950.2,0.00050012,1032675994
1783966209896,sell,61950.2,0.00069999,1032675993
1783966209896,sell,61951.2,0.00007077,1032675992
1783966209894,sell,61951.2,0.00006424,1032675991
1783966209894,sell,61951.3,0.00045553,1032675990
1783966209894,sell,61951.3,0.01331352,1032675989
1783966209893,sell,61951.3,0.00028024,1032675988
1783966209893,sell,61951.3,0.0002,1032675987
1783966209893,sell,61951.3,0.00028024,1032675986
1783966209893,sell,61951.3,0.0007,1032675985
1783966209209,sell,61951.6,0.00002699,1032675984
1783966209209,sell,61953,0.0015,1032675983
1783966209209,sell,61953.8,0.0007178,1032675982
1783966209171,sell,61953.8,0.00017733,1032675981
1783966207799,buy,61953.9,0.00136859,1032675980
1783966207798,buy,61951.4,0.00016858,1032675979
1783966207500,buy,61951.4,0.0001081,1032675978
1783966207500,buy,61951.4,0.0001081,1032675977
1783966207500,buy,61951.4,0.0001081,1032675976
1783966207500,buy,61951.4,0.0001081,1032675975
1783966207500,buy,61951.4,0.0001081,1032675974
1783966207500,buy,61951.4,0.0001081,1032675973
1783966207500,buy,61951.4,0.0001081,1032675972
1783966207500,buy,61951.4,0.0001081,1032675971
1783966207500,buy,61951.4,0.0001081,1032675970
1783966207500,buy,61951.4,0.0001081,1032675969
1783966207500,buy,61951.4,0.0001081,1032675968
1783966207500,buy,61951.4,0.0001081,1032675967
1783966207500,buy,61951.4,0.0001081,1032675966
1783966207500,buy,61951.4,0.0001081,1032675965
1783966207500,buy,61951.4,0.0001081,1032675964
1783966207500,buy,61951.4,0.0001081,1032675963
1783966207500,buy,61951.4,0.0001081,1032675962
1783966207500,buy,61951.4,0.0001081,1032675961
1783966207500,buy,61951.4,0.0001081,1032675960
1783966207500,buy,61951.4,0.0001081,1032675959
1783966207500,buy,61951.4,0.0001081,1032675958
1783966207500,buy,61951.4,0.0001081,1032675957
1783966207500,buy,61951.4,0.0001081,1032675956
1783966207500,buy,61951.4,0.0001081,1032675955
1783966207500,buy,61951.4,0.0001081,1032675954
1783966207500,buy,61951.4,0.0001081,1032675953
1783966207500,buy,61951.4,0.0001081,1032675952
1783966207500,buy,61951.4,0.0001081,1032675951
1783966207500,buy,61951.4,0.0001081,1032675950
1783966207500,buy,61951.4,0.0001081,1032675949
1783966207500,buy,61951.4,0.0001081,1032675948
1783966207500,buy,61951.4,0.0001081,1032675947
1783966207500,buy,61951.4,0.0001081,1032675946
1783966207500,buy,61951.4,0.0001081,1032675945
1783966207500,buy,61951.4,0.0001081,1032675944
1783966207500,buy,61951.4,0.0001081,1032675943
1783966207500,buy,61951.4,0.0001081,1032675942
1783966207500,buy,61951.4,0.0001081,1032675941
1783966207500,buy,61951.4,0.0001081,1032675940
1783966207500,buy,61951.4,0.0001081,1032675939
1783966207500,buy,61951.4,0.0001081,1032675938
1783966207500,buy,61951.4,0.0001081,1032675937
1783966207500,buy,61951.4,0.0001081,1032675936
1783966207500,buy,61951.4,0.0001081,1032675935
1783966207500,buy,61951.4,0.0001081,1032675934
1783966207500,buy,61951.4,0.0001081,1032675933
1783966207500,buy,61951.4,0.0001081,1032675932
1783966207500,buy,61951.4,0.0001081,1032675931
1783971990672,sell,62162.3,0.00036767,1032690963
1783971990625,buy,62161.7,0.00001617,1032690962
1783971990624,buy,62156.3,0.00053713,1032690961
1783971990624,buy,62156.3,0.00833559,1032690960
1783971990620,buy,62156.3,0.0013,1032690959
1783971990618,buy,62156.3,0.23213026,1032690958
1783971990612,buy,62156.3,0.08,1032690957
1783971990555,sell,62156.2,0.00057692,1032690956
1783971990507,buy,62156.2,0.03189045,1032690955
1783971990507,buy,62156.2,0.0125,1032690954
1783971990507,buy,62156.2,0.012,1032690953
1783971990507,buy,62156.2,0.00069436,1032690952
1783971988328,buy,62156.2,0.00355877,1032690951
1783971986860,sell,62156.1,0.00322189,1032690950
1783971981586,sell,62156.1,0.00074579,1032690949
1783971981538,buy,62152.2,0.00001618,1032690948
1783971981538,buy,62149.7,0.00109748,1032690947
1783971981538,buy,62148.4,0.000045,1032690946
1783971981535,buy,62148.4,0.1252,1032690945
1783971980794,sell,62147.9,0.05554752,1032690944
1783971979383,buy,62148,0.00004666,1032690943
1783971977108,buy,62148,0.00165411,1032690942
1783971976563,sell,62148.1,0.00001617,1032690941
1783971976563,sell,62149.6,0.00595111,1032690940
1783971976070,sell,62150,0.0001208,1032690939
1783971975595,sell,62152.8,0.00005321,1032690938
1783971975595,sell,62152.8,0.00561557,1032690937
1783971975428,sell,62152.8,0.00017853,1032690936
1783971975268,buy,62152.9,0.00003217,1032690935
1783971973769,sell,62152.8,0.00015701,1032690934
1783971972095,buy,62153.9,0.00008,1032690933
1783971972004,sell,62156,0.00595111,1032690932
1783971972004,sell,62156.2,0.00016261,1032690931
1783971970775,buy,62156.3,0.00001,1032690930
1783971966991,sell,62156.2,0.00022209,1032690929
1783971965327,buy,62156.3,0.00321769,1032690928
1783971957177,sell,62156.2,0.00150017,1032690927
1783971956142,sell,62156.2,0.00031716,1032690926
1783971955504,buy,62156.3,0.00007,1032690925
1783971952775,sell,62156.2,0.02283026,1032690924
1783971952775,sell,62156.2,0.0013,1032690923
1783971946910,sell,62156.2,0.01235557,1032690922
1783971940804,buy,62156.3,0.00027008,1032690921
1783971940804,buy,62156.3,0.00533941,1032690920
1783971938585,sell,62156.7,0.00038,1032690919
1783971938585,sell,62157.9,0.00038,1032690918
1783971938585,sell,62159,0.00038,1032690917
1783971938585,sell,62159.2,0.00016259,1032690916
1783971937273,sell,62159.2,0.00502721,1032690915
1783971937273,sell,62159.2,0.00039085,1032690914
1783971936494,buy,62159.3,0.00163933,1032690913
1783971935191,buy,62159.3,0.01941623,1032690912
1783971935191,buy,62159.3,0.00000001,1032690911
1783971932499,sell,62159.2,0.0000693,1032690910
1783971932499,sell,62159.2,0.00595111,1032690909
1783971931353,sell,62160.1,0.00038,1032690908
1783971931353,sell,62161.3,0.00038,1032690907
1783971931353,sell,62161.8,0.00001617,1032690906
1783971931353,sell,62162.4,0.00038,1032690905
1783971929441,buy,62162.6,0.00024452,1032690904
1783971927716,sell,62162.5,0.00051896,1032690903
1783971927714,sell,62162.5,0.00184769,1032690902
1783971927710,sell,62162.5,0.00057188,1032690901
1783971927708,sell,62162.5,0.00183777,1032690900
1783971927704,sell,62162.5,0.00176675,1032690899
1783971927698,sell,62162.5,0.00169119,1032690898
1783971927694,sell,62162.5,0.00082238,1032690897
1783971927692,sell,62162.5,0.00157075,1032690896
1783971927688,sell,62162.5,0.00079876,1032690895
1783971927686,sell,62162.5,0.00171391,1032690894
1783971927682,sell,62162.5,0.00080074,1032690893
1783971927680,sell,62162.5,0.00164241,1032690892
1783971927675,sell,62162.5,0.00323061,1032690891
1783971927673,sell,62162.5,0.00247805,1032690890
1783971927668,sell,62162.5,0.08067055,1032690889
1783971927564,buy,62162.6,0.00731307,1032690888
1783971927490,sell,62162.5,0.00018243,1032690887
1783971926429,buy,62162.6,0.00166659,1032690886
1783971925270,buy,62162.6,0.00024291,1032690885
1783971924758,buy,62162.6,0.00038,1032690884
1783971924445,sell,62162.5,0.00115137,1032690883
1783971924439,sell,62162.5,0.00171836,1032690882
1783971924434,sell,62162.5,0.00405838,1032690881
1783971924425,sell,62162.5,0.00189556,1032690880
1783971924419,sell,62162.5,0.00200345,1032690879
1783971924414,sell,62162.5,0.00240725,1032690878
1783971924408,sell,62162.5,0.00151146,1032690877
1783971924401,sell,62162.5,0.00141233,1032690876
1783971924399,sell,62162.5,0.0014886,1032690875
1783971924395,sell,62162.5,0.00286898,1032690874
1783971924384,sell,62162.5,0.00471859,1032690873
1783971924382,sell,62162.5,0.00253457,1032690872
1783971924375,sell,62162.5,0.08163184,1032690871
1783971924350,sell,62162.6,0.06196998,1032690870
1783971924350,sell,62163.5,0.00038,1032690869
1783971924350,sell,62164.5,0.00001617,1032690868
1783971924350,sell,62164.7,0.00038,1032690867
1783971924350,sell,62165.6,0.06257357,1032690866
1783971924349,sell,62165.6,0.00744643,1032690865
1783971924349,sell,62165.6,0.0898601,1032690864
1783972045220,sell,62137,0.00079228,1032690998
1783972041258,sell,62137,0.00255777,1032690997
1783972037240,sell,62137,0.00144002,1032690996
1783972036595,sell,62137.5,0.07207556,1032690995
1783972036595,sell,62139.2,0.00046015,1032690994
1783972036594,sell,62139.9,0.00001617,1032690993
1783972036594,sell,62140,0.00595111,1032690992
1783972036594,sell,62142.7,0.00029999,1032690991
1783972036594,sell,62143.2,0.00593988,1032690990
1783972035358,sell,62143.2,0.00001123,1032690989
1783972033559,sell,62143.8,0.0125,1032690988
1783972033515,sell,62145.4,0.00001617,1032690987
1783972033515,sell,62145.8,0.00004786,1032690986
1783972033515,sell,62146.4,0.00595111,1032690985
1783972033513,sell,62146.6,0.00005663,1032690984
1783972033513,sell,62146.6,0.00006818,1032690983
1783972033510,sell,62147.9,0.070039,1032690982
1783972032821,sell,62147.9,0.00066,1032690981
1783972031396,buy,62148,0.0002413,1032690980
1783972021095,sell,62147.9,0.00007958,1032690979
1783972014390,sell,62147.9,0.002421,1032690978
1783972014390,sell,62147.9,0.00000001,1032690977
1783972014390,sell,62151.1,0.00019713,1032690976
1783972014390,sell,62151.1,0.00005089,1032690975
1783972009411,sell,62151.1,0.0008042,1032690974
1783972008721,sell,62151.1,0.00089173,1032690973
1783972006240,sell,62153.6,0.00001617,1032690972
1783972006240,sell,62153.7,0.00001501,1032690971
1783972006240,sell,62156.2,0.00022,1032690970
1783972006184,sell,62157.3,0.00321003,1032690969
1783972006140,sell,62159.1,0.00005419,1032690968
1783972006140,sell,62159.1,0.00001617,1032690967
1783972000418,buy,62162.4,0.00004504,1032690966
1783971999388,buy,62162.4,0.00054927,1032690965
1783971992688,sell,62162.3,0.00007957,1032690964
1783972100789,buy,62152.4,0.0008109,1032691060
1783972095190,buy,62150.8,0.00000001,1032691059
1783972095190,buy,62150.8,0.00001617,1032691058
1783972094369,buy,62148.6,0.00001501,1032691057
1783972094369,buy,62147.6,0.00010198,1032691056
1783972094283,buy,62146.2,0.0125,1032691055
1783972094041,buy,62146.2,0.00803588,1032691054
1783972093478,buy,62146.2,0.00017997,1032691053
1783972088359,buy,62146.2,0.0491512,1032691052
1783972088359,buy,62146.2,0.08043927,1032691051
1783972088072,sell,62146.1,0.00031797,1032691050
1783972088030,sell,62146.1,0.00532483,1032691049
1783972088030,sell,62146.1,0.0013,1032691048
1783972088027,buy,62146.2,0.00001618,1032691047
1783972088024,buy,62143.1,0.00010857,1032691046
1783972088024,buy,62142.8,0.00034155,1032691045
1783972088024,buy,62142.6,0.00001617,1032691044
1783972087176,buy,62138.7,0.00009502,1032691043
1783972085401,sell,62137.2,0.00211125,1032691042
1783972079448,sell,62137.2,0.00163769,1032691041
1783972078783,sell,62137.2,0.00000001,1032691040
1783972078783,sell,62137.2,0.00001617,1032691039
1783972078317,sell,62142.7,0.002318,1032691038
1783972078317,sell,62142.7,0.00001501,1032691037
1783972078317,sell,62142.7,0.00004799,1032691036
1783972077511,sell,62142.7,0.00000001,1032691035
1783972077511,sell,62142.7,0.00001617,1032691034
1783972077508,sell,62145.9,0.00005142,1032691033
1783972077505,sell,62150,0.016074,1032691032
1783972077478,sell,62152.1,0.01108273,1032691031
1783972077478,sell,62152.1,0.07005,1032691030
1783972071622,sell,62152.1,0.00017417,1032691029
1783972068495,buy,62152.2,0.00201119,1032691028
1783972062596,buy,62152.2,0.10438568,1032691027
1783972062459,buy,62152.2,0.00008044,1032691026
1783972061709,buy,62152.2,0.00160895,1032691025
1783972060448,sell,62152.1,0.00039349,1032691024
1783972060407,buy,62151.4,0.00000001,1032691023
1783972060407,buy,62148.8,0.00009114,1032691022
1783972060404,buy,62148.8,0.00000001,1032691021
1783972060404,buy,62148,0.00055208,1032691020
1783972060399,sell,62147.4,0.00046485,1032691019
1783972060366,buy,62147.5,0.00058327,1032691018
1783972060351,buy,62146.6,0.00000001,1032691017
1783972060351,buy,62146.6,0.00009393,1032691016
1783972060351,buy,62145.3,0.00065818,1032691015
1783972060349,buy,62145.3,0.00001,1032691014
1783972060300,sell,62145.2,0.00086323,1032691013
1783972060300,sell,62145.2,0.00001,1032691012
1783972060252,buy,62141.9,0.00009652,1032691011
1783972060252,buy,62140.5,0.00001,1032691010
1783972060252,buy,62140.5,0.00139568,1032691009
1783972060252,buy,62140.5,0.0125,1032691008
1783972059522,buy,62138.3,0.00008645,1032691007
1783972059522,buy,62138,0.00201774,1032691006
1783972053801,sell,62137.9,0.0003188,1032691005
1783972052176,sell,62137.9,0.0024635,1032691004
1783972052128,buy,62137.1,0.00323856,1032691003
1783972050490,sell,62137,0.00016143,1032691002
1783972048164,sell,62137,0.00163713,1032691001
1783972046839,buy,62137.1,0.00630484,1032691000
1783972046839,buy,62137.1,0.00496057,1032690999
1783972156297,buy,62161.2,0.00235677,1032691092
1783972152526,buy,62161.2,0.00003217,1032691091
1783972142998,sell,62161.1,0.00106394,1032691090
1783972142902,sell,62161.1,0.00017282,1032691089
1783972142866,buy,62161.2,0.00522914,1032691088
1783972142853,buy,62161.2,0.00154448,1032691087
1783972142853,buy,62161,0.00001501,1032691086
1783972142853,buy,62159.2,0.00046015,1032691085
1783972142853,buy,62159,0.00001617,1032691084
1783972142853,buy,62156.2,0.00001617,1032691083
1783972142850,buy,62153.2,0.00021895,1032691082
1783972141646,sell,62153.1,0.00160453,1032691081
1783972140911,sell,62153.1,0.00023516,1032691080
1783972140911,sell,62153.1,0.00000001,1032691079
1783972140863,buy,62152.4,0.000296,1032691078
1783972140863,buy,62150.8,0.00001617,1032691077
1783972136110,buy,62146.5,0.00080455,1032691076
1783972135469,sell,62146.4,0.00506343,1032691075
1783972130569,sell,62146.4,0.00107657,1032691074
1783972127805,sell,62146.4,0.05382797,1032691073
1783972127805,sell,62146.4,0.0125,1032691072
1783972127805,sell,62146.4,0.24701419,1032691071
1783972127805,sell,62146.4,0.1171,1032691070
1783972122797,sell,62148.1,0.00001617,1032691069
1783972120368,sell,62149.2,0.00165245,1032691068
1783972120248,buy,62149.3,0.01327455,1032691067
1783972119432,sell,62149.2,0.00087171,1032691066
1783972117640,sell,62149.2,0.00160734,1032691065
1783972115266,buy,62149.3,0.01768,1032691064
1783972110183,sell,62149.2,0.00031704,1032691063
1783972108486,sell,62149.2,0.0015983,1032691062
1783972103872,sell,62152.3,0.00358896,1032691061
1783972212200,buy,62189.2,0.00335428,1032691648
1783972212147,sell,62189.1,0.00014284,1032691647
1783972211125,sell,62191.4,0.00595111,1032691646
1783972211125,sell,62191.9,0.00006554,1032691645
1783972211125,sell,62191.9,0.00056616,1032691644
1783972210563,buy,62192,0.03262064,1032691643
1783972208712,buy,62192,0.00321102,1032691642
1783972207172,sell,62191.9,0.00456059,1032691641
1783972207153,sell,62191.9,0.00047609,1032691640
1783972203306,buy,62192,0.03195787,1032691639
1783972203238,sell,62191.9,0.00000001,1032691638
1783972203238,sell,62191.9,0.00001616,1032691637
1783972203004,buy,62196,0.00008039,1032691636
1783972202345,sell,62207.9,0.012,1032691635
1783972201629,sell,62207.9,0.00017227,1032691634
1783972201629,sell,62207.9,0.00001072,1032691633
1783972201583,buy,62207.9,0.00001571,1032691632
1783972201581,buy,62207.7,0.00001071,1032691631
1783972201581,buy,62207.5,0.00008,1032691630
1783972201581,buy,62207.5,0.00001,1032691629
1783972201581,buy,62207.4,0.0000112,1032691628
1783972201581,buy,62207.2,0.00027042,1032691627
1783972201581,buy,62207.2,0.00001954,1032691626
1783972201581,buy,62207.2,0.00004829,1032691625
1783972201581,buy,62206.8,0.00013,1032691624
1783972201581,buy,62206.8,0.00055802,1032691623
1783972201581,buy,62206.8,0.00016105,1032691622
1783972201581,buy,62206.7,0.00109376,1032691621
1783972201581,buy,62206.4,0.00003,1032691620
1783972201581,buy,62206.4,0.00293746,1032691619
1783972201581,buy,62206,0.00023073,1032691618
1783972201581,buy,62206,0.00038672,1032691617
1783972201581,buy,62206,0.00007905,1032691616
1783972201581,buy,62206,0.00001336,1032691615
1783972201458,buy,62205.9,0.00001061,1032691614
1783972201458,buy,62205.9,0.00001086,1032691613
1783972201458,buy,62205.9,0.0000272,1032691612
1783972201458,buy,62205.8,0.00004024,1032691611
1783972201458,buy,62205.8,0.00006069,1032691610
1783972201458,buy,62205.8,0.00015232,1032691609
1783972201458,buy,62205.7,0.00009,1032691608
1783972201458,buy,62205.7,0.00002979,1032691607
1783972201458,buy,62205.7,0.0000147,1032691606
1783972201458,buy,62205.7,0.00081711,1032691605
1783972201458,buy,62205.7,0.00001105,1032691604
1783972201458,buy,62205.7,0.00001178,1032691603
1783972201458,buy,62205.7,0.00003506,1032691602
1783972201458,buy,62205.6,0.00056616,1032691601
1783972201458,buy,62205.5,0.00050296,1032691600
1783972201458,buy,62205.5,0.00050296,1032691599
1783972201455,buy,62204.8,0.0045,1032691598
1783972201445,buy,62203.9,0.04269518,1032691597
1783972201445,buy,62203.9,0.0013,1032691596
1783972201443,buy,62204,0.00000001,1032691595
1783972201443,buy,62203.9,0.00060909,1032691594
1783972201415,sell,62201.3,0.00352837,1032691593
1783972201282,buy,62201.4,0.00449989,1032691592
1783972200465,buy,62205.6,0.01906993,1032691591
1783972200465,buy,62205.6,0.02093007,1032691590
1783972200464,sell,62205.5,0.02001315,1032691589
1783972200463,sell,62205.5,0.0294817,1032691588
1783972200463,sell,62205.5,0.0224958,1032691587
1783972200462,sell,62205.5,0.09337197,1032691586
1783972200462,sell,62205.5,0.10093121,1032691585
1783972200461,sell,62205.5,0.0758,1032691584
1783972200461,sell,62205.5,0.00326879,1032691583
1783972200461,sell,62205.5,0.00321999,1032691582
1783972200461,sell,62205.5,0.01,1032691581
1783972200461,sell,62205.5,0.08691122,1032691580
1783972200460,sell,62205.5,0.16213878,1032691579
1783972200361,buy,62205.6,0.08,1032691578
1783972200333,buy,62205.6,0.00226993,1032691577
1783972200333,buy,62205.6,0.0222,1032691576
1783972200314,sell,62205.5,0.00022927,1032691575
1783972200267,buy,62205.6,0.02944567,1032691574
1783972200267,buy,62205.6,0.00012,1032691573
1783972200267,buy,62205.6,0.00004,1032691572
1783972200267,buy,62205.6,0.0000123,1032691571
1783972200267,buy,62205.5,0.00001618,1032691570
1783972200267,buy,62204.9,0.00004,1032691569
1783972200267,buy,62204.8,0.00001,1032691568
1783972200267,buy,62204.7,0.02947603,1032691567
1783972200267,buy,62204.6,0.00002,1032691566
1783972200267,buy,62204.5,0.00003403,1032691565
1783972200267,buy,62204.4,0.00001501,1032691564
1783972200267,buy,62204.4,0.01264555,1032691563
1783972200267,buy,62204.4,0.00001375,1032691562
1783972200267,buy,62204.4,0.00001004,1032691561
1783972200267,buy,62204,0.00004874,1032691560
1783972200267,buy,62203.9,0.00001,1032691559
1783972200267,buy,62203.7,0.00007,1032691558
1783972200267,buy,62203.7,0.00006,1032691557
1783972200267,buy,62203.7,0.00027104,1032691556
1783972200267,buy,62203.3,0.00005046,1032691555
1783972200267,buy,62203.3,0.00001352,1032691554
1783972200267,buy,62203,0.00012,1032691553
1783972200267,buy,62202.9,0.00001,1032691552
1783972200267,buy,62202.7,0.00001618,1032691551
1783972200267,buy,62202.7,0.0000983,1032691550
1783972200267,buy,62202.7,0.00078139,1032691549
1783975469807,buy,62204.5,0.00008841,1032698310
1783975466183,sell,62204.4,0.00093882,1032698309
1783975456356,buy,62204.5,0.00040736,1032698308
1783975453597,buy,62204.3,0.00120001,1032698307
1783975453597,buy,62204.3,0.0013,1032698306
1783975453589,buy,62204.3,0.00000001,1032698305
1783975453589,buy,62203.3,0.00001501,1032698304
1783975453550,buy,62198.4,0.00014839,1032698303
1783975453550,buy,62196.9,0.01678788,1032698302
1783975453263,sell,62196.8,0.01174107,1032698301
1783975452723,sell,62197.4,0.00001616,1032698300
1783975452723,sell,62198,0.00595111,1032698299
1783975452723,sell,62199.2,0.00046015,1032698298
1783975452723,sell,62200,0.0001208,1032698297
1783975452723,sell,62200.1,0.00001616,1032698296
1783975452723,sell,62201.2,0.00595111,1032698295
1783975452716,sell,62201.3,0.00235373,1032698294
1783975452715,sell,62201.3,0.00040861,1032698293
1783975452714,sell,62201.3,0.00278595,1032698292
1783975452713,sell,62201.3,0.00148968,1032698291
1783975452709,sell,62201.3,0.0023946,1032698290
1783975452708,sell,62201.3,0.00056227,1032698289
1783975452707,sell,62201.3,0.00143087,1032698288
1783975452703,sell,62201.3,0.00043507,1032698287
1783975452702,sell,62201.3,0.00152638,1032698286
1783975452697,sell,62201.3,0.00052611,1032698285
1783975452690,sell,62201.3,0.0008785,1032698284
1783975452688,sell,62201.3,0.00049843,1032698283
1783975452686,sell,62201.3,0.00244134,1032698282
1783975452681,sell,62201.3,0.00197458,1032698281
1783975452680,sell,62201.3,0.00084516,1032698280
1783975452675,sell,62201.3,0.02074663,1032698279
1783975452674,sell,62201.3,0.0004761,1032698278
1783975452673,sell,62201.3,0.00052671,1032698277
1783975452670,sell,62201.3,0.00060547,1032698276
1783975452668,sell,62201.3,0.00338715,1032698275
1783975452662,sell,62201.3,0.00214441,1032698274
1783975452633,sell,62201.3,0.00265257,1032698273
1783975452632,sell,62201.3,0.00169672,1032698272
1783975452630,sell,62201.3,0.00081927,1032698271
1783975452628,sell,62201.3,0.00063987,1032698270
1783975452627,sell,62201.3,0.00101319,1032698269
1783975452624,sell,62201.3,0.00099377,1032698268
1783975452622,sell,62201.3,0.0006968,1032698267
1783975452620,sell,62201.3,0.0044873,1032698266
1783975452619,sell,62201.3,0.00521822,1032698265
1783975452618,sell,62201.3,0.00172366,1032698264
1783975452615,sell,62201.3,0.00291278,1032698263
1783975452611,sell,62201.3,0.00109048,1032698262
1783975452609,sell,62201.3,0.00239336,1032698261
1783975452603,sell,62201.3,0.00241813,1032698260
1783975452597,sell,62201.3,0.00123413,1032698259
1783975452572,sell,62201.3,0.00435258,1032698258
1783975452571,sell,62201.3,0.00301956,1032698257
1783975452568,sell,62201.3,0.00638803,1032698256
1783975452559,sell,62201.3,0.00314462,1032698255
1783975452556,sell,62201.3,0.00518963,1032698254
1783975452550,sell,62201.3,0.00188459,1032698253
1783975452541,sell,62201.3,0.00260833,1032698252
1783975452538,sell,62201.3,0.0013464,1032698251
1783975452536,sell,62201.3,0.00154901,1032698250
1783975452531,sell,62201.3,0.00363091,1032698249
1783975452530,sell,62201.3,0.00150161,1032698248
1783975452526,sell,62201.3,0.00274029,1032698247
1783975452524,sell,62201.3,0.00116215,1032698246
1783975452521,sell,62201.3,0.00254982,1032698245
1783975452518,sell,62201.3,0.08050447,1032698244
1783975452518,sell,62201.3,0.0000246,1032698243
1783975452190,buy,62201.4,0.00064808,1032698242
1783975451903,sell,62204.4,0.00595111,1032698241
1783975451901,sell,62204.8,0.0015,1032698240
1783975451901,sell,62205.6,0.00001616,1032698239
1783975451671,buy,62207.2,0.00078589,1032698238
1783975451665,sell,62207.1,0.03338188,1032698237
1783975451665,sell,62207.6,0.00595111,1032698236
1783975451665,sell,62208.3,0.00001616,1032698235
1783975451665,sell,62208.9,0.00065085,1032698234
1783975451664,sell,62208.9,0.03919998,1032698233
1783975451664,sell,62210.8,0.00595111,1032698232
1783975451664,sell,62211,0.00001616,1032698231
1783975451664,sell,62212.3,0.0003,1032698230
1783975451664,sell,62214,0.00595111,1032698229
1783975451664,sell,62214.2,0.01,1032698228
1783975451664,sell,62214.3,0.01,1032698227
1783975451664,sell,62214.4,0.00858164,1032698226
1783975451664,sell,62214.4,0.00141836,1032698225
1783975451664,sell,62214.5,0.0021199,1032698224
1783975451662,sell,62216.9,0.0000246,1032698223
1783975451662,sell,62216.9,0.16494658,1032698222
1783975451661,sell,62216.9,0.14121696,1032698221
1783975451660,sell,62216.9,0.00321259,1032698220
1783975451657,sell,62216.9,0.00343479,1032698219
1783975451643,sell,62216.9,0.00321666,1032698218
1783975451632,sell,62216.9,0.00540042,1032698217
1783975451619,sell,62216.9,0.00372406,1032698216
1783975451617,sell,62216.9,0.00574267,1032698215
1783975451602,sell,62216.9,0.00403806,1032698214
1783975451596,sell,62216.9,0.00698864,1032698213
1783975451596,sell,62216.9,0.02524421,1032698212
1783975451587,sell,62216.9,0.00403709,1032698211
1783975530096,sell,62157.8,0.00000001,1032698434
1783975530096,sell,62157.8,0.00031995,1032698433
1783975530093,sell,62159.7,0.01,1032698432
1783975526611,sell,62159.7,0.00104032,1032698431
1783975524891,buy,62157.9,0.00003369,1032698430
1783975523169,buy,62157.9,0.00038454,1032698429
1783975523169,buy,62157.9,0.0029416,1032698428
1783975523001,sell,62159.1,0.00001617,1032698427
1783975523001,sell,62159.7,0.0012,1032698426
1783975523001,sell,62159.7,0.00007323,1032698425
1783975522883,sell,62160.6,0.00016179,1032698424
1783975522883,sell,62161.8,0.00001617,1032698423
1783975522883,sell,62163.1,0.00004669,1032698422
1783975522883,sell,62163.1,0.0000251,1032698421
1783975522883,sell,62165.7,0.00118756,1032698420
1783975522883,sell,62165.7,0.00040844,1032698419
1783975522883,sell,62165.7,0.01,1032698418
1783975519003,buy,62165.8,0.00061126,1032698417
1783975518097,buy,62165.8,0.001,1032698416
1783975516971,sell,62165.7,0.00019269,1032698415
1783975516920,buy,62161.8,0.0125,1032698414
1783975516920,buy,62161.8,0.03376162,1032698413
1783975515108,buy,62158,0.00016765,1032698412
1783975515100,buy,62158,0.07883129,1032698411
1783975515100,buy,62158,0.00116871,1032698410
1783975514940,buy,62158,0.00004022,1032698409
1783975514520,sell,62157.9,0.00212666,1032698408
1783975513323,buy,62158,0.00028349,1032698407
1783975513312,sell,62157.9,0.01538539,1032698406
1783975513312,sell,62157.9,0.00001615,1032698405
1783975513312,sell,62159.1,0.00001615,1032698404
1783975513312,sell,62159.2,0.00595111,1032698403
1783975513312,sell,62159.2,0.00046015,1032698402
1783975513312,sell,62159.8,0.00001501,1032698401
1783975513312,sell,62161.8,0.00001614,1032698400
1783975513312,sell,62162.4,0.00595116,1032698399
1783975513312,sell,62163.4,0.0015,1032698398
1783975513312,sell,62163.5,0.00002632,1032698397
1783975513312,sell,62164.8,0.00001614,1032698396
1783975513312,sell,62165.8,0.00595111,1032698395
1783975512840,sell,62165.9,0.00000001,1032698394
1783975512840,sell,62165.9,0.00069884,1032698393
1783975512840,sell,62165.9,0.00029735,1032698392
1783975512837,sell,62167.3,0.00001614,1032698391
1783975512837,sell,62169,0.00595111,1032698390
1783975512806,sell,62169.6,0.00001501,1032698389
1783975512806,sell,62169.6,0.02164158,1032698388
1783975512806,sell,62170.4,0.012,1032698387
1783975512806,sell,62171.8,0.00635842,1032698386
1783975512806,sell,62171.8,0.00001501,1032698385
1783975512806,sell,62171.8,0.07404889,1032698384
1783975512806,sell,62172.2,0.00595111,1032698383
1783975512805,sell,62172.9,0.00001501,1032698382
1783975512805,sell,62172.9,0.00001501,1032698381
1783975512805,sell,62172.9,0.00001501,1032698380
1783975512805,sell,62172.9,0.02063817,1032698379
1783975512805,sell,62172.9,0.00001501,1032698378
1783975512805,sell,62172.9,0.00392895,1032698377
1783975512805,sell,62173.1,0.01069447,1032698376
1783975512805,sell,62173.1,0.12717057,1032698375
1783975512805,sell,62173.1,0.00001501,1032698374
1783975512805,sell,62173.1,0.00001501,1032698373
1783975512805,sell,62173.1,0.00001501,1032698372
1783975512805,sell,62173.1,0.00001501,1032698371
1783975512805,sell,62173.1,0.00001501,1032698370
1783975512805,sell,62173.1,0.00001501,1032698369
1783975512799,sell,62175,0.0001208,1032698368
1783975512799,sell,62175.3,0.13310058,1032698367
1783975512799,sell,62175.4,0.03976658,1032698366
1783975512799,sell,62175.4,0.00595111,1032698365
1783975512799,sell,62176.8,0.00000927,1032698364
1783975512799,sell,62176.8,0.00001801,1032698363
1783975512799,sell,62178.5,0.00009088,1032698362
1783975512799,sell,62178.6,0.0012,1032698361
1783975512799,sell,62178.6,0.2964,1032698360
1783975512799,sell,62178.6,0.00595111,1032698359
1783975511435,sell,62179,0.00000001,1032698358
1783975511435,sell,62179.2,0.00046015,1032698357
1783975511433,sell,62181.8,0.00595111,1032698356
1783975511426,sell,62184,0.00002892,1032698355
1783975510481,sell,62184.1,0.00117694,1032698354
1783975510480,sell,62185,0.00056592,1032698353
1783975510480,sell,62185,0.00056593,1032698352
1783975509178,sell,62186.4,0.00084325,1032698351
1783975509085,sell,62186.4,0.00332889,1032698350
1783975506059,buy,62186.5,0.00717996,1032698349
1783975505935,sell,62186.4,0.00032604,1032698348
1783975505771,sell,62186.4,0.00165689,1032698347
1783975505771,sell,62186.4,0.00001,1032698346
1783975505394,buy,62185.1,0.016,1032698345
1783975505058,sell,62185,0.11127335,1032698344
1783975505058,sell,62185,0.00004625,1032698343
1783975505058,sell,62185,0.00056592,1032698342
1783975505058,sell,62185,0.00595111,1032698341
1783975504525,buy,62185.1,0.00016081,1032698340
1783975498803,sell,62186.4,0.00001616,1032698339
1783975498803,sell,62188.2,0.00595111,1032698338
1783975498702,sell,62189.1,0.00049791,1032698337
1783975498702,sell,62189.1,0.00029667,1032698336
1783975498635,sell,62191.4,0.00595111,1032698335
1783975585697,buy,62165.7,0.0014001,1032698543
1783975584226,buy,62165.7,0.01485,1032698542
1783975581579,sell,62165.6,0.00095609,1032698541
1783975581561,sell,62165.6,0.00020169,1032698540
1783975579393,buy,62165.7,0.00002543,1032698539
1783975579393,buy,62165.7,0.04549544,1032698538
1783975579391,buy,62164.3,0.00002542,1032698537
1783975579391,buy,62162.4,0.00055685,1032698536
1783975579391,buy,62162.4,0.00016092,1032698535
1783975579385,buy,62162.4,0.00240823,1032698534
1783975579385,buy,62162.4,0.02975555,1032698533
1783975578315,sell,62162.3,0.00036611,1032698532
1783975577715,sell,62162.3,0.00025713,1032698531
1783975577713,sell,62162.3,0.00028153,1032698530
1783975577579,sell,62162.3,0.00017284,1032698529
1783975577579,sell,62162.3,0.00000001,1032698528
1783975577539,buy,62161.7,0.00001617,1032698527
1783975577533,buy,62160.5,0.04475225,1032698526
1783975577533,buy,62160.5,0.01173996,1032698525
1783975577530,buy,62160.5,0.00126004,1032698524
1783975577530,buy,62159.7,0.00015499,1032698523
1783975577530,buy,62159,0.00001617,1032698522
1783975577530,buy,62158.7,0.00002613,1032698521
1783975577530,buy,62158.6,0.00579831,1032698520
1783975577530,buy,62158,0.01,1032698519
1783975577530,buy,62157.9,0.01,1032698518
1783975577530,buy,62157.8,0.00021654,1032698517
1783975577530,buy,62157.8,0.01,1032698516
1783975577435,sell,62157.7,0.00022478,1032698515
1783975577214,sell,62157.7,0.00023258,1032698514
1783975577166,sell,62157.7,0.00027136,1032698513
1783975577160,buy,62157.6,0.03955818,1032698512
1783975577118,buy,62156.6,0.000557,1032698511
1783975577118,buy,62156.6,0.00029146,1032698510
1783975575339,buy,62156.6,0.00027275,1032698509
1783975573790,sell,62156.5,0.00034245,1032698508
1783975573790,sell,62156.5,0.00000001,1032698507
1783975573773,buy,62154.4,0.00002674,1032698506
1783975573741,sell,62154.2,0.00036782,1032698505
1783975573693,sell,62153.3,0.00042937,1032698504
1783975573645,buy,62152.1,0.0125,1032698503
1783975573645,buy,62152.1,0.00049806,1032698502
1783975573637,buy,62152.1,0.11879817,1032698501
1783975566104,sell,62152,0.00060376,1032698500
1783975566068,buy,62150.8,0.00001617,1032698499
1783975566068,buy,62148.1,0.0003254,1032698498
1783975566055,buy,62147.9,0.00002736,1032698497
1783975566055,buy,62147.8,0.00086478,1032698496
1783975565326,buy,62147.8,0.00321813,1032698495
1783975562259,buy,62145.5,0.00092903,1032698494
1783975561291,buy,62145.5,0.00036592,1032698493
1783975560964,buy,62145.5,0.00064853,1032698492
1783975560924,sell,62145.4,0.00113259,1032698491
1783975560229,sell,62145.4,0.00007,1032698490
1783975559975,buy,62145.5,0.00064853,1032698489
1783975559738,buy,62145.5,0.00064801,1032698488
1783975559733,sell,62146.4,0.00595111,1032698487
1783975559723,sell,62147,0.00016094,1032698486
1783975559723,sell,62147.2,0.00002038,1032698485
1783975559723,sell,62148,0.0012,1032698484
1783975559723,sell,62148,0.00005945,1032698483
1783975559723,sell,62148,0.01,1032698482
1783975559723,sell,62148,0.00058173,1032698481
1783975556384,buy,62148.1,0.0003105,1032698480
1783975555533,sell,62148.1,0.00001615,1032698479
1783975555533,sell,62148.2,0.0015,1032698478
1783975555533,sell,62149.6,0.00039917,1032698477
1783975555533,sell,62149.6,0.00595111,1032698476
1783975555167,sell,62149.9,0.00108,1032698475
1783975555167,sell,62150,0.0001208,1032698474
1783975555167,sell,62150.4,0.00008972,1032698473
1783975555167,sell,62150.4,0.00049878,1032698472
1783975555165,sell,62150.8,0.08044949,1032698471
1783975555165,sell,62151.9,0.0000863,1032698470
1783975555165,sell,62152.1,0.01,1032698469
1783975555165,sell,62152.2,0.01,1032698468
1783975555165,sell,62152.3,0.01,1032698467
1783975555165,sell,62152.8,0.00137611,1032698466
1783975555165,sell,62152.8,0.00079794,1032698465
1783975555165,sell,62152.8,0.00488304,1032698464
1783975555114,sell,62154.1,0.00002111,1032698463
1783975555111,sell,62156.7,0.0013,1032698462
1783975555111,sell,62156.7,0.1562,1032698461
1783975555111,sell,62156.7,0.00134627,1032698460
1783975555111,sell,62156.7,0.01,1032698459
1783975551197,sell,62156.8,0.00002177,1032698458
1783975550740,sell,62159.4,0.00124994,1032698457
1783975550740,sell,62159.4,0.00000001,1032698456
1783975550694,buy,62159,0.00001617,1032698455
1783975550692,buy,62156.8,0.00226995,1032698454
1783975550692,buy,62156.8,0.0125,1032698453
1783975550451,sell,62156.7,0.0028517,1032698452
1783975550403,buy,62154.6,0.00484072,1032698451
1783975550403,buy,62154.6,0.0125,1032698450
1783975550215,sell,62154.5,0.00519929,1032698449
1783975550166,buy,62152.9,0.00558442,1032698448
1783975542279,sell,62152.8,0.00106807,1032698447
1783975542036,buy,62152.9,0.00029439,1032698446
1783975536879,sell,62154.8,0.00011919,1032698445
1783975536876,sell,62155.8,0.00010303,1032698444
1783975643356,sell,62152.3,0.00042,1032698597
1783975641676,sell,62152.3,0.00051284,1032698596
1783975641651,buy,62152.4,0.00001287,1032698595
1783975637063,sell,62152.8,0.00171283,1032698594
1783975637063,sell,62153.6,0.00063099,1032698593
1783975637063,sell,62153.7,0.01,1032698592
1783975635563,sell,62153.7,0.00101693,1032698591
1783975633933,buy,62153.8,0.00002091,1032698590
1783975632867,buy,62153.8,0.00004022,1032698589
1783975632145,buy,62153.8,0.03167469,1032698588
1783975632145,buy,62153.8,0.0053533,1032698587
1783975631382,sell,62153.7,0.00001143,1032698586
1783975630364,sell,62153.7,0.0000469,1032698585
1783975630363,sell,62153.7,0.05512418,1032698584
1783975630362,sell,62155.8,0.00003072,1032698583
1783975630362,sell,62157.3,0.0003556,1032698582
1783975630362,sell,62157.4,0.01,1032698581
1783975630362,sell,62157.4,0.00005238,1032698580
1783975628533,buy,62152.9,0.01154636,1032698579
1783975627117,sell,62152.8,0.00060536,1032698578
1783975623262,buy,62152.9,0.00115696,1032698577
1783975622521,sell,62152.8,0.00363292,1032698576
1783975622281,buy,62152.9,0.00064866,1032698575
1783975621284,buy,62152.9,0.00064853,1032698574
1783975621146,buy,62153.2,0.00064853,1032698573
1783975621141,sell,62153.6,0.00001617,1032698572
1783975621141,sell,62154.7,0.00002866,1032698571
1783975621141,sell,62156,0.00595111,1032698570
1783975621128,sell,62156.6,0.04138608,1032698569
1783975621014,sell,62159.2,0.00595111,1032698568
1783975621001,sell,62161.8,0.00001617,1032698567
1783975621001,sell,62162.1,0.000055,1032698566
1783975620997,sell,62162.9,0.02217081,1032698565
1783975620997,sell,62163.7,0.00002919,1032698564
1783975620996,sell,62165.6,0.01,1032698563
1783975620996,sell,62165.6,0.13917654,1032698562
1783975620996,sell,62165.6,0.03297576,1032698561
1783975620996,sell,62165.6,0.08774825,1032698560
1783975620995,sell,62165.6,0.05249634,1032698559
1783975618004,sell,62165.6,0.0000795,1032698558
1783975613227,sell,62165.6,0.00101551,1032698557
1783975609697,sell,62165.6,0.00265926,1032698556
1783975609048,sell,62165.6,0.00021493,1032698555
1783975606507,buy,62165.7,0.00804302,1032698554
1783975604856,sell,62165.6,0.00019449,1032698553
1783975604437,sell,62165.6,0.00012329,1032698552
1783975602617,sell,62165.6,0.00099002,1032698551
1783975602230,buy,62165.7,0.00008,1032698550
1783975597246,buy,62165.7,0.02184866,1032698549
1783975592950,sell,62165.6,0.02044811,1032698548
1783975592950,sell,62165.6,0.01589403,1032698547
1783975591524,buy,62165.7,0.00007315,1032698546
1783975590363,buy,62165.7,0.00008847,1032698545
1783975589217,buy,62165.7,0.00023968,1032698544
1783975698767,sell,62130.7,0.00026759,1032698678
1783975697627,buy,62130.8,0.00003862,1032698677
1783975697325,sell,62130.7,0.00034082,1032698676
1783975695003,sell,62131.7,0.00001616,1032698675
1783975695003,sell,62133.6,0.00595111,1032698674
1783975695003,sell,62134.4,0.00001616,1032698673
1783975695003,sell,62134.7,0.00008156,1032698672
1783975695003,sell,62136.3,0.00016095,1032698671
1783975695003,sell,62136.8,0.00595111,1032698670
1783975695002,sell,62139.2,0.00046015,1032698669
1783975695002,sell,62140,0.00033404,1032698668
1783975694999,sell,62140,0.00504889,1032698667
1783975694999,sell,62140,0.00595111,1032698666
1783975694953,sell,62141.7,0.0015,1032698665
1783975694953,sell,62142.2,0.00005137,1032698664
1783975694953,sell,62142.2,0.00001009,1032698663
1783975694952,sell,62142.7,0.00029813,1032698662
1783975694951,sell,62143.1,0.0004671,1032698661
1783975694951,sell,62143.2,0.01,1032698660
1783975694951,sell,62143.2,0.0003254,1032698659
1783975694951,sell,62143.2,0.00068292,1032698658
1783975694946,sell,62143.2,0.0014,1032698657
1783975694943,sell,62143.2,0.0036,1032698656
1783975694850,buy,62143.3,0.00002252,1032698655
1783975691858,sell,62143.2,0.00001143,1032698654
1783975687497,buy,62143.3,0.00264543,1032698653
1783975686531,buy,62143.3,0.00097074,1032698652
1783975686250,buy,62143.3,0.00552389,1032698651
1783975683593,buy,62143.3,0.00968145,1032698650
1783975683593,buy,62143.3,0.00487633,1032698649
1783975682917,buy,62143.3,0.00064814,1032698648
1783975682913,sell,62143.3,0.00001,1032698647
1783975682913,sell,62145.2,0.00004689,1032698646
1783975682913,sell,62147.5,0.00001037,1032698645
1783975682913,sell,62147.5,0.00003794,1032698644
1783975682913,sell,62148.5,0.00094533,1032698643
1783975682913,sell,62148.6,0.01,1032698642
1783975681403,buy,62148.7,0.00003218,1032698641
1783975681090,buy,62148.7,0.00020352,1032698640
1783975679143,buy,62148,0.00001617,1032698639
1783975674164,sell,62146.7,0.00014849,1032698638
1783975674164,sell,62146.7,0.00001,1032698637
1783975673525,buy,62146.8,0.00024136,1032698636
1783975670470,buy,62144.9,0.07954287,1032698635
1783975670470,buy,62144.9,0.08045713,1032698634
1783975670007,sell,62143.2,0.00007955,1032698633
1783975669381,sell,62143.2,0.00017721,1032698632
1783975664603,buy,62143.3,0.00032022,1032698631
1783975661867,sell,62143.8,0.00003472,1032698630
1783975661867,sell,62144.2,0.00001615,1032698629
1783975661867,sell,62145,0.00009563,1032698628
1783975661867,sell,62145,0.000557,1032698627
1783975661867,sell,62145,0.00004631,1032698626
1783975661867,sell,62145,0.01,1032698625
1783975660154,buy,62145.1,0.021,1032698624
1783975658476,sell,62145,0.02842366,1032698623
1783975658476,sell,62145,0.00055685,1032698622
1783975658476,sell,62145,0.0000483,1032698621
1783975658476,sell,62145,0.00051771,1032698620
1783975658476,sell,62145,0.0005177,1032698619
1783975658476,sell,62145,0.0005177,1032698618
1783975658476,sell,62145,0.00643247,1032698617
1783975653052,buy,62145.1,0.02162,1032698616
1783975652789,buy,62145.1,0.00001126,1032698615
1783975649969,buy,62145.1,0.00653822,1032698614
1783975649969,buy,62145.1,0.00598178,1032698613
1783975649570,buy,62145.1,0.00001126,1032698612
1783975649443,sell,62145.4,0.00001617,1032698611
1783975649443,sell,62146.4,0.00595111,1032698610
1783975649443,sell,62148.1,0.0000514,1032698609
1783975649443,sell,62148.1,0.00001617,1032698608
1783975649443,sell,62149.6,0.00595111,1032698607
1783975649430,sell,62150,0.00076594,1032698606
1783975649430,sell,62151,0.00006297,1032698605
1783975649428,sell,62152,0.01,1032698604
1783975649428,sell,62152.1,0.01,1032698603
1783975649428,sell,62152.2,0.01,1032698602
1783975649428,sell,62152.2,0.00003039,1032698601
1783975649428,sell,62152.2,0.01,1032698600
1783975647435,sell,62152.3,0.01,1032698599
1783975646330,sell,62152.3,0.00031867,1032698598
